solid ascii
  facet normal -5.509691e-001 -8.345257e-001 0.000000e+000
    outer loop
      vertex   2.886115e+001 -9.485180e+000 1.000000e+001
      vertex   2.836973e+001 -9.160736e+000 1.000000e+001
      vertex   2.886115e+001 -9.485180e+000 0.000000e+000
    endloop
  endfacet
  facet normal -5.450602e-001 -8.383968e-001 4.159712e-004
    outer loop
      vertex   2.886115e+001 -9.485180e+000 0.000000e+000
      vertex   2.836973e+001 -9.160736e+000 1.000000e+001
      vertex   2.823463e+001 -9.075383e+000 5.000000e+000
    endloop
  endfacet
  facet normal -5.242152e-001 -8.515857e-001 3.724175e-004
    outer loop
      vertex   2.836973e+001 -9.160736e+000 0.000000e+000
      vertex   2.823463e+001 -9.075383e+000 5.000000e+000
      vertex   2.787832e+001 -8.858230e+000 0.000000e+000
    endloop
  endfacet
  facet normal -5.509690e-001 -8.345255e-001 -6.417161e-004
    outer loop
      vertex   2.836973e+001 -9.160736e+000 0.000000e+000
      vertex   2.886115e+001 -9.485180e+000 0.000000e+000
      vertex   2.823463e+001 -9.075383e+000 5.000000e+000
    endloop
  endfacet
  facet normal -5.242152e-001 -8.515857e-001 -3.724175e-004
    outer loop
      vertex   2.836973e+001 -9.160736e+000 1.000000e+001
      vertex   2.787832e+001 -8.858230e+000 1.000000e+001
      vertex   2.823463e+001 -9.075383e+000 5.000000e+000
    endloop
  endfacet
  facet normal -5.127049e-001 -8.585646e-001 7.509389e-004
    outer loop
      vertex   2.823463e+001 -9.075383e+000 5.000000e+000
      vertex   2.787832e+001 -8.858230e+000 1.000000e+001
      vertex   2.760811e+001 -8.701245e+000 5.000000e+000
    endloop
  endfacet
  facet normal -4.958141e-001 -8.684285e-001 4.715634e-004
    outer loop
      vertex   2.787832e+001 -8.858230e+000 0.000000e+000
      vertex   2.760811e+001 -8.701245e+000 5.000000e+000
      vertex   2.738690e+001 -8.577663e+000 0.000000e+000
    endloop
  endfacet
  facet normal -5.127049e-001 -8.585646e-001 -7.509389e-004
    outer loop
      vertex   2.787832e+001 -8.858230e+000 0.000000e+000
      vertex   2.823463e+001 -9.075383e+000 5.000000e+000
      vertex   2.760811e+001 -8.701245e+000 5.000000e+000
    endloop
  endfacet
  facet normal -4.958141e-001 -8.684285e-001 -4.715634e-004
    outer loop
      vertex   2.787832e+001 -8.858230e+000 1.000000e+001
      vertex   2.738690e+001 -8.577663e+000 1.000000e+001
      vertex   2.760811e+001 -8.701245e+000 5.000000e+000
    endloop
  endfacet
  facet normal -4.753184e-001 -8.798136e-001 7.166183e-004
    outer loop
      vertex   2.760811e+001 -8.701245e+000 5.000000e+000
      vertex   2.738690e+001 -8.577663e+000 1.000000e+001
      vertex   2.698158e+001 -8.362767e+000 5.000000e+000
    endloop
  endfacet
  facet normal -4.657283e-001 -8.849277e-001 2.805718e-004
    outer loop
      vertex   2.738690e+001 -8.577663e+000 0.000000e+000
      vertex   2.698158e+001 -8.362767e+000 5.000000e+000
      vertex   2.689548e+001 -8.319034e+000 0.000000e+000
    endloop
  endfacet
  facet normal -4.753184e-001 -8.798136e-001 -7.166183e-004
    outer loop
      vertex   2.738690e+001 -8.577663e+000 0.000000e+000
      vertex   2.760811e+001 -8.701245e+000 5.000000e+000
      vertex   2.698158e+001 -8.362767e+000 5.000000e+000
    endloop
  endfacet
  facet normal -4.657283e-001 -8.849277e-001 -2.805718e-004
    outer loop
      vertex   2.738690e+001 -8.577663e+000 1.000000e+001
      vertex   2.689548e+001 -8.319034e+000 1.000000e+001
      vertex   2.698158e+001 -8.362767e+000 5.000000e+000
    endloop
  endfacet
  facet normal -4.351681e-001 -9.003491e-001 3.806150e-004
    outer loop
      vertex   2.698158e+001 -8.362767e+000 5.000000e+000
      vertex   2.689548e+001 -8.319034e+000 1.000000e+001
      vertex   2.635506e+001 -8.059947e+000 5.000000e+000
    endloop
  endfacet
  facet normal -4.339365e-001 -9.009434e-001 -2.167061e-004
    outer loop
      vertex   2.689548e+001 -8.319034e+000 0.000000e+000
      vertex   2.635506e+001 -8.059947e+000 5.000000e+000
      vertex   2.640406e+001 -8.082343e+000 0.000000e+000
    endloop
  endfacet
  facet normal -4.351681e-001 -9.003491e-001 -3.806150e-004
    outer loop
      vertex   2.689548e+001 -8.319034e+000 0.000000e+000
      vertex   2.698158e+001 -8.362767e+000 5.000000e+000
      vertex   2.635506e+001 -8.059947e+000 5.000000e+000
    endloop
  endfacet
  facet normal -4.339365e-001 -9.009434e-001 2.167061e-004
    outer loop
      vertex   2.689548e+001 -8.319034e+000 1.000000e+001
      vertex   2.640406e+001 -8.082343e+000 1.000000e+001
      vertex   2.635506e+001 -8.059947e+000 5.000000e+000
    endloop
  endfacet
  facet normal -4.004373e-001 -9.163241e-001 -1.804412e-004
    outer loop
      vertex   2.635506e+001 -8.059947e+000 5.000000e+000
      vertex   2.640406e+001 -8.082343e+000 1.000000e+001
      vertex   2.591264e+001 -7.867590e+000 1.000000e+001
    endloop
  endfacet
  facet normal -3.652523e-001 -9.309085e-001 -4.784634e-004
    outer loop
      vertex   2.572854e+001 -7.792788e+000 5.000000e+000
      vertex   2.591264e+001 -7.867590e+000 1.000000e+001
      vertex   2.542122e+001 -7.674777e+000 1.000000e+001
    endloop
  endfacet
  facet normal -3.284297e-001 -9.445283e-001 -4.716916e-004
    outer loop
      vertex   2.510202e+001 -7.561287e+000 5.000000e+000
      vertex   2.542122e+001 -7.674777e+000 1.000000e+001
      vertex   2.492980e+001 -7.503901e+000 1.000000e+001
    endloop
  endfacet
  facet normal -2.904662e-001 -9.568853e-001 -1.434306e-004
    outer loop
      vertex   2.447341e+001 -7.364613e+000 5.000000e+000
      vertex   2.492980e+001 -7.503901e+000 1.000000e+001
      vertex   2.443594e+001 -7.353989e+000 1.000000e+001
    endloop
  endfacet
  facet normal -2.520946e-001 -9.677026e-001 1.671025e-004
    outer loop
      vertex   2.393721e+001 -7.224065e+000 1.000000e+001
      vertex   2.447341e+001 -7.364613e+000 5.000000e+000
      vertex   2.443594e+001 -7.353989e+000 1.000000e+001
    endloop
  endfacet
  facet normal -2.497013e-001 -9.683228e-001 4.411963e-004
    outer loop
      vertex   2.393721e+001 -7.224065e+000 1.000000e+001
      vertex   2.383718e+001 -7.200548e+000 5.000000e+000
      vertex   2.447341e+001 -7.364613e+000 5.000000e+000
    endloop
  endfacet
  facet normal -2.132738e-001 -9.769924e-001 -3.283493e-004
    outer loop
      vertex   2.393721e+001 -7.224065e+000 1.000000e+001
      vertex   2.343360e+001 -7.114129e+000 1.000000e+001
      vertex   2.383718e+001 -7.200548e+000 5.000000e+000
    endloop
  endfacet
  facet normal -1.967046e-001 -9.804622e-001 1.069012e-003
    outer loop
      vertex   2.383718e+001 -7.200548e+000 5.000000e+000
      vertex   2.343360e+001 -7.114129e+000 1.000000e+001
      vertex   2.310387e+001 -7.053429e+000 5.000000e+000
    endloop
  endfacet
  facet normal -1.741892e-001 -9.847121e-001 4.673782e-004
    outer loop
      vertex   2.343360e+001 -7.114129e+000 0.000000e+000
      vertex   2.310387e+001 -7.053429e+000 5.000000e+000
      vertex   2.292512e+001 -7.024182e+000 0.000000e+000
    endloop
  endfacet
  facet normal -1.967046e-001 -9.804622e-001 -1.069012e-003
    outer loop
      vertex   2.343360e+001 -7.114129e+000 0.000000e+000
      vertex   2.383718e+001 -7.200548e+000 5.000000e+000
      vertex   2.310387e+001 -7.053429e+000 5.000000e+000
    endloop
  endfacet
  facet normal -2.132738e-001 -9.769924e-001 3.283493e-004
    outer loop
      vertex   2.343360e+001 -7.114129e+000 0.000000e+000
      vertex   2.393721e+001 -7.224065e+000 0.000000e+000
      vertex   2.383718e+001 -7.200548e+000 5.000000e+000
    endloop
  endfacet
  facet normal -2.497013e-001 -9.683228e-001 -4.411963e-004
    outer loop
      vertex   2.383718e+001 -7.200548e+000 5.000000e+000
      vertex   2.393721e+001 -7.224065e+000 0.000000e+000
      vertex   2.447341e+001 -7.364613e+000 5.000000e+000
    endloop
  endfacet
  facet normal -2.520946e-001 -9.677026e-001 -1.671025e-004
    outer loop
      vertex   2.447341e+001 -7.364613e+000 5.000000e+000
      vertex   2.393721e+001 -7.224065e+000 0.000000e+000
      vertex   2.443594e+001 -7.353989e+000 0.000000e+000
    endloop
  endfacet
  facet normal -2.904662e-001 -9.568853e-001 1.434306e-004
    outer loop
      vertex   2.492980e+001 -7.503901e+000 0.000000e+000
      vertex   2.447341e+001 -7.364613e+000 5.000000e+000
      vertex   2.443594e+001 -7.353989e+000 0.000000e+000
    endloop
  endfacet
  facet normal -2.985996e-001 -9.543782e-001 -6.688148e-004
    outer loop
      vertex   2.492980e+001 -7.503901e+000 0.000000e+000
      vertex   2.510202e+001 -7.561287e+000 5.000000e+000
      vertex   2.447341e+001 -7.364613e+000 5.000000e+000
    endloop
  endfacet
  facet normal -3.284297e-001 -9.445283e-001 4.716916e-004
    outer loop
      vertex   2.492980e+001 -7.503901e+000 0.000000e+000
      vertex   2.542122e+001 -7.674777e+000 0.000000e+000
      vertex   2.510202e+001 -7.561287e+000 5.000000e+000
    endloop
  endfacet
  facet normal -3.465963e-001 -9.380140e-001 -8.359243e-004
    outer loop
      vertex   2.510202e+001 -7.561287e+000 5.000000e+000
      vertex   2.542122e+001 -7.674777e+000 0.000000e+000
      vertex   2.572854e+001 -7.792788e+000 5.000000e+000
    endloop
  endfacet
  facet normal -3.465963e-001 -9.380140e-001 8.359243e-004
    outer loop
      vertex   2.542122e+001 -7.674777e+000 1.000000e+001
      vertex   2.510202e+001 -7.561287e+000 5.000000e+000
      vertex   2.572854e+001 -7.792788e+000 5.000000e+000
    endloop
  endfacet
  facet normal -3.922438e-001 -9.198610e-001 6.806293e-004
    outer loop
      vertex   2.635506e+001 -8.059947e+000 5.000000e+000
      vertex   2.591264e+001 -7.867590e+000 1.000000e+001
      vertex   2.572854e+001 -7.792788e+000 5.000000e+000
    endloop
  endfacet
  facet normal -3.652523e-001 -9.309085e-001 4.784634e-004
    outer loop
      vertex   2.591264e+001 -7.867590e+000 0.000000e+000
      vertex   2.572854e+001 -7.792788e+000 5.000000e+000
      vertex   2.542122e+001 -7.674777e+000 0.000000e+000
    endloop
  endfacet
  facet normal -3.922438e-001 -9.198610e-001 -6.806293e-004
    outer loop
      vertex   2.591264e+001 -7.867590e+000 0.000000e+000
      vertex   2.635506e+001 -8.059947e+000 5.000000e+000
      vertex   2.572854e+001 -7.792788e+000 5.000000e+000
    endloop
  endfacet
  facet normal -4.004373e-001 -9.163241e-001 1.804412e-004
    outer loop
      vertex   2.591264e+001 -7.867590e+000 0.000000e+000
      vertex   2.640406e+001 -8.082343e+000 0.000000e+000
      vertex   2.635506e+001 -8.059947e+000 5.000000e+000
    endloop
  endfacet
  facet normal -2.985996e-001 -9.543782e-001 6.688148e-004
    outer loop
      vertex   2.510202e+001 -7.561287e+000 5.000000e+000
      vertex   2.492980e+001 -7.503901e+000 1.000000e+001
      vertex   2.447341e+001 -7.364613e+000 5.000000e+000
    endloop
  endfacet
  facet normal -1.741892e-001 -9.847121e-001 -4.673782e-004
    outer loop
      vertex   2.343360e+001 -7.114129e+000 1.000000e+001
      vertex   2.292512e+001 -7.024182e+000 1.000000e+001
      vertex   2.310387e+001 -7.053429e+000 5.000000e+000
    endloop
  endfacet
  facet normal -1.399366e-001 -9.901602e-001 7.890411e-004
    outer loop
      vertex   2.310387e+001 -7.053429e+000 5.000000e+000
      vertex   2.292512e+001 -7.024182e+000 1.000000e+001
      vertex   2.236031e+001 -6.948344e+000 5.000000e+000
    endloop
  endfacet
  facet normal -1.350292e-001 -9.908416e-001 -2.243622e-004
    outer loop
      vertex   2.292512e+001 -7.024182e+000 0.000000e+000
      vertex   2.236031e+001 -6.948344e+000 5.000000e+000
      vertex   2.241176e+001 -6.954223e+000 0.000000e+000
    endloop
  endfacet
  facet normal -1.399366e-001 -9.901602e-001 -7.890411e-004
    outer loop
      vertex   2.292512e+001 -7.024182e+000 0.000000e+000
      vertex   2.310387e+001 -7.053429e+000 5.000000e+000
      vertex   2.236031e+001 -6.948344e+000 5.000000e+000
    endloop
  endfacet
  facet normal -1.350292e-001 -9.908416e-001 2.243622e-004
    outer loop
      vertex   2.292512e+001 -7.024182e+000 1.000000e+001
      vertex   2.241176e+001 -6.954223e+000 1.000000e+001
      vertex   2.236031e+001 -6.948344e+000 5.000000e+000
    endloop
  endfacet
  facet normal -9.598004e-002 -9.953832e-001 -1.827864e-004
    outer loop
      vertex   2.236031e+001 -6.948344e+000 5.000000e+000
      vertex   2.241176e+001 -6.954223e+000 1.000000e+001
      vertex   2.189353e+001 -6.904252e+000 1.000000e+001
    endloop
  endfacet
  facet normal -5.722202e-002 -9.983614e-001 -5.008345e-004
    outer loop
      vertex   2.160650e+001 -6.885292e+000 5.000000e+000
      vertex   2.189353e+001 -6.904252e+000 1.000000e+001
      vertex   2.137042e+001 -6.874270e+000 1.000000e+001
    endloop
  endfacet
  facet normal -1.892549e-002 -9.998200e-001 1.310595e-003
    outer loop
      vertex   2.084243e+001 -6.864275e+000 1.000000e+001
      vertex   2.160650e+001 -6.885292e+000 5.000000e+000
      vertex   2.137042e+001 -6.874270e+000 1.000000e+001
    endloop
  endfacet
  facet normal -3.201887e-002 -9.994870e-001 -6.916418e-004
    outer loop
      vertex   2.084243e+001 -6.864275e+000 1.000000e+001
      vertex   2.137042e+001 -6.874270e+000 0.000000e+000
      vertex   2.160650e+001 -6.885292e+000 5.000000e+000
    endloop
  endfacet
  facet normal -1.892551e-002 -9.998209e-001 -0.000000e+000
    outer loop
      vertex   2.084243e+001 -6.864275e+000 1.000000e+001
      vertex   2.084243e+001 -6.864275e+000 0.000000e+000
      vertex   2.137042e+001 -6.874270e+000 0.000000e+000
    endloop
  endfacet
  facet normal -8.335196e-002 -9.965197e-001 1.006153e-003
    outer loop
      vertex   2.236031e+001 -6.948344e+000 5.000000e+000
      vertex   2.189353e+001 -6.904252e+000 1.000000e+001
      vertex   2.160650e+001 -6.885292e+000 5.000000e+000
    endloop
  endfacet
  facet normal -5.722202e-002 -9.983614e-001 5.008345e-004
    outer loop
      vertex   2.189353e+001 -6.904252e+000 0.000000e+000
      vertex   2.160650e+001 -6.885292e+000 5.000000e+000
      vertex   2.137042e+001 -6.874270e+000 0.000000e+000
    endloop
  endfacet
  facet normal -8.335196e-002 -9.965197e-001 -1.006153e-003
    outer loop
      vertex   2.189353e+001 -6.904252e+000 0.000000e+000
      vertex   2.236031e+001 -6.948344e+000 5.000000e+000
      vertex   2.160650e+001 -6.885292e+000 5.000000e+000
    endloop
  endfacet
  facet normal -9.598004e-002 -9.953832e-001 1.827864e-004
    outer loop
      vertex   2.189353e+001 -6.904252e+000 0.000000e+000
      vertex   2.241176e+001 -6.954223e+000 0.000000e+000
      vertex   2.236031e+001 -6.948344e+000 5.000000e+000
    endloop
  endfacet
  facet normal 1.842213e-002 -9.998303e-001 0.000000e+000
    outer loop
      vertex   2.084243e+001 -6.864275e+000 1.000000e+001
      vertex   2.034632e+001 -6.873416e+000 1.000000e+001
      vertex   2.084243e+001 -6.864275e+000 0.000000e+000
    endloop
  endfacet
  facet normal 2.543635e-002 -9.996764e-001 3.481247e-004
    outer loop
      vertex   2.084243e+001 -6.864275e+000 0.000000e+000
      vertex   2.034632e+001 -6.873416e+000 1.000000e+001
      vertex   2.023876e+001 -6.877894e+000 5.000000e+000
    endloop
  endfacet
  facet normal 5.679101e-002 -9.983860e-001 3.275154e-004
    outer loop
      vertex   2.034632e+001 -6.873416e+000 0.000000e+000
      vertex   2.023876e+001 -6.877894e+000 5.000000e+000
      vertex   1.986423e+001 -6.900839e+000 0.000000e+000
    endloop
  endfacet
  facet normal 1.842213e-002 -9.998302e-001 -4.991486e-004
    outer loop
      vertex   2.034632e+001 -6.873416e+000 0.000000e+000
      vertex   2.084243e+001 -6.864275e+000 0.000000e+000
      vertex   2.023876e+001 -6.877894e+000 5.000000e+000
    endloop
  endfacet
  facet normal 5.679101e-002 -9.983860e-001 -3.275154e-004
    outer loop
      vertex   2.034632e+001 -6.873416e+000 1.000000e+001
      vertex   1.986423e+001 -6.900839e+000 1.000000e+001
      vertex   2.023876e+001 -6.877894e+000 5.000000e+000
    endloop
  endfacet
  facet normal 6.993420e-002 -9.975514e-001 6.608410e-004
    outer loop
      vertex   2.023876e+001 -6.877894e+000 5.000000e+000
      vertex   1.986423e+001 -6.900839e+000 1.000000e+001
      vertex   1.965598e+001 -6.918751e+000 5.000000e+000
    endloop
  endfacet
  facet normal 9.718135e-002 -9.952666e-001 4.821789e-004
    outer loop
      vertex   1.986423e+001 -6.900839e+000 0.000000e+000
      vertex   1.965598e+001 -6.918751e+000 5.000000e+000
      vertex   1.939615e+001 -6.946544e+000 0.000000e+000
    endloop
  endfacet
  facet normal 6.993420e-002 -9.975514e-001 -6.608410e-004
    outer loop
      vertex   1.986423e+001 -6.900839e+000 0.000000e+000
      vertex   2.023876e+001 -6.877894e+000 5.000000e+000
      vertex   1.965598e+001 -6.918751e+000 5.000000e+000
    endloop
  endfacet
  facet normal 9.718135e-002 -9.952666e-001 -4.821789e-004
    outer loop
      vertex   1.986423e+001 -6.900839e+000 1.000000e+001
      vertex   1.939615e+001 -6.946544e+000 1.000000e+001
      vertex   1.965598e+001 -6.918751e+000 5.000000e+000
    endloop
  endfacet
  facet normal 1.203052e-001 -9.927367e-001 7.335439e-004
    outer loop
      vertex   1.965598e+001 -6.918751e+000 5.000000e+000
      vertex   1.939615e+001 -6.946544e+000 1.000000e+001
      vertex   1.909407e+001 -6.986846e+000 5.000000e+000
    endloop
  endfacet
  facet normal 1.395419e-001 -9.902161e-001 4.489531e-004
    outer loop
      vertex   1.939615e+001 -6.946544e+000 0.000000e+000
      vertex   1.909407e+001 -6.986846e+000 5.000000e+000
      vertex   1.894208e+001 -7.010531e+000 0.000000e+000
    endloop
  endfacet
  facet normal 1.203052e-001 -9.927367e-001 -7.335439e-004
    outer loop
      vertex   1.939615e+001 -6.946544e+000 0.000000e+000
      vertex   1.965598e+001 -6.918751e+000 5.000000e+000
      vertex   1.909407e+001 -6.986846e+000 5.000000e+000
    endloop
  endfacet
  facet normal 1.395419e-001 -9.902161e-001 -4.489531e-004
    outer loop
      vertex   1.939615e+001 -6.946544e+000 1.000000e+001
      vertex   1.894208e+001 -7.010531e+000 1.000000e+001
      vertex   1.909407e+001 -6.986846e+000 5.000000e+000
    endloop
  endfacet
  facet normal 1.735346e-001 -9.848276e-001 6.098825e-004
    outer loop
      vertex   1.909407e+001 -6.986846e+000 5.000000e+000
      vertex   1.894208e+001 -7.010531e+000 1.000000e+001
      vertex   1.855305e+001 -7.082178e+000 5.000000e+000
    endloop
  endfacet
  facet normal 1.837707e-001 -9.829691e-001 2.131844e-004
    outer loop
      vertex   1.894208e+001 -7.010531e+000 0.000000e+000
      vertex   1.855305e+001 -7.082178e+000 5.000000e+000
      vertex   1.850204e+001 -7.092800e+000 0.000000e+000
    endloop
  endfacet
  facet normal 1.735346e-001 -9.848276e-001 -6.098825e-004
    outer loop
      vertex   1.894208e+001 -7.010531e+000 0.000000e+000
      vertex   1.909407e+001 -6.986846e+000 5.000000e+000
      vertex   1.855305e+001 -7.082178e+000 5.000000e+000
    endloop
  endfacet
  facet normal 1.837707e-001 -9.829691e-001 -2.131844e-004
    outer loop
      vertex   1.894208e+001 -7.010531e+000 1.000000e+001
      vertex   1.850204e+001 -7.092800e+000 1.000000e+001
      vertex   1.855305e+001 -7.082178e+000 5.000000e+000
    endloop
  endfacet
  facet normal 2.293664e-001 -9.733401e-001 2.724860e-004
    outer loop
      vertex   1.855305e+001 -7.082178e+000 5.000000e+000
      vertex   1.850204e+001 -7.092800e+000 1.000000e+001
      vertex   1.803291e+001 -7.204749e+000 5.000000e+000
    endloop
  endfacet
  facet normal 2.297066e-001 -9.732599e-001 -2.387758e-004
    outer loop
      vertex   1.850204e+001 -7.092800e+000 0.000000e+000
      vertex   1.803291e+001 -7.204749e+000 5.000000e+000
      vertex   1.807600e+001 -7.193351e+000 0.000000e+000
    endloop
  endfacet
  facet normal 2.293664e-001 -9.733401e-001 -2.724860e-004
    outer loop
      vertex   1.850204e+001 -7.092800e+000 0.000000e+000
      vertex   1.855305e+001 -7.082178e+000 5.000000e+000
      vertex   1.803291e+001 -7.204749e+000 5.000000e+000
    endloop
  endfacet
  facet normal 2.297066e-001 -9.732599e-001 2.387758e-004
    outer loop
      vertex   1.850204e+001 -7.092800e+000 1.000000e+001
      vertex   1.807600e+001 -7.193351e+000 1.000000e+001
      vertex   1.803291e+001 -7.204749e+000 5.000000e+000
    endloop
  endfacet
  facet normal 2.771228e-001 -9.608345e-001 -1.982153e-004
    outer loop
      vertex   1.803291e+001 -7.204749e+000 5.000000e+000
      vertex   1.807600e+001 -7.193351e+000 1.000000e+001
      vertex   1.766399e+001 -7.312184e+000 1.000000e+001
    endloop
  endfacet
  facet normal 3.257229e-001 -9.454651e-001 -4.782866e-004
    outer loop
      vertex   1.753365e+001 -7.354557e+000 5.000000e+000
      vertex   1.766399e+001 -7.312184e+000 1.000000e+001
      vertex   1.726599e+001 -7.449299e+000 1.000000e+001
    endloop
  endfacet
  facet normal 3.751415e-001 -9.269674e-001 -5.507776e-004
    outer loop
      vertex   1.705528e+001 -7.531603e+000 5.000000e+000
      vertex   1.726599e+001 -7.449299e+000 1.000000e+001
      vertex   1.688201e+001 -7.604696e+000 1.000000e+001
    endloop
  endfacet
  facet normal 4.249495e-001 -9.052170e-001 -4.047887e-004
    outer loop
      vertex   1.659779e+001 -7.735887e+000 5.000000e+000
      vertex   1.688201e+001 -7.604696e+000 1.000000e+001
      vertex   1.651204e+001 -7.778374e+000 1.000000e+001
    endloop
  endfacet
  facet normal 4.746658e-001 -8.801661e-001 -3.263975e-005
    outer loop
      vertex   1.616117e+001 -7.967409e+000 5.000000e+000
      vertex   1.651204e+001 -7.778374e+000 1.000000e+001
      vertex   1.615609e+001 -7.970335e+000 1.000000e+001
    endloop
  endfacet
  facet normal 5.237755e-001 -8.518563e-001 3.385677e-005
    outer loop
      vertex   1.581416e+001 -8.180578e+000 1.000000e+001
      vertex   1.616117e+001 -7.967409e+000 5.000000e+000
      vertex   1.615609e+001 -7.970335e+000 1.000000e+001
    endloop
  endfacet
  facet normal 5.284260e-001 -8.489792e-001 4.792814e-004
    outer loop
      vertex   1.581416e+001 -8.180578e+000 1.000000e+001
      vertex   1.574545e+001 -8.226168e+000 5.000000e+000
      vertex   1.616117e+001 -7.967409e+000 5.000000e+000
    endloop
  endfacet
  facet normal 5.717522e-001 -8.204263e-001 -3.764624e-004
    outer loop
      vertex   1.581416e+001 -8.180578e+000 1.000000e+001
      vertex   1.548624e+001 -8.409103e+000 1.000000e+001
      vertex   1.574545e+001 -8.226168e+000 5.000000e+000
    endloop
  endfacet
  facet normal 5.866101e-001 -8.098691e-001 7.800494e-004
    outer loop
      vertex   1.574545e+001 -8.226168e+000 5.000000e+000
      vertex   1.548624e+001 -8.409103e+000 1.000000e+001
      vertex   1.535060e+001 -8.512166e+000 5.000000e+000
    endloop
  endfacet
  facet normal 6.180843e-001 -7.861116e-001 5.634767e-004
    outer loop
      vertex   1.548624e+001 -8.409103e+000 0.000000e+000
      vertex   1.535060e+001 -8.512166e+000 5.000000e+000
      vertex   1.517234e+001 -8.655910e+000 0.000000e+000
    endloop
  endfacet
  facet normal 5.866101e-001 -8.098691e-001 -7.800494e-004
    outer loop
      vertex   1.548624e+001 -8.409103e+000 0.000000e+000
      vertex   1.574545e+001 -8.226168e+000 5.000000e+000
      vertex   1.535060e+001 -8.512166e+000 5.000000e+000
    endloop
  endfacet
  facet normal 5.717522e-001 -8.204263e-001 3.764624e-004
    outer loop
      vertex   1.548624e+001 -8.409103e+000 0.000000e+000
      vertex   1.581416e+001 -8.180578e+000 0.000000e+000
      vertex   1.574545e+001 -8.226168e+000 5.000000e+000
    endloop
  endfacet
  facet normal 5.284260e-001 -8.489792e-001 -4.792814e-004
    outer loop
      vertex   1.574545e+001 -8.226168e+000 5.000000e+000
      vertex   1.581416e+001 -8.180578e+000 0.000000e+000
      vertex   1.616117e+001 -7.967409e+000 5.000000e+000
    endloop
  endfacet
  facet normal 5.237755e-001 -8.518563e-001 -3.385677e-005
    outer loop
      vertex   1.616117e+001 -7.967409e+000 5.000000e+000
      vertex   1.581416e+001 -8.180578e+000 0.000000e+000
      vertex   1.615609e+001 -7.970335e+000 0.000000e+000
    endloop
  endfacet
  facet normal 4.746658e-001 -8.801661e-001 3.263975e-005
    outer loop
      vertex   1.651204e+001 -7.778374e+000 0.000000e+000
      vertex   1.616117e+001 -7.967409e+000 5.000000e+000
      vertex   1.615609e+001 -7.970335e+000 0.000000e+000
    endloop
  endfacet
  facet normal 4.684803e-001 -8.834738e-001 -5.264712e-004
    outer loop
      vertex   1.651204e+001 -7.778374e+000 0.000000e+000
      vertex   1.659779e+001 -7.735887e+000 5.000000e+000
      vertex   1.616117e+001 -7.967409e+000 5.000000e+000
    endloop
  endfacet
  facet normal 4.249495e-001 -9.052170e-001 4.047887e-004
    outer loop
      vertex   1.651204e+001 -7.778374e+000 0.000000e+000
      vertex   1.688201e+001 -7.604696e+000 0.000000e+000
      vertex   1.659779e+001 -7.735887e+000 5.000000e+000
    endloop
  endfacet
  facet normal 4.077274e-001 -9.131034e-001 -7.811220e-004
    outer loop
      vertex   1.659779e+001 -7.735887e+000 5.000000e+000
      vertex   1.688201e+001 -7.604696e+000 0.000000e+000
      vertex   1.705528e+001 -7.531603e+000 5.000000e+000
    endloop
  endfacet
  facet normal 4.077274e-001 -9.131034e-001 7.811220e-004
    outer loop
      vertex   1.688201e+001 -7.604696e+000 1.000000e+001
      vertex   1.659779e+001 -7.735887e+000 5.000000e+000
      vertex   1.705528e+001 -7.531603e+000 5.000000e+000
    endloop
  endfacet
  facet normal 2.874023e-001 -9.578098e-001 6.252426e-004
    outer loop
      vertex   1.803291e+001 -7.204749e+000 5.000000e+000
      vertex   1.766399e+001 -7.312184e+000 1.000000e+001
      vertex   1.753365e+001 -7.354557e+000 5.000000e+000
    endloop
  endfacet
  facet normal 3.257229e-001 -9.454651e-001 4.782866e-004
    outer loop
      vertex   1.766399e+001 -7.312184e+000 0.000000e+000
      vertex   1.753365e+001 -7.354557e+000 5.000000e+000
      vertex   1.726599e+001 -7.449299e+000 0.000000e+000
    endloop
  endfacet
  facet normal 2.874023e-001 -9.578098e-001 -6.252426e-004
    outer loop
      vertex   1.766399e+001 -7.312184e+000 0.000000e+000
      vertex   1.803291e+001 -7.204749e+000 5.000000e+000
      vertex   1.753365e+001 -7.354557e+000 5.000000e+000
    endloop
  endfacet
  facet normal 2.771228e-001 -9.608345e-001 1.982153e-004
    outer loop
      vertex   1.766399e+001 -7.312184e+000 0.000000e+000
      vertex   1.807600e+001 -7.193351e+000 0.000000e+000
      vertex   1.803291e+001 -7.204749e+000 5.000000e+000
    endloop
  endfacet
  facet normal 3.470902e-001 -9.378314e-001 8.102055e-004
    outer loop
      vertex   1.753365e+001 -7.354557e+000 5.000000e+000
      vertex   1.726599e+001 -7.449299e+000 1.000000e+001
      vertex   1.705528e+001 -7.531603e+000 5.000000e+000
    endloop
  endfacet
  facet normal 3.751415e-001 -9.269674e-001 5.507776e-004
    outer loop
      vertex   1.726599e+001 -7.449299e+000 0.000000e+000
      vertex   1.705528e+001 -7.531603e+000 5.000000e+000
      vertex   1.688201e+001 -7.604696e+000 0.000000e+000
    endloop
  endfacet
  facet normal 3.470902e-001 -9.378314e-001 -8.102055e-004
    outer loop
      vertex   1.726599e+001 -7.449299e+000 0.000000e+000
      vertex   1.753365e+001 -7.354557e+000 5.000000e+000
      vertex   1.705528e+001 -7.531603e+000 5.000000e+000
    endloop
  endfacet
  facet normal 4.684803e-001 -8.834738e-001 5.264712e-004
    outer loop
      vertex   1.659779e+001 -7.735887e+000 5.000000e+000
      vertex   1.651204e+001 -7.778374e+000 1.000000e+001
      vertex   1.616117e+001 -7.967409e+000 5.000000e+000
    endloop
  endfacet
  facet normal 6.180843e-001 -7.861116e-001 -5.634767e-004
    outer loop
      vertex   1.548624e+001 -8.409103e+000 1.000000e+001
      vertex   1.517234e+001 -8.655910e+000 1.000000e+001
      vertex   1.535060e+001 -8.512166e+000 5.000000e+000
    endloop
  endfacet
  facet normal 6.421168e-001 -7.666063e-001 8.540988e-004
    outer loop
      vertex   1.535060e+001 -8.512166e+000 5.000000e+000
      vertex   1.517234e+001 -8.655910e+000 1.000000e+001
      vertex   1.497664e+001 -8.825401e+000 5.000000e+000
    endloop
  endfacet
  facet normal 6.623011e-001 -7.492376e-001 5.246848e-004
    outer loop
      vertex   1.517234e+001 -8.655910e+000 0.000000e+000
      vertex   1.497664e+001 -8.825401e+000 5.000000e+000
      vertex   1.487245e+001 -8.920998e+000 0.000000e+000
    endloop
  endfacet
  facet normal 6.421168e-001 -7.666063e-001 -8.540988e-004
    outer loop
      vertex   1.517234e+001 -8.655910e+000 0.000000e+000
      vertex   1.535060e+001 -8.512166e+000 5.000000e+000
      vertex   1.497664e+001 -8.825401e+000 5.000000e+000
    endloop
  endfacet
  facet normal 6.623011e-001 -7.492376e-001 -5.246848e-004
    outer loop
      vertex   1.517234e+001 -8.655910e+000 1.000000e+001
      vertex   1.487245e+001 -8.920998e+000 1.000000e+001
      vertex   1.497664e+001 -8.825401e+000 5.000000e+000
    endloop
  endfacet
  facet normal 6.941377e-001 -7.198419e-001 7.007234e-004
    outer loop
      vertex   1.497664e+001 -8.825401e+000 5.000000e+000
      vertex   1.487245e+001 -8.920998e+000 1.000000e+001
      vertex   1.462356e+001 -9.165874e+000 5.000000e+000
    endloop
  endfacet
  facet normal 7.039963e-001 -7.102036e-001 2.620669e-004
    outer loop
      vertex   1.487245e+001 -8.920998e+000 0.000000e+000
      vertex   1.462356e+001 -9.165874e+000 5.000000e+000
      vertex   1.458658e+001 -9.204369e+000 0.000000e+000
    endloop
  endfacet
  facet normal 6.941377e-001 -7.198419e-001 -7.007234e-004
    outer loop
      vertex   1.487245e+001 -8.920998e+000 0.000000e+000
      vertex   1.497664e+001 -8.825401e+000 5.000000e+000
      vertex   1.462356e+001 -9.165874e+000 5.000000e+000
    endloop
  endfacet
  facet normal 7.039963e-001 -7.102036e-001 -2.620669e-004
    outer loop
      vertex   1.487245e+001 -8.920998e+000 1.000000e+001
      vertex   1.458658e+001 -9.204369e+000 1.000000e+001
      vertex   1.462356e+001 -9.165874e+000 5.000000e+000
    endloop
  endfacet
  facet normal 7.420952e-001 -6.702944e-001 3.269165e-004
    outer loop
      vertex   1.462356e+001 -9.165874e+000 5.000000e+000
      vertex   1.458658e+001 -9.204369e+000 1.000000e+001
      vertex   1.429338e+001 -9.531419e+000 5.000000e+000
    endloop
  endfacet
  facet normal 7.429186e-001 -6.693817e-001 -2.189300e-004
    outer loop
      vertex   1.458658e+001 -9.204369e+000 0.000000e+000
      vertex   1.429338e+001 -9.531419e+000 5.000000e+000
      vertex   1.431644e+001 -9.504193e+000 0.000000e+000
    endloop
  endfacet
  facet normal 7.420952e-001 -6.702944e-001 -3.269165e-004
    outer loop
      vertex   1.458658e+001 -9.204369e+000 0.000000e+000
      vertex   1.462356e+001 -9.165874e+000 5.000000e+000
      vertex   1.429338e+001 -9.531419e+000 5.000000e+000
    endloop
  endfacet
  facet normal 7.429186e-001 -6.693817e-001 2.189300e-004
    outer loop
      vertex   1.458658e+001 -9.204369e+000 1.000000e+001
      vertex   1.431644e+001 -9.504193e+000 1.000000e+001
      vertex   1.429338e+001 -9.531419e+000 5.000000e+000
    endloop
  endfacet
  facet normal 7.794668e-001 -6.264435e-001 -1.834181e-004
    outer loop
      vertex   1.429338e+001 -9.531419e+000 5.000000e+000
      vertex   1.431644e+001 -9.504193e+000 1.000000e+001
      vertex   1.406372e+001 -9.818644e+000 1.000000e+001
    endloop
  endfacet
  facet normal 8.134585e-001 -5.816228e-001 -4.844043e-004
    outer loop
      vertex   1.398914e+001 -9.918787e+000 5.000000e+000
      vertex   1.406372e+001 -9.818644e+000 1.000000e+001
      vertex   1.382843e+001 -1.014772e+001 1.000000e+001
    endloop
  endfacet
  facet normal 8.446158e-001 -5.353726e-001 -5.617853e-004
    outer loop
      vertex   1.371087e+001 -1.032794e+001 5.000000e+000
      vertex   1.382843e+001 -1.014772e+001 1.000000e+001
      vertex   1.361057e+001 -1.049142e+001 1.000000e+001
    endloop
  endfacet
  facet normal 8.727463e-001 -4.881739e-001 -4.772842e-004
    outer loop
      vertex   1.354676e+001 -1.060060e+001 5.000000e+000
      vertex   1.361057e+001 -1.049142e+001 1.000000e+001
      vertex   1.341014e+001 -1.084975e+001 1.000000e+001
    endloop
  endfacet
  facet normal 8.972343e-001 -4.415547e-001 -1.696253e-004
    outer loop
      vertex   1.339325e+001 -1.088215e+001 5.000000e+000
      vertex   1.341014e+001 -1.084975e+001 1.000000e+001
      vertex   1.325032e+001 -1.117258e+001 5.000000e+000
    endloop
  endfacet
  facet normal 8.977467e-001 -4.405120e-001 2.533296e-004
    outer loop
      vertex   1.341014e+001 -1.084975e+001 0.000000e+000
      vertex   1.325032e+001 -1.117258e+001 5.000000e+000
      vertex   1.322714e+001 -1.122270e+001 0.000000e+000
    endloop
  endfacet
  facet normal 8.972343e-001 -4.415547e-001 1.696253e-004
    outer loop
      vertex   1.341014e+001 -1.084975e+001 0.000000e+000
      vertex   1.339325e+001 -1.088215e+001 5.000000e+000
      vertex   1.325032e+001 -1.117258e+001 5.000000e+000
    endloop
  endfacet
  facet normal 8.779664e-001 -4.787223e-001 -1.363164e-004
    outer loop
      vertex   1.341014e+001 -1.084975e+001 0.000000e+000
      vertex   1.354676e+001 -1.060060e+001 5.000000e+000
      vertex   1.339325e+001 -1.088215e+001 5.000000e+000
    endloop
  endfacet
  facet normal 8.727463e-001 -4.881739e-001 4.772842e-004
    outer loop
      vertex   1.341014e+001 -1.084975e+001 0.000000e+000
      vertex   1.361057e+001 -1.049142e+001 0.000000e+000
      vertex   1.354676e+001 -1.060060e+001 5.000000e+000
    endloop
  endfacet
  facet normal 8.567893e-001 -5.156666e-001 -3.266982e-004
    outer loop
      vertex   1.354676e+001 -1.060060e+001 5.000000e+000
      vertex   1.361057e+001 -1.049142e+001 0.000000e+000
      vertex   1.371087e+001 -1.032794e+001 5.000000e+000
    endloop
  endfacet
  facet normal 8.567893e-001 -5.156666e-001 3.266982e-004
    outer loop
      vertex   1.361057e+001 -1.049142e+001 1.000000e+001
      vertex   1.354676e+001 -1.060060e+001 5.000000e+000
      vertex   1.371087e+001 -1.032794e+001 5.000000e+000
    endloop
  endfacet
  facet normal 7.864364e-001 -6.176710e-001 6.406509e-004
    outer loop
      vertex   1.429338e+001 -9.531419e+000 5.000000e+000
      vertex   1.406372e+001 -9.818644e+000 1.000000e+001
      vertex   1.398914e+001 -9.918787e+000 5.000000e+000
    endloop
  endfacet
  facet normal 8.134585e-001 -5.816228e-001 4.844043e-004
    outer loop
      vertex   1.406372e+001 -9.818644e+000 0.000000e+000
      vertex   1.398914e+001 -9.918787e+000 5.000000e+000
      vertex   1.382843e+001 -1.014772e+001 0.000000e+000
    endloop
  endfacet
  facet normal 7.864364e-001 -6.176710e-001 -6.406509e-004
    outer loop
      vertex   1.406372e+001 -9.818644e+000 0.000000e+000
      vertex   1.429338e+001 -9.531419e+000 5.000000e+000
      vertex   1.398914e+001 -9.918787e+000 5.000000e+000
    endloop
  endfacet
  facet normal 7.794668e-001 -6.264435e-001 1.834181e-004
    outer loop
      vertex   1.406372e+001 -9.818644e+000 0.000000e+000
      vertex   1.431644e+001 -9.504193e+000 0.000000e+000
      vertex   1.429338e+001 -9.531419e+000 5.000000e+000
    endloop
  endfacet
  facet normal 8.268828e-001 -5.623737e-001 8.284249e-004
    outer loop
      vertex   1.398914e+001 -9.918787e+000 5.000000e+000
      vertex   1.382843e+001 -1.014772e+001 1.000000e+001
      vertex   1.371087e+001 -1.032794e+001 5.000000e+000
    endloop
  endfacet
  facet normal 8.446158e-001 -5.353726e-001 5.617853e-004
    outer loop
      vertex   1.382843e+001 -1.014772e+001 0.000000e+000
      vertex   1.371087e+001 -1.032794e+001 5.000000e+000
      vertex   1.361057e+001 -1.049142e+001 0.000000e+000
    endloop
  endfacet
  facet normal 8.268828e-001 -5.623737e-001 -8.284249e-004
    outer loop
      vertex   1.382843e+001 -1.014772e+001 0.000000e+000
      vertex   1.398914e+001 -9.918787e+000 5.000000e+000
      vertex   1.371087e+001 -1.032794e+001 5.000000e+000
    endloop
  endfacet
  facet normal 8.977467e-001 -4.405120e-001 -2.533296e-004
    outer loop
      vertex   1.341014e+001 -1.084975e+001 1.000000e+001
      vertex   1.322714e+001 -1.122270e+001 1.000000e+001
      vertex   1.325032e+001 -1.117258e+001 5.000000e+000
    endloop
  endfacet
  facet normal 9.145890e-001 -4.043846e-001 1.869258e-004
    outer loop
      vertex   1.325032e+001 -1.117258e+001 5.000000e+000
      vertex   1.322714e+001 -1.122270e+001 1.000000e+001
      vertex   1.311798e+001 -1.147189e+001 5.000000e+000
    endloop
  endfacet
  facet normal 9.196005e-001 -3.928545e-001 4.971223e-004
    outer loop
      vertex   1.322714e+001 -1.122270e+001 0.000000e+000
      vertex   1.311798e+001 -1.147189e+001 5.000000e+000
      vertex   1.306156e+001 -1.161028e+001 0.000000e+000
    endloop
  endfacet
  facet normal 9.145890e-001 -4.043846e-001 -1.869258e-004
    outer loop
      vertex   1.322714e+001 -1.122270e+001 0.000000e+000
      vertex   1.325032e+001 -1.117258e+001 5.000000e+000
      vertex   1.311798e+001 -1.147189e+001 5.000000e+000
    endloop
  endfacet
  facet normal 9.196005e-001 -3.928545e-001 -4.971223e-004
    outer loop
      vertex   1.322714e+001 -1.122270e+001 1.000000e+001
      vertex   1.306156e+001 -1.161028e+001 1.000000e+001
      vertex   1.311798e+001 -1.147189e+001 5.000000e+000
    endloop
  endfacet
  facet normal 9.300554e-001 -3.674192e-001 3.248302e-004
    outer loop
      vertex   1.311798e+001 -1.147189e+001 5.000000e+000
      vertex   1.306156e+001 -1.161028e+001 1.000000e+001
      vertex   1.299622e+001 -1.178009e+001 5.000000e+000
    endloop
  endfacet
  facet normal 9.383697e-001 -3.456328e-001 5.237236e-004
    outer loop
      vertex   1.306156e+001 -1.161028e+001 0.000000e+000
      vertex   1.299622e+001 -1.178009e+001 5.000000e+000
      vertex   1.291342e+001 -1.201248e+001 0.000000e+000
    endloop
  endfacet
  facet normal 9.300554e-001 -3.674192e-001 -3.248302e-004
    outer loop
      vertex   1.306156e+001 -1.161028e+001 0.000000e+000
      vertex   1.311798e+001 -1.147189e+001 5.000000e+000
      vertex   1.299622e+001 -1.178009e+001 5.000000e+000
    endloop
  endfacet
  facet normal 9.383697e-001 -3.456328e-001 -5.237236e-004
    outer loop
      vertex   1.306156e+001 -1.161028e+001 1.000000e+001
      vertex   1.291342e+001 -1.201248e+001 1.000000e+001
      vertex   1.299622e+001 -1.178009e+001 5.000000e+000
    endloop
  endfacet
  facet normal 9.436840e-001 -3.308482e-001 2.514633e-004
    outer loop
      vertex   1.299622e+001 -1.178009e+001 5.000000e+000
      vertex   1.291342e+001 -1.201248e+001 1.000000e+001
      vertex   1.288506e+001 -1.209717e+001 5.000000e+000
    endloop
  endfacet
  facet normal 9.541816e-001 -2.992280e-001 3.436440e-004
    outer loop
      vertex   1.291342e+001 -1.201248e+001 0.000000e+000
      vertex   1.288506e+001 -1.209717e+001 5.000000e+000
      vertex   1.278270e+001 -1.242931e+001 0.000000e+000
    endloop
  endfacet
  facet normal 9.436840e-001 -3.308482e-001 -2.514633e-004
    outer loop
      vertex   1.291342e+001 -1.201248e+001 0.000000e+000
      vertex   1.299622e+001 -1.178009e+001 5.000000e+000
      vertex   1.288506e+001 -1.209717e+001 5.000000e+000
    endloop
  endfacet
  facet normal 9.541816e-001 -2.992280e-001 -3.436440e-004
    outer loop
      vertex   1.291342e+001 -1.201248e+001 1.000000e+001
      vertex   1.278270e+001 -1.242931e+001 1.000000e+001
      vertex   1.288506e+001 -1.209717e+001 5.000000e+000
    endloop
  endfacet
  facet normal 9.555465e-001 -2.948404e-001 -2.424189e-005
    outer loop
      vertex   1.288506e+001 -1.209717e+001 5.000000e+000
      vertex   1.278270e+001 -1.242931e+001 1.000000e+001
      vertex   1.278448e+001 -1.242314e+001 5.000000e+000
    endloop
  endfacet
  facet normal 9.657317e-001 -2.595425e-001 -2.297530e-005
    outer loop
      vertex   1.278270e+001 -1.242931e+001 0.000000e+000
      vertex   1.278448e+001 -1.242314e+001 5.000000e+000
      vertex   1.269449e+001 -1.275799e+001 5.000000e+000
    endloop
  endfacet
  facet normal 9.743408e-001 -2.250777e-001 -2.594698e-004
    outer loop
      vertex   1.266941e+001 -1.286077e+001 0.000000e+000
      vertex   1.269449e+001 -1.275799e+001 5.000000e+000
      vertex   1.261508e+001 -1.310172e+001 5.000000e+000
    endloop
  endfacet
  facet normal 9.814835e-001 -1.915465e-001 -2.936345e-004
    outer loop
      vertex   1.257355e+001 -1.330685e+001 0.000000e+000
      vertex   1.261508e+001 -1.310172e+001 5.000000e+000
      vertex   1.254627e+001 -1.345434e+001 5.000000e+000
    endloop
  endfacet
  facet normal 9.872742e-001 -1.590273e-001 -1.361064e-004
    outer loop
      vertex   1.249512e+001 -1.376755e+001 0.000000e+000
      vertex   1.254627e+001 -1.345434e+001 5.000000e+000
      vertex   1.248804e+001 -1.381584e+001 5.000000e+000
    endloop
  endfacet
  facet normal 9.918285e-001 -1.275780e-001 -1.741080e-004
    outer loop
      vertex   1.244039e+001 -1.418623e+001 5.000000e+000
      vertex   1.248804e+001 -1.381584e+001 5.000000e+000
      vertex   1.249512e+001 -1.376755e+001 1.000000e+001
    endloop
  endfacet
  facet normal 9.918656e-001 -1.272894e-001 -1.986827e-004
    outer loop
      vertex   1.243412e+001 -1.424288e+001 1.000000e+001
      vertex   1.244039e+001 -1.418623e+001 5.000000e+000
      vertex   1.249512e+001 -1.376755e+001 1.000000e+001
    endloop
  endfacet
  facet normal 9.952611e-001 -9.723835e-002 1.460523e-004
    outer loop
      vertex   1.243412e+001 -1.424288e+001 1.000000e+001
      vertex   1.240334e+001 -1.456551e+001 5.000000e+000
      vertex   1.244039e+001 -1.418623e+001 5.000000e+000
    endloop
  endfacet
  facet normal 9.960689e-001 -8.858076e-002 -4.175493e-004
    outer loop
      vertex   1.243412e+001 -1.424288e+001 1.000000e+001
      vertex   1.239055e+001 -1.473284e+001 1.000000e+001
      vertex   1.240334e+001 -1.456551e+001 5.000000e+000
    endloop
  endfacet
  facet normal 9.976831e-001 -6.803136e-002 2.743015e-004
    outer loop
      vertex   1.240334e+001 -1.456551e+001 5.000000e+000
      vertex   1.239055e+001 -1.473284e+001 1.000000e+001
      vertex   1.237687e+001 -1.495366e+001 5.000000e+000
    endloop
  endfacet
  facet normal 9.986604e-001 -5.174219e-002 4.477781e-004
    outer loop
      vertex   1.239055e+001 -1.473284e+001 0.000000e+000
      vertex   1.237687e+001 -1.495366e+001 5.000000e+000
      vertex   1.236441e+001 -1.523742e+001 0.000000e+000
    endloop
  endfacet
  facet normal 9.976831e-001 -6.803136e-002 -2.743015e-004
    outer loop
      vertex   1.239055e+001 -1.473284e+001 0.000000e+000
      vertex   1.240334e+001 -1.456551e+001 5.000000e+000
      vertex   1.237687e+001 -1.495366e+001 5.000000e+000
    endloop
  endfacet
  facet normal 9.960689e-001 -8.858076e-002 4.175493e-004
    outer loop
      vertex   1.239055e+001 -1.473284e+001 0.000000e+000
      vertex   1.243412e+001 -1.424288e+001 0.000000e+000
      vertex   1.240334e+001 -1.456551e+001 5.000000e+000
    endloop
  endfacet
  facet normal 9.952611e-001 -9.723835e-002 -1.460523e-004
    outer loop
      vertex   1.240334e+001 -1.456551e+001 5.000000e+000
      vertex   1.243412e+001 -1.424288e+001 0.000000e+000
      vertex   1.244039e+001 -1.418623e+001 5.000000e+000
    endloop
  endfacet
  facet normal 9.918656e-001 -1.272894e-001 1.986827e-004
    outer loop
      vertex   1.244039e+001 -1.418623e+001 5.000000e+000
      vertex   1.243412e+001 -1.424288e+001 0.000000e+000
      vertex   1.249512e+001 -1.376755e+001 0.000000e+000
    endloop
  endfacet
  facet normal 9.918285e-001 -1.275780e-001 1.741080e-004
    outer loop
      vertex   1.248804e+001 -1.381584e+001 5.000000e+000
      vertex   1.244039e+001 -1.418623e+001 5.000000e+000
      vertex   1.249512e+001 -1.376755e+001 0.000000e+000
    endloop
  endfacet
  facet normal 9.657317e-001 -2.595425e-001 2.297530e-005
    outer loop
      vertex   1.278448e+001 -1.242314e+001 5.000000e+000
      vertex   1.278270e+001 -1.242931e+001 1.000000e+001
      vertex   1.269449e+001 -1.275799e+001 5.000000e+000
    endloop
  endfacet
  facet normal 9.672141e-001 -2.539620e-001 -3.700106e-004
    outer loop
      vertex   1.269449e+001 -1.275799e+001 5.000000e+000
      vertex   1.278270e+001 -1.242931e+001 1.000000e+001
      vertex   1.266941e+001 -1.286077e+001 1.000000e+001
    endloop
  endfacet
  facet normal 9.776809e-001 -2.100946e-001 -4.988802e-004
    outer loop
      vertex   1.261508e+001 -1.310172e+001 5.000000e+000
      vertex   1.266941e+001 -1.286077e+001 1.000000e+001
      vertex   1.257355e+001 -1.330685e+001 1.000000e+001
    endloop
  endfacet
  facet normal 9.858169e-001 -1.678236e-001 -4.298191e-004
    outer loop
      vertex   1.254627e+001 -1.345434e+001 5.000000e+000
      vertex   1.257355e+001 -1.330685e+001 1.000000e+001
      vertex   1.249512e+001 -1.376755e+001 1.000000e+001
    endloop
  endfacet
  facet normal 9.872742e-001 -1.590273e-001 1.361064e-004
    outer loop
      vertex   1.248804e+001 -1.381584e+001 5.000000e+000
      vertex   1.254627e+001 -1.345434e+001 5.000000e+000
      vertex   1.249512e+001 -1.376755e+001 1.000000e+001
    endloop
  endfacet
  facet normal 9.743408e-001 -2.250777e-001 2.594698e-004
    outer loop
      vertex   1.269449e+001 -1.275799e+001 5.000000e+000
      vertex   1.266941e+001 -1.286077e+001 1.000000e+001
      vertex   1.261508e+001 -1.310172e+001 5.000000e+000
    endloop
  endfacet
  facet normal 9.814835e-001 -1.915465e-001 2.936345e-004
    outer loop
      vertex   1.261508e+001 -1.310172e+001 5.000000e+000
      vertex   1.257355e+001 -1.330685e+001 1.000000e+001
      vertex   1.254627e+001 -1.345434e+001 5.000000e+000
    endloop
  endfacet
  facet normal 9.986604e-001 -5.174219e-002 -4.477781e-004
    outer loop
      vertex   1.239055e+001 -1.473284e+001 1.000000e+001
      vertex   1.236441e+001 -1.523742e+001 1.000000e+001
      vertex   1.237687e+001 -1.495366e+001 5.000000e+000
    endloop
  endfacet
  facet normal 9.992010e-001 -3.996614e-002 2.218821e-004
    outer loop
      vertex   1.237687e+001 -1.495366e+001 5.000000e+000
      vertex   1.236441e+001 -1.523742e+001 1.000000e+001
      vertex   1.236099e+001 -1.535070e+001 5.000000e+000
    endloop
  endfacet
  facet normal 9.998591e-001 -1.678167e-002 3.038454e-004
    outer loop
      vertex   1.236441e+001 -1.523742e+001 0.000000e+000
      vertex   1.236099e+001 -1.535070e+001 5.000000e+000
      vertex   1.235569e+001 -1.575663e+001 0.000000e+000
    endloop
  endfacet
  facet normal 9.992010e-001 -3.996614e-002 -2.218821e-004
    outer loop
      vertex   1.236441e+001 -1.523742e+001 0.000000e+000
      vertex   1.237687e+001 -1.495366e+001 5.000000e+000
      vertex   1.236099e+001 -1.535070e+001 5.000000e+000
    endloop
  endfacet
  facet normal 9.998591e-001 -1.678167e-002 -3.038454e-004
    outer loop
      vertex   1.236441e+001 -1.523742e+001 1.000000e+001
      vertex   1.235569e+001 -1.575663e+001 1.000000e+001
      vertex   1.236099e+001 -1.535070e+001 5.000000e+000
    endloop
  endfacet
  facet normal 9.999150e-001 -1.303978e-002 0.000000e+000
    outer loop
      vertex   1.236099e+001 -1.535070e+001 5.000000e+000
      vertex   1.235569e+001 -1.575663e+001 1.000000e+001
      vertex   1.235569e+001 -1.575663e+001 0.000000e+000
    endloop
  endfacet
  facet normal 9.858169e-001 -1.678236e-001 4.298191e-004
    outer loop
      vertex   1.249512e+001 -1.376755e+001 0.000000e+000
      vertex   1.257355e+001 -1.330685e+001 0.000000e+000
      vertex   1.254627e+001 -1.345434e+001 5.000000e+000
    endloop
  endfacet
  facet normal 9.776809e-001 -2.100946e-001 4.988802e-004
    outer loop
      vertex   1.257355e+001 -1.330685e+001 0.000000e+000
      vertex   1.266941e+001 -1.286077e+001 0.000000e+000
      vertex   1.261508e+001 -1.310172e+001 5.000000e+000
    endloop
  endfacet
  facet normal 9.672141e-001 -2.539620e-001 3.700106e-004
    outer loop
      vertex   1.266941e+001 -1.286077e+001 0.000000e+000
      vertex   1.278270e+001 -1.242931e+001 0.000000e+000
      vertex   1.269449e+001 -1.275799e+001 5.000000e+000
    endloop
  endfacet
  facet normal 9.555465e-001 -2.948404e-001 2.424189e-005
    outer loop
      vertex   1.278448e+001 -1.242314e+001 5.000000e+000
      vertex   1.278270e+001 -1.242931e+001 0.000000e+000
      vertex   1.288506e+001 -1.209717e+001 5.000000e+000
    endloop
  endfacet
  facet normal 8.779664e-001 -4.787223e-001 1.363164e-004
    outer loop
      vertex   1.354676e+001 -1.060060e+001 5.000000e+000
      vertex   1.341014e+001 -1.084975e+001 1.000000e+001
      vertex   1.339325e+001 -1.088215e+001 5.000000e+000
    endloop
  endfacet
  facet normal 9.998592e-001 1.678167e-002 0.000000e+000
    outer loop
      vertex   1.235569e+001 -1.575663e+001 1.000000e+001
      vertex   1.236441e+001 -1.627584e+001 1.000000e+001
      vertex   1.235569e+001 -1.575663e+001 0.000000e+000
    endloop
  endfacet
  facet normal 9.997233e-001 2.351906e-002 3.499289e-004
    outer loop
      vertex   1.235569e+001 -1.575663e+001 0.000000e+000
      vertex   1.236441e+001 -1.627584e+001 1.000000e+001
      vertex   1.236897e+001 -1.639539e+001 5.000000e+000
    endloop
  endfacet
  facet normal 9.986604e-001 5.174219e-002 3.258681e-004
    outer loop
      vertex   1.236441e+001 -1.627584e+001 0.000000e+000
      vertex   1.236897e+001 -1.639539e+001 5.000000e+000
      vertex   1.239055e+001 -1.678042e+001 0.000000e+000
    endloop
  endfacet
  facet normal 9.998590e-001 1.678167e-002 -5.111466e-004
    outer loop
      vertex   1.236441e+001 -1.627584e+001 0.000000e+000
      vertex   1.235569e+001 -1.575663e+001 0.000000e+000
      vertex   1.236897e+001 -1.639539e+001 5.000000e+000
    endloop
  endfacet
  facet normal 9.986604e-001 5.174219e-002 -3.258681e-004
    outer loop
      vertex   1.236441e+001 -1.627584e+001 1.000000e+001
      vertex   1.239055e+001 -1.678042e+001 1.000000e+001
      vertex   1.236897e+001 -1.639539e+001 5.000000e+000
    endloop
  endfacet
  facet normal 9.979190e-001 6.447656e-002 6.579559e-004
    outer loop
      vertex   1.236897e+001 -1.639539e+001 5.000000e+000
      vertex   1.239055e+001 -1.678042e+001 1.000000e+001
      vertex   1.240880e+001 -1.701187e+001 5.000000e+000
    endloop
  endfacet
  facet normal 9.960689e-001 8.858075e-002 4.645645e-004
    outer loop
      vertex   1.239055e+001 -1.678042e+001 0.000000e+000
      vertex   1.240880e+001 -1.701187e+001 5.000000e+000
      vertex   1.243412e+001 -1.727038e+001 0.000000e+000
    endloop
  endfacet
  facet normal 9.979190e-001 6.447656e-002 -6.579559e-004
    outer loop
      vertex   1.239055e+001 -1.678042e+001 0.000000e+000
      vertex   1.236897e+001 -1.639539e+001 5.000000e+000
      vertex   1.240880e+001 -1.701187e+001 5.000000e+000
    endloop
  endfacet
  facet normal 9.960689e-001 8.858075e-002 -4.645645e-004
    outer loop
      vertex   1.239055e+001 -1.678042e+001 1.000000e+001
      vertex   1.243412e+001 -1.727038e+001 1.000000e+001
      vertex   1.240880e+001 -1.701187e+001 5.000000e+000
    endloop
  endfacet
  facet normal 9.938165e-001 1.110325e-001 7.076460e-004
    outer loop
      vertex   1.240880e+001 -1.701187e+001 5.000000e+000
      vertex   1.243412e+001 -1.727038e+001 1.000000e+001
      vertex   1.247519e+001 -1.760606e+001 5.000000e+000
    endloop
  endfacet
  facet normal 9.918655e-001 1.272894e-001 3.998104e-004
    outer loop
      vertex   1.243412e+001 -1.727038e+001 0.000000e+000
      vertex   1.247519e+001 -1.760606e+001 5.000000e+000
      vertex   1.249512e+001 -1.774571e+001 0.000000e+000
    endloop
  endfacet
  facet normal 9.938165e-001 1.110325e-001 -7.076460e-004
    outer loop
      vertex   1.243412e+001 -1.727038e+001 0.000000e+000
      vertex   1.240880e+001 -1.701187e+001 5.000000e+000
      vertex   1.247519e+001 -1.760606e+001 5.000000e+000
    endloop
  endfacet
  facet normal 9.918655e-001 1.272894e-001 -3.998104e-004
    outer loop
      vertex   1.243412e+001 -1.727038e+001 1.000000e+001
      vertex   1.249512e+001 -1.774571e+001 1.000000e+001
      vertex   1.247519e+001 -1.760606e+001 5.000000e+000
    endloop
  endfacet
  facet normal 9.870515e-001 1.604028e-001 5.442272e-004
    outer loop
      vertex   1.247519e+001 -1.760606e+001 5.000000e+000
      vertex   1.249512e+001 -1.774571e+001 1.000000e+001
      vertex   1.256813e+001 -1.817797e+001 5.000000e+000
    endloop
  endfacet
  facet normal 9.858170e-001 1.678236e-001 1.153482e-004
    outer loop
      vertex   1.249512e+001 -1.774571e+001 0.000000e+000
      vertex   1.256813e+001 -1.817797e+001 5.000000e+000
      vertex   1.257355e+001 -1.820642e+001 0.000000e+000
    endloop
  endfacet
  facet normal 9.870515e-001 1.604028e-001 -5.442272e-004
    outer loop
      vertex   1.249512e+001 -1.774571e+001 0.000000e+000
      vertex   1.247519e+001 -1.760606e+001 5.000000e+000
      vertex   1.256813e+001 -1.817797e+001 5.000000e+000
    endloop
  endfacet
  facet normal 9.858170e-001 1.678236e-001 -1.153482e-004
    outer loop
      vertex   1.249512e+001 -1.774571e+001 1.000000e+001
      vertex   1.257355e+001 -1.820642e+001 1.000000e+001
      vertex   1.256813e+001 -1.817797e+001 5.000000e+000
    endloop
  endfacet
  facet normal 9.776811e-001 2.100946e-001 1.339457e-004
    outer loop
      vertex   1.256813e+001 -1.817797e+001 5.000000e+000
      vertex   1.257355e+001 -1.820642e+001 1.000000e+001
      vertex   1.266941e+001 -1.865250e+001 1.000000e+001
    endloop
  endfacet
  facet normal 9.672141e-001 2.539620e-001 -2.925183e-004
    outer loop
      vertex   1.268762e+001 -1.872760e+001 5.000000e+000
      vertex   1.266941e+001 -1.865250e+001 1.000000e+001
      vertex   1.278270e+001 -1.908395e+001 1.000000e+001
    endloop
  endfacet
  facet normal 9.541815e-001 2.992280e-001 -5.066024e-004
    outer loop
      vertex   1.283367e+001 -1.925495e+001 5.000000e+000
      vertex   1.278270e+001 -1.908395e+001 1.000000e+001
      vertex   1.291342e+001 -1.950078e+001 1.000000e+001
    endloop
  endfacet
  facet normal 9.383697e-001 3.456328e-001 -4.930847e-004
    outer loop
      vertex   1.300627e+001 -1.976001e+001 5.000000e+000
      vertex   1.291342e+001 -1.950078e+001 1.000000e+001
      vertex   1.306156e+001 -1.990298e+001 1.000000e+001
    endloop
  endfacet
  facet normal 9.196006e-001 3.928545e-001 -2.387015e-004
    outer loop
      vertex   1.320543e+001 -2.024278e+001 5.000000e+000
      vertex   1.306156e+001 -1.990298e+001 1.000000e+001
      vertex   1.322714e+001 -2.029056e+001 1.000000e+001
    endloop
  endfacet
  facet normal 8.977467e-001 4.405120e-001 2.669966e-004
    outer loop
      vertex   1.343114e+001 -2.070328e+001 5.000000e+000
      vertex   1.322714e+001 -2.029056e+001 1.000000e+001
      vertex   1.341014e+001 -2.066351e+001 1.000000e+001
    endloop
  endfacet
  facet normal 8.727463e-001 4.881739e-001 -2.170539e-004
    outer loop
      vertex   1.361057e+001 -2.102184e+001 1.000000e+001
      vertex   1.343114e+001 -2.070328e+001 5.000000e+000
      vertex   1.341014e+001 -2.066351e+001 1.000000e+001
    endloop
  endfacet
  facet normal 8.666559e-001 4.989060e-001 6.852747e-004
    outer loop
      vertex   1.361057e+001 -2.102184e+001 1.000000e+001
      vertex   1.368340e+001 -2.114149e+001 5.000000e+000
      vertex   1.343114e+001 -2.070328e+001 5.000000e+000
    endloop
  endfacet
  facet normal 8.446158e-001 5.353726e-001 -5.084137e-004
    outer loop
      vertex   1.361057e+001 -2.102184e+001 1.000000e+001
      vertex   1.382843e+001 -2.136554e+001 1.000000e+001
      vertex   1.368340e+001 -2.114149e+001 5.000000e+000
    endloop
  endfacet
  facet normal 8.306344e-001 5.568175e-001 8.580804e-004
    outer loop
      vertex   1.368340e+001 -2.114149e+001 5.000000e+000
      vertex   1.382843e+001 -2.136554e+001 1.000000e+001
      vertex   1.396222e+001 -2.155742e+001 5.000000e+000
    endloop
  endfacet
  facet normal 8.134584e-001 5.816228e-001 5.534251e-004
    outer loop
      vertex   1.382843e+001 -2.136554e+001 0.000000e+000
      vertex   1.396222e+001 -2.155742e+001 5.000000e+000
      vertex   1.406372e+001 -2.169462e+001 0.000000e+000
    endloop
  endfacet
  facet normal 8.306344e-001 5.568175e-001 -8.580804e-004
    outer loop
      vertex   1.382843e+001 -2.136554e+001 0.000000e+000
      vertex   1.368340e+001 -2.114149e+001 5.000000e+000
      vertex   1.396222e+001 -2.155742e+001 5.000000e+000
    endloop
  endfacet
  facet normal 8.446158e-001 5.353726e-001 5.084137e-004
    outer loop
      vertex   1.382843e+001 -2.136554e+001 0.000000e+000
      vertex   1.361057e+001 -2.102184e+001 0.000000e+000
      vertex   1.368340e+001 -2.114149e+001 5.000000e+000
    endloop
  endfacet
  facet normal 8.666559e-001 4.989060e-001 -6.852747e-004
    outer loop
      vertex   1.368340e+001 -2.114149e+001 5.000000e+000
      vertex   1.361057e+001 -2.102184e+001 0.000000e+000
      vertex   1.343114e+001 -2.070328e+001 5.000000e+000
    endloop
  endfacet
  facet normal 8.727463e-001 4.881739e-001 2.170539e-004
    outer loop
      vertex   1.343114e+001 -2.070328e+001 5.000000e+000
      vertex   1.361057e+001 -2.102184e+001 0.000000e+000
      vertex   1.341014e+001 -2.066351e+001 0.000000e+000
    endloop
  endfacet
  facet normal 8.977467e-001 4.405120e-001 -2.669966e-004
    outer loop
      vertex   1.322714e+001 -2.029056e+001 0.000000e+000
      vertex   1.343114e+001 -2.070328e+001 5.000000e+000
      vertex   1.341014e+001 -2.066351e+001 0.000000e+000
    endloop
  endfacet
  facet normal 8.979380e-001 4.401218e-001 -3.070139e-004
    outer loop
      vertex   1.322714e+001 -2.029056e+001 0.000000e+000
      vertex   1.320543e+001 -2.024278e+001 5.000000e+000
      vertex   1.343114e+001 -2.070328e+001 5.000000e+000
    endloop
  endfacet
  facet normal 9.196006e-001 3.928545e-001 2.387015e-004
    outer loop
      vertex   1.322714e+001 -2.029056e+001 0.000000e+000
      vertex   1.306156e+001 -1.990298e+001 0.000000e+000
      vertex   1.320543e+001 -2.024278e+001 5.000000e+000
    endloop
  endfacet
  facet normal 9.244315e-001 3.813474e-001 -6.823231e-004
    outer loop
      vertex   1.320543e+001 -2.024278e+001 5.000000e+000
      vertex   1.306156e+001 -1.990298e+001 0.000000e+000
      vertex   1.300627e+001 -1.976001e+001 5.000000e+000
    endloop
  endfacet
  facet normal 9.244315e-001 3.813474e-001 6.823231e-004
    outer loop
      vertex   1.306156e+001 -1.990298e+001 1.000000e+001
      vertex   1.320543e+001 -2.024278e+001 5.000000e+000
      vertex   1.300627e+001 -1.976001e+001 5.000000e+000
    endloop
  endfacet
  facet normal 9.771728e-001 2.124456e-001 3.673598e-004
    outer loop
      vertex   1.256813e+001 -1.817797e+001 5.000000e+000
      vertex   1.266941e+001 -1.865250e+001 1.000000e+001
      vertex   1.268762e+001 -1.872760e+001 5.000000e+000
    endloop
  endfacet
  facet normal 9.672141e-001 2.539620e-001 2.925183e-004
    outer loop
      vertex   1.266941e+001 -1.865250e+001 0.000000e+000
      vertex   1.268762e+001 -1.872760e+001 5.000000e+000
      vertex   1.278270e+001 -1.908395e+001 0.000000e+000
    endloop
  endfacet
  facet normal 9.771728e-001 2.124456e-001 -3.673598e-004
    outer loop
      vertex   1.266941e+001 -1.865250e+001 0.000000e+000
      vertex   1.256813e+001 -1.817797e+001 5.000000e+000
      vertex   1.268762e+001 -1.872760e+001 5.000000e+000
    endloop
  endfacet
  facet normal 9.776811e-001 2.100946e-001 -1.339457e-004
    outer loop
      vertex   1.266941e+001 -1.865250e+001 0.000000e+000
      vertex   1.257355e+001 -1.820642e+001 0.000000e+000
      vertex   1.256813e+001 -1.817797e+001 5.000000e+000
    endloop
  endfacet
  facet normal 9.637232e-001 2.669027e-001 6.961479e-004
    outer loop
      vertex   1.268762e+001 -1.872760e+001 5.000000e+000
      vertex   1.278270e+001 -1.908395e+001 1.000000e+001
      vertex   1.283367e+001 -1.925495e+001 5.000000e+000
    endloop
  endfacet
  facet normal 9.541815e-001 2.992280e-001 5.066024e-004
    outer loop
      vertex   1.278270e+001 -1.908395e+001 0.000000e+000
      vertex   1.283367e+001 -1.925495e+001 5.000000e+000
      vertex   1.291342e+001 -1.950078e+001 0.000000e+000
    endloop
  endfacet
  facet normal 9.637232e-001 2.669027e-001 -6.961479e-004
    outer loop
      vertex   1.278270e+001 -1.908395e+001 0.000000e+000
      vertex   1.268762e+001 -1.872760e+001 5.000000e+000
      vertex   1.283367e+001 -1.925495e+001 5.000000e+000
    endloop
  endfacet
  facet normal 9.462682e-001 3.233820e-001 8.071948e-004
    outer loop
      vertex   1.283367e+001 -1.925495e+001 5.000000e+000
      vertex   1.291342e+001 -1.950078e+001 1.000000e+001
      vertex   1.300627e+001 -1.976001e+001 5.000000e+000
    endloop
  endfacet
  facet normal 9.383697e-001 3.456328e-001 4.930847e-004
    outer loop
      vertex   1.291342e+001 -1.950078e+001 0.000000e+000
      vertex   1.300627e+001 -1.976001e+001 5.000000e+000
      vertex   1.306156e+001 -1.990298e+001 0.000000e+000
    endloop
  endfacet
  facet normal 9.462682e-001 3.233820e-001 -8.071948e-004
    outer loop
      vertex   1.291342e+001 -1.950078e+001 0.000000e+000
      vertex   1.283367e+001 -1.925495e+001 5.000000e+000
      vertex   1.300627e+001 -1.976001e+001 5.000000e+000
    endloop
  endfacet
  facet normal 8.979380e-001 4.401218e-001 3.070139e-004
    outer loop
      vertex   1.320543e+001 -2.024278e+001 5.000000e+000
      vertex   1.322714e+001 -2.029056e+001 1.000000e+001
      vertex   1.343114e+001 -2.070328e+001 5.000000e+000
    endloop
  endfacet
  facet normal 8.134584e-001 5.816228e-001 -5.534251e-004
    outer loop
      vertex   1.382843e+001 -2.136554e+001 1.000000e+001
      vertex   1.406372e+001 -2.169462e+001 1.000000e+001
      vertex   1.396222e+001 -2.155742e+001 5.000000e+000
    endloop
  endfacet
  facet normal 7.901255e-001 6.129446e-001 7.796917e-004
    outer loop
      vertex   1.396222e+001 -2.155742e+001 5.000000e+000
      vertex   1.406372e+001 -2.169462e+001 1.000000e+001
      vertex   1.426759e+001 -2.195106e+001 5.000000e+000
    endloop
  endfacet
  facet normal 7.794667e-001 6.264435e-001 3.472668e-004
    outer loop
      vertex   1.406372e+001 -2.169462e+001 0.000000e+000
      vertex   1.426759e+001 -2.195106e+001 5.000000e+000
      vertex   1.431644e+001 -2.200907e+001 0.000000e+000
    endloop
  endfacet
  facet normal 7.901255e-001 6.129446e-001 -7.796917e-004
    outer loop
      vertex   1.406372e+001 -2.169462e+001 0.000000e+000
      vertex   1.396222e+001 -2.155742e+001 5.000000e+000
      vertex   1.426759e+001 -2.195106e+001 5.000000e+000
    endloop
  endfacet
  facet normal 7.794667e-001 6.264435e-001 -3.472668e-004
    outer loop
      vertex   1.406372e+001 -2.169462e+001 1.000000e+001
      vertex   1.431644e+001 -2.200907e+001 1.000000e+001
      vertex   1.426759e+001 -2.195106e+001 5.000000e+000
    endloop
  endfacet
  facet normal 7.455850e-001 6.664104e-001 4.473636e-004
    outer loop
      vertex   1.426759e+001 -2.195106e+001 5.000000e+000
      vertex   1.431644e+001 -2.200907e+001 1.000000e+001
      vertex   1.459952e+001 -2.232242e+001 5.000000e+000
    endloop
  endfacet
  facet normal 7.429186e-001 6.693817e-001 -1.101867e-004
    outer loop
      vertex   1.431644e+001 -2.200907e+001 0.000000e+000
      vertex   1.459952e+001 -2.232242e+001 5.000000e+000
      vertex   1.458658e+001 -2.230889e+001 0.000000e+000
    endloop
  endfacet
  facet normal 7.455850e-001 6.664104e-001 -4.473636e-004
    outer loop
      vertex   1.431644e+001 -2.200907e+001 0.000000e+000
      vertex   1.426759e+001 -2.195106e+001 5.000000e+000
      vertex   1.459952e+001 -2.232242e+001 5.000000e+000
    endloop
  endfacet
  facet normal 7.429186e-001 6.693817e-001 1.101867e-004
    outer loop
      vertex   1.431644e+001 -2.200907e+001 1.000000e+001
      vertex   1.458658e+001 -2.230889e+001 1.000000e+001
      vertex   1.459952e+001 -2.232242e+001 5.000000e+000
    endloop
  endfacet
  facet normal 7.039963e-001 7.102036e-001 -1.009469e-004
    outer loop
      vertex   1.459952e+001 -2.232242e+001 5.000000e+000
      vertex   1.458658e+001 -2.230889e+001 1.000000e+001
      vertex   1.487245e+001 -2.259226e+001 1.000000e+001
    endloop
  endfacet
  facet normal 6.623011e-001 7.492376e-001 -4.639465e-004
    outer loop
      vertex   1.495520e+001 -2.266851e+001 5.000000e+000
      vertex   1.487245e+001 -2.259226e+001 1.000000e+001
      vertex   1.517234e+001 -2.285735e+001 1.000000e+001
    endloop
  endfacet
  facet normal 6.180843e-001 7.861116e-001 -5.753542e-004
    outer loop
      vertex   1.533224e+001 -2.298674e+001 5.000000e+000
      vertex   1.517234e+001 -2.285735e+001 1.000000e+001
      vertex   1.548624e+001 -2.310416e+001 1.000000e+001
    endloop
  endfacet
  facet normal 5.717522e-001 8.204263e-001 -4.322731e-004
    outer loop
      vertex   1.573064e+001 -2.327711e+001 5.000000e+000
      vertex   1.548624e+001 -2.310416e+001 1.000000e+001
      vertex   1.581416e+001 -2.333268e+001 1.000000e+001
    endloop
  endfacet
  facet normal 5.237754e-001 8.518562e-001 -5.723592e-004
    outer loop
      vertex   1.598850e+001 -2.344324e+001 5.000000e+000
      vertex   1.581416e+001 -2.333268e+001 1.000000e+001
      vertex   1.615609e+001 -2.354293e+001 1.000000e+001
    endloop
  endfacet
  facet normal 4.746658e-001 8.801660e-001 -4.591759e-004
    outer loop
      vertex   1.625458e+001 -2.359865e+001 5.000000e+000
      vertex   1.615609e+001 -2.354293e+001 1.000000e+001
      vertex   1.651204e+001 -2.373489e+001 1.000000e+001
    endloop
  endfacet
  facet normal 4.284806e-001 9.035510e-001 -8.471948e-005
    outer loop
      vertex   1.652887e+001 -2.374334e+001 5.000000e+000
      vertex   1.651204e+001 -2.373489e+001 1.000000e+001
      vertex   1.681138e+001 -2.387731e+001 5.000000e+000
    endloop
  endfacet
  facet normal 4.249495e-001 9.052170e-001 3.435730e-004
    outer loop
      vertex   1.651204e+001 -2.373489e+001 0.000000e+000
      vertex   1.681138e+001 -2.387731e+001 5.000000e+000
      vertex   1.688201e+001 -2.390857e+001 0.000000e+000
    endloop
  endfacet
  facet normal 4.284806e-001 9.035510e-001 8.471948e-005
    outer loop
      vertex   1.651204e+001 -2.373489e+001 0.000000e+000
      vertex   1.652887e+001 -2.374334e+001 5.000000e+000
      vertex   1.681138e+001 -2.387731e+001 5.000000e+000
    endloop
  endfacet
  facet normal 4.665654e-001 8.844867e-001 -7.567089e-005
    outer loop
      vertex   1.651204e+001 -2.373489e+001 0.000000e+000
      vertex   1.625458e+001 -2.359865e+001 5.000000e+000
      vertex   1.652887e+001 -2.374334e+001 5.000000e+000
    endloop
  endfacet
  facet normal 4.746658e-001 8.801660e-001 4.591759e-004
    outer loop
      vertex   1.651204e+001 -2.373489e+001 0.000000e+000
      vertex   1.615609e+001 -2.354293e+001 0.000000e+000
      vertex   1.625458e+001 -2.359865e+001 5.000000e+000
    endloop
  endfacet
  facet normal 5.043451e-001 8.635022e-001 -3.111115e-004
    outer loop
      vertex   1.625458e+001 -2.359865e+001 5.000000e+000
      vertex   1.615609e+001 -2.354293e+001 0.000000e+000
      vertex   1.598850e+001 -2.344324e+001 5.000000e+000
    endloop
  endfacet
  facet normal 5.043451e-001 8.635022e-001 3.111115e-004
    outer loop
      vertex   1.615609e+001 -2.354293e+001 1.000000e+001
      vertex   1.625458e+001 -2.359865e+001 5.000000e+000
      vertex   1.598850e+001 -2.344324e+001 5.000000e+000
    endloop
  endfacet
  facet normal 6.973666e-001 7.167143e-001 6.123209e-004
    outer loop
      vertex   1.459952e+001 -2.232242e+001 5.000000e+000
      vertex   1.487245e+001 -2.259226e+001 1.000000e+001
      vertex   1.495520e+001 -2.266851e+001 5.000000e+000
    endloop
  endfacet
  facet normal 6.623011e-001 7.492376e-001 4.639465e-004
    outer loop
      vertex   1.487245e+001 -2.259226e+001 0.000000e+000
      vertex   1.495520e+001 -2.266851e+001 5.000000e+000
      vertex   1.517234e+001 -2.285735e+001 0.000000e+000
    endloop
  endfacet
  facet normal 6.973666e-001 7.167143e-001 -6.123209e-004
    outer loop
      vertex   1.487245e+001 -2.259226e+001 0.000000e+000
      vertex   1.459952e+001 -2.232242e+001 5.000000e+000
      vertex   1.495520e+001 -2.266851e+001 5.000000e+000
    endloop
  endfacet
  facet normal 7.039963e-001 7.102036e-001 1.009469e-004
    outer loop
      vertex   1.487245e+001 -2.259226e+001 0.000000e+000
      vertex   1.458658e+001 -2.230889e+001 0.000000e+000
      vertex   1.459952e+001 -2.232242e+001 5.000000e+000
    endloop
  endfacet
  facet normal 6.449917e-001 7.641891e-001 8.524581e-004
    outer loop
      vertex   1.495520e+001 -2.266851e+001 5.000000e+000
      vertex   1.517234e+001 -2.285735e+001 1.000000e+001
      vertex   1.533224e+001 -2.298674e+001 5.000000e+000
    endloop
  endfacet
  facet normal 6.180843e-001 7.861116e-001 5.753542e-004
    outer loop
      vertex   1.517234e+001 -2.285735e+001 0.000000e+000
      vertex   1.533224e+001 -2.298674e+001 5.000000e+000
      vertex   1.548624e+001 -2.310416e+001 0.000000e+000
    endloop
  endfacet
  facet normal 6.449917e-001 7.641891e-001 -8.524581e-004
    outer loop
      vertex   1.517234e+001 -2.285735e+001 0.000000e+000
      vertex   1.495520e+001 -2.266851e+001 5.000000e+000
      vertex   1.533224e+001 -2.298674e+001 5.000000e+000
    endloop
  endfacet
  facet normal 5.890125e-001 8.081235e-001 8.369720e-004
    outer loop
      vertex   1.533224e+001 -2.298674e+001 5.000000e+000
      vertex   1.548624e+001 -2.310416e+001 1.000000e+001
      vertex   1.573064e+001 -2.327711e+001 5.000000e+000
    endloop
  endfacet
  facet normal 5.717522e-001 8.204263e-001 4.322731e-004
    outer loop
      vertex   1.548624e+001 -2.310416e+001 0.000000e+000
      vertex   1.573064e+001 -2.327711e+001 5.000000e+000
      vertex   1.581416e+001 -2.333268e+001 0.000000e+000
    endloop
  endfacet
  facet normal 5.890125e-001 8.081235e-001 -8.369720e-004
    outer loop
      vertex   1.548624e+001 -2.310416e+001 0.000000e+000
      vertex   1.533224e+001 -2.298674e+001 5.000000e+000
      vertex   1.573064e+001 -2.327711e+001 5.000000e+000
    endloop
  endfacet
  facet normal 5.415830e-001 8.406472e-001 2.964030e-004
    outer loop
      vertex   1.573064e+001 -2.327711e+001 5.000000e+000
      vertex   1.581416e+001 -2.333268e+001 1.000000e+001
      vertex   1.598850e+001 -2.344324e+001 5.000000e+000
    endloop
  endfacet
  facet normal 5.237754e-001 8.518562e-001 5.723592e-004
    outer loop
      vertex   1.581416e+001 -2.333268e+001 0.000000e+000
      vertex   1.598850e+001 -2.344324e+001 5.000000e+000
      vertex   1.615609e+001 -2.354293e+001 0.000000e+000
    endloop
  endfacet
  facet normal 5.415830e-001 8.406472e-001 -2.964030e-004
    outer loop
      vertex   1.581416e+001 -2.333268e+001 0.000000e+000
      vertex   1.573064e+001 -2.327711e+001 5.000000e+000
      vertex   1.598850e+001 -2.344324e+001 5.000000e+000
    endloop
  endfacet
  facet normal 4.249495e-001 9.052170e-001 -3.435730e-004
    outer loop
      vertex   1.651204e+001 -2.373489e+001 1.000000e+001
      vertex   1.688201e+001 -2.390857e+001 1.000000e+001
      vertex   1.681138e+001 -2.387731e+001 5.000000e+000
    endloop
  endfacet
  facet normal 3.903219e-001 9.206784e-001 2.422198e-004
    outer loop
      vertex   1.681138e+001 -2.387731e+001 5.000000e+000
      vertex   1.688201e+001 -2.390857e+001 1.000000e+001
      vertex   1.710211e+001 -2.400056e+001 5.000000e+000
    endloop
  endfacet
  facet normal 3.751415e-001 9.269674e-001 5.417306e-004
    outer loop
      vertex   1.688201e+001 -2.390857e+001 0.000000e+000
      vertex   1.710211e+001 -2.400056e+001 5.000000e+000
      vertex   1.726599e+001 -2.406396e+001 0.000000e+000
    endloop
  endfacet
  facet normal 3.903219e-001 9.206784e-001 -2.422198e-004
    outer loop
      vertex   1.688201e+001 -2.390857e+001 0.000000e+000
      vertex   1.681138e+001 -2.387731e+001 5.000000e+000
      vertex   1.710211e+001 -2.400056e+001 5.000000e+000
    endloop
  endfacet
  facet normal 3.751415e-001 9.269674e-001 -5.417306e-004
    outer loop
      vertex   1.688201e+001 -2.390857e+001 1.000000e+001
      vertex   1.726599e+001 -2.406396e+001 1.000000e+001
      vertex   1.710211e+001 -2.400056e+001 5.000000e+000
    endloop
  endfacet
  facet normal 3.523091e-001 9.358836e-001 3.196952e-004
    outer loop
      vertex   1.710211e+001 -2.400056e+001 5.000000e+000
      vertex   1.726599e+001 -2.406396e+001 1.000000e+001
      vertex   1.740105e+001 -2.411310e+001 5.000000e+000
    endloop
  endfacet
  facet normal 3.257229e-001 9.454651e-001 4.926224e-004
    outer loop
      vertex   1.726599e+001 -2.406396e+001 0.000000e+000
      vertex   1.740105e+001 -2.411310e+001 5.000000e+000
      vertex   1.766399e+001 -2.420108e+001 0.000000e+000
    endloop
  endfacet
  facet normal 3.523091e-001 9.358836e-001 -3.196952e-004
    outer loop
      vertex   1.726599e+001 -2.406396e+001 0.000000e+000
      vertex   1.710211e+001 -2.400056e+001 5.000000e+000
      vertex   1.740105e+001 -2.411310e+001 5.000000e+000
    endloop
  endfacet
  facet normal 3.257229e-001 9.454651e-001 -4.926224e-004
    outer loop
      vertex   1.726599e+001 -2.406396e+001 1.000000e+001
      vertex   1.766399e+001 -2.420108e+001 1.000000e+001
      vertex   1.740105e+001 -2.411310e+001 5.000000e+000
    endloop
  endfacet
  facet normal 3.146459e-001 9.492091e-001 1.557666e-004
    outer loop
      vertex   1.740105e+001 -2.411310e+001 5.000000e+000
      vertex   1.766399e+001 -2.420108e+001 1.000000e+001
      vertex   1.770821e+001 -2.421492e+001 5.000000e+000
    endloop
  endfacet
  facet normal 2.775157e-001 9.607211e-001 2.045183e-004
    outer loop
      vertex   1.766399e+001 -2.420108e+001 0.000000e+000
      vertex   1.770821e+001 -2.421492e+001 5.000000e+000
      vertex   1.802359e+001 -2.430602e+001 5.000000e+000
    endloop
  endfacet
  facet normal 2.410795e-001 9.705054e-001 -1.695214e-004
    outer loop
      vertex   1.807600e+001 -2.431991e+001 0.000000e+000
      vertex   1.802359e+001 -2.430602e+001 5.000000e+000
      vertex   1.834719e+001 -2.438640e+001 5.000000e+000
    endloop
  endfacet
  facet normal 2.054741e-001 9.786625e-001 -3.033216e-004
    outer loop
      vertex   1.850204e+001 -2.442046e+001 0.000000e+000
      vertex   1.834719e+001 -2.438640e+001 5.000000e+000
      vertex   1.867900e+001 -2.445607e+001 5.000000e+000
    endloop
  endfacet
  facet normal 1.708126e-001 9.853035e-001 -2.080910e-004
    outer loop
      vertex   1.894208e+001 -2.450273e+001 0.000000e+000
      vertex   1.867900e+001 -2.445607e+001 5.000000e+000
      vertex   1.901903e+001 -2.451501e+001 5.000000e+000
    endloop
  endfacet
  facet normal 1.371842e-001 9.905456e-001 1.039903e-004
    outer loop
      vertex   1.939615e+001 -2.456672e+001 0.000000e+000
      vertex   1.901903e+001 -2.451501e+001 5.000000e+000
      vertex   1.936728e+001 -2.456324e+001 5.000000e+000
    endloop
  endfacet
  facet normal 1.046563e-001 9.945084e-001 8.656544e-005
    outer loop
      vertex   1.972374e+001 -2.460076e+001 5.000000e+000
      vertex   1.936728e+001 -2.456324e+001 5.000000e+000
      vertex   1.939615e+001 -2.456672e+001 1.000000e+001
    endloop
  endfacet
  facet normal 9.718135e-002 9.952666e-001 -4.083464e-004
    outer loop
      vertex   1.986423e+001 -2.461242e+001 1.000000e+001
      vertex   1.972374e+001 -2.460076e+001 5.000000e+000
      vertex   1.939615e+001 -2.456672e+001 1.000000e+001
    endloop
  endfacet
  facet normal 7.327609e-002 9.973117e-001 2.680875e-004
    outer loop
      vertex   1.986423e+001 -2.461242e+001 1.000000e+001
      vertex   2.008842e+001 -2.462755e+001 5.000000e+000
      vertex   1.972374e+001 -2.460076e+001 5.000000e+000
    endloop
  endfacet
  facet normal 5.679101e-002 9.983860e-001 -4.743413e-004
    outer loop
      vertex   1.986423e+001 -2.461242e+001 1.000000e+001
      vertex   2.034632e+001 -2.463985e+001 1.000000e+001
      vertex   2.008842e+001 -2.462755e+001 5.000000e+000
    endloop
  endfacet
  facet normal 4.307274e-002 9.990719e-001 2.349328e-004
    outer loop
      vertex   2.008842e+001 -2.462755e+001 5.000000e+000
      vertex   2.034632e+001 -2.463985e+001 1.000000e+001
      vertex   2.046132e+001 -2.464363e+001 5.000000e+000
    endloop
  endfacet
  facet normal 1.842213e-002 9.998302e-001 3.325937e-004
    outer loop
      vertex   2.034632e+001 -2.463985e+001 0.000000e+000
      vertex   2.046132e+001 -2.464363e+001 5.000000e+000
      vertex   2.084243e+001 -2.464899e+001 0.000000e+000
    endloop
  endfacet
  facet normal 4.307274e-002 9.990719e-001 -2.349328e-004
    outer loop
      vertex   2.034632e+001 -2.463985e+001 0.000000e+000
      vertex   2.008842e+001 -2.462755e+001 5.000000e+000
      vertex   2.046132e+001 -2.464363e+001 5.000000e+000
    endloop
  endfacet
  facet normal 5.679101e-002 9.983860e-001 4.743413e-004
    outer loop
      vertex   2.034632e+001 -2.463985e+001 0.000000e+000
      vertex   1.986423e+001 -2.461242e+001 0.000000e+000
      vertex   2.008842e+001 -2.462755e+001 5.000000e+000
    endloop
  endfacet
  facet normal 7.327609e-002 9.973117e-001 -2.680875e-004
    outer loop
      vertex   2.008842e+001 -2.462755e+001 5.000000e+000
      vertex   1.986423e+001 -2.461242e+001 0.000000e+000
      vertex   1.972374e+001 -2.460076e+001 5.000000e+000
    endloop
  endfacet
  facet normal 9.718135e-002 9.952666e-001 4.083464e-004
    outer loop
      vertex   1.972374e+001 -2.460076e+001 5.000000e+000
      vertex   1.986423e+001 -2.461242e+001 0.000000e+000
      vertex   1.939615e+001 -2.456672e+001 0.000000e+000
    endloop
  endfacet
  facet normal 1.046563e-001 9.945084e-001 -8.656544e-005
    outer loop
      vertex   1.936728e+001 -2.456324e+001 5.000000e+000
      vertex   1.972374e+001 -2.460076e+001 5.000000e+000
      vertex   1.939615e+001 -2.456672e+001 0.000000e+000
    endloop
  endfacet
  facet normal 2.775157e-001 9.607211e-001 -2.045183e-004
    outer loop
      vertex   1.770821e+001 -2.421492e+001 5.000000e+000
      vertex   1.766399e+001 -2.420108e+001 1.000000e+001
      vertex   1.802359e+001 -2.430602e+001 5.000000e+000
    endloop
  endfacet
  facet normal 2.771228e-001 9.608345e-001 -2.351591e-004
    outer loop
      vertex   1.802359e+001 -2.430602e+001 5.000000e+000
      vertex   1.766399e+001 -2.420108e+001 1.000000e+001
      vertex   1.807600e+001 -2.431991e+001 1.000000e+001
    endloop
  endfacet
  facet normal 2.297066e-001 9.732598e-001 -4.839407e-004
    outer loop
      vertex   1.834719e+001 -2.438640e+001 5.000000e+000
      vertex   1.807600e+001 -2.431991e+001 1.000000e+001
      vertex   1.850204e+001 -2.442046e+001 1.000000e+001
    endloop
  endfacet
  facet normal 1.837707e-001 9.829690e-001 -4.955027e-004
    outer loop
      vertex   1.867900e+001 -2.445607e+001 5.000000e+000
      vertex   1.850204e+001 -2.442046e+001 1.000000e+001
      vertex   1.894208e+001 -2.450273e+001 1.000000e+001
    endloop
  endfacet
  facet normal 1.395419e-001 9.902161e-001 -2.852267e-004
    outer loop
      vertex   1.901903e+001 -2.451501e+001 5.000000e+000
      vertex   1.894208e+001 -2.450273e+001 1.000000e+001
      vertex   1.939615e+001 -2.456672e+001 1.000000e+001
    endloop
  endfacet
  facet normal 1.371842e-001 9.905456e-001 -1.039903e-004
    outer loop
      vertex   1.936728e+001 -2.456324e+001 5.000000e+000
      vertex   1.901903e+001 -2.451501e+001 5.000000e+000
      vertex   1.939615e+001 -2.456672e+001 1.000000e+001
    endloop
  endfacet
  facet normal 2.410795e-001 9.705054e-001 1.695214e-004
    outer loop
      vertex   1.802359e+001 -2.430602e+001 5.000000e+000
      vertex   1.807600e+001 -2.431991e+001 1.000000e+001
      vertex   1.834719e+001 -2.438640e+001 5.000000e+000
    endloop
  endfacet
  facet normal 2.054741e-001 9.786625e-001 3.033216e-004
    outer loop
      vertex   1.834719e+001 -2.438640e+001 5.000000e+000
      vertex   1.850204e+001 -2.442046e+001 1.000000e+001
      vertex   1.867900e+001 -2.445607e+001 5.000000e+000
    endloop
  endfacet
  facet normal 1.708126e-001 9.853035e-001 2.080910e-004
    outer loop
      vertex   1.867900e+001 -2.445607e+001 5.000000e+000
      vertex   1.894208e+001 -2.450273e+001 1.000000e+001
      vertex   1.901903e+001 -2.451501e+001 5.000000e+000
    endloop
  endfacet
  facet normal 1.842213e-002 9.998302e-001 -3.325937e-004
    outer loop
      vertex   2.034632e+001 -2.463985e+001 1.000000e+001
      vertex   2.084243e+001 -2.464899e+001 1.000000e+001
      vertex   2.046132e+001 -2.464363e+001 5.000000e+000
    endloop
  endfacet
  facet normal 1.405969e-002 9.999012e-001 0.000000e+000
    outer loop
      vertex   2.046132e+001 -2.464363e+001 5.000000e+000
      vertex   2.084243e+001 -2.464899e+001 1.000000e+001
      vertex   2.084243e+001 -2.464899e+001 0.000000e+000
    endloop
  endfacet
  facet normal 1.395419e-001 9.902161e-001 2.852267e-004
    outer loop
      vertex   1.939615e+001 -2.456672e+001 0.000000e+000
      vertex   1.894208e+001 -2.450273e+001 0.000000e+000
      vertex   1.901903e+001 -2.451501e+001 5.000000e+000
    endloop
  endfacet
  facet normal 1.837707e-001 9.829690e-001 4.955027e-004
    outer loop
      vertex   1.894208e+001 -2.450273e+001 0.000000e+000
      vertex   1.850204e+001 -2.442046e+001 0.000000e+000
      vertex   1.867900e+001 -2.445607e+001 5.000000e+000
    endloop
  endfacet
  facet normal 2.297066e-001 9.732598e-001 4.839407e-004
    outer loop
      vertex   1.850204e+001 -2.442046e+001 0.000000e+000
      vertex   1.807600e+001 -2.431991e+001 0.000000e+000
      vertex   1.834719e+001 -2.438640e+001 5.000000e+000
    endloop
  endfacet
  facet normal 2.771228e-001 9.608345e-001 2.351591e-004
    outer loop
      vertex   1.807600e+001 -2.431991e+001 0.000000e+000
      vertex   1.766399e+001 -2.420108e+001 0.000000e+000
      vertex   1.802359e+001 -2.430602e+001 5.000000e+000
    endloop
  endfacet
  facet normal 3.146459e-001 9.492091e-001 -1.557666e-004
    outer loop
      vertex   1.770821e+001 -2.421492e+001 5.000000e+000
      vertex   1.766399e+001 -2.420108e+001 0.000000e+000
      vertex   1.740105e+001 -2.411310e+001 5.000000e+000
    endloop
  endfacet
  facet normal 4.665654e-001 8.844867e-001 7.567089e-005
    outer loop
      vertex   1.625458e+001 -2.359865e+001 5.000000e+000
      vertex   1.651204e+001 -2.373489e+001 1.000000e+001
      vertex   1.652887e+001 -2.374334e+001 5.000000e+000
    endloop
  endfacet
  facet normal -1.877398e-002 9.998238e-001 0.000000e+000
    outer loop
      vertex   2.084243e+001 -2.464899e+001 1.000000e+001
      vertex   2.140064e+001 -2.463851e+001 1.000000e+001
      vertex   2.084243e+001 -2.464899e+001 0.000000e+000
    endloop
  endfacet
  facet normal -2.742674e-002 9.996237e-001 4.832149e-004
    outer loop
      vertex   2.084243e+001 -2.464899e+001 0.000000e+000
      vertex   2.140064e+001 -2.463851e+001 1.000000e+001
      vertex   2.155478e+001 -2.463186e+001 5.000000e+000
    endloop
  endfacet
  facet normal -5.693666e-002 9.983777e-001 4.281774e-004
    outer loop
      vertex   2.140064e+001 -2.463851e+001 0.000000e+000
      vertex   2.155478e+001 -2.463186e+001 5.000000e+000
      vertex   2.195203e+001 -2.460706e+001 0.000000e+000
    endloop
  endfacet
  facet normal -1.877398e-002 9.998235e-001 -7.502290e-004
    outer loop
      vertex   2.140064e+001 -2.463851e+001 0.000000e+000
      vertex   2.084243e+001 -2.464899e+001 0.000000e+000
      vertex   2.155478e+001 -2.463186e+001 5.000000e+000
    endloop
  endfacet
  facet normal -5.693666e-002 9.983777e-001 -4.281774e-004
    outer loop
      vertex   2.140064e+001 -2.463851e+001 1.000000e+001
      vertex   2.195203e+001 -2.460706e+001 1.000000e+001
      vertex   2.155478e+001 -2.463186e+001 5.000000e+000
    endloop
  endfacet
  facet normal -7.308359e-002 9.973254e-001 8.598957e-004
    outer loop
      vertex   2.155478e+001 -2.463186e+001 5.000000e+000
      vertex   2.195203e+001 -2.460706e+001 1.000000e+001
      vertex   2.225598e+001 -2.458048e+001 5.000000e+000
    endloop
  endfacet
  facet normal -9.579729e-002 9.954007e-001 5.311204e-004
    outer loop
      vertex   2.195203e+001 -2.460706e+001 0.000000e+000
      vertex   2.225598e+001 -2.458048e+001 5.000000e+000
      vertex   2.249659e+001 -2.455465e+001 0.000000e+000
    endloop
  endfacet
  facet normal -7.308359e-002 9.973254e-001 -8.598957e-004
    outer loop
      vertex   2.195203e+001 -2.460706e+001 0.000000e+000
      vertex   2.155478e+001 -2.463186e+001 5.000000e+000
      vertex   2.225598e+001 -2.458048e+001 5.000000e+000
    endloop
  endfacet
  facet normal -9.579729e-002 9.954007e-001 -5.311204e-004
    outer loop
      vertex   2.195203e+001 -2.460706e+001 1.000000e+001
      vertex   2.249659e+001 -2.455465e+001 1.000000e+001
      vertex   2.225598e+001 -2.458048e+001 5.000000e+000
    endloop
  endfacet
  facet normal -1.231617e-001 9.923863e-001 8.012554e-004
    outer loop
      vertex   2.225598e+001 -2.458048e+001 5.000000e+000
      vertex   2.249659e+001 -2.455465e+001 1.000000e+001
      vertex   2.294603e+001 -2.449484e+001 5.000000e+000
    endloop
  endfacet
  facet normal -1.351934e-001 9.908192e-001 2.989899e-004
    outer loop
      vertex   2.249659e+001 -2.455465e+001 0.000000e+000
      vertex   2.294603e+001 -2.449484e+001 5.000000e+000
      vertex   2.303432e+001 -2.448128e+001 0.000000e+000
    endloop
  endfacet
  facet normal -1.231617e-001 9.923863e-001 -8.012554e-004
    outer loop
      vertex   2.249659e+001 -2.455465e+001 0.000000e+000
      vertex   2.225598e+001 -2.458048e+001 5.000000e+000
      vertex   2.294603e+001 -2.449484e+001 5.000000e+000
    endloop
  endfacet
  facet normal -1.351934e-001 9.908192e-001 -2.989899e-004
    outer loop
      vertex   2.249659e+001 -2.455465e+001 1.000000e+001
      vertex   2.303432e+001 -2.448128e+001 1.000000e+001
      vertex   2.294603e+001 -2.449484e+001 5.000000e+000
    endloop
  endfacet
  facet normal -1.739124e-001 9.847610e-001 4.011757e-004
    outer loop
      vertex   2.294603e+001 -2.449484e+001 5.000000e+000
      vertex   2.303432e+001 -2.448128e+001 1.000000e+001
      vertex   2.362492e+001 -2.437494e+001 5.000000e+000
    endloop
  endfacet
  facet normal -1.749457e-001 9.845780e-001 -2.752368e-004
    outer loop
      vertex   2.303432e+001 -2.448128e+001 0.000000e+000
      vertex   2.362492e+001 -2.437494e+001 5.000000e+000
      vertex   2.356523e+001 -2.438695e+001 0.000000e+000
    endloop
  endfacet
  facet normal -1.739124e-001 9.847610e-001 -4.011757e-004
    outer loop
      vertex   2.303432e+001 -2.448128e+001 0.000000e+000
      vertex   2.294603e+001 -2.449484e+001 5.000000e+000
      vertex   2.362492e+001 -2.437494e+001 5.000000e+000
    endloop
  endfacet
  facet normal -1.749457e-001 9.845780e-001 2.752368e-004
    outer loop
      vertex   2.303432e+001 -2.448128e+001 1.000000e+001
      vertex   2.356523e+001 -2.438695e+001 1.000000e+001
      vertex   2.362492e+001 -2.437494e+001 5.000000e+000
    endloop
  endfacet
  facet normal -2.148618e-001 9.766444e-001 -2.203095e-004
    outer loop
      vertex   2.362492e+001 -2.437494e+001 5.000000e+000
      vertex   2.356523e+001 -2.438695e+001 1.000000e+001
      vertex   2.408931e+001 -2.427165e+001 1.000000e+001
    endloop
  endfacet
  facet normal -2.547400e-001 9.670094e-001 -5.243706e-004
    outer loop
      vertex   2.429266e+001 -2.422079e+001 5.000000e+000
      vertex   2.408931e+001 -2.427165e+001 1.000000e+001
      vertex   2.460657e+001 -2.413538e+001 1.000000e+001
    endloop
  endfacet
  facet normal -2.943744e-001 9.556900e-001 -4.874944e-004
    outer loop
      vertex   2.494924e+001 -2.403239e+001 5.000000e+000
      vertex   2.460657e+001 -2.413538e+001 1.000000e+001
      vertex   2.511700e+001 -2.397816e+001 1.000000e+001
    endloop
  endfacet
  facet normal -3.336099e-001 9.427112e-001 -1.086021e-004
    outer loop
      vertex   2.559336e+001 -2.381016e+001 5.000000e+000
      vertex   2.511700e+001 -2.397816e+001 1.000000e+001
      vertex   2.561915e+001 -2.380046e+001 1.000000e+001
    endloop
  endfacet
  facet normal -3.725785e-001 9.280007e-001 1.209454e-004
    outer loop
      vertex   2.611154e+001 -2.360277e+001 1.000000e+001
      vertex   2.559336e+001 -2.381016e+001 5.000000e+000
      vertex   2.561915e+001 -2.380046e+001 1.000000e+001
    endloop
  endfacet
  facet normal -3.759644e-001 9.266340e-001 5.285349e-004
    outer loop
      vertex   2.611154e+001 -2.360277e+001 1.000000e+001
      vertex   2.622170e+001 -2.355522e+001 5.000000e+000
      vertex   2.559336e+001 -2.381016e+001 5.000000e+000
    endloop
  endfacet
  facet normal -4.111302e-001 9.115765e-001 -3.894223e-004
    outer loop
      vertex   2.611154e+001 -2.360277e+001 1.000000e+001
      vertex   2.659419e+001 -2.338509e+001 1.000000e+001
      vertex   2.622170e+001 -2.355522e+001 5.000000e+000
    endloop
  endfacet
  facet normal -4.282163e-001 9.036756e-001 1.152275e-003
    outer loop
      vertex   2.622170e+001 -2.355522e+001 5.000000e+000
      vertex   2.659419e+001 -2.338509e+001 1.000000e+001
      vertex   2.691204e+001 -2.322810e+001 5.000000e+000
    endloop
  endfacet
  facet normal -4.490549e-001 8.935040e-001 4.917945e-004
    outer loop
      vertex   2.659419e+001 -2.338509e+001 0.000000e+000
      vertex   2.691204e+001 -2.322810e+001 5.000000e+000
      vertex   2.706708e+001 -2.314743e+001 0.000000e+000
    endloop
  endfacet
  facet normal -4.282163e-001 9.036756e-001 -1.152275e-003
    outer loop
      vertex   2.659419e+001 -2.338509e+001 0.000000e+000
      vertex   2.622170e+001 -2.355522e+001 5.000000e+000
      vertex   2.691204e+001 -2.322810e+001 5.000000e+000
    endloop
  endfacet
  facet normal -4.111302e-001 9.115765e-001 3.894223e-004
    outer loop
      vertex   2.659419e+001 -2.338509e+001 0.000000e+000
      vertex   2.611154e+001 -2.360277e+001 0.000000e+000
      vertex   2.622170e+001 -2.355522e+001 5.000000e+000
    endloop
  endfacet
  facet normal -3.759644e-001 9.266340e-001 -5.285349e-004
    outer loop
      vertex   2.622170e+001 -2.355522e+001 5.000000e+000
      vertex   2.611154e+001 -2.360277e+001 0.000000e+000
      vertex   2.559336e+001 -2.381016e+001 5.000000e+000
    endloop
  endfacet
  facet normal -3.725785e-001 9.280007e-001 -1.209454e-004
    outer loop
      vertex   2.559336e+001 -2.381016e+001 5.000000e+000
      vertex   2.611154e+001 -2.360277e+001 0.000000e+000
      vertex   2.561915e+001 -2.380046e+001 0.000000e+000
    endloop
  endfacet
  facet normal -3.336099e-001 9.427112e-001 1.086021e-004
    outer loop
      vertex   2.511700e+001 -2.397816e+001 0.000000e+000
      vertex   2.559336e+001 -2.381016e+001 5.000000e+000
      vertex   2.561915e+001 -2.380046e+001 0.000000e+000
    endloop
  endfacet
  facet normal -3.261399e-001 9.453213e-001 -6.907690e-004
    outer loop
      vertex   2.511700e+001 -2.397816e+001 0.000000e+000
      vertex   2.494924e+001 -2.403239e+001 5.000000e+000
      vertex   2.559336e+001 -2.381016e+001 5.000000e+000
    endloop
  endfacet
  facet normal -2.943744e-001 9.556900e-001 4.874944e-004
    outer loop
      vertex   2.511700e+001 -2.397816e+001 0.000000e+000
      vertex   2.460657e+001 -2.413538e+001 0.000000e+000
      vertex   2.494924e+001 -2.403239e+001 5.000000e+000
    endloop
  endfacet
  facet normal -2.758174e-001 9.612096e-001 -8.979997e-004
    outer loop
      vertex   2.494924e+001 -2.403239e+001 5.000000e+000
      vertex   2.460657e+001 -2.413538e+001 0.000000e+000
      vertex   2.429266e+001 -2.422079e+001 5.000000e+000
    endloop
  endfacet
  facet normal -2.758174e-001 9.612096e-001 8.979997e-004
    outer loop
      vertex   2.460657e+001 -2.413538e+001 1.000000e+001
      vertex   2.494924e+001 -2.403239e+001 5.000000e+000
      vertex   2.429266e+001 -2.422079e+001 5.000000e+000
    endloop
  endfacet
  facet normal -2.249383e-001 9.743727e-001 7.625162e-004
    outer loop
      vertex   2.362492e+001 -2.437494e+001 5.000000e+000
      vertex   2.408931e+001 -2.427165e+001 1.000000e+001
      vertex   2.429266e+001 -2.422079e+001 5.000000e+000
    endloop
  endfacet
  facet normal -2.547400e-001 9.670094e-001 5.243706e-004
    outer loop
      vertex   2.408931e+001 -2.427165e+001 0.000000e+000
      vertex   2.429266e+001 -2.422079e+001 5.000000e+000
      vertex   2.460657e+001 -2.413538e+001 0.000000e+000
    endloop
  endfacet
  facet normal -2.249383e-001 9.743727e-001 -7.625162e-004
    outer loop
      vertex   2.408931e+001 -2.427165e+001 0.000000e+000
      vertex   2.362492e+001 -2.437494e+001 5.000000e+000
      vertex   2.429266e+001 -2.422079e+001 5.000000e+000
    endloop
  endfacet
  facet normal -2.148618e-001 9.766444e-001 2.203095e-004
    outer loop
      vertex   2.408931e+001 -2.427165e+001 0.000000e+000
      vertex   2.356523e+001 -2.438695e+001 0.000000e+000
      vertex   2.362492e+001 -2.437494e+001 5.000000e+000
    endloop
  endfacet
  facet normal -3.261399e-001 9.453213e-001 6.907690e-004
    outer loop
      vertex   2.494924e+001 -2.403239e+001 5.000000e+000
      vertex   2.511700e+001 -2.397816e+001 1.000000e+001
      vertex   2.559336e+001 -2.381016e+001 5.000000e+000
    endloop
  endfacet
  facet normal -4.490549e-001 8.935040e-001 -4.917945e-004
    outer loop
      vertex   2.659419e+001 -2.338509e+001 1.000000e+001
      vertex   2.706708e+001 -2.314743e+001 1.000000e+001
      vertex   2.691204e+001 -2.322810e+001 5.000000e+000
    endloop
  endfacet
  facet normal -4.821731e-001 8.760756e-001 8.163822e-004
    outer loop
      vertex   2.691204e+001 -2.322810e+001 5.000000e+000
      vertex   2.706708e+001 -2.314743e+001 1.000000e+001
      vertex   2.758206e+001 -2.285934e+001 5.000000e+000
    endloop
  endfacet
  facet normal -4.861505e-001 8.738751e-001 -2.799431e-004
    outer loop
      vertex   2.706708e+001 -2.314743e+001 0.000000e+000
      vertex   2.758206e+001 -2.285934e+001 5.000000e+000
      vertex   2.753023e+001 -2.288977e+001 0.000000e+000
    endloop
  endfacet
  facet normal -4.821731e-001 8.760756e-001 -8.163822e-004
    outer loop
      vertex   2.706708e+001 -2.314743e+001 0.000000e+000
      vertex   2.691204e+001 -2.322810e+001 5.000000e+000
      vertex   2.758206e+001 -2.285934e+001 5.000000e+000
    endloop
  endfacet
  facet normal -4.861505e-001 8.738751e-001 2.799431e-004
    outer loop
      vertex   2.706708e+001 -2.314743e+001 1.000000e+001
      vertex   2.753023e+001 -2.288977e+001 1.000000e+001
      vertex   2.758206e+001 -2.285934e+001 5.000000e+000
    endloop
  endfacet
  facet normal -5.222287e-001 8.528054e-001 -2.222961e-004
    outer loop
      vertex   2.758206e+001 -2.285934e+001 5.000000e+000
      vertex   2.753023e+001 -2.288977e+001 1.000000e+001
      vertex   2.798362e+001 -2.261213e+001 1.000000e+001
    endloop
  endfacet
  facet normal -5.571196e-001 8.304321e-001 -5.437142e-004
    outer loop
      vertex   2.823176e+001 -2.244893e+001 5.000000e+000
      vertex   2.798362e+001 -2.261213e+001 1.000000e+001
      vertex   2.842726e+001 -2.231450e+001 1.000000e+001
    endloop
  endfacet
  facet normal -5.906750e-001 8.069083e-001 1.400768e-003
    outer loop
      vertex   2.886115e+001 -2.199688e+001 1.000000e+001
      vertex   2.823176e+001 -2.244893e+001 5.000000e+000
      vertex   2.842726e+001 -2.231450e+001 1.000000e+001
    endloop
  endfacet
  facet normal -5.794514e-001 8.150065e-001 -7.441967e-004
    outer loop
      vertex   2.886115e+001 -2.199688e+001 1.000000e+001
      vertex   2.842726e+001 -2.231450e+001 0.000000e+000
      vertex   2.823176e+001 -2.244893e+001 5.000000e+000
    endloop
  endfacet
  facet normal -5.906756e-001 8.069091e-001 0.000000e+000
    outer loop
      vertex   2.886115e+001 -2.199688e+001 1.000000e+001
      vertex   2.886115e+001 -2.199688e+001 0.000000e+000
      vertex   2.842726e+001 -2.231450e+001 0.000000e+000
    endloop
  endfacet
  facet normal -5.340544e-001 8.454494e-001 1.091144e-003
    outer loop
      vertex   2.758206e+001 -2.285934e+001 5.000000e+000
      vertex   2.798362e+001 -2.261213e+001 1.000000e+001
      vertex   2.823176e+001 -2.244893e+001 5.000000e+000
    endloop
  endfacet
  facet normal -5.571196e-001 8.304321e-001 5.437142e-004
    outer loop
      vertex   2.798362e+001 -2.261213e+001 0.000000e+000
      vertex   2.823176e+001 -2.244893e+001 5.000000e+000
      vertex   2.842726e+001 -2.231450e+001 0.000000e+000
    endloop
  endfacet
  facet normal -5.340544e-001 8.454494e-001 -1.091144e-003
    outer loop
      vertex   2.798362e+001 -2.261213e+001 0.000000e+000
      vertex   2.758206e+001 -2.285934e+001 5.000000e+000
      vertex   2.823176e+001 -2.244893e+001 5.000000e+000
    endloop
  endfacet
  facet normal -5.222287e-001 8.528054e-001 2.222961e-004
    outer loop
      vertex   2.798362e+001 -2.261213e+001 0.000000e+000
      vertex   2.753023e+001 -2.288977e+001 0.000000e+000
      vertex   2.758206e+001 -2.285934e+001 5.000000e+000
    endloop
  endfacet
  facet normal 1.000000e+000 -0.000000e+000 0.000000e+000
    outer loop
      vertex   2.886115e+001 -2.985960e+001 1.000000e+001
      vertex   2.886115e+001 -2.985960e+001 0.000000e+000
      vertex   2.886115e+001 -2.199688e+001 1.000000e+001
    endloop
  endfacet
  facet normal 1.000000e+000 -0.000000e+000 0.000000e+000
    outer loop
      vertex   2.886115e+001 -2.199688e+001 1.000000e+001
      vertex   2.886115e+001 -2.985960e+001 0.000000e+000
      vertex   2.886115e+001 -2.199688e+001 0.000000e+000
    endloop
  endfacet
  facet normal 3.271512e-001 -9.449720e-001 0.000000e+000
    outer loop
      vertex   2.886115e+001 -2.985960e+001 0.000000e+000
      vertex   2.886115e+001 -2.985960e+001 1.000000e+001
      vertex   2.813743e+001 -3.011015e+001 5.000000e+000
    endloop
  endfacet
  facet normal 3.018610e-001 -9.533518e-001 5.035856e-004
    outer loop
      vertex   2.773303e+001 -3.024084e+001 0.000000e+000
      vertex   2.813743e+001 -3.011015e+001 5.000000e+000
      vertex   2.740968e+001 -3.034058e+001 5.000000e+000
    endloop
  endfacet
  facet normal 2.762060e-001 -9.610984e-001 -2.565955e-004
    outer loop
      vertex   2.659516e+001 -3.057332e+001 0.000000e+000
      vertex   2.740968e+001 -3.034058e+001 5.000000e+000
      vertex   2.667791e+001 -3.055088e+001 5.000000e+000
    endloop
  endfacet
  facet normal 2.502373e-001 -9.681845e-001 -2.049841e-004
    outer loop
      vertex   2.594211e+001 -3.074105e+001 5.000000e+000
      vertex   2.667791e+001 -3.055088e+001 5.000000e+000
      vertex   2.659516e+001 -3.057332e+001 1.000000e+001
    endloop
  endfacet
  facet normal 2.400118e-001 -9.707692e-001 1.217279e-003
    outer loop
      vertex   2.544754e+001 -3.085706e+001 1.000000e+001
      vertex   2.594211e+001 -3.074105e+001 5.000000e+000
      vertex   2.659516e+001 -3.057332e+001 1.000000e+001
    endloop
  endfacet
  facet normal 2.240085e-001 -9.745871e-001 -4.542514e-004
    outer loop
      vertex   2.544754e+001 -3.085706e+001 1.000000e+001
      vertex   2.520229e+001 -3.091110e+001 5.000000e+000
      vertex   2.594211e+001 -3.074105e+001 5.000000e+000
    endloop
  endfacet
  facet normal 1.989731e-001 -9.800046e-001 8.323034e-004
    outer loop
      vertex   2.544754e+001 -3.085706e+001 1.000000e+001
      vertex   2.429017e+001 -3.109204e+001 1.000000e+001
      vertex   2.520229e+001 -3.091110e+001 5.000000e+000
    endloop
  endfacet
  facet normal 1.975755e-001 -9.802875e-001 5.671090e-004
    outer loop
      vertex   2.520229e+001 -3.091110e+001 5.000000e+000
      vertex   2.429017e+001 -3.109204e+001 1.000000e+001
      vertex   2.445844e+001 -3.106102e+001 5.000000e+000
    endloop
  endfacet
  facet normal 1.706993e-001 -9.853231e-001 3.686178e-004
    outer loop
      vertex   2.429017e+001 -3.109204e+001 0.000000e+000
      vertex   2.445844e+001 -3.106102e+001 5.000000e+000
      vertex   2.371201e+001 -3.119033e+001 5.000000e+000
    endloop
  endfacet
  facet normal 1.428282e-001 -9.897474e-001 3.650000e-004
    outer loop
      vertex   2.312890e+001 -3.127633e+001 0.000000e+000
      vertex   2.371201e+001 -3.119033e+001 5.000000e+000
      vertex   2.296627e+001 -3.129795e+001 5.000000e+000
    endloop
  endfacet
  facet normal 1.129199e-001 -9.936039e-001 6.244667e-004
    outer loop
      vertex   2.213741e+001 -3.139215e+001 5.000000e+000
      vertex   2.296627e+001 -3.129795e+001 5.000000e+000
      vertex   2.312890e+001 -3.127633e+001 1.000000e+001
    endloop
  endfacet
  facet normal 1.128159e-001 -9.936157e-001 6.453671e-004
    outer loop
      vertex   2.196958e+001 -3.140796e+001 1.000000e+001
      vertex   2.213741e+001 -3.139215e+001 5.000000e+000
      vertex   2.312890e+001 -3.127633e+001 1.000000e+001
    endloop
  endfacet
  facet normal 8.100694e-002 -9.967134e-001 -4.321040e-004
    outer loop
      vertex   2.196958e+001 -3.140796e+001 1.000000e+001
      vertex   2.130954e+001 -3.145943e+001 5.000000e+000
      vertex   2.213741e+001 -3.139215e+001 5.000000e+000
    endloop
  endfacet
  facet normal 6.808087e-002 -9.976790e-001 1.284189e-003
    outer loop
      vertex   2.196958e+001 -3.140796e+001 1.000000e+001
      vertex   2.081221e+001 -3.148694e+001 1.000000e+001
      vertex   2.130954e+001 -3.145943e+001 5.000000e+000
    endloop
  endfacet
  facet normal 4.876512e-002 -9.988101e-001 -6.432857e-004
    outer loop
      vertex   2.130954e+001 -3.145943e+001 5.000000e+000
      vertex   2.081221e+001 -3.148694e+001 1.000000e+001
      vertex   2.048266e+001 -3.149980e+001 5.000000e+000
    endloop
  endfacet
  facet normal 2.277889e-002 -9.997400e-001 -1.071834e-003
    outer loop
      vertex   2.081221e+001 -3.148694e+001 0.000000e+000
      vertex   2.048266e+001 -3.149980e+001 5.000000e+000
      vertex   1.965679e+001 -3.151326e+001 0.000000e+000
    endloop
  endfacet
  facet normal 4.876512e-002 -9.988101e-001 6.432857e-004
    outer loop
      vertex   2.081221e+001 -3.148694e+001 0.000000e+000
      vertex   2.130954e+001 -3.145943e+001 5.000000e+000
      vertex   2.048266e+001 -3.149980e+001 5.000000e+000
    endloop
  endfacet
  facet normal 6.808087e-002 -9.976790e-001 -1.284189e-003
    outer loop
      vertex   2.081221e+001 -3.148694e+001 0.000000e+000
      vertex   2.196958e+001 -3.140796e+001 0.000000e+000
      vertex   2.130954e+001 -3.145943e+001 5.000000e+000
    endloop
  endfacet
  facet normal 8.100694e-002 -9.967134e-001 4.321040e-004
    outer loop
      vertex   2.130954e+001 -3.145943e+001 5.000000e+000
      vertex   2.196958e+001 -3.140796e+001 0.000000e+000
      vertex   2.213741e+001 -3.139215e+001 5.000000e+000
    endloop
  endfacet
  facet normal 1.128159e-001 -9.936157e-001 -6.453671e-004
    outer loop
      vertex   2.213741e+001 -3.139215e+001 5.000000e+000
      vertex   2.196958e+001 -3.140796e+001 0.000000e+000
      vertex   2.312890e+001 -3.127633e+001 0.000000e+000
    endloop
  endfacet
  facet normal 1.129199e-001 -9.936039e-001 -6.244667e-004
    outer loop
      vertex   2.296627e+001 -3.129795e+001 5.000000e+000
      vertex   2.213741e+001 -3.139215e+001 5.000000e+000
      vertex   2.312890e+001 -3.127633e+001 0.000000e+000
    endloop
  endfacet
  facet normal 2.804736e-001 -9.598612e-001 1.009389e-003
    outer loop
      vertex   2.659516e+001 -3.057332e+001 1.000000e+001
      vertex   2.740968e+001 -3.034058e+001 5.000000e+000
      vertex   2.773303e+001 -3.024084e+001 1.000000e+001
    endloop
  endfacet
  facet normal 2.762060e-001 -9.610984e-001 2.565955e-004
    outer loop
      vertex   2.659516e+001 -3.057332e+001 1.000000e+001
      vertex   2.667791e+001 -3.055088e+001 5.000000e+000
      vertex   2.740968e+001 -3.034058e+001 5.000000e+000
    endloop
  endfacet
  facet normal 1.706993e-001 -9.853231e-001 -3.686178e-004
    outer loop
      vertex   2.445844e+001 -3.106102e+001 5.000000e+000
      vertex   2.429017e+001 -3.109204e+001 1.000000e+001
      vertex   2.371201e+001 -3.119033e+001 5.000000e+000
    endloop
  endfacet
  facet normal 1.567289e-001 -9.876408e-001 1.292365e-003
    outer loop
      vertex   2.371201e+001 -3.119033e+001 5.000000e+000
      vertex   2.429017e+001 -3.109204e+001 1.000000e+001
      vertex   2.312890e+001 -3.127633e+001 1.000000e+001
    endloop
  endfacet
  facet normal 1.428282e-001 -9.897474e-001 -3.650000e-004
    outer loop
      vertex   2.296627e+001 -3.129795e+001 5.000000e+000
      vertex   2.371201e+001 -3.119033e+001 5.000000e+000
      vertex   2.312890e+001 -3.127633e+001 1.000000e+001
    endloop
  endfacet
  facet normal 2.277889e-002 -9.997400e-001 1.071834e-003
    outer loop
      vertex   2.081221e+001 -3.148694e+001 1.000000e+001
      vertex   1.965679e+001 -3.151326e+001 1.000000e+001
      vertex   2.048266e+001 -3.149980e+001 5.000000e+000
    endloop
  endfacet
  facet normal 1.629188e-002 -9.998673e-001 0.000000e+000
    outer loop
      vertex   2.048266e+001 -3.149980e+001 5.000000e+000
      vertex   1.965679e+001 -3.151326e+001 1.000000e+001
      vertex   1.965679e+001 -3.151326e+001 0.000000e+000
    endloop
  endfacet
  facet normal 1.567289e-001 -9.876408e-001 -1.292365e-003
    outer loop
      vertex   2.312890e+001 -3.127633e+001 0.000000e+000
      vertex   2.429017e+001 -3.109204e+001 0.000000e+000
      vertex   2.371201e+001 -3.119033e+001 5.000000e+000
    endloop
  endfacet
  facet normal 1.975755e-001 -9.802875e-001 -5.671090e-004
    outer loop
      vertex   2.445844e+001 -3.106102e+001 5.000000e+000
      vertex   2.429017e+001 -3.109204e+001 0.000000e+000
      vertex   2.520229e+001 -3.091110e+001 5.000000e+000
    endloop
  endfacet
  facet normal 1.989731e-001 -9.800046e-001 -8.323034e-004
    outer loop
      vertex   2.520229e+001 -3.091110e+001 5.000000e+000
      vertex   2.429017e+001 -3.109204e+001 0.000000e+000
      vertex   2.544754e+001 -3.085706e+001 0.000000e+000
    endloop
  endfacet
  facet normal 2.400118e-001 -9.707692e-001 -1.217279e-003
    outer loop
      vertex   2.594211e+001 -3.074105e+001 5.000000e+000
      vertex   2.544754e+001 -3.085706e+001 0.000000e+000
      vertex   2.659516e+001 -3.057332e+001 0.000000e+000
    endloop
  endfacet
  facet normal 2.502373e-001 -9.681845e-001 2.049841e-004
    outer loop
      vertex   2.667791e+001 -3.055088e+001 5.000000e+000
      vertex   2.594211e+001 -3.074105e+001 5.000000e+000
      vertex   2.659516e+001 -3.057332e+001 0.000000e+000
    endloop
  endfacet
  facet normal 2.240085e-001 -9.745871e-001 4.542514e-004
    outer loop
      vertex   2.520229e+001 -3.091110e+001 5.000000e+000
      vertex   2.544754e+001 -3.085706e+001 0.000000e+000
      vertex   2.594211e+001 -3.074105e+001 5.000000e+000
    endloop
  endfacet
  facet normal 2.804736e-001 -9.598612e-001 -1.009389e-003
    outer loop
      vertex   2.659516e+001 -3.057332e+001 0.000000e+000
      vertex   2.773303e+001 -3.024084e+001 0.000000e+000
      vertex   2.740968e+001 -3.034058e+001 5.000000e+000
    endloop
  endfacet
  facet normal 3.201551e-001 -9.473645e-001 -1.132531e-003
    outer loop
      vertex   2.773303e+001 -3.024084e+001 0.000000e+000
      vertex   2.886115e+001 -2.985960e+001 0.000000e+000
      vertex   2.813743e+001 -3.011015e+001 5.000000e+000
    endloop
  endfacet
  facet normal 3.201551e-001 -9.473645e-001 1.132531e-003
    outer loop
      vertex   2.886115e+001 -2.985960e+001 1.000000e+001
      vertex   2.773303e+001 -3.024084e+001 1.000000e+001
      vertex   2.813743e+001 -3.011015e+001 5.000000e+000
    endloop
  endfacet
  facet normal 3.018610e-001 -9.533518e-001 -5.035856e-004
    outer loop
      vertex   2.813743e+001 -3.011015e+001 5.000000e+000
      vertex   2.773303e+001 -3.024084e+001 1.000000e+001
      vertex   2.740968e+001 -3.034058e+001 5.000000e+000
    endloop
  endfacet
  facet normal -1.007097e-002 -9.999493e-001 0.000000e+000
    outer loop
      vertex   1.965679e+001 -3.151326e+001 0.000000e+000
      vertex   1.965679e+001 -3.151326e+001 1.000000e+001
      vertex   1.903101e+001 -3.150696e+001 5.000000e+000
    endloop
  endfacet
  facet normal -3.072402e-002 -9.995279e-001 3.084363e-004
    outer loop
      vertex   1.865652e+001 -3.149699e+001 0.000000e+000
      vertex   1.903101e+001 -3.150696e+001 5.000000e+000
      vertex   1.841591e+001 -3.148805e+001 5.000000e+000
    endloop
  endfacet
  facet normal -5.206450e-002 -9.986437e-001 -3.405599e-004
    outer loop
      vertex   1.768379e+001 -3.144818e+001 0.000000e+000
      vertex   1.841591e+001 -3.148805e+001 5.000000e+000
      vertex   1.781147e+001 -3.145654e+001 5.000000e+000
    endloop
  endfacet
  facet normal -7.409659e-002 -9.972510e-001 -2.243685e-004
    outer loop
      vertex   1.721771e+001 -3.141242e+001 5.000000e+000
      vertex   1.781147e+001 -3.145654e+001 5.000000e+000
      vertex   1.768379e+001 -3.144818e+001 1.000000e+001
    endloop
  endfacet
  facet normal -8.575639e-002 -9.963158e-001 8.692197e-004
    outer loop
      vertex   1.673862e+001 -3.136682e+001 1.000000e+001
      vertex   1.721771e+001 -3.141242e+001 5.000000e+000
      vertex   1.768379e+001 -3.144818e+001 1.000000e+001
    endloop
  endfacet
  facet normal -9.682060e-002 -9.953018e-001 -2.001776e-004
    outer loop
      vertex   1.673862e+001 -3.136682e+001 1.000000e+001
      vertex   1.663461e+001 -3.135570e+001 5.000000e+000
      vertex   1.721771e+001 -3.141242e+001 5.000000e+000
    endloop
  endfacet
  facet normal -1.202324e-001 -9.927457e-001 2.925058e-004
    outer loop
      vertex   1.673862e+001 -3.136682e+001 1.000000e+001
      vertex   1.606218e+001 -3.128637e+001 5.000000e+000
      vertex   1.663461e+001 -3.135570e+001 5.000000e+000
    endloop
  endfacet
  facet normal -1.231749e-001 -9.923847e-001 6.963955e-004
    outer loop
      vertex   1.673862e+001 -3.136682e+001 1.000000e+001
      vertex   1.582098e+001 -3.125293e+001 1.000000e+001
      vertex   1.606218e+001 -3.128637e+001 5.000000e+000
    endloop
  endfacet
  facet normal -1.443226e-001 -9.895306e-001 -3.428614e-004
    outer loop
      vertex   1.606218e+001 -3.128637e+001 5.000000e+000
      vertex   1.582098e+001 -3.125293e+001 1.000000e+001
      vertex   1.550042e+001 -3.120444e+001 5.000000e+000
    endloop
  endfacet
  facet normal -1.623390e-001 -9.867347e-001 -8.393128e-004
    outer loop
      vertex   1.582098e+001 -3.125293e+001 0.000000e+000
      vertex   1.550042e+001 -3.120444e+001 5.000000e+000
      vertex   1.493089e+001 -3.110649e+001 0.000000e+000
    endloop
  endfacet
  facet normal -1.443226e-001 -9.895306e-001 3.428614e-004
    outer loop
      vertex   1.582098e+001 -3.125293e+001 0.000000e+000
      vertex   1.606218e+001 -3.128637e+001 5.000000e+000
      vertex   1.550042e+001 -3.120444e+001 5.000000e+000
    endloop
  endfacet
  facet normal -1.231749e-001 -9.923847e-001 -6.963955e-004
    outer loop
      vertex   1.582098e+001 -3.125293e+001 0.000000e+000
      vertex   1.673862e+001 -3.136682e+001 0.000000e+000
      vertex   1.606218e+001 -3.128637e+001 5.000000e+000
    endloop
  endfacet
  facet normal -1.202324e-001 -9.927457e-001 -2.925058e-004
    outer loop
      vertex   1.606218e+001 -3.128637e+001 5.000000e+000
      vertex   1.673862e+001 -3.136682e+001 0.000000e+000
      vertex   1.663461e+001 -3.135570e+001 5.000000e+000
    endloop
  endfacet
  facet normal -9.682060e-002 -9.953018e-001 2.001776e-004
    outer loop
      vertex   1.663461e+001 -3.135570e+001 5.000000e+000
      vertex   1.673862e+001 -3.136682e+001 0.000000e+000
      vertex   1.721771e+001 -3.141242e+001 5.000000e+000
    endloop
  endfacet
  facet normal -8.575639e-002 -9.963158e-001 -8.692197e-004
    outer loop
      vertex   1.721771e+001 -3.141242e+001 5.000000e+000
      vertex   1.673862e+001 -3.136682e+001 0.000000e+000
      vertex   1.768379e+001 -3.144818e+001 0.000000e+000
    endloop
  endfacet
  facet normal -7.409659e-002 -9.972510e-001 2.243685e-004
    outer loop
      vertex   1.781147e+001 -3.145654e+001 5.000000e+000
      vertex   1.721771e+001 -3.141242e+001 5.000000e+000
      vertex   1.768379e+001 -3.144818e+001 0.000000e+000
    endloop
  endfacet
  facet normal -5.011861e-002 -9.987431e-001 6.262752e-004
    outer loop
      vertex   1.768379e+001 -3.144818e+001 1.000000e+001
      vertex   1.841591e+001 -3.148805e+001 5.000000e+000
      vertex   1.865652e+001 -3.149699e+001 1.000000e+001
    endloop
  endfacet
  facet normal -5.206450e-002 -9.986437e-001 3.405599e-004
    outer loop
      vertex   1.768379e+001 -3.144818e+001 1.000000e+001
      vertex   1.781147e+001 -3.145654e+001 5.000000e+000
      vertex   1.841591e+001 -3.148805e+001 5.000000e+000
    endloop
  endfacet
  facet normal -1.623390e-001 -9.867347e-001 8.393128e-004
    outer loop
      vertex   1.582098e+001 -3.125293e+001 1.000000e+001
      vertex   1.493089e+001 -3.110649e+001 1.000000e+001
      vertex   1.550042e+001 -3.120444e+001 5.000000e+000
    endloop
  endfacet
  facet normal -1.690763e-001 -9.856030e-001 4.971745e-005
    outer loop
      vertex   1.550042e+001 -3.120444e+001 5.000000e+000
      vertex   1.493089e+001 -3.110649e+001 1.000000e+001
      vertex   1.494934e+001 -3.110990e+001 5.000000e+000
    endloop
  endfacet
  facet normal -1.944722e-001 -9.809080e-001 4.715788e-005
    outer loop
      vertex   1.493089e+001 -3.110649e+001 0.000000e+000
      vertex   1.494934e+001 -3.110990e+001 5.000000e+000
      vertex   1.440892e+001 -3.100276e+001 5.000000e+000
    endloop
  endfacet
  facet normal -2.204817e-001 -9.753911e-001 3.372391e-004
    outer loop
      vertex   1.406835e+001 -3.092751e+001 0.000000e+000
      vertex   1.440892e+001 -3.100276e+001 5.000000e+000
      vertex   1.387917e+001 -3.088301e+001 5.000000e+000
    endloop
  endfacet
  facet normal -2.470691e-001 -9.689978e-001 -4.581176e-004
    outer loop
      vertex   1.323335e+001 -3.071598e+001 0.000000e+000
      vertex   1.387917e+001 -3.088301e+001 5.000000e+000
      vertex   1.336009e+001 -3.075066e+001 5.000000e+000
    endloop
  endfacet
  facet normal -2.741904e-001 -9.616754e-001 -2.801121e-004
    outer loop
      vertex   1.285167e+001 -3.060571e+001 5.000000e+000
      vertex   1.336009e+001 -3.075066e+001 5.000000e+000
      vertex   1.323335e+001 -3.071598e+001 1.000000e+001
    endloop
  endfacet
  facet normal -2.893355e-001 -9.572273e-001 9.740975e-004
    outer loop
      vertex   1.242590e+001 -3.047192e+001 1.000000e+001
      vertex   1.285167e+001 -3.060571e+001 5.000000e+000
      vertex   1.323335e+001 -3.071598e+001 1.000000e+001
    endloop
  endfacet
  facet normal -3.017935e-001 -9.533733e-001 -1.898928e-004
    outer loop
      vertex   1.242590e+001 -3.047192e+001 1.000000e+001
      vertex   1.235393e+001 -3.044814e+001 5.000000e+000
      vertex   1.285167e+001 -3.060571e+001 5.000000e+000
    endloop
  endfacet
  facet normal -3.298175e-001 -9.440447e-001 2.578109e-004
    outer loop
      vertex   1.242590e+001 -3.047192e+001 1.000000e+001
      vertex   1.186686e+001 -3.027798e+001 5.000000e+000
      vertex   1.235393e+001 -3.044814e+001 5.000000e+000
    endloop
  endfacet
  facet normal -3.342641e-001 -9.424791e-001 8.157007e-004
    outer loop
      vertex   1.242590e+001 -3.047192e+001 1.000000e+001
      vertex   1.164599e+001 -3.019531e+001 1.000000e+001
      vertex   1.186686e+001 -3.027798e+001 5.000000e+000
    endloop
  endfacet
  facet normal -3.581932e-001 -9.336474e-001 -3.873664e-004
    outer loop
      vertex   1.186686e+001 -3.027798e+001 5.000000e+000
      vertex   1.164599e+001 -3.019531e+001 1.000000e+001
      vertex   1.139046e+001 -3.009520e+001 5.000000e+000
    endloop
  endfacet
  facet normal -3.800675e-001 -9.249583e-001 -9.045134e-004
    outer loop
      vertex   1.164599e+001 -3.019531e+001 0.000000e+000
      vertex   1.139046e+001 -3.009520e+001 5.000000e+000
      vertex   1.089362e+001 -2.988616e+001 0.000000e+000
    endloop
  endfacet
  facet normal -3.581932e-001 -9.336474e-001 3.873664e-004
    outer loop
      vertex   1.164599e+001 -3.019531e+001 0.000000e+000
      vertex   1.186686e+001 -3.027798e+001 5.000000e+000
      vertex   1.139046e+001 -3.009520e+001 5.000000e+000
    endloop
  endfacet
  facet normal -3.342641e-001 -9.424791e-001 -8.157007e-004
    outer loop
      vertex   1.164599e+001 -3.019531e+001 0.000000e+000
      vertex   1.242590e+001 -3.047192e+001 0.000000e+000
      vertex   1.186686e+001 -3.027798e+001 5.000000e+000
    endloop
  endfacet
  facet normal -3.298175e-001 -9.440447e-001 -2.578109e-004
    outer loop
      vertex   1.186686e+001 -3.027798e+001 5.000000e+000
      vertex   1.242590e+001 -3.047192e+001 0.000000e+000
      vertex   1.235393e+001 -3.044814e+001 5.000000e+000
    endloop
  endfacet
  facet normal -3.017935e-001 -9.533733e-001 1.898928e-004
    outer loop
      vertex   1.235393e+001 -3.044814e+001 5.000000e+000
      vertex   1.242590e+001 -3.047192e+001 0.000000e+000
      vertex   1.285167e+001 -3.060571e+001 5.000000e+000
    endloop
  endfacet
  facet normal -2.893355e-001 -9.572273e-001 -9.740975e-004
    outer loop
      vertex   1.285167e+001 -3.060571e+001 5.000000e+000
      vertex   1.242590e+001 -3.047192e+001 0.000000e+000
      vertex   1.323335e+001 -3.071598e+001 0.000000e+000
    endloop
  endfacet
  facet normal -2.741904e-001 -9.616754e-001 2.801121e-004
    outer loop
      vertex   1.336009e+001 -3.075066e+001 5.000000e+000
      vertex   1.285167e+001 -3.060571e+001 5.000000e+000
      vertex   1.323335e+001 -3.071598e+001 0.000000e+000
    endloop
  endfacet
  facet normal -1.944722e-001 -9.809080e-001 -4.715788e-005
    outer loop
      vertex   1.494934e+001 -3.110990e+001 5.000000e+000
      vertex   1.493089e+001 -3.110649e+001 1.000000e+001
      vertex   1.440892e+001 -3.100276e+001 5.000000e+000
    endloop
  endfacet
  facet normal -2.031751e-001 -9.791420e-001 8.980251e-004
    outer loop
      vertex   1.440892e+001 -3.100276e+001 5.000000e+000
      vertex   1.493089e+001 -3.110649e+001 1.000000e+001
      vertex   1.406835e+001 -3.092751e+001 1.000000e+001
    endloop
  endfacet
  facet normal -2.455640e-001 -9.693801e-001 6.652833e-004
    outer loop
      vertex   1.387917e+001 -3.088301e+001 5.000000e+000
      vertex   1.406835e+001 -3.092751e+001 1.000000e+001
      vertex   1.323335e+001 -3.071598e+001 1.000000e+001
    endloop
  endfacet
  facet normal -2.470691e-001 -9.689978e-001 4.581176e-004
    outer loop
      vertex   1.336009e+001 -3.075066e+001 5.000000e+000
      vertex   1.387917e+001 -3.088301e+001 5.000000e+000
      vertex   1.323335e+001 -3.071598e+001 1.000000e+001
    endloop
  endfacet
  facet normal -2.204817e-001 -9.753911e-001 -3.372391e-004
    outer loop
      vertex   1.440892e+001 -3.100276e+001 5.000000e+000
      vertex   1.406835e+001 -3.092751e+001 1.000000e+001
      vertex   1.387917e+001 -3.088301e+001 5.000000e+000
    endloop
  endfacet
  facet normal -3.800675e-001 -9.249583e-001 9.045134e-004
    outer loop
      vertex   1.164599e+001 -3.019531e+001 1.000000e+001
      vertex   1.089362e+001 -2.988616e+001 1.000000e+001
      vertex   1.139046e+001 -3.009520e+001 5.000000e+000
    endloop
  endfacet
  facet normal -3.868428e-001 -9.221457e-001 1.136823e-004
    outer loop
      vertex   1.139046e+001 -3.009520e+001 5.000000e+000
      vertex   1.089362e+001 -2.988616e+001 1.000000e+001
      vertex   1.092472e+001 -2.989983e+001 5.000000e+000
    endloop
  endfacet
  facet normal -4.156807e-001 -9.095106e-001 1.002203e-004
    outer loop
      vertex   1.089362e+001 -2.988616e+001 0.000000e+000
      vertex   1.092472e+001 -2.989983e+001 5.000000e+000
      vertex   1.046966e+001 -2.969185e+001 5.000000e+000
    endloop
  endfacet
  facet normal -4.446141e-001 -8.957222e-001 3.521077e-004
    outer loop
      vertex   1.016880e+001 -2.954447e+001 0.000000e+000
      vertex   1.046966e+001 -2.969185e+001 5.000000e+000
      vertex   1.002526e+001 -2.947126e+001 5.000000e+000
    endloop
  endfacet
  facet normal -4.735438e-001 -8.807701e-001 -5.818142e-004
    outer loop
      vertex   9.471529e+000 -2.917024e+001 0.000000e+000
      vertex   1.002526e+001 -2.947126e+001 5.000000e+000
      vertex   9.591539e+000 -2.923807e+001 5.000000e+000
    endloop
  endfacet
  facet normal -5.023660e-001 -8.646550e-001 -3.285815e-004
    outer loop
      vertex   9.168483e+000 -2.899227e+001 5.000000e+000
      vertex   9.591539e+000 -2.923807e+001 5.000000e+000
      vertex   9.471529e+000 -2.917024e+001 1.000000e+001
    endloop
  endfacet
  facet normal -5.191199e-001 -8.547008e-001 1.041168e-003
    outer loop
      vertex   8.801799e+000 -2.876347e+001 1.000000e+001
      vertex   9.168483e+000 -2.899227e+001 5.000000e+000
      vertex   9.471529e+000 -2.917024e+001 1.000000e+001
    endloop
  endfacet
  facet normal -5.309732e-001 -8.473886e-001 -1.627198e-004
    outer loop
      vertex   8.801799e+000 -2.876347e+001 1.000000e+001
      vertex   8.756096e+000 -2.873387e+001 5.000000e+000
      vertex   9.168483e+000 -2.899227e+001 5.000000e+000
    endloop
  endfacet
  facet normal -5.592559e-001 -8.289951e-001 2.046850e-004
    outer loop
      vertex   8.801799e+000 -2.876347e+001 1.000000e+001
      vertex   8.354378e+000 -2.846286e+001 5.000000e+000
      vertex   8.756096e+000 -2.873387e+001 5.000000e+000
    endloop
  endfacet
  facet normal -5.646191e-001 -8.253511e-001 9.036890e-004
    outer loop
      vertex   8.801799e+000 -2.876347e+001 1.000000e+001
      vertex   8.159614e+000 -2.832415e+001 1.000000e+001
      vertex   8.354378e+000 -2.846286e+001 5.000000e+000
    endloop
  endfacet
  facet normal -5.871050e-001 -8.095107e-001 -4.116496e-004
    outer loop
      vertex   8.354378e+000 -2.846286e+001 5.000000e+000
      vertex   8.159614e+000 -2.832415e+001 1.000000e+001
      vertex   7.963330e+000 -2.817925e+001 5.000000e+000
    endloop
  endfacet
  facet normal -6.089463e-001 -7.932109e-001 -9.181365e-004
    outer loop
      vertex   8.159614e+000 -2.832415e+001 0.000000e+000
      vertex   7.963330e+000 -2.817925e+001 5.000000e+000
      vertex   7.544974e+000 -2.785229e+001 0.000000e+000
    endloop
  endfacet
  facet normal -5.871050e-001 -8.095107e-001 4.116496e-004
    outer loop
      vertex   8.159614e+000 -2.832415e+001 0.000000e+000
      vertex   8.354378e+000 -2.846286e+001 5.000000e+000
      vertex   7.963330e+000 -2.817925e+001 5.000000e+000
    endloop
  endfacet
  facet normal -5.646191e-001 -8.253511e-001 -9.036890e-004
    outer loop
      vertex   8.159614e+000 -2.832415e+001 0.000000e+000
      vertex   8.801799e+000 -2.876347e+001 0.000000e+000
      vertex   8.354378e+000 -2.846286e+001 5.000000e+000
    endloop
  endfacet
  facet normal -5.592559e-001 -8.289951e-001 -2.046850e-004
    outer loop
      vertex   8.354378e+000 -2.846286e+001 5.000000e+000
      vertex   8.801799e+000 -2.876347e+001 0.000000e+000
      vertex   8.756096e+000 -2.873387e+001 5.000000e+000
    endloop
  endfacet
  facet normal -5.309732e-001 -8.473886e-001 1.627198e-004
    outer loop
      vertex   8.756096e+000 -2.873387e+001 5.000000e+000
      vertex   8.801799e+000 -2.876347e+001 0.000000e+000
      vertex   9.168483e+000 -2.899227e+001 5.000000e+000
    endloop
  endfacet
  facet normal -5.191199e-001 -8.547008e-001 -1.041168e-003
    outer loop
      vertex   9.168483e+000 -2.899227e+001 5.000000e+000
      vertex   8.801799e+000 -2.876347e+001 0.000000e+000
      vertex   9.471529e+000 -2.917024e+001 0.000000e+000
    endloop
  endfacet
  facet normal -5.023660e-001 -8.646550e-001 3.285815e-004
    outer loop
      vertex   9.591539e+000 -2.923807e+001 5.000000e+000
      vertex   9.168483e+000 -2.899227e+001 5.000000e+000
      vertex   9.471529e+000 -2.917024e+001 0.000000e+000
    endloop
  endfacet
  facet normal -4.156807e-001 -9.095106e-001 -1.002203e-004
    outer loop
      vertex   1.092472e+001 -2.989983e+001 5.000000e+000
      vertex   1.089362e+001 -2.988616e+001 1.000000e+001
      vertex   1.046966e+001 -2.969185e+001 5.000000e+000
    endloop
  endfacet
  facet normal -4.264084e-001 -9.045302e-001 1.002962e-003
    outer loop
      vertex   1.046966e+001 -2.969185e+001 5.000000e+000
      vertex   1.089362e+001 -2.988616e+001 1.000000e+001
      vertex   1.016880e+001 -2.954447e+001 1.000000e+001
    endloop
  endfacet
  facet normal -4.729007e-001 -8.811155e-001 6.738263e-004
    outer loop
      vertex   1.002526e+001 -2.947126e+001 5.000000e+000
      vertex   1.016880e+001 -2.954447e+001 1.000000e+001
      vertex   9.471529e+000 -2.917024e+001 1.000000e+001
    endloop
  endfacet
  facet normal -4.735438e-001 -8.807701e-001 5.818142e-004
    outer loop
      vertex   9.591539e+000 -2.923807e+001 5.000000e+000
      vertex   1.002526e+001 -2.947126e+001 5.000000e+000
      vertex   9.471529e+000 -2.917024e+001 1.000000e+001
    endloop
  endfacet
  facet normal -4.446141e-001 -8.957222e-001 -3.521077e-004
    outer loop
      vertex   1.046966e+001 -2.969185e+001 5.000000e+000
      vertex   1.016880e+001 -2.954447e+001 1.000000e+001
      vertex   1.002526e+001 -2.947126e+001 5.000000e+000
    endloop
  endfacet
  facet normal -6.089463e-001 -7.932109e-001 9.181365e-004
    outer loop
      vertex   8.159614e+000 -2.832415e+001 1.000000e+001
      vertex   7.544974e+000 -2.785229e+001 1.000000e+001
      vertex   7.963330e+000 -2.817925e+001 5.000000e+000
    endloop
  endfacet
  facet normal -6.144135e-001 -7.889842e-001 1.842942e-004
    outer loop
      vertex   7.963330e+000 -2.817925e+001 5.000000e+000
      vertex   7.544974e+000 -2.785229e+001 1.000000e+001
      vertex   7.582951e+000 -2.788304e+001 5.000000e+000
    endloop
  endfacet
  facet normal -6.410782e-001 -7.674756e-001 1.504801e-004
    outer loop
      vertex   7.544974e+000 -2.785229e+001 0.000000e+000
      vertex   7.582951e+000 -2.788304e+001 5.000000e+000
      vertex   7.213241e+000 -2.757422e+001 5.000000e+000
    endloop
  endfacet
  facet normal -6.670085e-001 -7.450500e-001 3.417725e-004
    outer loop
      vertex   6.957878e+000 -2.734789e+001 0.000000e+000
      vertex   7.213241e+000 -2.757422e+001 5.000000e+000
      vertex   6.854338e+000 -2.725291e+001 5.000000e+000
    endloop
  endfacet
  facet normal -6.923875e-001 -7.215256e-001 6.306898e-004
    outer loop
      vertex   6.508509e+000 -2.692104e+001 5.000000e+000
      vertex   6.854338e+000 -2.725291e+001 5.000000e+000
      vertex   6.957878e+000 -2.734789e+001 1.000000e+001
    endloop
  endfacet
  facet normal -6.926783e-001 -7.212464e-001 6.806529e-004
    outer loop
      vertex   6.402472e+000 -2.681449e+001 1.000000e+001
      vertex   6.508509e+000 -2.692104e+001 5.000000e+000
      vertex   6.957878e+000 -2.734789e+001 1.000000e+001
    endloop
  endfacet
  facet normal -7.172969e-001 -6.967675e-001 -3.631185e-004
    outer loop
      vertex   6.402472e+000 -2.681449e+001 1.000000e+001
      vertex   6.176560e+000 -2.657931e+001 5.000000e+000
      vertex   6.508509e+000 -2.692104e+001 5.000000e+000
    endloop
  endfacet
  facet normal -7.323919e-001 -6.808825e-001 1.066059e-003
    outer loop
      vertex   6.402472e+000 -2.681449e+001 1.000000e+001
      vertex   5.882898e+000 -2.625561e+001 1.000000e+001
      vertex   6.176560e+000 -2.657931e+001 5.000000e+000
    endloop
  endfacet
  facet normal -7.415793e-001 -6.708652e-001 -1.220702e-004
    outer loop
      vertex   6.176560e+000 -2.657931e+001 5.000000e+000
      vertex   5.882898e+000 -2.625561e+001 1.000000e+001
      vertex   5.858490e+000 -2.622772e+001 5.000000e+000
    endloop
  endfacet
  facet normal -7.651198e-001 -6.438879e-001 -1.433251e-004
    outer loop
      vertex   5.882898e+000 -2.625561e+001 0.000000e+000
      vertex   5.858490e+000 -2.622772e+001 5.000000e+000
      vertex   5.554300e+000 -2.586625e+001 5.000000e+000
    endloop
  endfacet
  facet normal -7.878093e-001 -6.159190e-001 4.239139e-004
    outer loop
      vertex   5.399157e+000 -2.567125e+001 0.000000e+000
      vertex   5.554300e+000 -2.586625e+001 5.000000e+000
      vertex   5.263990e+000 -2.549492e+001 5.000000e+000
    endloop
  endfacet
  facet normal -8.095467e-001 -5.870554e-001 -2.613719e-004
    outer loop
      vertex   4.951248e+000 -2.506143e+001 0.000000e+000
      vertex   5.263990e+000 -2.549492e+001 5.000000e+000
      vertex   4.987559e+000 -2.511373e+001 5.000000e+000
    endloop
  endfacet
  facet normal -8.323851e-001 -5.541976e-001 -2.481666e-004
    outer loop
      vertex   4.670746e+000 -2.463788e+001 5.000000e+000
      vertex   4.987559e+000 -2.511373e+001 5.000000e+000
      vertex   4.951248e+000 -2.506143e+001 1.000000e+001
    endloop
  endfacet
  facet normal -8.389669e-001 -5.441817e-001 9.695045e-004
    outer loop
      vertex   4.539172e+000 -2.442613e+001 1.000000e+001
      vertex   4.670746e+000 -2.463788e+001 5.000000e+000
      vertex   4.951248e+000 -2.506143e+001 1.000000e+001
    endloop
  endfacet
  facet normal -8.558327e-001 -5.172523e-001 -6.148004e-004
    outer loop
      vertex   4.539172e+000 -2.442613e+001 1.000000e+001
      vertex   4.374372e+000 -2.414751e+001 5.000000e+000
      vertex   4.670746e+000 -2.463788e+001 5.000000e+000
    endloop
  endfacet
  facet normal -8.690011e-001 -4.948089e-001 1.069856e-003
    outer loop
      vertex   4.539172e+000 -2.442613e+001 1.000000e+001
      vertex   4.162929e+000 -2.376536e+001 1.000000e+001
      vertex   4.374372e+000 -2.414751e+001 5.000000e+000
    endloop
  endfacet
  facet normal -8.775060e-001 -4.795654e-001 -4.548757e-004
    outer loop
      vertex   4.374372e+000 -2.414751e+001 5.000000e+000
      vertex   4.162929e+000 -2.376536e+001 1.000000e+001
      vertex   4.098438e+000 -2.364261e+001 5.000000e+000
    endloop
  endfacet
  facet normal -8.958386e-001 -4.443792e-001 -6.453908e-004
    outer loop
      vertex   4.162929e+000 -2.376536e+001 0.000000e+000
      vertex   4.098438e+000 -2.364261e+001 5.000000e+000
      vertex   3.822519e+000 -2.307911e+001 0.000000e+000
    endloop
  endfacet
  facet normal -8.775060e-001 -4.795654e-001 4.548757e-004
    outer loop
      vertex   4.162929e+000 -2.376536e+001 0.000000e+000
      vertex   4.374372e+000 -2.414751e+001 5.000000e+000
      vertex   4.098438e+000 -2.364261e+001 5.000000e+000
    endloop
  endfacet
  facet normal -8.690011e-001 -4.948089e-001 -1.069856e-003
    outer loop
      vertex   4.162929e+000 -2.376536e+001 0.000000e+000
      vertex   4.539172e+000 -2.442613e+001 0.000000e+000
      vertex   4.374372e+000 -2.414751e+001 5.000000e+000
    endloop
  endfacet
  facet normal -8.558327e-001 -5.172523e-001 6.148004e-004
    outer loop
      vertex   4.374372e+000 -2.414751e+001 5.000000e+000
      vertex   4.539172e+000 -2.442613e+001 0.000000e+000
      vertex   4.670746e+000 -2.463788e+001 5.000000e+000
    endloop
  endfacet
  facet normal -8.389669e-001 -5.441817e-001 -9.695045e-004
    outer loop
      vertex   4.670746e+000 -2.463788e+001 5.000000e+000
      vertex   4.539172e+000 -2.442613e+001 0.000000e+000
      vertex   4.951248e+000 -2.506143e+001 0.000000e+000
    endloop
  endfacet
  facet normal -8.323851e-001 -5.541976e-001 2.481666e-004
    outer loop
      vertex   4.987559e+000 -2.511373e+001 5.000000e+000
      vertex   4.670746e+000 -2.463788e+001 5.000000e+000
      vertex   4.951248e+000 -2.506143e+001 0.000000e+000
    endloop
  endfacet
  facet normal -6.410782e-001 -7.674756e-001 -1.504801e-004
    outer loop
      vertex   7.582951e+000 -2.788304e+001 5.000000e+000
      vertex   7.544974e+000 -2.785229e+001 1.000000e+001
      vertex   7.213241e+000 -2.757422e+001 5.000000e+000
    endloop
  endfacet
  facet normal -6.516659e-001 -7.585054e-001 1.050861e-003
    outer loop
      vertex   7.213241e+000 -2.757422e+001 5.000000e+000
      vertex   7.544974e+000 -2.785229e+001 1.000000e+001
      vertex   6.957878e+000 -2.734789e+001 1.000000e+001
    endloop
  endfacet
  facet normal -6.670085e-001 -7.450500e-001 -3.417725e-004
    outer loop
      vertex   6.854338e+000 -2.725291e+001 5.000000e+000
      vertex   7.213241e+000 -2.757422e+001 5.000000e+000
      vertex   6.957878e+000 -2.734789e+001 1.000000e+001
    endloop
  endfacet
  facet normal -7.651198e-001 -6.438879e-001 1.433251e-004
    outer loop
      vertex   5.858490e+000 -2.622772e+001 5.000000e+000
      vertex   5.882898e+000 -2.625561e+001 1.000000e+001
      vertex   5.554300e+000 -2.586625e+001 5.000000e+000
    endloop
  endfacet
  facet normal -7.703042e-001 -6.376759e-001 9.677652e-004
    outer loop
      vertex   5.554300e+000 -2.586625e+001 5.000000e+000
      vertex   5.882898e+000 -2.625561e+001 1.000000e+001
      vertex   5.399157e+000 -2.567125e+001 1.000000e+001
    endloop
  endfacet
  facet normal -8.059615e-001 -5.919673e-001 9.114845e-004
    outer loop
      vertex   5.263990e+000 -2.549492e+001 5.000000e+000
      vertex   5.399157e+000 -2.567125e+001 1.000000e+001
      vertex   4.951248e+000 -2.506143e+001 1.000000e+001
    endloop
  endfacet
  facet normal -8.095467e-001 -5.870554e-001 2.613719e-004
    outer loop
      vertex   4.987559e+000 -2.511373e+001 5.000000e+000
      vertex   5.263990e+000 -2.549492e+001 5.000000e+000
      vertex   4.951248e+000 -2.506143e+001 1.000000e+001
    endloop
  endfacet
  facet normal -7.878093e-001 -6.159190e-001 -4.239139e-004
    outer loop
      vertex   5.554300e+000 -2.586625e+001 5.000000e+000
      vertex   5.399157e+000 -2.567125e+001 1.000000e+001
      vertex   5.263990e+000 -2.549492e+001 5.000000e+000
    endloop
  endfacet
  facet normal -8.958386e-001 -4.443792e-001 6.453908e-004
    outer loop
      vertex   4.162929e+000 -2.376536e+001 1.000000e+001
      vertex   3.822519e+000 -2.307911e+001 1.000000e+001
      vertex   4.098438e+000 -2.364261e+001 5.000000e+000
    endloop
  endfacet
  facet normal -8.973254e-001 -4.413694e-001 2.241411e-004
    outer loop
      vertex   4.098438e+000 -2.364261e+001 5.000000e+000
      vertex   3.822519e+000 -2.307911e+001 1.000000e+001
      vertex   3.842943e+000 -2.312318e+001 5.000000e+000
    endloop
  endfacet
  facet normal -9.152447e-001 -4.028984e-001 1.880938e-004
    outer loop
      vertex   3.822519e+000 -2.307911e+001 0.000000e+000
      vertex   3.842943e+000 -2.312318e+001 5.000000e+000
      vertex   3.607888e+000 -2.258921e+001 5.000000e+000
    endloop
  endfacet
  facet normal -9.312497e-001 -3.643811e-001 5.874556e-004
    outer loop
      vertex   3.517941e+000 -2.236740e+001 0.000000e+000
      vertex   3.607888e+000 -2.258921e+001 5.000000e+000
      vertex   3.393273e+000 -2.204072e+001 5.000000e+000
    endloop
  endfacet
  facet normal -9.453574e-001 -3.260355e-001 4.723785e-004
    outer loop
      vertex   3.249196e+000 -2.163021e+001 0.000000e+000
      vertex   3.393273e+000 -2.204072e+001 5.000000e+000
      vertex   3.199097e+000 -2.147770e+001 5.000000e+000
    endloop
  endfacet
  facet normal -9.576114e-001 -2.880631e-001 -1.397322e-004
    outer loop
      vertex   3.016283e+000 -2.086754e+001 0.000000e+000
      vertex   3.199097e+000 -2.147770e+001 5.000000e+000
      vertex   3.025361e+000 -2.090014e+001 5.000000e+000
    endloop
  endfacet
  facet normal -9.680788e-001 -2.506459e-001 -1.232504e-004
    outer loop
      vertex   2.872064e+000 -2.030806e+001 5.000000e+000
      vertex   3.025361e+000 -2.090014e+001 5.000000e+000
      vertex   3.016283e+000 -2.086754e+001 1.000000e+001
    endloop
  endfacet
  facet normal -9.701289e-001 -2.425885e-001 8.374735e-004
    outer loop
      vertex   2.819203e+000 -2.007941e+001 1.000000e+001
      vertex   2.872064e+000 -2.030806e+001 5.000000e+000
      vertex   3.016283e+000 -2.086754e+001 1.000000e+001
    endloop
  endfacet
  facet normal -9.768459e-001 -2.139433e-001 -5.435112e-004
    outer loop
      vertex   2.819203e+000 -2.007941e+001 1.000000e+001
      vertex   2.739207e+000 -1.970145e+001 5.000000e+000
      vertex   2.872064e+000 -2.030806e+001 5.000000e+000
    endloop
  endfacet
  facet normal -9.809206e-001 -1.944061e-001 9.985343e-004
    outer loop
      vertex   2.819203e+000 -2.007941e+001 1.000000e+001
      vertex   2.657956e+000 -1.926580e+001 1.000000e+001
      vertex   2.739207e+000 -1.970145e+001 5.000000e+000
    endloop
  endfacet
  facet normal -9.840138e-001 -1.780915e-001 -4.732217e-004
    outer loop
      vertex   2.739207e+000 -1.970145e+001 5.000000e+000
      vertex   2.657956e+000 -1.926580e+001 1.000000e+001
      vertex   2.626789e+000 -1.908030e+001 5.000000e+000
    endloop
  endfacet
  facet normal -9.890134e-001 -1.478241e-001 -6.808257e-004
    outer loop
      vertex   2.657956e+000 -1.926580e+001 0.000000e+000
      vertex   2.626789e+000 -1.908030e+001 5.000000e+000
      vertex   2.532542e+000 -1.842671e+001 0.000000e+000
    endloop
  endfacet
  facet normal -9.840138e-001 -1.780915e-001 4.732217e-004
    outer loop
      vertex   2.657956e+000 -1.926580e+001 0.000000e+000
      vertex   2.739207e+000 -1.970145e+001 5.000000e+000
      vertex   2.626789e+000 -1.908030e+001 5.000000e+000
    endloop
  endfacet
  facet normal -9.809206e-001 -1.944061e-001 -9.985343e-004
    outer loop
      vertex   2.657956e+000 -1.926580e+001 0.000000e+000
      vertex   2.819203e+000 -2.007941e+001 0.000000e+000
      vertex   2.739207e+000 -1.970145e+001 5.000000e+000
    endloop
  endfacet
  facet normal -9.768459e-001 -2.139433e-001 5.435112e-004
    outer loop
      vertex   2.739207e+000 -1.970145e+001 5.000000e+000
      vertex   2.819203e+000 -2.007941e+001 0.000000e+000
      vertex   2.872064e+000 -2.030806e+001 5.000000e+000
    endloop
  endfacet
  facet normal -9.701289e-001 -2.425885e-001 -8.374735e-004
    outer loop
      vertex   2.872064e+000 -2.030806e+001 5.000000e+000
      vertex   2.819203e+000 -2.007941e+001 0.000000e+000
      vertex   3.016283e+000 -2.086754e+001 0.000000e+000
    endloop
  endfacet
  facet normal -9.680788e-001 -2.506459e-001 1.232504e-004
    outer loop
      vertex   3.025361e+000 -2.090014e+001 5.000000e+000
      vertex   2.872064e+000 -2.030806e+001 5.000000e+000
      vertex   3.016283e+000 -2.086754e+001 0.000000e+000
    endloop
  endfacet
  facet normal -9.152447e-001 -4.028984e-001 -1.880938e-004
    outer loop
      vertex   3.842943e+000 -2.312318e+001 5.000000e+000
      vertex   3.822519e+000 -2.307911e+001 1.000000e+001
      vertex   3.607888e+000 -2.258921e+001 5.000000e+000
    endloop
  endfacet
  facet normal -9.193522e-001 -3.934346e-001 9.154916e-004
    outer loop
      vertex   3.607888e+000 -2.258921e+001 5.000000e+000
      vertex   3.822519e+000 -2.307911e+001 1.000000e+001
      vertex   3.517941e+000 -2.236740e+001 1.000000e+001
    endloop
  endfacet
  facet normal -9.395160e-001 -3.425035e-001 1.048023e-003
    outer loop
      vertex   3.393273e+000 -2.204072e+001 5.000000e+000
      vertex   3.517941e+000 -2.236740e+001 1.000000e+001
      vertex   3.249196e+000 -2.163021e+001 1.000000e+001
    endloop
  endfacet
  facet normal -9.563946e-001 -2.920767e-001 6.740049e-004
    outer loop
      vertex   3.199097e+000 -2.147770e+001 5.000000e+000
      vertex   3.249196e+000 -2.163021e+001 1.000000e+001
      vertex   3.016283e+000 -2.086754e+001 1.000000e+001
    endloop
  endfacet
  facet normal -9.576114e-001 -2.880631e-001 1.397322e-004
    outer loop
      vertex   3.025361e+000 -2.090014e+001 5.000000e+000
      vertex   3.199097e+000 -2.147770e+001 5.000000e+000
      vertex   3.016283e+000 -2.086754e+001 1.000000e+001
    endloop
  endfacet
  facet normal -9.312497e-001 -3.643811e-001 -5.874556e-004
    outer loop
      vertex   3.607888e+000 -2.258921e+001 5.000000e+000
      vertex   3.517941e+000 -2.236740e+001 1.000000e+001
      vertex   3.393273e+000 -2.204072e+001 5.000000e+000
    endloop
  endfacet
  facet normal -9.453574e-001 -3.260355e-001 -4.723785e-004
    outer loop
      vertex   3.393273e+000 -2.204072e+001 5.000000e+000
      vertex   3.249196e+000 -2.163021e+001 1.000000e+001
      vertex   3.199097e+000 -2.147770e+001 5.000000e+000
    endloop
  endfacet
  facet normal -9.890134e-001 -1.478241e-001 6.808257e-004
    outer loop
      vertex   2.657956e+000 -1.926580e+001 1.000000e+001
      vertex   2.532542e+000 -1.842671e+001 1.000000e+001
      vertex   2.626789e+000 -1.908030e+001 5.000000e+000
    endloop
  endfacet
  facet normal -9.896934e-001 -1.432024e-001 6.387382e-005
    outer loop
      vertex   2.626789e+000 -1.908030e+001 5.000000e+000
      vertex   2.532542e+000 -1.842671e+001 1.000000e+001
      vertex   2.534811e+000 -1.844463e+001 5.000000e+000
    endloop
  endfacet
  facet normal -9.940017e-001 -1.093647e-001 5.931895e-005
    outer loop
      vertex   2.532542e+000 -1.842671e+001 0.000000e+000
      vertex   2.534811e+000 -1.844463e+001 5.000000e+000
      vertex   2.463273e+000 -1.779442e+001 5.000000e+000
    endloop
  endfacet
  facet normal -9.970583e-001 -7.664503e-002 4.901874e-004
    outer loop
      vertex   2.442960e+000 -1.756216e+001 0.000000e+000
      vertex   2.463273e+000 -1.779442e+001 5.000000e+000
      vertex   2.412174e+000 -1.712969e+001 5.000000e+000
    endloop
  endfacet
  facet normal -9.989828e-001 -4.509017e-002 4.616058e-004
    outer loop
      vertex   2.389211e+000 -1.667213e+001 0.000000e+000
      vertex   2.412174e+000 -1.712969e+001 5.000000e+000
      vertex   2.381515e+000 -1.645043e+001 5.000000e+000
    endloop
  endfacet
  facet normal -9.998915e-001 -1.472867e-002 0.000000e+000
    outer loop
      vertex   2.371295e+000 -1.575663e+001 0.000000e+000
      vertex   2.381515e+000 -1.645043e+001 5.000000e+000
      vertex   2.371295e+000 -1.575663e+001 1.000000e+001
    endloop
  endfacet
  facet normal -9.998083e-001 -1.956624e-002 -6.714266e-004
    outer loop
      vertex   2.371295e+000 -1.575663e+001 0.000000e+000
      vertex   2.389211e+000 -1.667213e+001 0.000000e+000
      vertex   2.381515e+000 -1.645043e+001 5.000000e+000
    endloop
  endfacet
  facet normal -9.940017e-001 -1.093647e-001 -5.931895e-005
    outer loop
      vertex   2.534811e+000 -1.844463e+001 5.000000e+000
      vertex   2.532542e+000 -1.842671e+001 1.000000e+001
      vertex   2.463273e+000 -1.779442e+001 5.000000e+000
    endloop
  endfacet
  facet normal -9.946744e-001 -1.030642e-001 7.467465e-004
    outer loop
      vertex   2.463273e+000 -1.779442e+001 5.000000e+000
      vertex   2.532542e+000 -1.842671e+001 1.000000e+001
      vertex   2.442960e+000 -1.756216e+001 1.000000e+001
    endloop
  endfacet
  facet normal -9.981810e-001 -6.028043e-002 9.321628e-004
    outer loop
      vertex   2.412174e+000 -1.712969e+001 5.000000e+000
      vertex   2.442960e+000 -1.756216e+001 1.000000e+001
      vertex   2.389211e+000 -1.667213e+001 1.000000e+001
    endloop
  endfacet
  facet normal -9.998083e-001 -1.956624e-002 6.714266e-004
    outer loop
      vertex   2.381515e+000 -1.645043e+001 5.000000e+000
      vertex   2.389211e+000 -1.667213e+001 1.000000e+001
      vertex   2.371295e+000 -1.575663e+001 1.000000e+001
    endloop
  endfacet
  facet normal -9.989828e-001 -4.509017e-002 -4.616058e-004
    outer loop
      vertex   2.381515e+000 -1.645043e+001 5.000000e+000
      vertex   2.412174e+000 -1.712969e+001 5.000000e+000
      vertex   2.389211e+000 -1.667213e+001 1.000000e+001
    endloop
  endfacet
  facet normal -9.970583e-001 -7.664503e-002 -4.901874e-004
    outer loop
      vertex   2.463273e+000 -1.779442e+001 5.000000e+000
      vertex   2.442960e+000 -1.756216e+001 1.000000e+001
      vertex   2.412174e+000 -1.712969e+001 5.000000e+000
    endloop
  endfacet
  facet normal -9.981810e-001 -6.028043e-002 -9.321628e-004
    outer loop
      vertex   2.389211e+000 -1.667213e+001 0.000000e+000
      vertex   2.442960e+000 -1.756216e+001 0.000000e+000
      vertex   2.412174e+000 -1.712969e+001 5.000000e+000
    endloop
  endfacet
  facet normal -9.946744e-001 -1.030642e-001 -7.467465e-004
    outer loop
      vertex   2.442960e+000 -1.756216e+001 0.000000e+000
      vertex   2.532542e+000 -1.842671e+001 0.000000e+000
      vertex   2.463273e+000 -1.779442e+001 5.000000e+000
    endloop
  endfacet
  facet normal -9.896934e-001 -1.432024e-001 -6.387382e-005
    outer loop
      vertex   2.534811e+000 -1.844463e+001 5.000000e+000
      vertex   2.532542e+000 -1.842671e+001 0.000000e+000
      vertex   2.626789e+000 -1.908030e+001 5.000000e+000
    endloop
  endfacet
  facet normal -9.563946e-001 -2.920767e-001 -6.740049e-004
    outer loop
      vertex   3.016283e+000 -2.086754e+001 0.000000e+000
      vertex   3.249196e+000 -2.163021e+001 0.000000e+000
      vertex   3.199097e+000 -2.147770e+001 5.000000e+000
    endloop
  endfacet
  facet normal -9.395160e-001 -3.425035e-001 -1.048023e-003
    outer loop
      vertex   3.249196e+000 -2.163021e+001 0.000000e+000
      vertex   3.517941e+000 -2.236740e+001 0.000000e+000
      vertex   3.393273e+000 -2.204072e+001 5.000000e+000
    endloop
  endfacet
  facet normal -9.193522e-001 -3.934346e-001 -9.154916e-004
    outer loop
      vertex   3.517941e+000 -2.236740e+001 0.000000e+000
      vertex   3.822519e+000 -2.307911e+001 0.000000e+000
      vertex   3.607888e+000 -2.258921e+001 5.000000e+000
    endloop
  endfacet
  facet normal -8.973254e-001 -4.413694e-001 -2.241411e-004
    outer loop
      vertex   3.842943e+000 -2.312318e+001 5.000000e+000
      vertex   3.822519e+000 -2.307911e+001 0.000000e+000
      vertex   4.098438e+000 -2.364261e+001 5.000000e+000
    endloop
  endfacet
  facet normal -8.059615e-001 -5.919673e-001 -9.114845e-004
    outer loop
      vertex   4.951248e+000 -2.506143e+001 0.000000e+000
      vertex   5.399157e+000 -2.567125e+001 0.000000e+000
      vertex   5.263990e+000 -2.549492e+001 5.000000e+000
    endloop
  endfacet
  facet normal -7.703042e-001 -6.376759e-001 -9.677652e-004
    outer loop
      vertex   5.399157e+000 -2.567125e+001 0.000000e+000
      vertex   5.882898e+000 -2.625561e+001 0.000000e+000
      vertex   5.554300e+000 -2.586625e+001 5.000000e+000
    endloop
  endfacet
  facet normal -7.415793e-001 -6.708652e-001 1.220702e-004
    outer loop
      vertex   5.858490e+000 -2.622772e+001 5.000000e+000
      vertex   5.882898e+000 -2.625561e+001 0.000000e+000
      vertex   6.176560e+000 -2.657931e+001 5.000000e+000
    endloop
  endfacet
  facet normal -7.323919e-001 -6.808825e-001 -1.066059e-003
    outer loop
      vertex   6.176560e+000 -2.657931e+001 5.000000e+000
      vertex   5.882898e+000 -2.625561e+001 0.000000e+000
      vertex   6.402472e+000 -2.681449e+001 0.000000e+000
    endloop
  endfacet
  facet normal -6.926783e-001 -7.212464e-001 -6.806529e-004
    outer loop
      vertex   6.508509e+000 -2.692104e+001 5.000000e+000
      vertex   6.402472e+000 -2.681449e+001 0.000000e+000
      vertex   6.957878e+000 -2.734789e+001 0.000000e+000
    endloop
  endfacet
  facet normal -6.923875e-001 -7.215256e-001 -6.306898e-004
    outer loop
      vertex   6.854338e+000 -2.725291e+001 5.000000e+000
      vertex   6.508509e+000 -2.692104e+001 5.000000e+000
      vertex   6.957878e+000 -2.734789e+001 0.000000e+000
    endloop
  endfacet
  facet normal -7.172969e-001 -6.967675e-001 3.631185e-004
    outer loop
      vertex   6.176560e+000 -2.657931e+001 5.000000e+000
      vertex   6.402472e+000 -2.681449e+001 0.000000e+000
      vertex   6.508509e+000 -2.692104e+001 5.000000e+000
    endloop
  endfacet
  facet normal -6.516659e-001 -7.585054e-001 -1.050861e-003
    outer loop
      vertex   6.957878e+000 -2.734789e+001 0.000000e+000
      vertex   7.544974e+000 -2.785229e+001 0.000000e+000
      vertex   7.213241e+000 -2.757422e+001 5.000000e+000
    endloop
  endfacet
  facet normal -6.144135e-001 -7.889842e-001 -1.842942e-004
    outer loop
      vertex   7.582951e+000 -2.788304e+001 5.000000e+000
      vertex   7.544974e+000 -2.785229e+001 0.000000e+000
      vertex   7.963330e+000 -2.817925e+001 5.000000e+000
    endloop
  endfacet
  facet normal -4.729007e-001 -8.811155e-001 -6.738263e-004
    outer loop
      vertex   9.471529e+000 -2.917024e+001 0.000000e+000
      vertex   1.016880e+001 -2.954447e+001 0.000000e+000
      vertex   1.002526e+001 -2.947126e+001 5.000000e+000
    endloop
  endfacet
  facet normal -4.264084e-001 -9.045302e-001 -1.002962e-003
    outer loop
      vertex   1.016880e+001 -2.954447e+001 0.000000e+000
      vertex   1.089362e+001 -2.988616e+001 0.000000e+000
      vertex   1.046966e+001 -2.969185e+001 5.000000e+000
    endloop
  endfacet
  facet normal -3.868428e-001 -9.221457e-001 -1.136823e-004
    outer loop
      vertex   1.092472e+001 -2.989983e+001 5.000000e+000
      vertex   1.089362e+001 -2.988616e+001 0.000000e+000
      vertex   1.139046e+001 -3.009520e+001 5.000000e+000
    endloop
  endfacet
  facet normal -2.455640e-001 -9.693801e-001 -6.652833e-004
    outer loop
      vertex   1.323335e+001 -3.071598e+001 0.000000e+000
      vertex   1.406835e+001 -3.092751e+001 0.000000e+000
      vertex   1.387917e+001 -3.088301e+001 5.000000e+000
    endloop
  endfacet
  facet normal -2.031751e-001 -9.791420e-001 -8.980251e-004
    outer loop
      vertex   1.406835e+001 -3.092751e+001 0.000000e+000
      vertex   1.493089e+001 -3.110649e+001 0.000000e+000
      vertex   1.440892e+001 -3.100276e+001 5.000000e+000
    endloop
  endfacet
  facet normal -1.690763e-001 -9.856030e-001 -4.971745e-005
    outer loop
      vertex   1.494934e+001 -3.110990e+001 5.000000e+000
      vertex   1.493089e+001 -3.110649e+001 0.000000e+000
      vertex   1.550042e+001 -3.120444e+001 5.000000e+000
    endloop
  endfacet
  facet normal -5.011861e-002 -9.987431e-001 -6.262752e-004
    outer loop
      vertex   1.768379e+001 -3.144818e+001 0.000000e+000
      vertex   1.865652e+001 -3.149699e+001 0.000000e+000
      vertex   1.841591e+001 -3.148805e+001 5.000000e+000
    endloop
  endfacet
  facet normal -1.626445e-002 -9.998674e-001 -7.752461e-004
    outer loop
      vertex   1.865652e+001 -3.149699e+001 0.000000e+000
      vertex   1.965679e+001 -3.151326e+001 0.000000e+000
      vertex   1.903101e+001 -3.150696e+001 5.000000e+000
    endloop
  endfacet
  facet normal -1.626445e-002 -9.998674e-001 7.752461e-004
    outer loop
      vertex   1.965679e+001 -3.151326e+001 1.000000e+001
      vertex   1.865652e+001 -3.149699e+001 1.000000e+001
      vertex   1.903101e+001 -3.150696e+001 5.000000e+000
    endloop
  endfacet
  facet normal -3.072402e-002 -9.995279e-001 -3.084363e-004
    outer loop
      vertex   1.903101e+001 -3.150696e+001 5.000000e+000
      vertex   1.865652e+001 -3.149699e+001 1.000000e+001
      vertex   1.841591e+001 -3.148805e+001 5.000000e+000
    endloop
  endfacet
  facet normal -9.999297e-001 1.185738e-002 0.000000e+000
    outer loop
      vertex   2.371295e+000 -1.575663e+001 0.000000e+000
      vertex   2.371295e+000 -1.575663e+001 1.000000e+001
      vertex   2.377945e+000 -1.519585e+001 5.000000e+000
    endloop
  endfacet
  facet normal -9.993459e-001 3.616102e-002 3.135635e-004
    outer loop
      vertex   2.389211e+000 -1.484113e+001 0.000000e+000
      vertex   2.377945e+000 -1.519585e+001 5.000000e+000
      vertex   2.397894e+000 -1.464452e+001 5.000000e+000
    endloop
  endfacet
  facet normal -9.981226e-001 6.124487e-002 -5.026272e-004
    outer loop
      vertex   2.442960e+000 -1.395110e+001 0.000000e+000
      vertex   2.397894e+000 -1.464452e+001 5.000000e+000
      vertex   2.431144e+000 -1.410264e+001 5.000000e+000
    endloop
  endfacet
  facet normal -9.961998e-001 8.709730e-002 -2.854409e-004
    outer loop
      vertex   2.477693e+000 -1.357022e+001 5.000000e+000
      vertex   2.431144e+000 -1.410264e+001 5.000000e+000
      vertex   2.442960e+000 -1.395110e+001 1.000000e+001
    endloop
  endfacet
  facet normal -9.946743e-001 1.030642e-001 9.414576e-004
    outer loop
      vertex   2.532542e+000 -1.308655e+001 1.000000e+001
      vertex   2.477693e+000 -1.357022e+001 5.000000e+000
      vertex   2.442960e+000 -1.395110e+001 1.000000e+001
    endloop
  endfacet
  facet normal -9.935152e-001 1.136995e-001 -1.000626e-004
    outer loop
      vertex   2.532542e+000 -1.308655e+001 1.000000e+001
      vertex   2.537542e+000 -1.304725e+001 5.000000e+000
      vertex   2.477693e+000 -1.357022e+001 5.000000e+000
    endloop
  endfacet
  facet normal -9.900061e-001 1.410248e-001 1.181949e-004
    outer loop
      vertex   2.532542e+000 -1.308655e+001 1.000000e+001
      vertex   2.610691e+000 -1.253374e+001 5.000000e+000
      vertex   2.537542e+000 -1.304725e+001 5.000000e+000
    endloop
  endfacet
  facet normal -9.890133e-001 1.478240e-001 8.854435e-004
    outer loop
      vertex   2.532542e+000 -1.308655e+001 1.000000e+001
      vertex   2.657956e+000 -1.224747e+001 1.000000e+001
      vertex   2.610691e+000 -1.253374e+001 5.000000e+000
    endloop
  endfacet
  facet normal -9.856095e-001 1.690378e-001 -3.613290e-004
    outer loop
      vertex   2.610691e+000 -1.253374e+001 5.000000e+000
      vertex   2.657956e+000 -1.224747e+001 1.000000e+001
      vertex   2.697140e+000 -1.202968e+001 5.000000e+000
    endloop
  endfacet
  facet normal -9.809208e-001 1.944061e-001 -7.803661e-004
    outer loop
      vertex   2.657956e+000 -1.224747e+001 0.000000e+000
      vertex   2.697140e+000 -1.202968e+001 5.000000e+000
      vertex   2.819203e+000 -1.143386e+001 0.000000e+000
    endloop
  endfacet
  facet normal -9.856095e-001 1.690378e-001 3.613290e-004
    outer loop
      vertex   2.657956e+000 -1.224747e+001 0.000000e+000
      vertex   2.610691e+000 -1.253374e+001 5.000000e+000
      vertex   2.697140e+000 -1.202968e+001 5.000000e+000
    endloop
  endfacet
  facet normal -9.890133e-001 1.478240e-001 -8.854435e-004
    outer loop
      vertex   2.657956e+000 -1.224747e+001 0.000000e+000
      vertex   2.532542e+000 -1.308655e+001 0.000000e+000
      vertex   2.610691e+000 -1.253374e+001 5.000000e+000
    endloop
  endfacet
  facet normal -9.900061e-001 1.410248e-001 -1.181949e-004
    outer loop
      vertex   2.610691e+000 -1.253374e+001 5.000000e+000
      vertex   2.532542e+000 -1.308655e+001 0.000000e+000
      vertex   2.537542e+000 -1.304725e+001 5.000000e+000
    endloop
  endfacet
  facet normal -9.935152e-001 1.136995e-001 1.000626e-004
    outer loop
      vertex   2.537542e+000 -1.304725e+001 5.000000e+000
      vertex   2.532542e+000 -1.308655e+001 0.000000e+000
      vertex   2.477693e+000 -1.357022e+001 5.000000e+000
    endloop
  endfacet
  facet normal -9.946743e-001 1.030642e-001 -9.414576e-004
    outer loop
      vertex   2.477693e+000 -1.357022e+001 5.000000e+000
      vertex   2.532542e+000 -1.308655e+001 0.000000e+000
      vertex   2.442960e+000 -1.395110e+001 0.000000e+000
    endloop
  endfacet
  facet normal -9.961998e-001 8.709730e-002 2.854409e-004
    outer loop
      vertex   2.431144e+000 -1.410264e+001 5.000000e+000
      vertex   2.477693e+000 -1.357022e+001 5.000000e+000
      vertex   2.442960e+000 -1.395110e+001 0.000000e+000
    endloop
  endfacet
  facet normal -9.981813e-001 6.028044e-002 6.369044e-004
    outer loop
      vertex   2.442960e+000 -1.395110e+001 1.000000e+001
      vertex   2.397894e+000 -1.464452e+001 5.000000e+000
      vertex   2.389211e+000 -1.484113e+001 1.000000e+001
    endloop
  endfacet
  facet normal -9.981226e-001 6.124487e-002 5.026272e-004
    outer loop
      vertex   2.442960e+000 -1.395110e+001 1.000000e+001
      vertex   2.431144e+000 -1.410264e+001 5.000000e+000
      vertex   2.397894e+000 -1.464452e+001 5.000000e+000
    endloop
  endfacet
  facet normal -9.809208e-001 1.944061e-001 7.803661e-004
    outer loop
      vertex   2.657956e+000 -1.224747e+001 1.000000e+001
      vertex   2.819203e+000 -1.143386e+001 1.000000e+001
      vertex   2.697140e+000 -1.202968e+001 5.000000e+000
    endloop
  endfacet
  facet normal -9.802637e-001 1.976939e-001 3.725372e-004
    outer loop
      vertex   2.697140e+000 -1.202968e+001 5.000000e+000
      vertex   2.819203e+000 -1.143386e+001 1.000000e+001
      vertex   2.796889e+000 -1.153508e+001 5.000000e+000
    endloop
  endfacet
  facet normal -9.739090e-001 2.269387e-001 2.478846e-004
    outer loop
      vertex   2.819203e+000 -1.143386e+001 0.000000e+000
      vertex   2.796889e+000 -1.153508e+001 5.000000e+000
      vertex   2.909937e+000 -1.104993e+001 5.000000e+000
    endloop
  endfacet
  facet normal -9.664891e-001 2.567077e-001 1.964814e-004
    outer loop
      vertex   3.016283e+000 -1.064572e+001 0.000000e+000
      vertex   2.909937e+000 -1.104993e+001 5.000000e+000
      vertex   3.036285e+000 -1.057424e+001 5.000000e+000
    endloop
  endfacet
  facet normal -9.579526e-001 2.869264e-001 2.696727e-004
    outer loop
      vertex   3.175933e+000 -1.010800e+001 5.000000e+000
      vertex   3.036285e+000 -1.057424e+001 5.000000e+000
      vertex   3.016283e+000 -1.064572e+001 1.000000e+001
    endloop
  endfacet
  facet normal -9.563945e-001 2.920767e-001 8.733069e-004
    outer loop
      vertex   3.249196e+000 -9.883057e+000 1.000000e+001
      vertex   3.175933e+000 -1.010800e+001 5.000000e+000
      vertex   3.016283e+000 -1.064572e+001 1.000000e+001
    endloop
  endfacet
  facet normal -9.482548e-001 3.175100e-001 -3.901783e-004
    outer loop
      vertex   3.249196e+000 -9.883057e+000 1.000000e+001
      vertex   3.328881e+000 -9.651218e+000 5.000000e+000
      vertex   3.175933e+000 -1.010800e+001 5.000000e+000
    endloop
  endfacet
  facet normal -9.395161e-001 3.425036e-001 9.079898e-004
    outer loop
      vertex   3.249196e+000 -9.883057e+000 1.000000e+001
      vertex   3.517941e+000 -9.145867e+000 1.000000e+001
      vertex   3.328881e+000 -9.651218e+000 5.000000e+000
    endloop
  endfacet
  facet normal -9.373591e-001 3.483646e-001 2.340578e-004
    outer loop
      vertex   3.328881e+000 -9.651218e+000 5.000000e+000
      vertex   3.517941e+000 -9.145867e+000 1.000000e+001
      vertex   3.495129e+000 -9.203889e+000 5.000000e+000
    endloop
  endfacet
  facet normal -9.252380e-001 3.793872e-001 1.812427e-004
    outer loop
      vertex   3.517941e+000 -9.145867e+000 0.000000e+000
      vertex   3.495129e+000 -9.203889e+000 5.000000e+000
      vertex   3.674676e+000 -8.766014e+000 5.000000e+000
    endloop
  endfacet
  facet normal -9.118751e-001 4.104676e-001 2.811781e-004
    outer loop
      vertex   3.822519e+000 -8.434149e+000 0.000000e+000
      vertex   3.674676e+000 -8.766014e+000 5.000000e+000
      vertex   3.867523e+000 -8.337594e+000 5.000000e+000
    endloop
  endfacet
  facet normal -8.972664e-001 4.414894e-001 4.493775e-004
    outer loop
      vertex   4.073670e+000 -7.918628e+000 5.000000e+000
      vertex   3.867523e+000 -8.337594e+000 5.000000e+000
      vertex   3.822519e+000 -8.434149e+000 1.000000e+001
    endloop
  endfacet
  facet normal -8.958384e-001 4.443791e-001 8.190524e-004
    outer loop
      vertex   4.162929e+000 -7.747904e+000 1.000000e+001
      vertex   4.073670e+000 -7.918628e+000 5.000000e+000
      vertex   3.822519e+000 -8.434149e+000 1.000000e+001
    endloop
  endfacet
  facet normal -8.814207e-001 4.723318e-001 -3.927650e-004
    outer loop
      vertex   4.162929e+000 -7.747904e+000 1.000000e+001
      vertex   4.293117e+000 -7.509117e+000 5.000000e+000
      vertex   4.073670e+000 -7.918628e+000 5.000000e+000
    endloop
  endfacet
  facet normal -8.690012e-001 4.948089e-001 1.004061e-003
    outer loop
      vertex   4.162929e+000 -7.747904e+000 1.000000e+001
      vertex   4.539172e+000 -7.087133e+000 1.000000e+001
      vertex   4.293117e+000 -7.509117e+000 5.000000e+000
    endloop
  endfacet
  facet normal -8.643609e-001 5.028720e-001 9.520496e-005
    outer loop
      vertex   4.293117e+000 -7.509117e+000 5.000000e+000
      vertex   4.539172e+000 -7.087133e+000 1.000000e+001
      vertex   4.525864e+000 -7.109061e+000 5.000000e+000
    endloop
  endfacet
  facet normal -8.461233e-001 5.329872e-001 8.541299e-005
    outer loop
      vertex   4.539172e+000 -7.087133e+000 0.000000e+000
      vertex   4.525864e+000 -7.109061e+000 5.000000e+000
      vertex   4.771910e+000 -6.718460e+000 5.000000e+000
    endloop
  endfacet
  facet normal -8.267587e-001 5.625567e-001 3.446019e-004
    outer loop
      vertex   4.951248e+000 -6.451834e+000 0.000000e+000
      vertex   4.771910e+000 -6.718460e+000 5.000000e+000
      vertex   5.031257e+000 -6.337313e+000 5.000000e+000
    endloop
  endfacet
  facet normal -8.063307e-001 5.914647e-001 6.443970e-004
    outer loop
      vertex   5.303903e+000 -5.965620e+000 5.000000e+000
      vertex   5.031257e+000 -6.337313e+000 5.000000e+000
      vertex   4.951248e+000 -6.451834e+000 1.000000e+001
    endloop
  endfacet
  facet normal -8.059616e-001 5.919674e-001 7.193155e-004
    outer loop
      vertex   5.399157e+000 -5.842008e+000 1.000000e+001
      vertex   5.303903e+000 -5.965620e+000 5.000000e+000
      vertex   4.951248e+000 -6.451834e+000 1.000000e+001
    endloop
  endfacet
  facet normal -7.849157e-001 6.196025e-001 -3.648341e-004
    outer loop
      vertex   5.399157e+000 -5.842008e+000 1.000000e+001
      vertex   5.589849e+000 -5.603382e+000 5.000000e+000
      vertex   5.303903e+000 -5.965620e+000 5.000000e+000
    endloop
  endfacet
  facet normal -7.703041e-001 6.376759e-001 1.054980e-003
    outer loop
      vertex   5.399157e+000 -5.842008e+000 1.000000e+001
      vertex   5.882898e+000 -5.257655e+000 1.000000e+001
      vertex   5.589849e+000 -5.603382e+000 5.000000e+000
    endloop
  endfacet
  facet normal -7.626002e-001 6.468701e-001 -3.228060e-005
    outer loop
      vertex   5.589849e+000 -5.603382e+000 5.000000e+000
      vertex   5.882898e+000 -5.257655e+000 1.000000e+001
      vertex   5.889094e+000 -5.250599e+000 5.000000e+000
    endloop
  endfacet
  facet normal -7.394803e-001 6.731782e-001 -3.349454e-005
    outer loop
      vertex   5.882898e+000 -5.257655e+000 0.000000e+000
      vertex   5.889094e+000 -5.250599e+000 5.000000e+000
      vertex   6.201640e+000 -4.907271e+000 5.000000e+000
    endloop
  endfacet
  facet normal -7.156590e-001 6.984498e-001 3.793827e-004
    outer loop
      vertex   6.402472e+000 -4.698775e+000 0.000000e+000
      vertex   6.201640e+000 -4.907271e+000 5.000000e+000
      vertex   6.527485e+000 -4.573397e+000 5.000000e+000
    endloop
  endfacet
  facet normal -6.912443e-001 7.226210e-001 -5.312274e-004
    outer loop
      vertex   6.957878e+000 -4.165367e+000 0.000000e+000
      vertex   6.527485e+000 -4.573397e+000 5.000000e+000
      vertex   6.866630e+000 -4.248978e+000 5.000000e+000
    endloop
  endfacet
  facet normal -6.663874e-001 7.456057e-001 -3.067552e-004
    outer loop
      vertex   7.218239e+000 -3.934727e+000 5.000000e+000
      vertex   6.866630e+000 -4.248978e+000 5.000000e+000
      vertex   6.957878e+000 -4.165367e+000 1.000000e+001
    endloop
  endfacet
  facet normal -6.516659e-001 7.585054e-001 1.054863e-003
    outer loop
      vertex   7.544974e+000 -3.660968e+000 1.000000e+001
      vertex   7.218239e+000 -3.934727e+000 5.000000e+000
      vertex   6.957878e+000 -4.165367e+000 1.000000e+001
    endloop
  endfacet
  facet normal -6.409951e-001 7.675450e-001 -1.373741e-004
    outer loop
      vertex   7.544974e+000 -3.660968e+000 1.000000e+001
      vertex   7.580177e+000 -3.632463e+000 5.000000e+000
      vertex   7.218239e+000 -3.934727e+000 5.000000e+000
    endloop
  endfacet
  facet normal -6.148982e-001 7.886065e-001 1.664325e-004
    outer loop
      vertex   7.544974e+000 -3.660968e+000 1.000000e+001
      vertex   7.952339e+000 -3.342279e+000 5.000000e+000
      vertex   7.580177e+000 -3.632463e+000 5.000000e+000
    endloop
  endfacet
  facet normal -6.089463e-001 7.932109e-001 9.448243e-004
    outer loop
      vertex   7.544974e+000 -3.660968e+000 1.000000e+001
      vertex   8.159614e+000 -3.189110e+000 1.000000e+001
      vertex   7.952339e+000 -3.342279e+000 5.000000e+000
    endloop
  endfacet
  facet normal -5.881825e-001 8.087281e-001 -3.912890e-004
    outer loop
      vertex   7.952339e+000 -3.342279e+000 5.000000e+000
      vertex   8.159614e+000 -3.189110e+000 1.000000e+001
      vertex   8.334724e+000 -3.064172e+000 5.000000e+000
    endloop
  endfacet
  facet normal -5.646191e-001 8.253511e-001 -8.493166e-004
    outer loop
      vertex   8.159614e+000 -3.189110e+000 0.000000e+000
      vertex   8.334724e+000 -3.064172e+000 5.000000e+000
      vertex   8.801799e+000 -2.749794e+000 0.000000e+000
    endloop
  endfacet
  facet normal -5.881825e-001 8.087281e-001 3.912890e-004
    outer loop
      vertex   8.159614e+000 -3.189110e+000 0.000000e+000
      vertex   7.952339e+000 -3.342279e+000 5.000000e+000
      vertex   8.334724e+000 -3.064172e+000 5.000000e+000
    endloop
  endfacet
  facet normal -6.089463e-001 7.932109e-001 -9.448243e-004
    outer loop
      vertex   8.159614e+000 -3.189110e+000 0.000000e+000
      vertex   7.544974e+000 -3.660968e+000 0.000000e+000
      vertex   7.952339e+000 -3.342279e+000 5.000000e+000
    endloop
  endfacet
  facet normal -6.148982e-001 7.886065e-001 -1.664325e-004
    outer loop
      vertex   7.952339e+000 -3.342279e+000 5.000000e+000
      vertex   7.544974e+000 -3.660968e+000 0.000000e+000
      vertex   7.580177e+000 -3.632463e+000 5.000000e+000
    endloop
  endfacet
  facet normal -6.409951e-001 7.675450e-001 1.373741e-004
    outer loop
      vertex   7.580177e+000 -3.632463e+000 5.000000e+000
      vertex   7.544974e+000 -3.660968e+000 0.000000e+000
      vertex   7.218239e+000 -3.934727e+000 5.000000e+000
    endloop
  endfacet
  facet normal -6.516659e-001 7.585054e-001 -1.054863e-003
    outer loop
      vertex   7.218239e+000 -3.934727e+000 5.000000e+000
      vertex   7.544974e+000 -3.660968e+000 0.000000e+000
      vertex   6.957878e+000 -4.165367e+000 0.000000e+000
    endloop
  endfacet
  facet normal -6.663874e-001 7.456057e-001 3.067552e-004
    outer loop
      vertex   6.866630e+000 -4.248978e+000 5.000000e+000
      vertex   7.218239e+000 -3.934727e+000 5.000000e+000
      vertex   6.957878e+000 -4.165367e+000 0.000000e+000
    endloop
  endfacet
  facet normal -9.739090e-001 2.269387e-001 -2.478846e-004
    outer loop
      vertex   2.796889e+000 -1.153508e+001 5.000000e+000
      vertex   2.819203e+000 -1.143386e+001 1.000000e+001
      vertex   2.909937e+000 -1.104993e+001 5.000000e+000
    endloop
  endfacet
  facet normal -9.701288e-001 2.425884e-001 1.022373e-003
    outer loop
      vertex   2.909937e+000 -1.104993e+001 5.000000e+000
      vertex   2.819203e+000 -1.143386e+001 1.000000e+001
      vertex   3.016283e+000 -1.064572e+001 1.000000e+001
    endloop
  endfacet
  facet normal -9.664891e-001 2.567077e-001 -1.964814e-004
    outer loop
      vertex   3.036285e+000 -1.057424e+001 5.000000e+000
      vertex   2.909937e+000 -1.104993e+001 5.000000e+000
      vertex   3.016283e+000 -1.064572e+001 1.000000e+001
    endloop
  endfacet
  facet normal -9.252380e-001 3.793872e-001 -1.812427e-004
    outer loop
      vertex   3.495129e+000 -9.203889e+000 5.000000e+000
      vertex   3.517941e+000 -9.145867e+000 1.000000e+001
      vertex   3.674676e+000 -8.766014e+000 5.000000e+000
    endloop
  endfacet
  facet normal -9.193520e-001 3.934345e-001 1.070442e-003
    outer loop
      vertex   3.674676e+000 -8.766014e+000 5.000000e+000
      vertex   3.517941e+000 -9.145867e+000 1.000000e+001
      vertex   3.822519e+000 -8.434149e+000 1.000000e+001
    endloop
  endfacet
  facet normal -9.118751e-001 4.104676e-001 -2.811781e-004
    outer loop
      vertex   3.867523e+000 -8.337594e+000 5.000000e+000
      vertex   3.674676e+000 -8.766014e+000 5.000000e+000
      vertex   3.822519e+000 -8.434149e+000 1.000000e+001
    endloop
  endfacet
  facet normal -8.461233e-001 5.329872e-001 -8.541299e-005
    outer loop
      vertex   4.525864e+000 -7.109061e+000 5.000000e+000
      vertex   4.539172e+000 -7.087133e+000 1.000000e+001
      vertex   4.771910e+000 -6.718460e+000 5.000000e+000
    endloop
  endfacet
  facet normal -8.389668e-001 5.441816e-001 1.073125e-003
    outer loop
      vertex   4.771910e+000 -6.718460e+000 5.000000e+000
      vertex   4.539172e+000 -7.087133e+000 1.000000e+001
      vertex   4.951248e+000 -6.451834e+000 1.000000e+001
    endloop
  endfacet
  facet normal -8.267587e-001 5.625567e-001 -3.446019e-004
    outer loop
      vertex   5.031257e+000 -6.337313e+000 5.000000e+000
      vertex   4.771910e+000 -6.718460e+000 5.000000e+000
      vertex   4.951248e+000 -6.451834e+000 1.000000e+001
    endloop
  endfacet
  facet normal -7.394803e-001 6.731782e-001 3.349454e-005
    outer loop
      vertex   5.889094e+000 -5.250599e+000 5.000000e+000
      vertex   5.882898e+000 -5.257655e+000 1.000000e+001
      vertex   6.201640e+000 -4.907271e+000 5.000000e+000
    endloop
  endfacet
  facet normal -7.323919e-001 6.808825e-001 1.025262e-003
    outer loop
      vertex   6.201640e+000 -4.907271e+000 5.000000e+000
      vertex   5.882898e+000 -5.257655e+000 1.000000e+001
      vertex   6.402472e+000 -4.698775e+000 1.000000e+001
    endloop
  endfacet
  facet normal -6.926782e-001 7.212463e-001 7.668330e-004
    outer loop
      vertex   6.527485e+000 -4.573397e+000 5.000000e+000
      vertex   6.402472e+000 -4.698775e+000 1.000000e+001
      vertex   6.957878e+000 -4.165367e+000 1.000000e+001
    endloop
  endfacet
  facet normal -6.912443e-001 7.226210e-001 5.312274e-004
    outer loop
      vertex   6.866630e+000 -4.248978e+000 5.000000e+000
      vertex   6.527485e+000 -4.573397e+000 5.000000e+000
      vertex   6.957878e+000 -4.165367e+000 1.000000e+001
    endloop
  endfacet
  facet normal -7.156590e-001 6.984498e-001 -3.793827e-004
    outer loop
      vertex   6.201640e+000 -4.907271e+000 5.000000e+000
      vertex   6.402472e+000 -4.698775e+000 1.000000e+001
      vertex   6.527485e+000 -4.573397e+000 5.000000e+000
    endloop
  endfacet
  facet normal -5.646191e-001 8.253511e-001 8.493166e-004
    outer loop
      vertex   8.159614e+000 -3.189110e+000 1.000000e+001
      vertex   8.801799e+000 -2.749794e+000 1.000000e+001
      vertex   8.334724e+000 -3.064172e+000 5.000000e+000
    endloop
  endfacet
  facet normal -5.609449e-001 8.278531e-001 3.487772e-004
    outer loop
      vertex   8.334724e+000 -3.064172e+000 5.000000e+000
      vertex   8.801799e+000 -2.749794e+000 1.000000e+001
      vertex   8.727333e+000 -2.798144e+000 5.000000e+000
    endloop
  endfacet
  facet normal -5.332856e-001 8.459353e-001 2.380143e-004
    outer loop
      vertex   8.801799e+000 -2.749794e+000 0.000000e+000
      vertex   8.727333e+000 -2.798144e+000 5.000000e+000
      vertex   9.130166e+000 -2.544195e+000 5.000000e+000
    endloop
  endfacet
  facet normal -5.013305e-001 8.652557e-001 5.864779e-004
    outer loop
      vertex   9.471529e+000 -2.343020e+000 0.000000e+000
      vertex   9.130166e+000 -2.544195e+000 5.000000e+000
      vertex   9.661897e+000 -2.236109e+000 5.000000e+000
    endloop
  endfacet
  facet normal -4.651093e-001 8.852532e-001 1.760630e-004
    outer loop
      vertex   1.016880e+001 -1.968787e+000 0.000000e+000
      vertex   9.661897e+000 -2.236109e+000 5.000000e+000
      vertex   1.021045e+001 -1.947899e+000 5.000000e+000
    endloop
  endfacet
  facet normal -4.287666e-001 9.034153e-001 2.025424e-004
    outer loop
      vertex   1.077583e+001 -1.679566e+000 5.000000e+000
      vertex   1.021045e+001 -1.947899e+000 5.000000e+000
      vertex   1.016880e+001 -1.968787e+000 1.000000e+001
    endloop
  endfacet
  facet normal -4.264085e-001 9.045305e-001 5.533438e-004
    outer loop
      vertex   1.089362e+001 -1.627097e+000 1.000000e+001
      vertex   1.077583e+001 -1.679566e+000 5.000000e+000
      vertex   1.016880e+001 -1.968787e+000 1.000000e+001
    endloop
  endfacet
  facet normal -3.925045e-001 9.197500e-001 -4.050782e-004
    outer loop
      vertex   1.089362e+001 -1.627097e+000 1.000000e+001
      vertex   1.135804e+001 -1.431110e+000 5.000000e+000
      vertex   1.077583e+001 -1.679566e+000 5.000000e+000
    endloop
  endfacet
  facet normal -3.800675e-001 9.249583e-001 9.542542e-004
    outer loop
      vertex   1.089362e+001 -1.627097e+000 1.000000e+001
      vertex   1.164599e+001 -1.317949e+000 1.000000e+001
      vertex   1.135804e+001 -1.431110e+000 5.000000e+000
    endloop
  endfacet
  facet normal -3.565108e-001 9.342910e-001 -6.135993e-004
    outer loop
      vertex   1.135804e+001 -1.431110e+000 5.000000e+000
      vertex   1.164599e+001 -1.317949e+000 1.000000e+001
      vertex   1.195707e+001 -1.202530e+000 5.000000e+000
    endloop
  endfacet
  facet normal -3.342641e-001 9.424790e-001 -9.595009e-004
    outer loop
      vertex   1.164599e+001 -1.317949e+000 0.000000e+000
      vertex   1.195707e+001 -1.202530e+000 5.000000e+000
      vertex   1.242590e+001 -1.041342e+000 0.000000e+000
    endloop
  endfacet
  facet normal -3.565108e-001 9.342910e-001 6.135993e-004
    outer loop
      vertex   1.164599e+001 -1.317949e+000 0.000000e+000
      vertex   1.135804e+001 -1.431110e+000 5.000000e+000
      vertex   1.195707e+001 -1.202530e+000 5.000000e+000
    endloop
  endfacet
  facet normal -3.800675e-001 9.249583e-001 -9.542542e-004
    outer loop
      vertex   1.164599e+001 -1.317949e+000 0.000000e+000
      vertex   1.089362e+001 -1.627097e+000 0.000000e+000
      vertex   1.135804e+001 -1.431110e+000 5.000000e+000
    endloop
  endfacet
  facet normal -3.925045e-001 9.197500e-001 4.050782e-004
    outer loop
      vertex   1.135804e+001 -1.431110e+000 5.000000e+000
      vertex   1.089362e+001 -1.627097e+000 0.000000e+000
      vertex   1.077583e+001 -1.679566e+000 5.000000e+000
    endloop
  endfacet
  facet normal -4.264085e-001 9.045305e-001 -5.533438e-004
    outer loop
      vertex   1.077583e+001 -1.679566e+000 5.000000e+000
      vertex   1.089362e+001 -1.627097e+000 0.000000e+000
      vertex   1.016880e+001 -1.968787e+000 0.000000e+000
    endloop
  endfacet
  facet normal -4.287666e-001 9.034153e-001 -2.025424e-004
    outer loop
      vertex   1.021045e+001 -1.947899e+000 5.000000e+000
      vertex   1.077583e+001 -1.679566e+000 5.000000e+000
      vertex   1.016880e+001 -1.968787e+000 0.000000e+000
    endloop
  endfacet
  facet normal -5.332856e-001 8.459353e-001 -2.380143e-004
    outer loop
      vertex   8.727333e+000 -2.798144e+000 5.000000e+000
      vertex   8.801799e+000 -2.749794e+000 1.000000e+001
      vertex   9.130166e+000 -2.544195e+000 5.000000e+000
    endloop
  endfacet
  facet normal -5.191199e-001 8.547008e-001 1.052730e-003
    outer loop
      vertex   9.130166e+000 -2.544195e+000 5.000000e+000
      vertex   8.801799e+000 -2.749794e+000 1.000000e+001
      vertex   9.471529e+000 -2.343020e+000 1.000000e+001
    endloop
  endfacet
  facet normal -4.729007e-001 8.811154e-001 8.350642e-004
    outer loop
      vertex   9.661897e+000 -2.236109e+000 5.000000e+000
      vertex   9.471529e+000 -2.343020e+000 1.000000e+001
      vertex   1.016880e+001 -1.968787e+000 1.000000e+001
    endloop
  endfacet
  facet normal -4.651093e-001 8.852532e-001 -1.760630e-004
    outer loop
      vertex   1.021045e+001 -1.947899e+000 5.000000e+000
      vertex   9.661897e+000 -2.236109e+000 5.000000e+000
      vertex   1.016880e+001 -1.968787e+000 1.000000e+001
    endloop
  endfacet
  facet normal -5.013305e-001 8.652557e-001 -5.864779e-004
    outer loop
      vertex   9.130166e+000 -2.544195e+000 5.000000e+000
      vertex   9.471529e+000 -2.343020e+000 1.000000e+001
      vertex   9.661897e+000 -2.236109e+000 5.000000e+000
    endloop
  endfacet
  facet normal -3.342641e-001 9.424790e-001 9.595009e-004
    outer loop
      vertex   1.164599e+001 -1.317949e+000 1.000000e+001
      vertex   1.242590e+001 -1.041342e+000 1.000000e+001
      vertex   1.195707e+001 -1.202530e+000 5.000000e+000
    endloop
  endfacet
  facet normal -3.209561e-001 9.470940e-001 -4.371209e-004
    outer loop
      vertex   1.195707e+001 -1.202530e+000 5.000000e+000
      vertex   1.242590e+001 -1.041342e+000 1.000000e+001
      vertex   1.257292e+001 -9.938265e-001 5.000000e+000
    endloop
  endfacet
  facet normal -2.893356e-001 9.572275e-001 -5.889623e-004
    outer loop
      vertex   1.242590e+001 -1.041342e+000 0.000000e+000
      vertex   1.257292e+001 -9.938265e-001 5.000000e+000
      vertex   1.323335e+001 -7.972780e-001 0.000000e+000
    endloop
  endfacet
  facet normal -3.209561e-001 9.470940e-001 4.371209e-004
    outer loop
      vertex   1.242590e+001 -1.041342e+000 0.000000e+000
      vertex   1.195707e+001 -1.202530e+000 5.000000e+000
      vertex   1.257292e+001 -9.938265e-001 5.000000e+000
    endloop
  endfacet
  facet normal -2.893356e-001 9.572275e-001 5.889623e-004
    outer loop
      vertex   1.242590e+001 -1.041342e+000 1.000000e+001
      vertex   1.323335e+001 -7.972780e-001 1.000000e+001
      vertex   1.257292e+001 -9.938265e-001 5.000000e+000
    endloop
  endfacet
  facet normal -2.859910e-001 9.582323e-001 1.076963e-004
    outer loop
      vertex   1.257292e+001 -9.938265e-001 5.000000e+000
      vertex   1.323335e+001 -7.972780e-001 1.000000e+001
      vertex   1.320560e+001 -8.049996e-001 5.000000e+000
    endloop
  endfacet
  facet normal -2.517454e-001 9.677935e-001 9.716474e-005
    outer loop
      vertex   1.323335e+001 -7.972780e-001 0.000000e+000
      vertex   1.320560e+001 -8.049996e-001 5.000000e+000
      vertex   1.385510e+001 -6.360493e-001 5.000000e+000
    endloop
  endfacet
  facet normal -2.183278e-001 9.758753e-001 5.043166e-004
    outer loop
      vertex   1.406835e+001 -5.857555e-001 0.000000e+000
      vertex   1.385510e+001 -6.360493e-001 5.000000e+000
      vertex   1.452142e+001 -4.869754e-001 5.000000e+000
    endloop
  endfacet
  facet normal -1.858260e-001 9.825825e-001 5.426908e-004
    outer loop
      vertex   1.493089e+001 -4.067749e-001 0.000000e+000
      vertex   1.452142e+001 -4.869754e-001 5.000000e+000
      vertex   1.520457e+001 -3.577780e-001 5.000000e+000
    endloop
  endfacet
  facet normal -1.543077e-001 9.880228e-001 2.316332e-004
    outer loop
      vertex   1.582098e+001 -2.603362e-001 0.000000e+000
      vertex   1.520457e+001 -3.577780e-001 5.000000e+000
      vertex   1.590455e+001 -2.484572e-001 5.000000e+000
    endloop
  endfacet
  facet normal -1.238227e-001 9.923043e-001 2.880404e-004
    outer loop
      vertex   1.662135e+001 -1.590129e-001 5.000000e+000
      vertex   1.590455e+001 -2.484572e-001 5.000000e+000
      vertex   1.582098e+001 -2.603362e-001 1.000000e+001
    endloop
  endfacet
  facet normal -1.231749e-001 9.923849e-001 3.933737e-004
    outer loop
      vertex   1.673862e+001 -1.464395e-001 1.000000e+001
      vertex   1.662135e+001 -1.590129e-001 5.000000e+000
      vertex   1.582098e+001 -2.603362e-001 1.000000e+001
    endloop
  endfacet
  facet normal -9.440419e-002 9.955339e-001 -2.893258e-004
    outer loop
      vertex   1.673862e+001 -1.464395e-001 1.000000e+001
      vertex   1.735497e+001 -8.944510e-002 5.000000e+000
      vertex   1.662135e+001 -1.590129e-001 5.000000e+000
    endloop
  endfacet
  facet normal -8.575639e-002 9.963158e-001 7.856094e-004
    outer loop
      vertex   1.673862e+001 -1.464395e-001 1.000000e+001
      vertex   1.768379e+001 -6.508464e-002 1.000000e+001
      vertex   1.735497e+001 -8.944510e-002 5.000000e+000
    endloop
  endfacet
  facet normal -6.607085e-002 9.978148e-001 -5.163097e-004
    outer loop
      vertex   1.735497e+001 -8.944510e-002 5.000000e+000
      vertex   1.768379e+001 -6.508464e-002 1.000000e+001
      vertex   1.810542e+001 -3.975381e-002 5.000000e+000
    endloop
  endfacet
  facet normal -5.011860e-002 9.987429e-001 -8.335606e-004
    outer loop
      vertex   1.768379e+001 -6.508464e-002 0.000000e+000
      vertex   1.810542e+001 -3.975381e-002 5.000000e+000
      vertex   1.865652e+001 -1.627175e-002 0.000000e+000
    endloop
  endfacet
  facet normal -6.607085e-002 9.978148e-001 5.163097e-004
    outer loop
      vertex   1.768379e+001 -6.508464e-002 0.000000e+000
      vertex   1.735497e+001 -8.944510e-002 5.000000e+000
      vertex   1.810542e+001 -3.975381e-002 5.000000e+000
    endloop
  endfacet
  facet normal -8.575639e-002 9.963158e-001 -7.856094e-004
    outer loop
      vertex   1.768379e+001 -6.508464e-002 0.000000e+000
      vertex   1.673862e+001 -1.464395e-001 0.000000e+000
      vertex   1.735497e+001 -8.944510e-002 5.000000e+000
    endloop
  endfacet
  facet normal -9.440419e-002 9.955339e-001 2.893258e-004
    outer loop
      vertex   1.735497e+001 -8.944510e-002 5.000000e+000
      vertex   1.673862e+001 -1.464395e-001 0.000000e+000
      vertex   1.662135e+001 -1.590129e-001 5.000000e+000
    endloop
  endfacet
  facet normal -1.231749e-001 9.923849e-001 -3.933737e-004
    outer loop
      vertex   1.662135e+001 -1.590129e-001 5.000000e+000
      vertex   1.673862e+001 -1.464395e-001 0.000000e+000
      vertex   1.582098e+001 -2.603362e-001 0.000000e+000
    endloop
  endfacet
  facet normal -1.238227e-001 9.923043e-001 -2.880404e-004
    outer loop
      vertex   1.590455e+001 -2.484572e-001 5.000000e+000
      vertex   1.662135e+001 -1.590129e-001 5.000000e+000
      vertex   1.582098e+001 -2.603362e-001 0.000000e+000
    endloop
  endfacet
  facet normal -2.517454e-001 9.677935e-001 -9.716474e-005
    outer loop
      vertex   1.320560e+001 -8.049996e-001 5.000000e+000
      vertex   1.323335e+001 -7.972780e-001 1.000000e+001
      vertex   1.385510e+001 -6.360493e-001 5.000000e+000
    endloop
  endfacet
  facet normal -2.455640e-001 9.693801e-001 7.226524e-004
    outer loop
      vertex   1.385510e+001 -6.360493e-001 5.000000e+000
      vertex   1.323335e+001 -7.972780e-001 1.000000e+001
      vertex   1.406835e+001 -5.857555e-001 1.000000e+001
    endloop
  endfacet
  facet normal -2.031751e-001 9.791420e-001 9.332840e-004
    outer loop
      vertex   1.452142e+001 -4.869754e-001 5.000000e+000
      vertex   1.406835e+001 -5.857555e-001 1.000000e+001
      vertex   1.493089e+001 -4.067749e-001 1.000000e+001
    endloop
  endfacet
  facet normal -1.623390e-001 9.867347e-001 7.835809e-004
    outer loop
      vertex   1.520457e+001 -3.577780e-001 5.000000e+000
      vertex   1.493089e+001 -4.067749e-001 1.000000e+001
      vertex   1.582098e+001 -2.603362e-001 1.000000e+001
    endloop
  endfacet
  facet normal -1.543077e-001 9.880228e-001 -2.316332e-004
    outer loop
      vertex   1.590455e+001 -2.484572e-001 5.000000e+000
      vertex   1.520457e+001 -3.577780e-001 5.000000e+000
      vertex   1.582098e+001 -2.603362e-001 1.000000e+001
    endloop
  endfacet
  facet normal -2.183278e-001 9.758753e-001 -5.043166e-004
    outer loop
      vertex   1.385510e+001 -6.360493e-001 5.000000e+000
      vertex   1.406835e+001 -5.857555e-001 1.000000e+001
      vertex   1.452142e+001 -4.869754e-001 5.000000e+000
    endloop
  endfacet
  facet normal -1.858260e-001 9.825825e-001 -5.426908e-004
    outer loop
      vertex   1.452142e+001 -4.869754e-001 5.000000e+000
      vertex   1.493089e+001 -4.067749e-001 1.000000e+001
      vertex   1.520457e+001 -3.577780e-001 5.000000e+000
    endloop
  endfacet
  facet normal -5.011860e-002 9.987429e-001 8.335606e-004
    outer loop
      vertex   1.768379e+001 -6.508464e-002 1.000000e+001
      vertex   1.865652e+001 -1.627175e-002 1.000000e+001
      vertex   1.810542e+001 -3.975381e-002 5.000000e+000
    endloop
  endfacet
  facet normal -3.882885e-002 9.992458e-001 -4.131563e-004
    outer loop
      vertex   1.810542e+001 -3.975381e-002 5.000000e+000
      vertex   1.865652e+001 -1.627175e-002 1.000000e+001
      vertex   1.887269e+001 -9.939042e-003 5.000000e+000
    endloop
  endfacet
  facet normal -1.626445e-002 9.998676e-001 -5.631898e-004
    outer loop
      vertex   1.865652e+001 -1.627175e-002 0.000000e+000
      vertex   1.887269e+001 -9.939042e-003 5.000000e+000
      vertex   1.965679e+001 -7.848100e-007 0.000000e+000
    endloop
  endfacet
  facet normal -3.882885e-002 9.992458e-001 4.131563e-004
    outer loop
      vertex   1.865652e+001 -1.627175e-002 0.000000e+000
      vertex   1.810542e+001 -3.975381e-002 5.000000e+000
      vertex   1.887269e+001 -9.939042e-003 5.000000e+000
    endloop
  endfacet
  facet normal -1.626445e-002 9.998676e-001 5.631898e-004
    outer loop
      vertex   1.865652e+001 -1.627175e-002 1.000000e+001
      vertex   1.965679e+001 -7.848100e-007 1.000000e+001
      vertex   1.887269e+001 -9.939042e-003 5.000000e+000
    endloop
  endfacet
  facet normal -1.267378e-002 9.999197e-001 0.000000e+000
    outer loop
      vertex   1.887269e+001 -9.939042e-003 5.000000e+000
      vertex   1.965679e+001 -7.848100e-007 1.000000e+001
      vertex   1.965679e+001 -7.848100e-007 0.000000e+000
    endloop
  endfacet
  facet normal -1.623390e-001 9.867347e-001 -7.835809e-004
    outer loop
      vertex   1.582098e+001 -2.603362e-001 0.000000e+000
      vertex   1.493089e+001 -4.067749e-001 0.000000e+000
      vertex   1.520457e+001 -3.577780e-001 5.000000e+000
    endloop
  endfacet
  facet normal -2.031751e-001 9.791420e-001 -9.332840e-004
    outer loop
      vertex   1.493089e+001 -4.067749e-001 0.000000e+000
      vertex   1.406835e+001 -5.857555e-001 0.000000e+000
      vertex   1.452142e+001 -4.869754e-001 5.000000e+000
    endloop
  endfacet
  facet normal -2.455640e-001 9.693801e-001 -7.226524e-004
    outer loop
      vertex   1.406835e+001 -5.857555e-001 0.000000e+000
      vertex   1.323335e+001 -7.972780e-001 0.000000e+000
      vertex   1.385510e+001 -6.360493e-001 5.000000e+000
    endloop
  endfacet
  facet normal -2.859910e-001 9.582323e-001 -1.076963e-004
    outer loop
      vertex   1.320560e+001 -8.049996e-001 5.000000e+000
      vertex   1.323335e+001 -7.972780e-001 0.000000e+000
      vertex   1.257292e+001 -9.938265e-001 5.000000e+000
    endloop
  endfacet
  facet normal -4.729007e-001 8.811154e-001 -8.350642e-004
    outer loop
      vertex   1.016880e+001 -1.968787e+000 0.000000e+000
      vertex   9.471529e+000 -2.343020e+000 0.000000e+000
      vertex   9.661897e+000 -2.236109e+000 5.000000e+000
    endloop
  endfacet
  facet normal -5.191199e-001 8.547008e-001 -1.052730e-003
    outer loop
      vertex   9.471529e+000 -2.343020e+000 0.000000e+000
      vertex   8.801799e+000 -2.749794e+000 0.000000e+000
      vertex   9.130166e+000 -2.544195e+000 5.000000e+000
    endloop
  endfacet
  facet normal -5.609449e-001 8.278531e-001 -3.487772e-004
    outer loop
      vertex   8.727333e+000 -2.798144e+000 5.000000e+000
      vertex   8.801799e+000 -2.749794e+000 0.000000e+000
      vertex   8.334724e+000 -3.064172e+000 5.000000e+000
    endloop
  endfacet
  facet normal -6.926782e-001 7.212463e-001 -7.668330e-004
    outer loop
      vertex   6.957878e+000 -4.165367e+000 0.000000e+000
      vertex   6.402472e+000 -4.698775e+000 0.000000e+000
      vertex   6.527485e+000 -4.573397e+000 5.000000e+000
    endloop
  endfacet
  facet normal -7.323919e-001 6.808825e-001 -1.025262e-003
    outer loop
      vertex   6.402472e+000 -4.698775e+000 0.000000e+000
      vertex   5.882898e+000 -5.257655e+000 0.000000e+000
      vertex   6.201640e+000 -4.907271e+000 5.000000e+000
    endloop
  endfacet
  facet normal -7.626002e-001 6.468701e-001 3.228060e-005
    outer loop
      vertex   5.889094e+000 -5.250599e+000 5.000000e+000
      vertex   5.882898e+000 -5.257655e+000 0.000000e+000
      vertex   5.589849e+000 -5.603382e+000 5.000000e+000
    endloop
  endfacet
  facet normal -7.703041e-001 6.376759e-001 -1.054980e-003
    outer loop
      vertex   5.589849e+000 -5.603382e+000 5.000000e+000
      vertex   5.882898e+000 -5.257655e+000 0.000000e+000
      vertex   5.399157e+000 -5.842008e+000 0.000000e+000
    endloop
  endfacet
  facet normal -8.059616e-001 5.919674e-001 -7.193155e-004
    outer loop
      vertex   5.303903e+000 -5.965620e+000 5.000000e+000
      vertex   5.399157e+000 -5.842008e+000 0.000000e+000
      vertex   4.951248e+000 -6.451834e+000 0.000000e+000
    endloop
  endfacet
  facet normal -8.063307e-001 5.914647e-001 -6.443970e-004
    outer loop
      vertex   5.031257e+000 -6.337313e+000 5.000000e+000
      vertex   5.303903e+000 -5.965620e+000 5.000000e+000
      vertex   4.951248e+000 -6.451834e+000 0.000000e+000
    endloop
  endfacet
  facet normal -7.849157e-001 6.196025e-001 3.648341e-004
    outer loop
      vertex   5.589849e+000 -5.603382e+000 5.000000e+000
      vertex   5.399157e+000 -5.842008e+000 0.000000e+000
      vertex   5.303903e+000 -5.965620e+000 5.000000e+000
    endloop
  endfacet
  facet normal -8.389668e-001 5.441816e-001 -1.073125e-003
    outer loop
      vertex   4.951248e+000 -6.451834e+000 0.000000e+000
      vertex   4.539172e+000 -7.087133e+000 0.000000e+000
      vertex   4.771910e+000 -6.718460e+000 5.000000e+000
    endloop
  endfacet
  facet normal -8.643609e-001 5.028720e-001 -9.520496e-005
    outer loop
      vertex   4.525864e+000 -7.109061e+000 5.000000e+000
      vertex   4.539172e+000 -7.087133e+000 0.000000e+000
      vertex   4.293117e+000 -7.509117e+000 5.000000e+000
    endloop
  endfacet
  facet normal -8.690012e-001 4.948089e-001 -1.004061e-003
    outer loop
      vertex   4.293117e+000 -7.509117e+000 5.000000e+000
      vertex   4.539172e+000 -7.087133e+000 0.000000e+000
      vertex   4.162929e+000 -7.747904e+000 0.000000e+000
    endloop
  endfacet
  facet normal -8.958384e-001 4.443791e-001 -8.190524e-004
    outer loop
      vertex   4.073670e+000 -7.918628e+000 5.000000e+000
      vertex   4.162929e+000 -7.747904e+000 0.000000e+000
      vertex   3.822519e+000 -8.434149e+000 0.000000e+000
    endloop
  endfacet
  facet normal -8.972664e-001 4.414894e-001 -4.493775e-004
    outer loop
      vertex   3.867523e+000 -8.337594e+000 5.000000e+000
      vertex   4.073670e+000 -7.918628e+000 5.000000e+000
      vertex   3.822519e+000 -8.434149e+000 0.000000e+000
    endloop
  endfacet
  facet normal -8.814207e-001 4.723318e-001 3.927650e-004
    outer loop
      vertex   4.293117e+000 -7.509117e+000 5.000000e+000
      vertex   4.162929e+000 -7.747904e+000 0.000000e+000
      vertex   4.073670e+000 -7.918628e+000 5.000000e+000
    endloop
  endfacet
  facet normal -9.193520e-001 3.934345e-001 -1.070442e-003
    outer loop
      vertex   3.822519e+000 -8.434149e+000 0.000000e+000
      vertex   3.517941e+000 -9.145867e+000 0.000000e+000
      vertex   3.674676e+000 -8.766014e+000 5.000000e+000
    endloop
  endfacet
  facet normal -9.373591e-001 3.483646e-001 -2.340578e-004
    outer loop
      vertex   3.495129e+000 -9.203889e+000 5.000000e+000
      vertex   3.517941e+000 -9.145867e+000 0.000000e+000
      vertex   3.328881e+000 -9.651218e+000 5.000000e+000
    endloop
  endfacet
  facet normal -9.395161e-001 3.425036e-001 -9.079898e-004
    outer loop
      vertex   3.328881e+000 -9.651218e+000 5.000000e+000
      vertex   3.517941e+000 -9.145867e+000 0.000000e+000
      vertex   3.249196e+000 -9.883057e+000 0.000000e+000
    endloop
  endfacet
  facet normal -9.563945e-001 2.920767e-001 -8.733069e-004
    outer loop
      vertex   3.175933e+000 -1.010800e+001 5.000000e+000
      vertex   3.249196e+000 -9.883057e+000 0.000000e+000
      vertex   3.016283e+000 -1.064572e+001 0.000000e+000
    endloop
  endfacet
  facet normal -9.579526e-001 2.869264e-001 -2.696727e-004
    outer loop
      vertex   3.036285e+000 -1.057424e+001 5.000000e+000
      vertex   3.175933e+000 -1.010800e+001 5.000000e+000
      vertex   3.016283e+000 -1.064572e+001 0.000000e+000
    endloop
  endfacet
  facet normal -9.482548e-001 3.175100e-001 3.901783e-004
    outer loop
      vertex   3.328881e+000 -9.651218e+000 5.000000e+000
      vertex   3.249196e+000 -9.883057e+000 0.000000e+000
      vertex   3.175933e+000 -1.010800e+001 5.000000e+000
    endloop
  endfacet
  facet normal -9.701288e-001 2.425884e-001 -1.022373e-003
    outer loop
      vertex   3.016283e+000 -1.064572e+001 0.000000e+000
      vertex   2.819203e+000 -1.143386e+001 0.000000e+000
      vertex   2.909937e+000 -1.104993e+001 5.000000e+000
    endloop
  endfacet
  facet normal -9.802637e-001 1.976939e-001 -3.725372e-004
    outer loop
      vertex   2.796889e+000 -1.153508e+001 5.000000e+000
      vertex   2.819203e+000 -1.143386e+001 0.000000e+000
      vertex   2.697140e+000 -1.202968e+001 5.000000e+000
    endloop
  endfacet
  facet normal -9.981813e-001 6.028044e-002 -6.369044e-004
    outer loop
      vertex   2.442960e+000 -1.395110e+001 0.000000e+000
      vertex   2.389211e+000 -1.484113e+001 0.000000e+000
      vertex   2.397894e+000 -1.464452e+001 5.000000e+000
    endloop
  endfacet
  facet normal -9.998082e-001 1.956624e-002 -8.647644e-004
    outer loop
      vertex   2.389211e+000 -1.484113e+001 0.000000e+000
      vertex   2.371295e+000 -1.575663e+001 0.000000e+000
      vertex   2.377945e+000 -1.519585e+001 5.000000e+000
    endloop
  endfacet
  facet normal -9.998082e-001 1.956624e-002 8.647644e-004
    outer loop
      vertex   2.371295e+000 -1.575663e+001 1.000000e+001
      vertex   2.389211e+000 -1.484113e+001 1.000000e+001
      vertex   2.377945e+000 -1.519585e+001 5.000000e+000
    endloop
  endfacet
  facet normal -9.993459e-001 3.616102e-002 -3.135635e-004
    outer loop
      vertex   2.377945e+000 -1.519585e+001 5.000000e+000
      vertex   2.389211e+000 -1.484113e+001 1.000000e+001
      vertex   2.397894e+000 -1.464452e+001 5.000000e+000
    endloop
  endfacet
  facet normal 1.385003e-002 9.999041e-001 -0.000000e+000
    outer loop
      vertex   1.965679e+001 -7.848100e-007 0.000000e+000
      vertex   1.965679e+001 -7.848100e-007 1.000000e+001
      vertex   2.040240e+001 -1.032861e-002 5.000000e+000
    endloop
  endfacet
  facet normal 4.165115e-002 9.991321e-001 5.091917e-004
    outer loop
      vertex   2.082391e+001 -2.535180e-002 0.000000e+000
      vertex   2.040240e+001 -1.032861e-002 5.000000e+000
      vertex   2.114564e+001 -4.131208e-002 5.000000e+000
    endloop
  endfacet
  facet normal 6.953369e-002 9.975796e-001 -3.141944e-004
    outer loop
      vertex   2.198518e+001 -1.014048e-001 0.000000e+000
      vertex   2.114564e+001 -4.131208e-002 5.000000e+000
      vertex   2.188649e+001 -9.295121e-002 5.000000e+000
    endloop
  endfacet
  facet normal 9.743252e-002 9.952421e-001 -2.404182e-004
    outer loop
      vertex   2.262496e+001 -1.652460e-001 5.000000e+000
      vertex   2.188649e+001 -9.295121e-002 5.000000e+000
      vertex   2.198518e+001 -1.014048e-001 1.000000e+001
    endloop
  endfacet
  facet normal 1.090503e-001 9.940354e-001 1.261552e-003
    outer loop
      vertex   2.314060e+001 -2.281599e-001 1.000000e+001
      vertex   2.262496e+001 -1.652460e-001 5.000000e+000
      vertex   2.198518e+001 -1.014048e-001 1.000000e+001
    endloop
  endfacet
  facet normal 1.252819e-001 9.921211e-001 -4.364716e-004
    outer loop
      vertex   2.314060e+001 -2.281599e-001 1.000000e+001
      vertex   2.336104e+001 -2.581964e-001 5.000000e+000
      vertex   2.262496e+001 -1.652460e-001 5.000000e+000
    endloop
  endfacet
  facet normal 1.525610e-001 9.882937e-001 7.892190e-004
    outer loop
      vertex   2.314060e+001 -2.281599e-001 1.000000e+001
      vertex   2.429017e+001 -4.056170e-001 1.000000e+001
      vertex   2.336104e+001 -2.581964e-001 5.000000e+000
    endloop
  endfacet
  facet normal 1.530162e-001 9.882234e-001 7.025686e-004
    outer loop
      vertex   2.336104e+001 -2.581964e-001 5.000000e+000
      vertex   2.429017e+001 -4.056170e-001 1.000000e+001
      vertex   2.409474e+001 -3.718025e-001 5.000000e+000
    endloop
  endfacet
  facet normal 1.810240e-001 9.834786e-001 4.242177e-004
    outer loop
      vertex   2.429017e+001 -4.056170e-001 0.000000e+000
      vertex   2.409474e+001 -3.718025e-001 5.000000e+000
      vertex   2.482649e+001 -5.064912e-001 5.000000e+000
    endloop
  endfacet
  facet normal 2.081924e-001 9.780879e-001 9.187019e-005
    outer loop
      vertex   2.486325e+001 -5.138463e-001 0.000000e+000
      vertex   2.482649e+001 -5.064912e-001 5.000000e+000
      vertex   2.543584e+001 -6.357262e-001 0.000000e+000
    endloop
  endfacet
  facet normal 1.855754e-001 9.826300e-001 -8.109635e-005
    outer loop
      vertex   2.486325e+001 -5.138463e-001 0.000000e+000
      vertex   2.429017e+001 -4.056170e-001 0.000000e+000
      vertex   2.482649e+001 -5.064912e-001 5.000000e+000
    endloop
  endfacet
  facet normal 6.535115e-002 9.978618e-001 1.019869e-003
    outer loop
      vertex   2.198518e+001 -1.014048e-001 1.000000e+001
      vertex   2.114564e+001 -4.131208e-002 5.000000e+000
      vertex   2.082391e+001 -2.535180e-002 1.000000e+001
    endloop
  endfacet
  facet normal 6.953369e-002 9.975796e-001 3.141944e-004
    outer loop
      vertex   2.198518e+001 -1.014048e-001 1.000000e+001
      vertex   2.188649e+001 -9.295121e-002 5.000000e+000
      vertex   2.114564e+001 -4.131208e-002 5.000000e+000
    endloop
  endfacet
  facet normal 1.810240e-001 9.834786e-001 -4.242177e-004
    outer loop
      vertex   2.409474e+001 -3.718025e-001 5.000000e+000
      vertex   2.429017e+001 -4.056170e-001 1.000000e+001
      vertex   2.482649e+001 -5.064912e-001 5.000000e+000
    endloop
  endfacet
  facet normal 1.855754e-001 9.826300e-001 8.109635e-005
    outer loop
      vertex   2.482649e+001 -5.064912e-001 5.000000e+000
      vertex   2.429017e+001 -4.056170e-001 1.000000e+001
      vertex   2.486325e+001 -5.138463e-001 1.000000e+001
    endloop
  endfacet
  facet normal 2.081924e-001 9.780879e-001 -9.187019e-005
    outer loop
      vertex   2.543584e+001 -6.357262e-001 1.000000e+001
      vertex   2.482649e+001 -5.064912e-001 5.000000e+000
      vertex   2.486325e+001 -5.138463e-001 1.000000e+001
    endloop
  endfacet
  facet normal 2.098571e-001 9.777320e-001 -3.039493e-004
    outer loop
      vertex   2.543584e+001 -6.357262e-001 1.000000e+001
      vertex   2.555738e+001 -6.633678e-001 5.000000e+000
      vertex   2.482649e+001 -5.064912e-001 5.000000e+000
    endloop
  endfacet
  facet normal 2.305180e-001 9.730680e-001 2.240654e-004
    outer loop
      vertex   2.543584e+001 -6.357262e-001 1.000000e+001
      vertex   2.600795e+001 -7.712566e-001 1.000000e+001
      vertex   2.555738e+001 -6.633678e-001 5.000000e+000
    endloop
  endfacet
  facet normal 2.401493e-001 9.707357e-001 -6.941631e-004
    outer loop
      vertex   2.555738e+001 -6.633678e-001 5.000000e+000
      vertex   2.600795e+001 -7.712566e-001 1.000000e+001
      vertex   2.638486e+001 -8.680757e-001 5.000000e+000
    endloop
  endfacet
  facet normal 2.525227e-001 9.675909e-001 -2.994593e-004
    outer loop
      vertex   2.600795e+001 -7.712566e-001 0.000000e+000
      vertex   2.638486e+001 -8.680757e-001 5.000000e+000
      vertex   2.657956e+001 -9.204376e-001 0.000000e+000
    endloop
  endfacet
  facet normal 2.401493e-001 9.707357e-001 6.941631e-004
    outer loop
      vertex   2.600795e+001 -7.712566e-001 0.000000e+000
      vertex   2.555738e+001 -6.633678e-001 5.000000e+000
      vertex   2.638486e+001 -8.680757e-001 5.000000e+000
    endloop
  endfacet
  facet normal 2.305180e-001 9.730680e-001 -2.240654e-004
    outer loop
      vertex   2.600795e+001 -7.712566e-001 0.000000e+000
      vertex   2.543584e+001 -6.357262e-001 0.000000e+000
      vertex   2.555738e+001 -6.633678e-001 5.000000e+000
    endloop
  endfacet
  facet normal 2.098571e-001 9.777320e-001 3.039493e-004
    outer loop
      vertex   2.555738e+001 -6.633678e-001 5.000000e+000
      vertex   2.543584e+001 -6.357262e-001 0.000000e+000
      vertex   2.482649e+001 -5.064912e-001 5.000000e+000
    endloop
  endfacet
  facet normal 2.525227e-001 9.675909e-001 2.994593e-004
    outer loop
      vertex   2.600795e+001 -7.712566e-001 1.000000e+001
      vertex   2.657956e+001 -9.204376e-001 1.000000e+001
      vertex   2.638486e+001 -8.680757e-001 5.000000e+000
    endloop
  endfacet
  facet normal 2.716583e-001 9.623936e-001 -5.001312e-004
    outer loop
      vertex   2.638486e+001 -8.680757e-001 5.000000e+000
      vertex   2.657956e+001 -9.204376e-001 1.000000e+001
      vertex   2.721131e+001 -1.101361e+000 5.000000e+000
    endloop
  endfacet
  facet normal 2.741790e-001 9.616787e-001 1.557692e-004
    outer loop
      vertex   2.657956e+001 -9.204376e-001 0.000000e+000
      vertex   2.721131e+001 -1.101361e+000 5.000000e+000
      vertex   2.715069e+001 -1.083269e+000 0.000000e+000
    endloop
  endfacet
  facet normal 2.716583e-001 9.623936e-001 5.001312e-004
    outer loop
      vertex   2.657956e+001 -9.204376e-001 0.000000e+000
      vertex   2.638486e+001 -8.680757e-001 5.000000e+000
      vertex   2.721131e+001 -1.101361e+000 5.000000e+000
    endloop
  endfacet
  facet normal 2.741790e-001 9.616787e-001 -1.557692e-004
    outer loop
      vertex   2.657956e+001 -9.204376e-001 1.000000e+001
      vertex   2.715069e+001 -1.083269e+000 1.000000e+001
      vertex   2.721131e+001 -1.101361e+000 5.000000e+000
    endloop
  endfacet
  facet normal 2.954620e-001 9.553545e-001 1.251425e-004
    outer loop
      vertex   2.721131e+001 -1.101361e+000 5.000000e+000
      vertex   2.715069e+001 -1.083269e+000 1.000000e+001
      vertex   2.772133e+001 -1.259751e+000 1.000000e+001
    endloop
  endfacet
  facet normal 3.163494e-001 9.486427e-001 3.238991e-004
    outer loop
      vertex   2.803674e+001 -1.363225e+000 5.000000e+000
      vertex   2.772133e+001 -1.259751e+000 1.000000e+001
      vertex   2.829149e+001 -1.449884e+000 1.000000e+001
    endloop
  endfacet
  facet normal 3.368212e-001 9.415683e-001 -8.417285e-004
    outer loop
      vertex   2.886115e+001 -1.653667e+000 1.000000e+001
      vertex   2.803674e+001 -1.363225e+000 5.000000e+000
      vertex   2.829149e+001 -1.449884e+000 1.000000e+001
    endloop
  endfacet
  facet normal 3.298791e-001 9.440231e-001 4.454910e-004
    outer loop
      vertex   2.886115e+001 -1.653667e+000 1.000000e+001
      vertex   2.829149e+001 -1.449884e+000 0.000000e+000
      vertex   2.803674e+001 -1.363225e+000 5.000000e+000
    endloop
  endfacet
  facet normal 3.368213e-001 9.415686e-001 0.000000e+000
    outer loop
      vertex   2.886115e+001 -1.653667e+000 1.000000e+001
      vertex   2.886115e+001 -1.653667e+000 0.000000e+000
      vertex   2.829149e+001 -1.449884e+000 0.000000e+000
    endloop
  endfacet
  facet normal 3.023921e-001 9.531834e-001 -6.505260e-004
    outer loop
      vertex   2.721131e+001 -1.101361e+000 5.000000e+000
      vertex   2.772133e+001 -1.259751e+000 1.000000e+001
      vertex   2.803674e+001 -1.363225e+000 5.000000e+000
    endloop
  endfacet
  facet normal 3.163494e-001 9.486427e-001 -3.238991e-004
    outer loop
      vertex   2.772133e+001 -1.259751e+000 0.000000e+000
      vertex   2.803674e+001 -1.363225e+000 5.000000e+000
      vertex   2.829149e+001 -1.449884e+000 0.000000e+000
    endloop
  endfacet
  facet normal 3.023921e-001 9.531834e-001 6.505260e-004
    outer loop
      vertex   2.772133e+001 -1.259751e+000 0.000000e+000
      vertex   2.721131e+001 -1.101361e+000 5.000000e+000
      vertex   2.803674e+001 -1.363225e+000 5.000000e+000
    endloop
  endfacet
  facet normal 2.954620e-001 9.553545e-001 -1.251425e-004
    outer loop
      vertex   2.772133e+001 -1.259751e+000 0.000000e+000
      vertex   2.715069e+001 -1.083269e+000 0.000000e+000
      vertex   2.721131e+001 -1.101361e+000 5.000000e+000
    endloop
  endfacet
  facet normal 1.530162e-001 9.882234e-001 -7.025686e-004
    outer loop
      vertex   2.409474e+001 -3.718025e-001 5.000000e+000
      vertex   2.429017e+001 -4.056170e-001 0.000000e+000
      vertex   2.336104e+001 -2.581964e-001 5.000000e+000
    endloop
  endfacet
  facet normal 1.525610e-001 9.882937e-001 -7.892190e-004
    outer loop
      vertex   2.336104e+001 -2.581964e-001 5.000000e+000
      vertex   2.429017e+001 -4.056170e-001 0.000000e+000
      vertex   2.314060e+001 -2.281599e-001 0.000000e+000
    endloop
  endfacet
  facet normal 1.090503e-001 9.940354e-001 -1.261552e-003
    outer loop
      vertex   2.262496e+001 -1.652460e-001 5.000000e+000
      vertex   2.314060e+001 -2.281599e-001 0.000000e+000
      vertex   2.198518e+001 -1.014048e-001 0.000000e+000
    endloop
  endfacet
  facet normal 9.743252e-002 9.952421e-001 2.404182e-004
    outer loop
      vertex   2.188649e+001 -9.295121e-002 5.000000e+000
      vertex   2.262496e+001 -1.652460e-001 5.000000e+000
      vertex   2.198518e+001 -1.014048e-001 0.000000e+000
    endloop
  endfacet
  facet normal 1.252819e-001 9.921211e-001 4.364716e-004
    outer loop
      vertex   2.336104e+001 -2.581964e-001 5.000000e+000
      vertex   2.314060e+001 -2.281599e-001 0.000000e+000
      vertex   2.262496e+001 -1.652460e-001 5.000000e+000
    endloop
  endfacet
  facet normal 6.535115e-002 9.978618e-001 -1.019869e-003
    outer loop
      vertex   2.198518e+001 -1.014048e-001 0.000000e+000
      vertex   2.082391e+001 -2.535180e-002 0.000000e+000
      vertex   2.114564e+001 -4.131208e-002 5.000000e+000
    endloop
  endfacet
  facet normal 2.171583e-002 9.997635e-001 -1.173267e-003
    outer loop
      vertex   2.082391e+001 -2.535180e-002 0.000000e+000
      vertex   1.965679e+001 -7.848100e-007 0.000000e+000
      vertex   2.040240e+001 -1.032861e-002 5.000000e+000
    endloop
  endfacet
  facet normal 2.171583e-002 9.997635e-001 1.173267e-003
    outer loop
      vertex   1.965679e+001 -7.848100e-007 1.000000e+001
      vertex   2.082391e+001 -2.535180e-002 1.000000e+001
      vertex   2.040240e+001 -1.032861e-002 5.000000e+000
    endloop
  endfacet
  facet normal 4.165115e-002 9.991321e-001 -5.091917e-004
    outer loop
      vertex   2.040240e+001 -1.032861e-002 5.000000e+000
      vertex   2.082391e+001 -2.535180e-002 1.000000e+001
      vertex   2.114564e+001 -4.131208e-002 5.000000e+000
    endloop
  endfacet
  facet normal 1.000000e+000 -0.000000e+000 0.000000e+000
    outer loop
      vertex   2.886115e+001 -9.485180e+000 1.000000e+001
      vertex   2.886115e+001 -9.485180e+000 0.000000e+000
      vertex   2.886115e+001 -1.653667e+000 1.000000e+001
    endloop
  endfacet
  facet normal 1.000000e+000 -0.000000e+000 0.000000e+000
    outer loop
      vertex   2.886115e+001 -1.653667e+000 1.000000e+001
      vertex   2.886115e+001 -9.485180e+000 0.000000e+000
      vertex   2.886115e+001 -1.653667e+000 0.000000e+000
    endloop
  endfacet
  facet normal 0.000000e+000 -0.000000e+000 1.000000e+000
    outer loop
      vertex   2.034632e+001 -6.873416e+000 1.000000e+001
      vertex   2.084243e+001 -6.864275e+000 1.000000e+001
      vertex   4.951248e+000 -6.451834e+000 1.000000e+001
    endloop
  endfacet
  facet normal 0.000000e+000 0.000000e+000 1.000000e+000
    outer loop
      vertex   1.986423e+001 -6.900839e+000 1.000000e+001
      vertex   4.951248e+000 -6.451834e+000 1.000000e+001
      vertex   1.939615e+001 -6.946544e+000 1.000000e+001
    endloop
  endfacet
  facet normal 0.000000e+000 -0.000000e+000 1.000000e+000
    outer loop
      vertex   1.986423e+001 -6.900839e+000 1.000000e+001
      vertex   2.034632e+001 -6.873416e+000 1.000000e+001
      vertex   4.951248e+000 -6.451834e+000 1.000000e+001
    endloop
  endfacet
  facet normal 0.000000e+000 0.000000e+000 1.000000e+000
    outer loop
      vertex   2.189353e+001 -6.904252e+000 1.000000e+001
      vertex   5.399157e+000 -5.842008e+000 1.000000e+001
      vertex   2.137042e+001 -6.874270e+000 1.000000e+001
    endloop
  endfacet
  facet normal 0.000000e+000 0.000000e+000 1.000000e+000
    outer loop
      vertex   2.189353e+001 -6.904252e+000 1.000000e+001
      vertex   5.882898e+000 -5.257655e+000 1.000000e+001
      vertex   5.399157e+000 -5.842008e+000 1.000000e+001
    endloop
  endfacet
  facet normal -0.000000e+000 -0.000000e+000 1.000000e+000
    outer loop
      vertex   2.189353e+001 -6.904252e+000 1.000000e+001
      vertex   2.241176e+001 -6.954223e+000 1.000000e+001
      vertex   5.882898e+000 -5.257655e+000 1.000000e+001
    endloop
  endfacet
  facet normal -0.000000e+000 -0.000000e+000 1.000000e+000
    outer loop
      vertex   5.882898e+000 -5.257655e+000 1.000000e+001
      vertex   2.241176e+001 -6.954223e+000 1.000000e+001
      vertex   6.402472e+000 -4.698775e+000 1.000000e+001
    endloop
  endfacet
  facet normal 0.000000e+000 0.000000e+000 1.000000e+000
    outer loop
      vertex   6.402472e+000 -4.698775e+000 1.000000e+001
      vertex   2.241176e+001 -6.954223e+000 1.000000e+001
      vertex   2.292512e+001 -7.024182e+000 1.000000e+001
    endloop
  endfacet
  facet normal 0.000000e+000 0.000000e+000 1.000000e+000
    outer loop
      vertex   6.957878e+000 -4.165367e+000 1.000000e+001
      vertex   2.292512e+001 -7.024182e+000 1.000000e+001
      vertex   2.343360e+001 -7.114129e+000 1.000000e+001
    endloop
  endfacet
  facet normal -0.000000e+000 -0.000000e+000 1.000000e+000
    outer loop
      vertex   7.544974e+000 -3.660968e+000 1.000000e+001
      vertex   2.343360e+001 -7.114129e+000 1.000000e+001
      vertex   8.159614e+000 -3.189110e+000 1.000000e+001
    endloop
  endfacet
  facet normal 0.000000e+000 0.000000e+000 1.000000e+000
    outer loop
      vertex   7.544974e+000 -3.660968e+000 1.000000e+001
      vertex   6.957878e+000 -4.165367e+000 1.000000e+001
      vertex   2.343360e+001 -7.114129e+000 1.000000e+001
    endloop
  endfacet
  facet normal -0.000000e+000 -0.000000e+000 1.000000e+000
    outer loop
      vertex   6.402472e+000 -4.698775e+000 1.000000e+001
      vertex   2.292512e+001 -7.024182e+000 1.000000e+001
      vertex   6.957878e+000 -4.165367e+000 1.000000e+001
    endloop
  endfacet
  facet normal -0.000000e+000 -0.000000e+000 1.000000e+000
    outer loop
      vertex   2.343360e+001 -7.114129e+000 1.000000e+001
      vertex   2.393721e+001 -7.224065e+000 1.000000e+001
      vertex   8.159614e+000 -3.189110e+000 1.000000e+001
    endloop
  endfacet
  facet normal -0.000000e+000 -0.000000e+000 1.000000e+000
    outer loop
      vertex   8.159614e+000 -3.189110e+000 1.000000e+001
      vertex   2.393721e+001 -7.224065e+000 1.000000e+001
      vertex   8.801799e+000 -2.749794e+000 1.000000e+001
    endloop
  endfacet
  facet normal 0.000000e+000 0.000000e+000 1.000000e+000
    outer loop
      vertex   8.801799e+000 -2.749794e+000 1.000000e+001
      vertex   2.393721e+001 -7.224065e+000 1.000000e+001
      vertex   2.443594e+001 -7.353989e+000 1.000000e+001
    endloop
  endfacet
  facet normal 0.000000e+000 0.000000e+000 1.000000e+000
    outer loop
      vertex   9.471529e+000 -2.343020e+000 1.000000e+001
      vertex   2.443594e+001 -7.353989e+000 1.000000e+001
      vertex   2.492980e+001 -7.503901e+000 1.000000e+001
    endloop
  endfacet
  facet normal 0.000000e+000 0.000000e+000 1.000000e+000
    outer loop
      vertex   1.016880e+001 -1.968787e+000 1.000000e+001
      vertex   2.492980e+001 -7.503901e+000 1.000000e+001
      vertex   2.542122e+001 -7.674777e+000 1.000000e+001
    endloop
  endfacet
  facet normal 0.000000e+000 0.000000e+000 1.000000e+000
    outer loop
      vertex   2.886115e+001 -1.653667e+000 1.000000e+001
      vertex   2.542122e+001 -7.674777e+000 1.000000e+001
      vertex   2.591264e+001 -7.867590e+000 1.000000e+001
    endloop
  endfacet
  facet normal 0.000000e+000 -0.000000e+000 1.000000e+000
    outer loop
      vertex   2.640406e+001 -8.082343e+000 1.000000e+001
      vertex   2.886115e+001 -1.653667e+000 1.000000e+001
      vertex   2.591264e+001 -7.867590e+000 1.000000e+001
    endloop
  endfacet
  facet normal -0.000000e+000 0.000000e+000 1.000000e+000
    outer loop
      vertex   2.640406e+001 -8.082343e+000 1.000000e+001
      vertex   2.689548e+001 -8.319034e+000 1.000000e+001
      vertex   2.886115e+001 -1.653667e+000 1.000000e+001
    endloop
  endfacet
  facet normal 0.000000e+000 0.000000e+000 1.000000e+000
    outer loop
      vertex   2.886115e+001 -1.653667e+000 1.000000e+001
      vertex   2.689548e+001 -8.319034e+000 1.000000e+001
      vertex   2.738690e+001 -8.577663e+000 1.000000e+001
    endloop
  endfacet
  facet normal 0.000000e+000 -0.000000e+000 1.000000e+000
    outer loop
      vertex   2.787832e+001 -8.858230e+000 1.000000e+001
      vertex   2.886115e+001 -1.653667e+000 1.000000e+001
      vertex   2.738690e+001 -8.577663e+000 1.000000e+001
    endloop
  endfacet
  facet normal -0.000000e+000 0.000000e+000 1.000000e+000
    outer loop
      vertex   2.787832e+001 -8.858230e+000 1.000000e+001
      vertex   2.836973e+001 -9.160736e+000 1.000000e+001
      vertex   2.886115e+001 -1.653667e+000 1.000000e+001
    endloop
  endfacet
  facet normal 0.000000e+000 0.000000e+000 1.000000e+000
    outer loop
      vertex   2.886115e+001 -1.653667e+000 1.000000e+001
      vertex   2.836973e+001 -9.160736e+000 1.000000e+001
      vertex   2.886115e+001 -9.485180e+000 1.000000e+001
    endloop
  endfacet
  facet normal -0.000000e+000 -0.000000e+000 1.000000e+000
    outer loop
      vertex   8.801799e+000 -2.749794e+000 1.000000e+001
      vertex   2.443594e+001 -7.353989e+000 1.000000e+001
      vertex   9.471529e+000 -2.343020e+000 1.000000e+001
    endloop
  endfacet
  facet normal -0.000000e+000 -0.000000e+000 1.000000e+000
    outer loop
      vertex   9.471529e+000 -2.343020e+000 1.000000e+001
      vertex   2.492980e+001 -7.503901e+000 1.000000e+001
      vertex   1.016880e+001 -1.968787e+000 1.000000e+001
    endloop
  endfacet
  facet normal -0.000000e+000 0.000000e+000 1.000000e+000
    outer loop
      vertex   1.016880e+001 -1.968787e+000 1.000000e+001
      vertex   2.542122e+001 -7.674777e+000 1.000000e+001
      vertex   2.886115e+001 -1.653667e+000 1.000000e+001
    endloop
  endfacet
  facet normal -0.000000e+000 0.000000e+000 1.000000e+000
    outer loop
      vertex   2.829149e+001 -1.449884e+000 1.000000e+001
      vertex   1.016880e+001 -1.968787e+000 1.000000e+001
      vertex   2.886115e+001 -1.653667e+000 1.000000e+001
    endloop
  endfacet
  facet normal 0.000000e+000 0.000000e+000 1.000000e+000
    outer loop
      vertex   2.829149e+001 -1.449884e+000 1.000000e+001
      vertex   2.772133e+001 -1.259751e+000 1.000000e+001
      vertex   1.016880e+001 -1.968787e+000 1.000000e+001
    endloop
  endfacet
  facet normal 0.000000e+000 -0.000000e+000 1.000000e+000
    outer loop
      vertex   1.016880e+001 -1.968787e+000 1.000000e+001
      vertex   2.772133e+001 -1.259751e+000 1.000000e+001
      vertex   2.715069e+001 -1.083269e+000 1.000000e+001
    endloop
  endfacet
  facet normal -0.000000e+000 0.000000e+000 1.000000e+000
    outer loop
      vertex   2.657956e+001 -9.204376e-001 1.000000e+001
      vertex   1.016880e+001 -1.968787e+000 1.000000e+001
      vertex   2.715069e+001 -1.083269e+000 1.000000e+001
    endloop
  endfacet
  facet normal 0.000000e+000 0.000000e+000 1.000000e+000
    outer loop
      vertex   2.657956e+001 -9.204376e-001 1.000000e+001
      vertex   2.600795e+001 -7.712566e-001 1.000000e+001
      vertex   1.016880e+001 -1.968787e+000 1.000000e+001
    endloop
  endfacet
  facet normal 0.000000e+000 -0.000000e+000 1.000000e+000
    outer loop
      vertex   1.016880e+001 -1.968787e+000 1.000000e+001
      vertex   2.600795e+001 -7.712566e-001 1.000000e+001
      vertex   2.543584e+001 -6.357262e-001 1.000000e+001
    endloop
  endfacet
  facet normal -0.000000e+000 0.000000e+000 1.000000e+000
    outer loop
      vertex   2.486325e+001 -5.138463e-001 1.000000e+001
      vertex   1.016880e+001 -1.968787e+000 1.000000e+001
      vertex   2.543584e+001 -6.357262e-001 1.000000e+001
    endloop
  endfacet
  facet normal 0.000000e+000 0.000000e+000 1.000000e+000
    outer loop
      vertex   2.486325e+001 -5.138463e-001 1.000000e+001
      vertex   2.429017e+001 -4.056170e-001 1.000000e+001
      vertex   1.016880e+001 -1.968787e+000 1.000000e+001
    endloop
  endfacet
  facet normal 0.000000e+000 -0.000000e+000 1.000000e+000
    outer loop
      vertex   1.016880e+001 -1.968787e+000 1.000000e+001
      vertex   2.429017e+001 -4.056170e-001 1.000000e+001
      vertex   1.089362e+001 -1.627097e+000 1.000000e+001
    endloop
  endfacet
  facet normal 0.000000e+000 -0.000000e+000 1.000000e+000
    outer loop
      vertex   1.089362e+001 -1.627097e+000 1.000000e+001
      vertex   2.429017e+001 -4.056170e-001 1.000000e+001
      vertex   1.164599e+001 -1.317949e+000 1.000000e+001
    endloop
  endfacet
  facet normal 0.000000e+000 -0.000000e+000 1.000000e+000
    outer loop
      vertex   1.164599e+001 -1.317949e+000 1.000000e+001
      vertex   2.429017e+001 -4.056170e-001 1.000000e+001
      vertex   1.242590e+001 -1.041342e+000 1.000000e+001
    endloop
  endfacet
  facet normal 0.000000e+000 -0.000000e+000 1.000000e+000
    outer loop
      vertex   1.242590e+001 -1.041342e+000 1.000000e+001
      vertex   2.429017e+001 -4.056170e-001 1.000000e+001
      vertex   1.323335e+001 -7.972780e-001 1.000000e+001
    endloop
  endfacet
  facet normal 0.000000e+000 -0.000000e+000 1.000000e+000
    outer loop
      vertex   1.323335e+001 -7.972780e-001 1.000000e+001
      vertex   2.429017e+001 -4.056170e-001 1.000000e+001
      vertex   1.406835e+001 -5.857555e-001 1.000000e+001
    endloop
  endfacet
  facet normal 0.000000e+000 -0.000000e+000 1.000000e+000
    outer loop
      vertex   1.406835e+001 -5.857555e-001 1.000000e+001
      vertex   2.429017e+001 -4.056170e-001 1.000000e+001
      vertex   1.493089e+001 -4.067749e-001 1.000000e+001
    endloop
  endfacet
  facet normal 0.000000e+000 -0.000000e+000 1.000000e+000
    outer loop
      vertex   1.493089e+001 -4.067749e-001 1.000000e+001
      vertex   2.429017e+001 -4.056170e-001 1.000000e+001
      vertex   1.582098e+001 -2.603362e-001 1.000000e+001
    endloop
  endfacet
  facet normal -0.000000e+000 -0.000000e+000 1.000000e+000
    outer loop
      vertex   1.582098e+001 -2.603362e-001 1.000000e+001
      vertex   2.429017e+001 -4.056170e-001 1.000000e+001
      vertex   1.673862e+001 -1.464395e-001 1.000000e+001
    endloop
  endfacet
  facet normal -0.000000e+000 -0.000000e+000 1.000000e+000
    outer loop
      vertex   1.673862e+001 -1.464395e-001 1.000000e+001
      vertex   2.429017e+001 -4.056170e-001 1.000000e+001
      vertex   1.768379e+001 -6.508464e-002 1.000000e+001
    endloop
  endfacet
  facet normal -0.000000e+000 -0.000000e+000 1.000000e+000
    outer loop
      vertex   1.768379e+001 -6.508464e-002 1.000000e+001
      vertex   2.429017e+001 -4.056170e-001 1.000000e+001
      vertex   1.865652e+001 -1.627175e-002 1.000000e+001
    endloop
  endfacet
  facet normal -0.000000e+000 -0.000000e+000 1.000000e+000
    outer loop
      vertex   1.865652e+001 -1.627175e-002 1.000000e+001
      vertex   2.429017e+001 -4.056170e-001 1.000000e+001
      vertex   1.965679e+001 -7.848100e-007 1.000000e+001
    endloop
  endfacet
  facet normal -0.000000e+000 -0.000000e+000 1.000000e+000
    outer loop
      vertex   1.965679e+001 -7.848100e-007 1.000000e+001
      vertex   2.429017e+001 -4.056170e-001 1.000000e+001
      vertex   2.082391e+001 -2.535180e-002 1.000000e+001
    endloop
  endfacet
  facet normal -0.000000e+000 -0.000000e+000 1.000000e+000
    outer loop
      vertex   2.082391e+001 -2.535180e-002 1.000000e+001
      vertex   2.429017e+001 -4.056170e-001 1.000000e+001
      vertex   2.198518e+001 -1.014048e-001 1.000000e+001
    endloop
  endfacet
  facet normal -0.000000e+000 -0.000000e+000 1.000000e+000
    outer loop
      vertex   2.198518e+001 -1.014048e-001 1.000000e+001
      vertex   2.429017e+001 -4.056170e-001 1.000000e+001
      vertex   2.314060e+001 -2.281599e-001 1.000000e+001
    endloop
  endfacet
  facet normal 0.000000e+000 0.000000e+000 1.000000e+000
    outer loop
      vertex   5.399157e+000 -5.842008e+000 1.000000e+001
      vertex   4.951248e+000 -6.451834e+000 1.000000e+001
      vertex   2.137042e+001 -6.874270e+000 1.000000e+001
    endloop
  endfacet
  facet normal 0.000000e+000 0.000000e+000 1.000000e+000
    outer loop
      vertex   2.137042e+001 -6.874270e+000 1.000000e+001
      vertex   4.951248e+000 -6.451834e+000 1.000000e+001
      vertex   2.084243e+001 -6.864275e+000 1.000000e+001
    endloop
  endfacet
  facet normal -0.000000e+000 -0.000000e+000 1.000000e+000
    outer loop
      vertex   4.539172e+000 -7.087133e+000 1.000000e+001
      vertex   1.291342e+001 -1.201248e+001 1.000000e+001
      vertex   4.951248e+000 -6.451834e+000 1.000000e+001
    endloop
  endfacet
  facet normal -0.000000e+000 0.000000e+000 1.000000e+000
    outer loop
      vertex   4.539172e+000 -7.087133e+000 1.000000e+001
      vertex   1.278270e+001 -1.242931e+001 1.000000e+001
      vertex   1.291342e+001 -1.201248e+001 1.000000e+001
    endloop
  endfacet
  facet normal 0.000000e+000 0.000000e+000 1.000000e+000
    outer loop
      vertex   4.539172e+000 -7.087133e+000 1.000000e+001
      vertex   4.162929e+000 -7.747904e+000 1.000000e+001
      vertex   1.278270e+001 -1.242931e+001 1.000000e+001
    endloop
  endfacet
  facet normal 0.000000e+000 0.000000e+000 1.000000e+000
    outer loop
      vertex   1.278270e+001 -1.242931e+001 1.000000e+001
      vertex   4.162929e+000 -7.747904e+000 1.000000e+001
      vertex   1.266941e+001 -1.286077e+001 1.000000e+001
    endloop
  endfacet
  facet normal 0.000000e+000 0.000000e+000 1.000000e+000
    outer loop
      vertex   1.266941e+001 -1.286077e+001 1.000000e+001
      vertex   4.162929e+000 -7.747904e+000 1.000000e+001
      vertex   3.822519e+000 -8.434149e+000 1.000000e+001
    endloop
  endfacet
  facet normal -0.000000e+000 -0.000000e+000 1.000000e+000
    outer loop
      vertex   3.517941e+000 -9.145867e+000 1.000000e+001
      vertex   1.266941e+001 -1.286077e+001 1.000000e+001
      vertex   3.822519e+000 -8.434149e+000 1.000000e+001
    endloop
  endfacet
  facet normal -0.000000e+000 0.000000e+000 1.000000e+000
    outer loop
      vertex   3.517941e+000 -9.145867e+000 1.000000e+001
      vertex   1.257355e+001 -1.330685e+001 1.000000e+001
      vertex   1.266941e+001 -1.286077e+001 1.000000e+001
    endloop
  endfacet
  facet normal 0.000000e+000 0.000000e+000 1.000000e+000
    outer loop
      vertex   3.517941e+000 -9.145867e+000 1.000000e+001
      vertex   3.249196e+000 -9.883057e+000 1.000000e+001
      vertex   1.257355e+001 -1.330685e+001 1.000000e+001
    endloop
  endfacet
  facet normal 0.000000e+000 0.000000e+000 1.000000e+000
    outer loop
      vertex   1.257355e+001 -1.330685e+001 1.000000e+001
      vertex   3.249196e+000 -9.883057e+000 1.000000e+001
      vertex   3.016283e+000 -1.064572e+001 1.000000e+001
    endloop
  endfacet
  facet normal 0.000000e+000 0.000000e+000 1.000000e+000
    outer loop
      vertex   1.249512e+001 -1.376755e+001 1.000000e+001
      vertex   3.016283e+000 -1.064572e+001 1.000000e+001
      vertex   2.819203e+000 -1.143386e+001 1.000000e+001
    endloop
  endfacet
  facet normal 0.000000e+000 0.000000e+000 1.000000e+000
    outer loop
      vertex   1.243412e+001 -1.424288e+001 1.000000e+001
      vertex   2.819203e+000 -1.143386e+001 1.000000e+001
      vertex   2.657956e+000 -1.224747e+001 1.000000e+001
    endloop
  endfacet
  facet normal -0.000000e+000 -0.000000e+000 1.000000e+000
    outer loop
      vertex   2.532542e+000 -1.308655e+001 1.000000e+001
      vertex   1.243412e+001 -1.424288e+001 1.000000e+001
      vertex   2.657956e+000 -1.224747e+001 1.000000e+001
    endloop
  endfacet
  facet normal -0.000000e+000 0.000000e+000 1.000000e+000
    outer loop
      vertex   2.532542e+000 -1.308655e+001 1.000000e+001
      vertex   1.239055e+001 -1.473284e+001 1.000000e+001
      vertex   1.243412e+001 -1.424288e+001 1.000000e+001
    endloop
  endfacet
  facet normal 0.000000e+000 0.000000e+000 1.000000e+000
    outer loop
      vertex   2.532542e+000 -1.308655e+001 1.000000e+001
      vertex   2.442960e+000 -1.395110e+001 1.000000e+001
      vertex   1.239055e+001 -1.473284e+001 1.000000e+001
    endloop
  endfacet
  facet normal 0.000000e+000 0.000000e+000 1.000000e+000
    outer loop
      vertex   1.239055e+001 -1.473284e+001 1.000000e+001
      vertex   2.442960e+000 -1.395110e+001 1.000000e+001
      vertex   1.236441e+001 -1.523742e+001 1.000000e+001
    endloop
  endfacet
  facet normal 0.000000e+000 0.000000e+000 1.000000e+000
    outer loop
      vertex   1.236441e+001 -1.523742e+001 1.000000e+001
      vertex   2.442960e+000 -1.395110e+001 1.000000e+001
      vertex   2.389211e+000 -1.484113e+001 1.000000e+001
    endloop
  endfacet
  facet normal 0.000000e+000 0.000000e+000 1.000000e+000
    outer loop
      vertex   1.235569e+001 -1.575663e+001 1.000000e+001
      vertex   2.389211e+000 -1.484113e+001 1.000000e+001
      vertex   2.371295e+000 -1.575663e+001 1.000000e+001
    endloop
  endfacet
  facet normal 0.000000e+000 -0.000000e+000 1.000000e+000
    outer loop
      vertex   2.389211e+000 -1.667213e+001 1.000000e+001
      vertex   1.235569e+001 -1.575663e+001 1.000000e+001
      vertex   2.371295e+000 -1.575663e+001 1.000000e+001
    endloop
  endfacet
  facet normal 0.000000e+000 -0.000000e+000 1.000000e+000
    outer loop
      vertex   2.389211e+000 -1.667213e+001 1.000000e+001
      vertex   1.236441e+001 -1.627584e+001 1.000000e+001
      vertex   1.235569e+001 -1.575663e+001 1.000000e+001
    endloop
  endfacet
  facet normal -0.000000e+000 0.000000e+000 1.000000e+000
    outer loop
      vertex   2.389211e+000 -1.667213e+001 1.000000e+001
      vertex   2.442960e+000 -1.756216e+001 1.000000e+001
      vertex   1.236441e+001 -1.627584e+001 1.000000e+001
    endloop
  endfacet
  facet normal -0.000000e+000 0.000000e+000 1.000000e+000
    outer loop
      vertex   1.236441e+001 -1.627584e+001 1.000000e+001
      vertex   2.442960e+000 -1.756216e+001 1.000000e+001
      vertex   1.239055e+001 -1.678042e+001 1.000000e+001
    endloop
  endfacet
  facet normal 0.000000e+000 0.000000e+000 1.000000e+000
    outer loop
      vertex   1.239055e+001 -1.678042e+001 1.000000e+001
      vertex   2.442960e+000 -1.756216e+001 1.000000e+001
      vertex   2.532542e+000 -1.842671e+001 1.000000e+001
    endloop
  endfacet
  facet normal 0.000000e+000 0.000000e+000 1.000000e+000
    outer loop
      vertex   1.243412e+001 -1.727038e+001 1.000000e+001
      vertex   2.532542e+000 -1.842671e+001 1.000000e+001
      vertex   2.657956e+000 -1.926580e+001 1.000000e+001
    endloop
  endfacet
  facet normal 0.000000e+000 -0.000000e+000 1.000000e+000
    outer loop
      vertex   2.819203e+000 -2.007941e+001 1.000000e+001
      vertex   1.243412e+001 -1.727038e+001 1.000000e+001
      vertex   2.657956e+000 -1.926580e+001 1.000000e+001
    endloop
  endfacet
  facet normal 0.000000e+000 -0.000000e+000 1.000000e+000
    outer loop
      vertex   2.819203e+000 -2.007941e+001 1.000000e+001
      vertex   1.249512e+001 -1.774571e+001 1.000000e+001
      vertex   1.243412e+001 -1.727038e+001 1.000000e+001
    endloop
  endfacet
  facet normal -0.000000e+000 0.000000e+000 1.000000e+000
    outer loop
      vertex   2.819203e+000 -2.007941e+001 1.000000e+001
      vertex   3.016283e+000 -2.086754e+001 1.000000e+001
      vertex   1.249512e+001 -1.774571e+001 1.000000e+001
    endloop
  endfacet
  facet normal -0.000000e+000 0.000000e+000 1.000000e+000
    outer loop
      vertex   1.249512e+001 -1.774571e+001 1.000000e+001
      vertex   3.016283e+000 -2.086754e+001 1.000000e+001
      vertex   1.257355e+001 -1.820642e+001 1.000000e+001
    endloop
  endfacet
  facet normal 0.000000e+000 0.000000e+000 1.000000e+000
    outer loop
      vertex   1.257355e+001 -1.820642e+001 1.000000e+001
      vertex   3.016283e+000 -2.086754e+001 1.000000e+001
      vertex   3.249196e+000 -2.163021e+001 1.000000e+001
    endloop
  endfacet
  facet normal 0.000000e+000 -0.000000e+000 1.000000e+000
    outer loop
      vertex   3.517941e+000 -2.236740e+001 1.000000e+001
      vertex   1.257355e+001 -1.820642e+001 1.000000e+001
      vertex   3.249196e+000 -2.163021e+001 1.000000e+001
    endloop
  endfacet
  facet normal 0.000000e+000 -0.000000e+000 1.000000e+000
    outer loop
      vertex   3.517941e+000 -2.236740e+001 1.000000e+001
      vertex   1.266941e+001 -1.865250e+001 1.000000e+001
      vertex   1.257355e+001 -1.820642e+001 1.000000e+001
    endloop
  endfacet
  facet normal -0.000000e+000 0.000000e+000 1.000000e+000
    outer loop
      vertex   3.517941e+000 -2.236740e+001 1.000000e+001
      vertex   3.822519e+000 -2.307911e+001 1.000000e+001
      vertex   1.266941e+001 -1.865250e+001 1.000000e+001
    endloop
  endfacet
  facet normal 0.000000e+000 0.000000e+000 1.000000e+000
    outer loop
      vertex   1.266941e+001 -1.865250e+001 1.000000e+001
      vertex   3.822519e+000 -2.307911e+001 1.000000e+001
      vertex   4.162929e+000 -2.376536e+001 1.000000e+001
    endloop
  endfacet
  facet normal 0.000000e+000 0.000000e+000 1.000000e+000
    outer loop
      vertex   1.278270e+001 -1.908395e+001 1.000000e+001
      vertex   4.162929e+000 -2.376536e+001 1.000000e+001
      vertex   4.539172e+000 -2.442613e+001 1.000000e+001
    endloop
  endfacet
  facet normal 0.000000e+000 0.000000e+000 1.000000e+000
    outer loop
      vertex   1.291342e+001 -1.950078e+001 1.000000e+001
      vertex   4.539172e+000 -2.442613e+001 1.000000e+001
      vertex   4.951248e+000 -2.506143e+001 1.000000e+001
    endloop
  endfacet
  facet normal -0.000000e+000 0.000000e+000 1.000000e+000
    outer loop
      vertex   1.306156e+001 -1.990298e+001 1.000000e+001
      vertex   4.951248e+000 -2.506143e+001 1.000000e+001
      vertex   1.322714e+001 -2.029056e+001 1.000000e+001
    endloop
  endfacet
  facet normal 0.000000e+000 0.000000e+000 1.000000e+000
    outer loop
      vertex   1.306156e+001 -1.990298e+001 1.000000e+001
      vertex   1.291342e+001 -1.950078e+001 1.000000e+001
      vertex   4.951248e+000 -2.506143e+001 1.000000e+001
    endloop
  endfacet
  facet normal 0.000000e+000 0.000000e+000 1.000000e+000
    outer loop
      vertex   1.257355e+001 -1.330685e+001 1.000000e+001
      vertex   3.016283e+000 -1.064572e+001 1.000000e+001
      vertex   1.249512e+001 -1.376755e+001 1.000000e+001
    endloop
  endfacet
  facet normal 0.000000e+000 0.000000e+000 1.000000e+000
    outer loop
      vertex   1.249512e+001 -1.376755e+001 1.000000e+001
      vertex   2.819203e+000 -1.143386e+001 1.000000e+001
      vertex   1.243412e+001 -1.424288e+001 1.000000e+001
    endloop
  endfacet
  facet normal 0.000000e+000 0.000000e+000 1.000000e+000
    outer loop
      vertex   1.236441e+001 -1.523742e+001 1.000000e+001
      vertex   2.389211e+000 -1.484113e+001 1.000000e+001
      vertex   1.235569e+001 -1.575663e+001 1.000000e+001
    endloop
  endfacet
  facet normal -0.000000e+000 0.000000e+000 1.000000e+000
    outer loop
      vertex   1.239055e+001 -1.678042e+001 1.000000e+001
      vertex   2.532542e+000 -1.842671e+001 1.000000e+001
      vertex   1.243412e+001 -1.727038e+001 1.000000e+001
    endloop
  endfacet
  facet normal -0.000000e+000 0.000000e+000 1.000000e+000
    outer loop
      vertex   1.266941e+001 -1.865250e+001 1.000000e+001
      vertex   4.162929e+000 -2.376536e+001 1.000000e+001
      vertex   1.278270e+001 -1.908395e+001 1.000000e+001
    endloop
  endfacet
  facet normal -0.000000e+000 0.000000e+000 1.000000e+000
    outer loop
      vertex   1.278270e+001 -1.908395e+001 1.000000e+001
      vertex   4.539172e+000 -2.442613e+001 1.000000e+001
      vertex   1.291342e+001 -1.950078e+001 1.000000e+001
    endloop
  endfacet
  facet normal 0.000000e+000 -0.000000e+000 1.000000e+000
    outer loop
      vertex   5.399157e+000 -2.567125e+001 1.000000e+001
      vertex   2.084243e+001 -2.464899e+001 1.000000e+001
      vertex   4.951248e+000 -2.506143e+001 1.000000e+001
    endloop
  endfacet
  facet normal -0.000000e+000 0.000000e+000 1.000000e+000
    outer loop
      vertex   5.399157e+000 -2.567125e+001 1.000000e+001
      vertex   5.882898e+000 -2.625561e+001 1.000000e+001
      vertex   2.084243e+001 -2.464899e+001 1.000000e+001
    endloop
  endfacet
  facet normal 0.000000e+000 0.000000e+000 1.000000e+000
    outer loop
      vertex   2.084243e+001 -2.464899e+001 1.000000e+001
      vertex   5.882898e+000 -2.625561e+001 1.000000e+001
      vertex   6.402472e+000 -2.681449e+001 1.000000e+001
    endloop
  endfacet
  facet normal 0.000000e+000 -0.000000e+000 1.000000e+000
    outer loop
      vertex   6.957878e+000 -2.734789e+001 1.000000e+001
      vertex   2.084243e+001 -2.464899e+001 1.000000e+001
      vertex   6.402472e+000 -2.681449e+001 1.000000e+001
    endloop
  endfacet
  facet normal -0.000000e+000 0.000000e+000 1.000000e+000
    outer loop
      vertex   6.957878e+000 -2.734789e+001 1.000000e+001
      vertex   7.544974e+000 -2.785229e+001 1.000000e+001
      vertex   2.084243e+001 -2.464899e+001 1.000000e+001
    endloop
  endfacet
  facet normal 0.000000e+000 0.000000e+000 1.000000e+000
    outer loop
      vertex   2.084243e+001 -2.464899e+001 1.000000e+001
      vertex   7.544974e+000 -2.785229e+001 1.000000e+001
      vertex   8.159614e+000 -2.832415e+001 1.000000e+001
    endloop
  endfacet
  facet normal 0.000000e+000 -0.000000e+000 1.000000e+000
    outer loop
      vertex   8.801799e+000 -2.876347e+001 1.000000e+001
      vertex   2.084243e+001 -2.464899e+001 1.000000e+001
      vertex   8.159614e+000 -2.832415e+001 1.000000e+001
    endloop
  endfacet
  facet normal -0.000000e+000 0.000000e+000 1.000000e+000
    outer loop
      vertex   8.801799e+000 -2.876347e+001 1.000000e+001
      vertex   9.471529e+000 -2.917024e+001 1.000000e+001
      vertex   2.084243e+001 -2.464899e+001 1.000000e+001
    endloop
  endfacet
  facet normal 0.000000e+000 0.000000e+000 1.000000e+000
    outer loop
      vertex   2.084243e+001 -2.464899e+001 1.000000e+001
      vertex   9.471529e+000 -2.917024e+001 1.000000e+001
      vertex   1.016880e+001 -2.954447e+001 1.000000e+001
    endloop
  endfacet
  facet normal 0.000000e+000 -0.000000e+000 1.000000e+000
    outer loop
      vertex   1.089362e+001 -2.988616e+001 1.000000e+001
      vertex   2.084243e+001 -2.464899e+001 1.000000e+001
      vertex   1.016880e+001 -2.954447e+001 1.000000e+001
    endloop
  endfacet
  facet normal -0.000000e+000 0.000000e+000 1.000000e+000
    outer loop
      vertex   1.089362e+001 -2.988616e+001 1.000000e+001
      vertex   1.164599e+001 -3.019531e+001 1.000000e+001
      vertex   2.084243e+001 -2.464899e+001 1.000000e+001
    endloop
  endfacet
  facet normal 0.000000e+000 0.000000e+000 1.000000e+000
    outer loop
      vertex   2.084243e+001 -2.464899e+001 1.000000e+001
      vertex   1.164599e+001 -3.019531e+001 1.000000e+001
      vertex   1.242590e+001 -3.047192e+001 1.000000e+001
    endloop
  endfacet
  facet normal 0.000000e+000 -0.000000e+000 1.000000e+000
    outer loop
      vertex   1.323335e+001 -3.071598e+001 1.000000e+001
      vertex   2.084243e+001 -2.464899e+001 1.000000e+001
      vertex   1.242590e+001 -3.047192e+001 1.000000e+001
    endloop
  endfacet
  facet normal -0.000000e+000 0.000000e+000 1.000000e+000
    outer loop
      vertex   1.323335e+001 -3.071598e+001 1.000000e+001
      vertex   1.406835e+001 -3.092751e+001 1.000000e+001
      vertex   2.084243e+001 -2.464899e+001 1.000000e+001
    endloop
  endfacet
  facet normal 0.000000e+000 0.000000e+000 1.000000e+000
    outer loop
      vertex   2.084243e+001 -2.464899e+001 1.000000e+001
      vertex   1.406835e+001 -3.092751e+001 1.000000e+001
      vertex   1.493089e+001 -3.110649e+001 1.000000e+001
    endloop
  endfacet
  facet normal 0.000000e+000 -0.000000e+000 1.000000e+000
    outer loop
      vertex   1.582098e+001 -3.125293e+001 1.000000e+001
      vertex   2.084243e+001 -2.464899e+001 1.000000e+001
      vertex   1.493089e+001 -3.110649e+001 1.000000e+001
    endloop
  endfacet
  facet normal -0.000000e+000 0.000000e+000 1.000000e+000
    outer loop
      vertex   1.582098e+001 -3.125293e+001 1.000000e+001
      vertex   1.673862e+001 -3.136682e+001 1.000000e+001
      vertex   2.084243e+001 -2.464899e+001 1.000000e+001
    endloop
  endfacet
  facet normal 0.000000e+000 0.000000e+000 1.000000e+000
    outer loop
      vertex   2.084243e+001 -2.464899e+001 1.000000e+001
      vertex   1.673862e+001 -3.136682e+001 1.000000e+001
      vertex   1.768379e+001 -3.144818e+001 1.000000e+001
    endloop
  endfacet
  facet normal 0.000000e+000 -0.000000e+000 1.000000e+000
    outer loop
      vertex   1.865652e+001 -3.149699e+001 1.000000e+001
      vertex   2.084243e+001 -2.464899e+001 1.000000e+001
      vertex   1.768379e+001 -3.144818e+001 1.000000e+001
    endloop
  endfacet
  facet normal -0.000000e+000 0.000000e+000 1.000000e+000
    outer loop
      vertex   1.865652e+001 -3.149699e+001 1.000000e+001
      vertex   1.965679e+001 -3.151326e+001 1.000000e+001
      vertex   2.084243e+001 -2.464899e+001 1.000000e+001
    endloop
  endfacet
  facet normal -0.000000e+000 0.000000e+000 1.000000e+000
    outer loop
      vertex   2.084243e+001 -2.464899e+001 1.000000e+001
      vertex   1.965679e+001 -3.151326e+001 1.000000e+001
      vertex   2.081221e+001 -3.148694e+001 1.000000e+001
    endloop
  endfacet
  facet normal -0.000000e+000 0.000000e+000 1.000000e+000
    outer loop
      vertex   2.140064e+001 -2.463851e+001 1.000000e+001
      vertex   2.081221e+001 -3.148694e+001 1.000000e+001
      vertex   2.196958e+001 -3.140796e+001 1.000000e+001
    endloop
  endfacet
  facet normal -0.000000e+000 0.000000e+000 1.000000e+000
    outer loop
      vertex   2.195203e+001 -2.460706e+001 1.000000e+001
      vertex   2.196958e+001 -3.140796e+001 1.000000e+001
      vertex   2.312890e+001 -3.127633e+001 1.000000e+001
    endloop
  endfacet
  facet normal -0.000000e+000 -0.000000e+000 1.000000e+000
    outer loop
      vertex   2.249659e+001 -2.455465e+001 1.000000e+001
      vertex   2.312890e+001 -3.127633e+001 1.000000e+001
      vertex   2.303432e+001 -2.448128e+001 1.000000e+001
    endloop
  endfacet
  facet normal 0.000000e+000 0.000000e+000 1.000000e+000
    outer loop
      vertex   2.249659e+001 -2.455465e+001 1.000000e+001
      vertex   2.195203e+001 -2.460706e+001 1.000000e+001
      vertex   2.312890e+001 -3.127633e+001 1.000000e+001
    endloop
  endfacet
  facet normal -0.000000e+000 0.000000e+000 1.000000e+000
    outer loop
      vertex   2.084243e+001 -2.464899e+001 1.000000e+001
      vertex   2.081221e+001 -3.148694e+001 1.000000e+001
      vertex   2.140064e+001 -2.463851e+001 1.000000e+001
    endloop
  endfacet
  facet normal -0.000000e+000 -0.000000e+000 1.000000e+000
    outer loop
      vertex   2.140064e+001 -2.463851e+001 1.000000e+001
      vertex   2.196958e+001 -3.140796e+001 1.000000e+001
      vertex   2.195203e+001 -2.460706e+001 1.000000e+001
    endloop
  endfacet
  facet normal 0.000000e+000 -0.000000e+000 1.000000e+000
    outer loop
      vertex   2.312890e+001 -3.127633e+001 1.000000e+001
      vertex   2.429017e+001 -3.109204e+001 1.000000e+001
      vertex   2.303432e+001 -2.448128e+001 1.000000e+001
    endloop
  endfacet
  facet normal -0.000000e+000 -0.000000e+000 1.000000e+000
    outer loop
      vertex   2.303432e+001 -2.448128e+001 1.000000e+001
      vertex   2.429017e+001 -3.109204e+001 1.000000e+001
      vertex   2.356523e+001 -2.438695e+001 1.000000e+001
    endloop
  endfacet
  facet normal -0.000000e+000 -0.000000e+000 1.000000e+000
    outer loop
      vertex   2.356523e+001 -2.438695e+001 1.000000e+001
      vertex   2.429017e+001 -3.109204e+001 1.000000e+001
      vertex   2.408931e+001 -2.427165e+001 1.000000e+001
    endloop
  endfacet
  facet normal -0.000000e+000 0.000000e+000 1.000000e+000
    outer loop
      vertex   2.408931e+001 -2.427165e+001 1.000000e+001
      vertex   2.429017e+001 -3.109204e+001 1.000000e+001
      vertex   2.544754e+001 -3.085706e+001 1.000000e+001
    endloop
  endfacet
  facet normal -0.000000e+000 0.000000e+000 1.000000e+000
    outer loop
      vertex   2.460657e+001 -2.413538e+001 1.000000e+001
      vertex   2.544754e+001 -3.085706e+001 1.000000e+001
      vertex   2.659516e+001 -3.057332e+001 1.000000e+001
    endloop
  endfacet
  facet normal -0.000000e+000 -0.000000e+000 1.000000e+000
    outer loop
      vertex   2.511700e+001 -2.397816e+001 1.000000e+001
      vertex   2.659516e+001 -3.057332e+001 1.000000e+001
      vertex   2.561915e+001 -2.380046e+001 1.000000e+001
    endloop
  endfacet
  facet normal 0.000000e+000 0.000000e+000 1.000000e+000
    outer loop
      vertex   2.511700e+001 -2.397816e+001 1.000000e+001
      vertex   2.460657e+001 -2.413538e+001 1.000000e+001
      vertex   2.659516e+001 -3.057332e+001 1.000000e+001
    endloop
  endfacet
  facet normal -0.000000e+000 -0.000000e+000 1.000000e+000
    outer loop
      vertex   2.408931e+001 -2.427165e+001 1.000000e+001
      vertex   2.544754e+001 -3.085706e+001 1.000000e+001
      vertex   2.460657e+001 -2.413538e+001 1.000000e+001
    endloop
  endfacet
  facet normal 0.000000e+000 -0.000000e+000 1.000000e+000
    outer loop
      vertex   2.659516e+001 -3.057332e+001 1.000000e+001
      vertex   2.773303e+001 -3.024084e+001 1.000000e+001
      vertex   2.561915e+001 -2.380046e+001 1.000000e+001
    endloop
  endfacet
  facet normal -0.000000e+000 -0.000000e+000 1.000000e+000
    outer loop
      vertex   2.561915e+001 -2.380046e+001 1.000000e+001
      vertex   2.773303e+001 -3.024084e+001 1.000000e+001
      vertex   2.611154e+001 -2.360277e+001 1.000000e+001
    endloop
  endfacet
  facet normal -0.000000e+000 -0.000000e+000 1.000000e+000
    outer loop
      vertex   2.611154e+001 -2.360277e+001 1.000000e+001
      vertex   2.773303e+001 -3.024084e+001 1.000000e+001
      vertex   2.659419e+001 -2.338509e+001 1.000000e+001
    endloop
  endfacet
  facet normal -0.000000e+000 0.000000e+000 1.000000e+000
    outer loop
      vertex   2.659419e+001 -2.338509e+001 1.000000e+001
      vertex   2.773303e+001 -3.024084e+001 1.000000e+001
      vertex   2.886115e+001 -2.985960e+001 1.000000e+001
    endloop
  endfacet
  facet normal -0.000000e+000 -0.000000e+000 1.000000e+000
    outer loop
      vertex   2.706708e+001 -2.314743e+001 1.000000e+001
      vertex   2.886115e+001 -2.985960e+001 1.000000e+001
      vertex   2.753023e+001 -2.288977e+001 1.000000e+001
    endloop
  endfacet
  facet normal 0.000000e+000 0.000000e+000 1.000000e+000
    outer loop
      vertex   2.706708e+001 -2.314743e+001 1.000000e+001
      vertex   2.659419e+001 -2.338509e+001 1.000000e+001
      vertex   2.886115e+001 -2.985960e+001 1.000000e+001
    endloop
  endfacet
  facet normal 0.000000e+000 0.000000e+000 1.000000e+000
    outer loop
      vertex   2.886115e+001 -2.199688e+001 1.000000e+001
      vertex   2.842726e+001 -2.231450e+001 1.000000e+001
      vertex   2.886115e+001 -2.985960e+001 1.000000e+001
    endloop
  endfacet
  facet normal 0.000000e+000 0.000000e+000 1.000000e+000
    outer loop
      vertex   2.886115e+001 -2.985960e+001 1.000000e+001
      vertex   2.842726e+001 -2.231450e+001 1.000000e+001
      vertex   2.798362e+001 -2.261213e+001 1.000000e+001
    endloop
  endfacet
  facet normal -0.000000e+000 -0.000000e+000 1.000000e+000
    outer loop
      vertex   2.753023e+001 -2.288977e+001 1.000000e+001
      vertex   2.886115e+001 -2.985960e+001 1.000000e+001
      vertex   2.798362e+001 -2.261213e+001 1.000000e+001
    endloop
  endfacet
  facet normal 0.000000e+000 0.000000e+000 1.000000e+000
    outer loop
      vertex   2.084243e+001 -2.464899e+001 1.000000e+001
      vertex   2.034632e+001 -2.463985e+001 1.000000e+001
      vertex   4.951248e+000 -2.506143e+001 1.000000e+001
    endloop
  endfacet
  facet normal 0.000000e+000 -0.000000e+000 1.000000e+000
    outer loop
      vertex   4.951248e+000 -2.506143e+001 1.000000e+001
      vertex   2.034632e+001 -2.463985e+001 1.000000e+001
      vertex   1.986423e+001 -2.461242e+001 1.000000e+001
    endloop
  endfacet
  facet normal -0.000000e+000 0.000000e+000 1.000000e+000
    outer loop
      vertex   1.939615e+001 -2.456672e+001 1.000000e+001
      vertex   4.951248e+000 -2.506143e+001 1.000000e+001
      vertex   1.986423e+001 -2.461242e+001 1.000000e+001
    endloop
  endfacet
  facet normal 0.000000e+000 0.000000e+000 1.000000e+000
    outer loop
      vertex   1.939615e+001 -2.456672e+001 1.000000e+001
      vertex   1.894208e+001 -2.450273e+001 1.000000e+001
      vertex   4.951248e+000 -2.506143e+001 1.000000e+001
    endloop
  endfacet
  facet normal 0.000000e+000 -0.000000e+000 1.000000e+000
    outer loop
      vertex   4.951248e+000 -2.506143e+001 1.000000e+001
      vertex   1.894208e+001 -2.450273e+001 1.000000e+001
      vertex   1.850204e+001 -2.442046e+001 1.000000e+001
    endloop
  endfacet
  facet normal -0.000000e+000 0.000000e+000 1.000000e+000
    outer loop
      vertex   1.807600e+001 -2.431991e+001 1.000000e+001
      vertex   4.951248e+000 -2.506143e+001 1.000000e+001
      vertex   1.850204e+001 -2.442046e+001 1.000000e+001
    endloop
  endfacet
  facet normal 0.000000e+000 0.000000e+000 1.000000e+000
    outer loop
      vertex   1.807600e+001 -2.431991e+001 1.000000e+001
      vertex   1.766399e+001 -2.420108e+001 1.000000e+001
      vertex   4.951248e+000 -2.506143e+001 1.000000e+001
    endloop
  endfacet
  facet normal 0.000000e+000 -0.000000e+000 1.000000e+000
    outer loop
      vertex   4.951248e+000 -2.506143e+001 1.000000e+001
      vertex   1.766399e+001 -2.420108e+001 1.000000e+001
      vertex   1.726599e+001 -2.406396e+001 1.000000e+001
    endloop
  endfacet
  facet normal -0.000000e+000 0.000000e+000 1.000000e+000
    outer loop
      vertex   1.688201e+001 -2.390857e+001 1.000000e+001
      vertex   4.951248e+000 -2.506143e+001 1.000000e+001
      vertex   1.726599e+001 -2.406396e+001 1.000000e+001
    endloop
  endfacet
  facet normal 0.000000e+000 0.000000e+000 1.000000e+000
    outer loop
      vertex   1.688201e+001 -2.390857e+001 1.000000e+001
      vertex   1.651204e+001 -2.373489e+001 1.000000e+001
      vertex   4.951248e+000 -2.506143e+001 1.000000e+001
    endloop
  endfacet
  facet normal 0.000000e+000 -0.000000e+000 1.000000e+000
    outer loop
      vertex   4.951248e+000 -2.506143e+001 1.000000e+001
      vertex   1.651204e+001 -2.373489e+001 1.000000e+001
      vertex   1.615609e+001 -2.354293e+001 1.000000e+001
    endloop
  endfacet
  facet normal -0.000000e+000 0.000000e+000 1.000000e+000
    outer loop
      vertex   1.581416e+001 -2.333268e+001 1.000000e+001
      vertex   4.951248e+000 -2.506143e+001 1.000000e+001
      vertex   1.615609e+001 -2.354293e+001 1.000000e+001
    endloop
  endfacet
  facet normal 0.000000e+000 0.000000e+000 1.000000e+000
    outer loop
      vertex   1.581416e+001 -2.333268e+001 1.000000e+001
      vertex   1.548624e+001 -2.310416e+001 1.000000e+001
      vertex   4.951248e+000 -2.506143e+001 1.000000e+001
    endloop
  endfacet
  facet normal 0.000000e+000 -0.000000e+000 1.000000e+000
    outer loop
      vertex   4.951248e+000 -2.506143e+001 1.000000e+001
      vertex   1.548624e+001 -2.310416e+001 1.000000e+001
      vertex   1.517234e+001 -2.285735e+001 1.000000e+001
    endloop
  endfacet
  facet normal -0.000000e+000 0.000000e+000 1.000000e+000
    outer loop
      vertex   1.487245e+001 -2.259226e+001 1.000000e+001
      vertex   4.951248e+000 -2.506143e+001 1.000000e+001
      vertex   1.517234e+001 -2.285735e+001 1.000000e+001
    endloop
  endfacet
  facet normal 0.000000e+000 0.000000e+000 1.000000e+000
    outer loop
      vertex   1.487245e+001 -2.259226e+001 1.000000e+001
      vertex   1.458658e+001 -2.230889e+001 1.000000e+001
      vertex   4.951248e+000 -2.506143e+001 1.000000e+001
    endloop
  endfacet
  facet normal 0.000000e+000 -0.000000e+000 1.000000e+000
    outer loop
      vertex   4.951248e+000 -2.506143e+001 1.000000e+001
      vertex   1.458658e+001 -2.230889e+001 1.000000e+001
      vertex   1.431644e+001 -2.200907e+001 1.000000e+001
    endloop
  endfacet
  facet normal -0.000000e+000 0.000000e+000 1.000000e+000
    outer loop
      vertex   1.406372e+001 -2.169462e+001 1.000000e+001
      vertex   4.951248e+000 -2.506143e+001 1.000000e+001
      vertex   1.431644e+001 -2.200907e+001 1.000000e+001
    endloop
  endfacet
  facet normal 0.000000e+000 0.000000e+000 1.000000e+000
    outer loop
      vertex   1.406372e+001 -2.169462e+001 1.000000e+001
      vertex   1.382843e+001 -2.136554e+001 1.000000e+001
      vertex   4.951248e+000 -2.506143e+001 1.000000e+001
    endloop
  endfacet
  facet normal 0.000000e+000 -0.000000e+000 1.000000e+000
    outer loop
      vertex   4.951248e+000 -2.506143e+001 1.000000e+001
      vertex   1.382843e+001 -2.136554e+001 1.000000e+001
      vertex   1.361057e+001 -2.102184e+001 1.000000e+001
    endloop
  endfacet
  facet normal -0.000000e+000 0.000000e+000 1.000000e+000
    outer loop
      vertex   1.341014e+001 -2.066351e+001 1.000000e+001
      vertex   4.951248e+000 -2.506143e+001 1.000000e+001
      vertex   1.361057e+001 -2.102184e+001 1.000000e+001
    endloop
  endfacet
  facet normal 0.000000e+000 0.000000e+000 1.000000e+000
    outer loop
      vertex   1.341014e+001 -2.066351e+001 1.000000e+001
      vertex   1.322714e+001 -2.029056e+001 1.000000e+001
      vertex   4.951248e+000 -2.506143e+001 1.000000e+001
    endloop
  endfacet
  facet normal 0.000000e+000 -0.000000e+000 1.000000e+000
    outer loop
      vertex   1.291342e+001 -1.201248e+001 1.000000e+001
      vertex   1.306156e+001 -1.161028e+001 1.000000e+001
      vertex   4.951248e+000 -6.451834e+000 1.000000e+001
    endloop
  endfacet
  facet normal -0.000000e+000 0.000000e+000 1.000000e+000
    outer loop
      vertex   4.951248e+000 -6.451834e+000 1.000000e+001
      vertex   1.306156e+001 -1.161028e+001 1.000000e+001
      vertex   1.322714e+001 -1.122270e+001 1.000000e+001
    endloop
  endfacet
  facet normal 0.000000e+000 0.000000e+000 1.000000e+000
    outer loop
      vertex   1.341014e+001 -1.084975e+001 1.000000e+001
      vertex   4.951248e+000 -6.451834e+000 1.000000e+001
      vertex   1.322714e+001 -1.122270e+001 1.000000e+001
    endloop
  endfacet
  facet normal 0.000000e+000 -0.000000e+000 1.000000e+000
    outer loop
      vertex   1.341014e+001 -1.084975e+001 1.000000e+001
      vertex   1.361057e+001 -1.049142e+001 1.000000e+001
      vertex   4.951248e+000 -6.451834e+000 1.000000e+001
    endloop
  endfacet
  facet normal -0.000000e+000 0.000000e+000 1.000000e+000
    outer loop
      vertex   4.951248e+000 -6.451834e+000 1.000000e+001
      vertex   1.361057e+001 -1.049142e+001 1.000000e+001
      vertex   1.382843e+001 -1.014772e+001 1.000000e+001
    endloop
  endfacet
  facet normal 0.000000e+000 0.000000e+000 1.000000e+000
    outer loop
      vertex   1.406372e+001 -9.818644e+000 1.000000e+001
      vertex   4.951248e+000 -6.451834e+000 1.000000e+001
      vertex   1.382843e+001 -1.014772e+001 1.000000e+001
    endloop
  endfacet
  facet normal 0.000000e+000 -0.000000e+000 1.000000e+000
    outer loop
      vertex   1.406372e+001 -9.818644e+000 1.000000e+001
      vertex   1.431644e+001 -9.504193e+000 1.000000e+001
      vertex   4.951248e+000 -6.451834e+000 1.000000e+001
    endloop
  endfacet
  facet normal -0.000000e+000 0.000000e+000 1.000000e+000
    outer loop
      vertex   4.951248e+000 -6.451834e+000 1.000000e+001
      vertex   1.431644e+001 -9.504193e+000 1.000000e+001
      vertex   1.458658e+001 -9.204369e+000 1.000000e+001
    endloop
  endfacet
  facet normal 0.000000e+000 0.000000e+000 1.000000e+000
    outer loop
      vertex   1.487245e+001 -8.920998e+000 1.000000e+001
      vertex   4.951248e+000 -6.451834e+000 1.000000e+001
      vertex   1.458658e+001 -9.204369e+000 1.000000e+001
    endloop
  endfacet
  facet normal 0.000000e+000 -0.000000e+000 1.000000e+000
    outer loop
      vertex   1.487245e+001 -8.920998e+000 1.000000e+001
      vertex   1.517234e+001 -8.655910e+000 1.000000e+001
      vertex   4.951248e+000 -6.451834e+000 1.000000e+001
    endloop
  endfacet
  facet normal -0.000000e+000 0.000000e+000 1.000000e+000
    outer loop
      vertex   4.951248e+000 -6.451834e+000 1.000000e+001
      vertex   1.517234e+001 -8.655910e+000 1.000000e+001
      vertex   1.548624e+001 -8.409103e+000 1.000000e+001
    endloop
  endfacet
  facet normal 0.000000e+000 0.000000e+000 1.000000e+000
    outer loop
      vertex   1.581416e+001 -8.180578e+000 1.000000e+001
      vertex   4.951248e+000 -6.451834e+000 1.000000e+001
      vertex   1.548624e+001 -8.409103e+000 1.000000e+001
    endloop
  endfacet
  facet normal 0.000000e+000 -0.000000e+000 1.000000e+000
    outer loop
      vertex   1.581416e+001 -8.180578e+000 1.000000e+001
      vertex   1.615609e+001 -7.970335e+000 1.000000e+001
      vertex   4.951248e+000 -6.451834e+000 1.000000e+001
    endloop
  endfacet
  facet normal -0.000000e+000 0.000000e+000 1.000000e+000
    outer loop
      vertex   4.951248e+000 -6.451834e+000 1.000000e+001
      vertex   1.615609e+001 -7.970335e+000 1.000000e+001
      vertex   1.651204e+001 -7.778374e+000 1.000000e+001
    endloop
  endfacet
  facet normal 0.000000e+000 0.000000e+000 1.000000e+000
    outer loop
      vertex   1.688201e+001 -7.604696e+000 1.000000e+001
      vertex   4.951248e+000 -6.451834e+000 1.000000e+001
      vertex   1.651204e+001 -7.778374e+000 1.000000e+001
    endloop
  endfacet
  facet normal 0.000000e+000 -0.000000e+000 1.000000e+000
    outer loop
      vertex   1.688201e+001 -7.604696e+000 1.000000e+001
      vertex   1.726599e+001 -7.449299e+000 1.000000e+001
      vertex   4.951248e+000 -6.451834e+000 1.000000e+001
    endloop
  endfacet
  facet normal -0.000000e+000 0.000000e+000 1.000000e+000
    outer loop
      vertex   4.951248e+000 -6.451834e+000 1.000000e+001
      vertex   1.726599e+001 -7.449299e+000 1.000000e+001
      vertex   1.766399e+001 -7.312184e+000 1.000000e+001
    endloop
  endfacet
  facet normal 0.000000e+000 0.000000e+000 1.000000e+000
    outer loop
      vertex   1.807600e+001 -7.193351e+000 1.000000e+001
      vertex   4.951248e+000 -6.451834e+000 1.000000e+001
      vertex   1.766399e+001 -7.312184e+000 1.000000e+001
    endloop
  endfacet
  facet normal 0.000000e+000 -0.000000e+000 1.000000e+000
    outer loop
      vertex   1.807600e+001 -7.193351e+000 1.000000e+001
      vertex   1.850204e+001 -7.092800e+000 1.000000e+001
      vertex   4.951248e+000 -6.451834e+000 1.000000e+001
    endloop
  endfacet
  facet normal -0.000000e+000 0.000000e+000 1.000000e+000
    outer loop
      vertex   4.951248e+000 -6.451834e+000 1.000000e+001
      vertex   1.850204e+001 -7.092800e+000 1.000000e+001
      vertex   1.894208e+001 -7.010531e+000 1.000000e+001
    endloop
  endfacet
  facet normal 0.000000e+000 0.000000e+000 1.000000e+000
    outer loop
      vertex   1.939615e+001 -6.946544e+000 1.000000e+001
      vertex   4.951248e+000 -6.451834e+000 1.000000e+001
      vertex   1.894208e+001 -7.010531e+000 1.000000e+001
    endloop
  endfacet
  facet normal 0.000000e+000 0.000000e+000 -1.000000e+000
    outer loop
      vertex   2.886115e+001 -9.485180e+000 0.000000e+000
      vertex   2.836973e+001 -9.160736e+000 0.000000e+000
      vertex   2.886115e+001 -1.653667e+000 0.000000e+000
    endloop
  endfacet
  facet normal -0.000000e+000 0.000000e+000 -1.000000e+000
    outer loop
      vertex   2.886115e+001 -1.653667e+000 0.000000e+000
      vertex   2.836973e+001 -9.160736e+000 0.000000e+000
      vertex   2.787832e+001 -8.858230e+000 0.000000e+000
    endloop
  endfacet
  facet normal 0.000000e+000 -0.000000e+000 -1.000000e+000
    outer loop
      vertex   2.738690e+001 -8.577663e+000 0.000000e+000
      vertex   2.886115e+001 -1.653667e+000 0.000000e+000
      vertex   2.787832e+001 -8.858230e+000 0.000000e+000
    endloop
  endfacet
  facet normal 0.000000e+000 0.000000e+000 -1.000000e+000
    outer loop
      vertex   2.738690e+001 -8.577663e+000 0.000000e+000
      vertex   2.689548e+001 -8.319034e+000 0.000000e+000
      vertex   2.886115e+001 -1.653667e+000 0.000000e+000
    endloop
  endfacet
  facet normal -0.000000e+000 0.000000e+000 -1.000000e+000
    outer loop
      vertex   2.886115e+001 -1.653667e+000 0.000000e+000
      vertex   2.689548e+001 -8.319034e+000 0.000000e+000
      vertex   2.640406e+001 -8.082343e+000 0.000000e+000
    endloop
  endfacet
  facet normal 0.000000e+000 -0.000000e+000 -1.000000e+000
    outer loop
      vertex   2.591264e+001 -7.867590e+000 0.000000e+000
      vertex   2.886115e+001 -1.653667e+000 0.000000e+000
      vertex   2.640406e+001 -8.082343e+000 0.000000e+000
    endloop
  endfacet
  facet normal 0.000000e+000 0.000000e+000 -1.000000e+000
    outer loop
      vertex   2.591264e+001 -7.867590e+000 0.000000e+000
      vertex   2.542122e+001 -7.674777e+000 0.000000e+000
      vertex   2.886115e+001 -1.653667e+000 0.000000e+000
    endloop
  endfacet
  facet normal -0.000000e+000 0.000000e+000 -1.000000e+000
    outer loop
      vertex   2.886115e+001 -1.653667e+000 0.000000e+000
      vertex   2.542122e+001 -7.674777e+000 0.000000e+000
      vertex   1.016880e+001 -1.968787e+000 0.000000e+000
    endloop
  endfacet
  facet normal -0.000000e+000 0.000000e+000 -1.000000e+000
    outer loop
      vertex   2.829149e+001 -1.449884e+000 0.000000e+000
      vertex   1.016880e+001 -1.968787e+000 0.000000e+000
      vertex   2.772133e+001 -1.259751e+000 0.000000e+000
    endloop
  endfacet
  facet normal 0.000000e+000 -0.000000e+000 -1.000000e+000
    outer loop
      vertex   2.829149e+001 -1.449884e+000 0.000000e+000
      vertex   2.886115e+001 -1.653667e+000 0.000000e+000
      vertex   1.016880e+001 -1.968787e+000 0.000000e+000
    endloop
  endfacet
  facet normal 0.000000e+000 0.000000e+000 -1.000000e+000
    outer loop
      vertex   2.542122e+001 -7.674777e+000 0.000000e+000
      vertex   2.492980e+001 -7.503901e+000 0.000000e+000
      vertex   1.016880e+001 -1.968787e+000 0.000000e+000
    endloop
  endfacet
  facet normal -0.000000e+000 -0.000000e+000 -1.000000e+000
    outer loop
      vertex   1.016880e+001 -1.968787e+000 0.000000e+000
      vertex   2.492980e+001 -7.503901e+000 0.000000e+000
      vertex   9.471529e+000 -2.343020e+000 0.000000e+000
    endloop
  endfacet
  facet normal -0.000000e+000 -0.000000e+000 -1.000000e+000
    outer loop
      vertex   9.471529e+000 -2.343020e+000 0.000000e+000
      vertex   2.492980e+001 -7.503901e+000 0.000000e+000
      vertex   2.443594e+001 -7.353989e+000 0.000000e+000
    endloop
  endfacet
  facet normal -0.000000e+000 -0.000000e+000 -1.000000e+000
    outer loop
      vertex   8.801799e+000 -2.749794e+000 0.000000e+000
      vertex   2.443594e+001 -7.353989e+000 0.000000e+000
      vertex   2.393721e+001 -7.224065e+000 0.000000e+000
    endloop
  endfacet
  facet normal -0.000000e+000 -0.000000e+000 -1.000000e+000
    outer loop
      vertex   8.159614e+000 -3.189110e+000 0.000000e+000
      vertex   2.393721e+001 -7.224065e+000 0.000000e+000
      vertex   2.343360e+001 -7.114129e+000 0.000000e+000
    endloop
  endfacet
  facet normal -0.000000e+000 -0.000000e+000 -1.000000e+000
    outer loop
      vertex   7.544974e+000 -3.660968e+000 0.000000e+000
      vertex   2.343360e+001 -7.114129e+000 0.000000e+000
      vertex   6.957878e+000 -4.165367e+000 0.000000e+000
    endloop
  endfacet
  facet normal 0.000000e+000 0.000000e+000 -1.000000e+000
    outer loop
      vertex   7.544974e+000 -3.660968e+000 0.000000e+000
      vertex   8.159614e+000 -3.189110e+000 0.000000e+000
      vertex   2.343360e+001 -7.114129e+000 0.000000e+000
    endloop
  endfacet
  facet normal -0.000000e+000 -0.000000e+000 -1.000000e+000
    outer loop
      vertex   9.471529e+000 -2.343020e+000 0.000000e+000
      vertex   2.443594e+001 -7.353989e+000 0.000000e+000
      vertex   8.801799e+000 -2.749794e+000 0.000000e+000
    endloop
  endfacet
  facet normal -0.000000e+000 -0.000000e+000 -1.000000e+000
    outer loop
      vertex   8.801799e+000 -2.749794e+000 0.000000e+000
      vertex   2.393721e+001 -7.224065e+000 0.000000e+000
      vertex   8.159614e+000 -3.189110e+000 0.000000e+000
    endloop
  endfacet
  facet normal 0.000000e+000 0.000000e+000 -1.000000e+000
    outer loop
      vertex   2.343360e+001 -7.114129e+000 0.000000e+000
      vertex   2.292512e+001 -7.024182e+000 0.000000e+000
      vertex   6.957878e+000 -4.165367e+000 0.000000e+000
    endloop
  endfacet
  facet normal -0.000000e+000 -0.000000e+000 -1.000000e+000
    outer loop
      vertex   6.957878e+000 -4.165367e+000 0.000000e+000
      vertex   2.292512e+001 -7.024182e+000 0.000000e+000
      vertex   6.402472e+000 -4.698775e+000 0.000000e+000
    endloop
  endfacet
  facet normal -0.000000e+000 -0.000000e+000 -1.000000e+000
    outer loop
      vertex   6.402472e+000 -4.698775e+000 0.000000e+000
      vertex   2.292512e+001 -7.024182e+000 0.000000e+000
      vertex   2.241176e+001 -6.954223e+000 0.000000e+000
    endloop
  endfacet
  facet normal -0.000000e+000 -0.000000e+000 -1.000000e+000
    outer loop
      vertex   5.882898e+000 -5.257655e+000 0.000000e+000
      vertex   2.241176e+001 -6.954223e+000 0.000000e+000
      vertex   2.189353e+001 -6.904252e+000 0.000000e+000
    endloop
  endfacet
  facet normal -0.000000e+000 -0.000000e+000 -1.000000e+000
    outer loop
      vertex   5.399157e+000 -5.842008e+000 0.000000e+000
      vertex   2.189353e+001 -6.904252e+000 0.000000e+000
      vertex   2.137042e+001 -6.874270e+000 0.000000e+000
    endloop
  endfacet
  facet normal -0.000000e+000 -0.000000e+000 -1.000000e+000
    outer loop
      vertex   4.951248e+000 -6.451834e+000 0.000000e+000
      vertex   2.137042e+001 -6.874270e+000 0.000000e+000
      vertex   2.084243e+001 -6.864275e+000 0.000000e+000
    endloop
  endfacet
  facet normal 0.000000e+000 0.000000e+000 -1.000000e+000
    outer loop
      vertex   2.034632e+001 -6.873416e+000 0.000000e+000
      vertex   4.951248e+000 -6.451834e+000 0.000000e+000
      vertex   2.084243e+001 -6.864275e+000 0.000000e+000
    endloop
  endfacet
  facet normal -0.000000e+000 0.000000e+000 -1.000000e+000
    outer loop
      vertex   2.034632e+001 -6.873416e+000 0.000000e+000
      vertex   1.986423e+001 -6.900839e+000 0.000000e+000
      vertex   4.951248e+000 -6.451834e+000 0.000000e+000
    endloop
  endfacet
  facet normal 0.000000e+000 -0.000000e+000 -1.000000e+000
    outer loop
      vertex   4.951248e+000 -6.451834e+000 0.000000e+000
      vertex   1.986423e+001 -6.900839e+000 0.000000e+000
      vertex   1.939615e+001 -6.946544e+000 0.000000e+000
    endloop
  endfacet
  facet normal 0.000000e+000 0.000000e+000 -1.000000e+000
    outer loop
      vertex   1.894208e+001 -7.010531e+000 0.000000e+000
      vertex   4.951248e+000 -6.451834e+000 0.000000e+000
      vertex   1.939615e+001 -6.946544e+000 0.000000e+000
    endloop
  endfacet
  facet normal -0.000000e+000 0.000000e+000 -1.000000e+000
    outer loop
      vertex   1.894208e+001 -7.010531e+000 0.000000e+000
      vertex   1.850204e+001 -7.092800e+000 0.000000e+000
      vertex   4.951248e+000 -6.451834e+000 0.000000e+000
    endloop
  endfacet
  facet normal 0.000000e+000 -0.000000e+000 -1.000000e+000
    outer loop
      vertex   4.951248e+000 -6.451834e+000 0.000000e+000
      vertex   1.850204e+001 -7.092800e+000 0.000000e+000
      vertex   1.807600e+001 -7.193351e+000 0.000000e+000
    endloop
  endfacet
  facet normal 0.000000e+000 0.000000e+000 -1.000000e+000
    outer loop
      vertex   1.766399e+001 -7.312184e+000 0.000000e+000
      vertex   4.951248e+000 -6.451834e+000 0.000000e+000
      vertex   1.807600e+001 -7.193351e+000 0.000000e+000
    endloop
  endfacet
  facet normal -0.000000e+000 0.000000e+000 -1.000000e+000
    outer loop
      vertex   1.766399e+001 -7.312184e+000 0.000000e+000
      vertex   1.726599e+001 -7.449299e+000 0.000000e+000
      vertex   4.951248e+000 -6.451834e+000 0.000000e+000
    endloop
  endfacet
  facet normal 0.000000e+000 -0.000000e+000 -1.000000e+000
    outer loop
      vertex   4.951248e+000 -6.451834e+000 0.000000e+000
      vertex   1.726599e+001 -7.449299e+000 0.000000e+000
      vertex   1.688201e+001 -7.604696e+000 0.000000e+000
    endloop
  endfacet
  facet normal 0.000000e+000 0.000000e+000 -1.000000e+000
    outer loop
      vertex   1.651204e+001 -7.778374e+000 0.000000e+000
      vertex   4.951248e+000 -6.451834e+000 0.000000e+000
      vertex   1.688201e+001 -7.604696e+000 0.000000e+000
    endloop
  endfacet
  facet normal -0.000000e+000 0.000000e+000 -1.000000e+000
    outer loop
      vertex   1.651204e+001 -7.778374e+000 0.000000e+000
      vertex   1.615609e+001 -7.970335e+000 0.000000e+000
      vertex   4.951248e+000 -6.451834e+000 0.000000e+000
    endloop
  endfacet
  facet normal 0.000000e+000 -0.000000e+000 -1.000000e+000
    outer loop
      vertex   4.951248e+000 -6.451834e+000 0.000000e+000
      vertex   1.615609e+001 -7.970335e+000 0.000000e+000
      vertex   1.581416e+001 -8.180578e+000 0.000000e+000
    endloop
  endfacet
  facet normal 0.000000e+000 0.000000e+000 -1.000000e+000
    outer loop
      vertex   1.548624e+001 -8.409103e+000 0.000000e+000
      vertex   4.951248e+000 -6.451834e+000 0.000000e+000
      vertex   1.581416e+001 -8.180578e+000 0.000000e+000
    endloop
  endfacet
  facet normal -0.000000e+000 0.000000e+000 -1.000000e+000
    outer loop
      vertex   1.548624e+001 -8.409103e+000 0.000000e+000
      vertex   1.517234e+001 -8.655910e+000 0.000000e+000
      vertex   4.951248e+000 -6.451834e+000 0.000000e+000
    endloop
  endfacet
  facet normal 0.000000e+000 -0.000000e+000 -1.000000e+000
    outer loop
      vertex   4.951248e+000 -6.451834e+000 0.000000e+000
      vertex   1.517234e+001 -8.655910e+000 0.000000e+000
      vertex   1.487245e+001 -8.920998e+000 0.000000e+000
    endloop
  endfacet
  facet normal 0.000000e+000 0.000000e+000 -1.000000e+000
    outer loop
      vertex   1.458658e+001 -9.204369e+000 0.000000e+000
      vertex   4.951248e+000 -6.451834e+000 0.000000e+000
      vertex   1.487245e+001 -8.920998e+000 0.000000e+000
    endloop
  endfacet
  facet normal -0.000000e+000 0.000000e+000 -1.000000e+000
    outer loop
      vertex   1.458658e+001 -9.204369e+000 0.000000e+000
      vertex   1.431644e+001 -9.504193e+000 0.000000e+000
      vertex   4.951248e+000 -6.451834e+000 0.000000e+000
    endloop
  endfacet
  facet normal 0.000000e+000 -0.000000e+000 -1.000000e+000
    outer loop
      vertex   4.951248e+000 -6.451834e+000 0.000000e+000
      vertex   1.431644e+001 -9.504193e+000 0.000000e+000
      vertex   1.406372e+001 -9.818644e+000 0.000000e+000
    endloop
  endfacet
  facet normal 0.000000e+000 0.000000e+000 -1.000000e+000
    outer loop
      vertex   1.382843e+001 -1.014772e+001 0.000000e+000
      vertex   4.951248e+000 -6.451834e+000 0.000000e+000
      vertex   1.406372e+001 -9.818644e+000 0.000000e+000
    endloop
  endfacet
  facet normal -0.000000e+000 0.000000e+000 -1.000000e+000
    outer loop
      vertex   1.382843e+001 -1.014772e+001 0.000000e+000
      vertex   1.361057e+001 -1.049142e+001 0.000000e+000
      vertex   4.951248e+000 -6.451834e+000 0.000000e+000
    endloop
  endfacet
  facet normal 0.000000e+000 -0.000000e+000 -1.000000e+000
    outer loop
      vertex   4.951248e+000 -6.451834e+000 0.000000e+000
      vertex   1.361057e+001 -1.049142e+001 0.000000e+000
      vertex   1.341014e+001 -1.084975e+001 0.000000e+000
    endloop
  endfacet
  facet normal 0.000000e+000 0.000000e+000 -1.000000e+000
    outer loop
      vertex   1.322714e+001 -1.122270e+001 0.000000e+000
      vertex   4.951248e+000 -6.451834e+000 0.000000e+000
      vertex   1.341014e+001 -1.084975e+001 0.000000e+000
    endloop
  endfacet
  facet normal -0.000000e+000 0.000000e+000 -1.000000e+000
    outer loop
      vertex   1.322714e+001 -1.122270e+001 0.000000e+000
      vertex   1.306156e+001 -1.161028e+001 0.000000e+000
      vertex   4.951248e+000 -6.451834e+000 0.000000e+000
    endloop
  endfacet
  facet normal 0.000000e+000 -0.000000e+000 -1.000000e+000
    outer loop
      vertex   4.951248e+000 -6.451834e+000 0.000000e+000
      vertex   1.306156e+001 -1.161028e+001 0.000000e+000
      vertex   1.291342e+001 -1.201248e+001 0.000000e+000
    endloop
  endfacet
  facet normal 0.000000e+000 -0.000000e+000 -1.000000e+000
    outer loop
      vertex   4.539172e+000 -7.087133e+000 0.000000e+000
      vertex   1.291342e+001 -1.201248e+001 0.000000e+000
      vertex   1.278270e+001 -1.242931e+001 0.000000e+000
    endloop
  endfacet
  facet normal 0.000000e+000 -0.000000e+000 -1.000000e+000
    outer loop
      vertex   4.162929e+000 -7.747904e+000 0.000000e+000
      vertex   1.278270e+001 -1.242931e+001 0.000000e+000
      vertex   1.266941e+001 -1.286077e+001 0.000000e+000
    endloop
  endfacet
  facet normal -0.000000e+000 -0.000000e+000 -1.000000e+000
    outer loop
      vertex   3.822519e+000 -8.434149e+000 0.000000e+000
      vertex   1.266941e+001 -1.286077e+001 0.000000e+000
      vertex   3.517941e+000 -9.145867e+000 0.000000e+000
    endloop
  endfacet
  facet normal 0.000000e+000 0.000000e+000 -1.000000e+000
    outer loop
      vertex   3.822519e+000 -8.434149e+000 0.000000e+000
      vertex   4.162929e+000 -7.747904e+000 0.000000e+000
      vertex   1.266941e+001 -1.286077e+001 0.000000e+000
    endloop
  endfacet
  facet normal -0.000000e+000 -0.000000e+000 -1.000000e+000
    outer loop
      vertex   6.402472e+000 -4.698775e+000 0.000000e+000
      vertex   2.241176e+001 -6.954223e+000 0.000000e+000
      vertex   5.882898e+000 -5.257655e+000 0.000000e+000
    endloop
  endfacet
  facet normal -0.000000e+000 -0.000000e+000 -1.000000e+000
    outer loop
      vertex   5.882898e+000 -5.257655e+000 0.000000e+000
      vertex   2.189353e+001 -6.904252e+000 0.000000e+000
      vertex   5.399157e+000 -5.842008e+000 0.000000e+000
    endloop
  endfacet
  facet normal -0.000000e+000 -0.000000e+000 -1.000000e+000
    outer loop
      vertex   5.399157e+000 -5.842008e+000 0.000000e+000
      vertex   2.137042e+001 -6.874270e+000 0.000000e+000
      vertex   4.951248e+000 -6.451834e+000 0.000000e+000
    endloop
  endfacet
  facet normal -0.000000e+000 -0.000000e+000 -1.000000e+000
    outer loop
      vertex   4.951248e+000 -6.451834e+000 0.000000e+000
      vertex   1.291342e+001 -1.201248e+001 0.000000e+000
      vertex   4.539172e+000 -7.087133e+000 0.000000e+000
    endloop
  endfacet
  facet normal -0.000000e+000 -0.000000e+000 -1.000000e+000
    outer loop
      vertex   4.539172e+000 -7.087133e+000 0.000000e+000
      vertex   1.278270e+001 -1.242931e+001 0.000000e+000
      vertex   4.162929e+000 -7.747904e+000 0.000000e+000
    endloop
  endfacet
  facet normal -0.000000e+000 0.000000e+000 -1.000000e+000
    outer loop
      vertex   1.266941e+001 -1.286077e+001 0.000000e+000
      vertex   1.257355e+001 -1.330685e+001 0.000000e+000
      vertex   3.517941e+000 -9.145867e+000 0.000000e+000
    endloop
  endfacet
  facet normal -0.000000e+000 -0.000000e+000 -1.000000e+000
    outer loop
      vertex   3.517941e+000 -9.145867e+000 0.000000e+000
      vertex   1.257355e+001 -1.330685e+001 0.000000e+000
      vertex   3.249196e+000 -9.883057e+000 0.000000e+000
    endloop
  endfacet
  facet normal -0.000000e+000 -0.000000e+000 -1.000000e+000
    outer loop
      vertex   3.249196e+000 -9.883057e+000 0.000000e+000
      vertex   1.257355e+001 -1.330685e+001 0.000000e+000
      vertex   3.016283e+000 -1.064572e+001 0.000000e+000
    endloop
  endfacet
  facet normal 0.000000e+000 -0.000000e+000 -1.000000e+000
    outer loop
      vertex   3.016283e+000 -1.064572e+001 0.000000e+000
      vertex   1.257355e+001 -1.330685e+001 0.000000e+000
      vertex   1.249512e+001 -1.376755e+001 0.000000e+000
    endloop
  endfacet
  facet normal 0.000000e+000 -0.000000e+000 -1.000000e+000
    outer loop
      vertex   2.819203e+000 -1.143386e+001 0.000000e+000
      vertex   1.249512e+001 -1.376755e+001 0.000000e+000
      vertex   1.243412e+001 -1.424288e+001 0.000000e+000
    endloop
  endfacet
  facet normal -0.000000e+000 -0.000000e+000 -1.000000e+000
    outer loop
      vertex   2.657956e+000 -1.224747e+001 0.000000e+000
      vertex   1.243412e+001 -1.424288e+001 0.000000e+000
      vertex   2.532542e+000 -1.308655e+001 0.000000e+000
    endloop
  endfacet
  facet normal 0.000000e+000 0.000000e+000 -1.000000e+000
    outer loop
      vertex   2.657956e+000 -1.224747e+001 0.000000e+000
      vertex   2.819203e+000 -1.143386e+001 0.000000e+000
      vertex   1.243412e+001 -1.424288e+001 0.000000e+000
    endloop
  endfacet
  facet normal -0.000000e+000 -0.000000e+000 -1.000000e+000
    outer loop
      vertex   3.016283e+000 -1.064572e+001 0.000000e+000
      vertex   1.249512e+001 -1.376755e+001 0.000000e+000
      vertex   2.819203e+000 -1.143386e+001 0.000000e+000
    endloop
  endfacet
  facet normal -0.000000e+000 0.000000e+000 -1.000000e+000
    outer loop
      vertex   1.243412e+001 -1.424288e+001 0.000000e+000
      vertex   1.239055e+001 -1.473284e+001 0.000000e+000
      vertex   2.532542e+000 -1.308655e+001 0.000000e+000
    endloop
  endfacet
  facet normal -0.000000e+000 -0.000000e+000 -1.000000e+000
    outer loop
      vertex   2.532542e+000 -1.308655e+001 0.000000e+000
      vertex   1.239055e+001 -1.473284e+001 0.000000e+000
      vertex   2.442960e+000 -1.395110e+001 0.000000e+000
    endloop
  endfacet
  facet normal 0.000000e+000 -0.000000e+000 -1.000000e+000
    outer loop
      vertex   2.442960e+000 -1.395110e+001 0.000000e+000
      vertex   1.239055e+001 -1.473284e+001 0.000000e+000
      vertex   1.236441e+001 -1.523742e+001 0.000000e+000
    endloop
  endfacet
  facet normal 0.000000e+000 -0.000000e+000 -1.000000e+000
    outer loop
      vertex   2.389211e+000 -1.484113e+001 0.000000e+000
      vertex   1.236441e+001 -1.523742e+001 0.000000e+000
      vertex   1.235569e+001 -1.575663e+001 0.000000e+000
    endloop
  endfacet
  facet normal 0.000000e+000 -0.000000e+000 -1.000000e+000
    outer loop
      vertex   2.371295e+000 -1.575663e+001 0.000000e+000
      vertex   1.235569e+001 -1.575663e+001 0.000000e+000
      vertex   2.389211e+000 -1.667213e+001 0.000000e+000
    endloop
  endfacet
  facet normal 0.000000e+000 0.000000e+000 -1.000000e+000
    outer loop
      vertex   2.371295e+000 -1.575663e+001 0.000000e+000
      vertex   2.389211e+000 -1.484113e+001 0.000000e+000
      vertex   1.235569e+001 -1.575663e+001 0.000000e+000
    endloop
  endfacet
  facet normal -0.000000e+000 -0.000000e+000 -1.000000e+000
    outer loop
      vertex   2.442960e+000 -1.395110e+001 0.000000e+000
      vertex   1.236441e+001 -1.523742e+001 0.000000e+000
      vertex   2.389211e+000 -1.484113e+001 0.000000e+000
    endloop
  endfacet
  facet normal 0.000000e+000 -0.000000e+000 -1.000000e+000
    outer loop
      vertex   1.235569e+001 -1.575663e+001 0.000000e+000
      vertex   1.236441e+001 -1.627584e+001 0.000000e+000
      vertex   2.389211e+000 -1.667213e+001 0.000000e+000
    endloop
  endfacet
  facet normal 0.000000e+000 -0.000000e+000 -1.000000e+000
    outer loop
      vertex   2.389211e+000 -1.667213e+001 0.000000e+000
      vertex   1.236441e+001 -1.627584e+001 0.000000e+000
      vertex   2.442960e+000 -1.756216e+001 0.000000e+000
    endloop
  endfacet
  facet normal 0.000000e+000 0.000000e+000 -1.000000e+000
    outer loop
      vertex   2.442960e+000 -1.756216e+001 0.000000e+000
      vertex   1.236441e+001 -1.627584e+001 0.000000e+000
      vertex   1.239055e+001 -1.678042e+001 0.000000e+000
    endloop
  endfacet
  facet normal 0.000000e+000 0.000000e+000 -1.000000e+000
    outer loop
      vertex   2.532542e+000 -1.842671e+001 0.000000e+000
      vertex   1.239055e+001 -1.678042e+001 0.000000e+000
      vertex   1.243412e+001 -1.727038e+001 0.000000e+000
    endloop
  endfacet
  facet normal 0.000000e+000 -0.000000e+000 -1.000000e+000
    outer loop
      vertex   2.657956e+000 -1.926580e+001 0.000000e+000
      vertex   1.243412e+001 -1.727038e+001 0.000000e+000
      vertex   2.819203e+000 -2.007941e+001 0.000000e+000
    endloop
  endfacet
  facet normal 0.000000e+000 0.000000e+000 -1.000000e+000
    outer loop
      vertex   2.657956e+000 -1.926580e+001 0.000000e+000
      vertex   2.532542e+000 -1.842671e+001 0.000000e+000
      vertex   1.243412e+001 -1.727038e+001 0.000000e+000
    endloop
  endfacet
  facet normal 0.000000e+000 -0.000000e+000 -1.000000e+000
    outer loop
      vertex   2.442960e+000 -1.756216e+001 0.000000e+000
      vertex   1.239055e+001 -1.678042e+001 0.000000e+000
      vertex   2.532542e+000 -1.842671e+001 0.000000e+000
    endloop
  endfacet
  facet normal 0.000000e+000 -0.000000e+000 -1.000000e+000
    outer loop
      vertex   1.243412e+001 -1.727038e+001 0.000000e+000
      vertex   1.249512e+001 -1.774571e+001 0.000000e+000
      vertex   2.819203e+000 -2.007941e+001 0.000000e+000
    endloop
  endfacet
  facet normal 0.000000e+000 -0.000000e+000 -1.000000e+000
    outer loop
      vertex   2.819203e+000 -2.007941e+001 0.000000e+000
      vertex   1.249512e+001 -1.774571e+001 0.000000e+000
      vertex   3.016283e+000 -2.086754e+001 0.000000e+000
    endloop
  endfacet
  facet normal 0.000000e+000 0.000000e+000 -1.000000e+000
    outer loop
      vertex   3.016283e+000 -2.086754e+001 0.000000e+000
      vertex   1.249512e+001 -1.774571e+001 0.000000e+000
      vertex   1.257355e+001 -1.820642e+001 0.000000e+000
    endloop
  endfacet
  facet normal 0.000000e+000 -0.000000e+000 -1.000000e+000
    outer loop
      vertex   3.249196e+000 -2.163021e+001 0.000000e+000
      vertex   1.257355e+001 -1.820642e+001 0.000000e+000
      vertex   3.517941e+000 -2.236740e+001 0.000000e+000
    endloop
  endfacet
  facet normal 0.000000e+000 0.000000e+000 -1.000000e+000
    outer loop
      vertex   3.249196e+000 -2.163021e+001 0.000000e+000
      vertex   3.016283e+000 -2.086754e+001 0.000000e+000
      vertex   1.257355e+001 -1.820642e+001 0.000000e+000
    endloop
  endfacet
  facet normal 0.000000e+000 -0.000000e+000 -1.000000e+000
    outer loop
      vertex   1.257355e+001 -1.820642e+001 0.000000e+000
      vertex   1.266941e+001 -1.865250e+001 0.000000e+000
      vertex   3.517941e+000 -2.236740e+001 0.000000e+000
    endloop
  endfacet
  facet normal 0.000000e+000 -0.000000e+000 -1.000000e+000
    outer loop
      vertex   3.517941e+000 -2.236740e+001 0.000000e+000
      vertex   1.266941e+001 -1.865250e+001 0.000000e+000
      vertex   3.822519e+000 -2.307911e+001 0.000000e+000
    endloop
  endfacet
  facet normal 0.000000e+000 -0.000000e+000 -1.000000e+000
    outer loop
      vertex   3.822519e+000 -2.307911e+001 0.000000e+000
      vertex   1.266941e+001 -1.865250e+001 0.000000e+000
      vertex   4.162929e+000 -2.376536e+001 0.000000e+000
    endloop
  endfacet
  facet normal 0.000000e+000 0.000000e+000 -1.000000e+000
    outer loop
      vertex   4.162929e+000 -2.376536e+001 0.000000e+000
      vertex   1.266941e+001 -1.865250e+001 0.000000e+000
      vertex   1.278270e+001 -1.908395e+001 0.000000e+000
    endloop
  endfacet
  facet normal 0.000000e+000 0.000000e+000 -1.000000e+000
    outer loop
      vertex   4.539172e+000 -2.442613e+001 0.000000e+000
      vertex   1.278270e+001 -1.908395e+001 0.000000e+000
      vertex   1.291342e+001 -1.950078e+001 0.000000e+000
    endloop
  endfacet
  facet normal 0.000000e+000 0.000000e+000 -1.000000e+000
    outer loop
      vertex   4.951248e+000 -2.506143e+001 0.000000e+000
      vertex   1.291342e+001 -1.950078e+001 0.000000e+000
      vertex   1.306156e+001 -1.990298e+001 0.000000e+000
    endloop
  endfacet
  facet normal -0.000000e+000 0.000000e+000 -1.000000e+000
    outer loop
      vertex   1.322714e+001 -2.029056e+001 0.000000e+000
      vertex   4.951248e+000 -2.506143e+001 0.000000e+000
      vertex   1.306156e+001 -1.990298e+001 0.000000e+000
    endloop
  endfacet
  facet normal 0.000000e+000 -0.000000e+000 -1.000000e+000
    outer loop
      vertex   1.322714e+001 -2.029056e+001 0.000000e+000
      vertex   1.341014e+001 -2.066351e+001 0.000000e+000
      vertex   4.951248e+000 -2.506143e+001 0.000000e+000
    endloop
  endfacet
  facet normal 0.000000e+000 0.000000e+000 -1.000000e+000
    outer loop
      vertex   4.951248e+000 -2.506143e+001 0.000000e+000
      vertex   1.341014e+001 -2.066351e+001 0.000000e+000
      vertex   1.361057e+001 -2.102184e+001 0.000000e+000
    endloop
  endfacet
  facet normal -0.000000e+000 0.000000e+000 -1.000000e+000
    outer loop
      vertex   1.382843e+001 -2.136554e+001 0.000000e+000
      vertex   4.951248e+000 -2.506143e+001 0.000000e+000
      vertex   1.361057e+001 -2.102184e+001 0.000000e+000
    endloop
  endfacet
  facet normal 0.000000e+000 -0.000000e+000 -1.000000e+000
    outer loop
      vertex   1.382843e+001 -2.136554e+001 0.000000e+000
      vertex   1.406372e+001 -2.169462e+001 0.000000e+000
      vertex   4.951248e+000 -2.506143e+001 0.000000e+000
    endloop
  endfacet
  facet normal 0.000000e+000 0.000000e+000 -1.000000e+000
    outer loop
      vertex   4.951248e+000 -2.506143e+001 0.000000e+000
      vertex   1.406372e+001 -2.169462e+001 0.000000e+000
      vertex   1.431644e+001 -2.200907e+001 0.000000e+000
    endloop
  endfacet
  facet normal -0.000000e+000 0.000000e+000 -1.000000e+000
    outer loop
      vertex   1.458658e+001 -2.230889e+001 0.000000e+000
      vertex   4.951248e+000 -2.506143e+001 0.000000e+000
      vertex   1.431644e+001 -2.200907e+001 0.000000e+000
    endloop
  endfacet
  facet normal 0.000000e+000 -0.000000e+000 -1.000000e+000
    outer loop
      vertex   1.458658e+001 -2.230889e+001 0.000000e+000
      vertex   1.487245e+001 -2.259226e+001 0.000000e+000
      vertex   4.951248e+000 -2.506143e+001 0.000000e+000
    endloop
  endfacet
  facet normal 0.000000e+000 0.000000e+000 -1.000000e+000
    outer loop
      vertex   4.951248e+000 -2.506143e+001 0.000000e+000
      vertex   1.487245e+001 -2.259226e+001 0.000000e+000
      vertex   1.517234e+001 -2.285735e+001 0.000000e+000
    endloop
  endfacet
  facet normal -0.000000e+000 0.000000e+000 -1.000000e+000
    outer loop
      vertex   1.548624e+001 -2.310416e+001 0.000000e+000
      vertex   4.951248e+000 -2.506143e+001 0.000000e+000
      vertex   1.517234e+001 -2.285735e+001 0.000000e+000
    endloop
  endfacet
  facet normal 0.000000e+000 -0.000000e+000 -1.000000e+000
    outer loop
      vertex   1.548624e+001 -2.310416e+001 0.000000e+000
      vertex   1.581416e+001 -2.333268e+001 0.000000e+000
      vertex   4.951248e+000 -2.506143e+001 0.000000e+000
    endloop
  endfacet
  facet normal 0.000000e+000 0.000000e+000 -1.000000e+000
    outer loop
      vertex   4.951248e+000 -2.506143e+001 0.000000e+000
      vertex   1.581416e+001 -2.333268e+001 0.000000e+000
      vertex   1.615609e+001 -2.354293e+001 0.000000e+000
    endloop
  endfacet
  facet normal -0.000000e+000 0.000000e+000 -1.000000e+000
    outer loop
      vertex   1.651204e+001 -2.373489e+001 0.000000e+000
      vertex   4.951248e+000 -2.506143e+001 0.000000e+000
      vertex   1.615609e+001 -2.354293e+001 0.000000e+000
    endloop
  endfacet
  facet normal 0.000000e+000 -0.000000e+000 -1.000000e+000
    outer loop
      vertex   1.651204e+001 -2.373489e+001 0.000000e+000
      vertex   1.688201e+001 -2.390857e+001 0.000000e+000
      vertex   4.951248e+000 -2.506143e+001 0.000000e+000
    endloop
  endfacet
  facet normal 0.000000e+000 0.000000e+000 -1.000000e+000
    outer loop
      vertex   4.951248e+000 -2.506143e+001 0.000000e+000
      vertex   1.688201e+001 -2.390857e+001 0.000000e+000
      vertex   1.726599e+001 -2.406396e+001 0.000000e+000
    endloop
  endfacet
  facet normal -0.000000e+000 0.000000e+000 -1.000000e+000
    outer loop
      vertex   1.766399e+001 -2.420108e+001 0.000000e+000
      vertex   4.951248e+000 -2.506143e+001 0.000000e+000
      vertex   1.726599e+001 -2.406396e+001 0.000000e+000
    endloop
  endfacet
  facet normal 0.000000e+000 -0.000000e+000 -1.000000e+000
    outer loop
      vertex   1.766399e+001 -2.420108e+001 0.000000e+000
      vertex   1.807600e+001 -2.431991e+001 0.000000e+000
      vertex   4.951248e+000 -2.506143e+001 0.000000e+000
    endloop
  endfacet
  facet normal 0.000000e+000 0.000000e+000 -1.000000e+000
    outer loop
      vertex   4.951248e+000 -2.506143e+001 0.000000e+000
      vertex   1.807600e+001 -2.431991e+001 0.000000e+000
      vertex   1.850204e+001 -2.442046e+001 0.000000e+000
    endloop
  endfacet
  facet normal -0.000000e+000 0.000000e+000 -1.000000e+000
    outer loop
      vertex   1.894208e+001 -2.450273e+001 0.000000e+000
      vertex   4.951248e+000 -2.506143e+001 0.000000e+000
      vertex   1.850204e+001 -2.442046e+001 0.000000e+000
    endloop
  endfacet
  facet normal 0.000000e+000 -0.000000e+000 -1.000000e+000
    outer loop
      vertex   1.894208e+001 -2.450273e+001 0.000000e+000
      vertex   1.939615e+001 -2.456672e+001 0.000000e+000
      vertex   4.951248e+000 -2.506143e+001 0.000000e+000
    endloop
  endfacet
  facet normal 0.000000e+000 0.000000e+000 -1.000000e+000
    outer loop
      vertex   4.951248e+000 -2.506143e+001 0.000000e+000
      vertex   1.939615e+001 -2.456672e+001 0.000000e+000
      vertex   1.986423e+001 -2.461242e+001 0.000000e+000
    endloop
  endfacet
  facet normal -0.000000e+000 0.000000e+000 -1.000000e+000
    outer loop
      vertex   2.034632e+001 -2.463985e+001 0.000000e+000
      vertex   4.951248e+000 -2.506143e+001 0.000000e+000
      vertex   1.986423e+001 -2.461242e+001 0.000000e+000
    endloop
  endfacet
  facet normal 0.000000e+000 -0.000000e+000 -1.000000e+000
    outer loop
      vertex   2.034632e+001 -2.463985e+001 0.000000e+000
      vertex   2.084243e+001 -2.464899e+001 0.000000e+000
      vertex   4.951248e+000 -2.506143e+001 0.000000e+000
    endloop
  endfacet
  facet normal 0.000000e+000 -0.000000e+000 -1.000000e+000
    outer loop
      vertex   4.951248e+000 -2.506143e+001 0.000000e+000
      vertex   2.084243e+001 -2.464899e+001 0.000000e+000
      vertex   5.399157e+000 -2.567125e+001 0.000000e+000
    endloop
  endfacet
  facet normal 0.000000e+000 -0.000000e+000 -1.000000e+000
    outer loop
      vertex   5.399157e+000 -2.567125e+001 0.000000e+000
      vertex   2.084243e+001 -2.464899e+001 0.000000e+000
      vertex   5.882898e+000 -2.625561e+001 0.000000e+000
    endloop
  endfacet
  facet normal 0.000000e+000 -0.000000e+000 -1.000000e+000
    outer loop
      vertex   5.882898e+000 -2.625561e+001 0.000000e+000
      vertex   2.084243e+001 -2.464899e+001 0.000000e+000
      vertex   6.402472e+000 -2.681449e+001 0.000000e+000
    endloop
  endfacet
  facet normal 0.000000e+000 -0.000000e+000 -1.000000e+000
    outer loop
      vertex   6.402472e+000 -2.681449e+001 0.000000e+000
      vertex   2.084243e+001 -2.464899e+001 0.000000e+000
      vertex   6.957878e+000 -2.734789e+001 0.000000e+000
    endloop
  endfacet
  facet normal 0.000000e+000 -0.000000e+000 -1.000000e+000
    outer loop
      vertex   6.957878e+000 -2.734789e+001 0.000000e+000
      vertex   2.084243e+001 -2.464899e+001 0.000000e+000
      vertex   7.544974e+000 -2.785229e+001 0.000000e+000
    endloop
  endfacet
  facet normal 0.000000e+000 -0.000000e+000 -1.000000e+000
    outer loop
      vertex   7.544974e+000 -2.785229e+001 0.000000e+000
      vertex   2.084243e+001 -2.464899e+001 0.000000e+000
      vertex   8.159614e+000 -2.832415e+001 0.000000e+000
    endloop
  endfacet
  facet normal 0.000000e+000 -0.000000e+000 -1.000000e+000
    outer loop
      vertex   8.159614e+000 -2.832415e+001 0.000000e+000
      vertex   2.084243e+001 -2.464899e+001 0.000000e+000
      vertex   8.801799e+000 -2.876347e+001 0.000000e+000
    endloop
  endfacet
  facet normal 0.000000e+000 -0.000000e+000 -1.000000e+000
    outer loop
      vertex   8.801799e+000 -2.876347e+001 0.000000e+000
      vertex   2.084243e+001 -2.464899e+001 0.000000e+000
      vertex   9.471529e+000 -2.917024e+001 0.000000e+000
    endloop
  endfacet
  facet normal 0.000000e+000 -0.000000e+000 -1.000000e+000
    outer loop
      vertex   9.471529e+000 -2.917024e+001 0.000000e+000
      vertex   2.084243e+001 -2.464899e+001 0.000000e+000
      vertex   1.016880e+001 -2.954447e+001 0.000000e+000
    endloop
  endfacet
  facet normal 0.000000e+000 -0.000000e+000 -1.000000e+000
    outer loop
      vertex   1.016880e+001 -2.954447e+001 0.000000e+000
      vertex   2.084243e+001 -2.464899e+001 0.000000e+000
      vertex   1.089362e+001 -2.988616e+001 0.000000e+000
    endloop
  endfacet
  facet normal 0.000000e+000 -0.000000e+000 -1.000000e+000
    outer loop
      vertex   1.089362e+001 -2.988616e+001 0.000000e+000
      vertex   2.084243e+001 -2.464899e+001 0.000000e+000
      vertex   1.164599e+001 -3.019531e+001 0.000000e+000
    endloop
  endfacet
  facet normal 0.000000e+000 -0.000000e+000 -1.000000e+000
    outer loop
      vertex   1.164599e+001 -3.019531e+001 0.000000e+000
      vertex   2.084243e+001 -2.464899e+001 0.000000e+000
      vertex   1.242590e+001 -3.047192e+001 0.000000e+000
    endloop
  endfacet
  facet normal 0.000000e+000 -0.000000e+000 -1.000000e+000
    outer loop
      vertex   1.242590e+001 -3.047192e+001 0.000000e+000
      vertex   2.084243e+001 -2.464899e+001 0.000000e+000
      vertex   1.323335e+001 -3.071598e+001 0.000000e+000
    endloop
  endfacet
  facet normal 0.000000e+000 -0.000000e+000 -1.000000e+000
    outer loop
      vertex   1.323335e+001 -3.071598e+001 0.000000e+000
      vertex   2.084243e+001 -2.464899e+001 0.000000e+000
      vertex   1.406835e+001 -3.092751e+001 0.000000e+000
    endloop
  endfacet
  facet normal 0.000000e+000 -0.000000e+000 -1.000000e+000
    outer loop
      vertex   1.406835e+001 -3.092751e+001 0.000000e+000
      vertex   2.084243e+001 -2.464899e+001 0.000000e+000
      vertex   1.493089e+001 -3.110649e+001 0.000000e+000
    endloop
  endfacet
  facet normal 0.000000e+000 -0.000000e+000 -1.000000e+000
    outer loop
      vertex   1.493089e+001 -3.110649e+001 0.000000e+000
      vertex   2.084243e+001 -2.464899e+001 0.000000e+000
      vertex   1.582098e+001 -3.125293e+001 0.000000e+000
    endloop
  endfacet
  facet normal 0.000000e+000 -0.000000e+000 -1.000000e+000
    outer loop
      vertex   1.582098e+001 -3.125293e+001 0.000000e+000
      vertex   2.084243e+001 -2.464899e+001 0.000000e+000
      vertex   1.673862e+001 -3.136682e+001 0.000000e+000
    endloop
  endfacet
  facet normal 0.000000e+000 -0.000000e+000 -1.000000e+000
    outer loop
      vertex   1.673862e+001 -3.136682e+001 0.000000e+000
      vertex   2.084243e+001 -2.464899e+001 0.000000e+000
      vertex   1.768379e+001 -3.144818e+001 0.000000e+000
    endloop
  endfacet
  facet normal 0.000000e+000 -0.000000e+000 -1.000000e+000
    outer loop
      vertex   1.768379e+001 -3.144818e+001 0.000000e+000
      vertex   2.084243e+001 -2.464899e+001 0.000000e+000
      vertex   1.865652e+001 -3.149699e+001 0.000000e+000
    endloop
  endfacet
  facet normal 0.000000e+000 -0.000000e+000 -1.000000e+000
    outer loop
      vertex   1.865652e+001 -3.149699e+001 0.000000e+000
      vertex   2.084243e+001 -2.464899e+001 0.000000e+000
      vertex   1.965679e+001 -3.151326e+001 0.000000e+000
    endloop
  endfacet
  facet normal 0.000000e+000 -0.000000e+000 -1.000000e+000
    outer loop
      vertex   1.965679e+001 -3.151326e+001 0.000000e+000
      vertex   2.084243e+001 -2.464899e+001 0.000000e+000
      vertex   2.081221e+001 -3.148694e+001 0.000000e+000
    endloop
  endfacet
  facet normal 0.000000e+000 0.000000e+000 -1.000000e+000
    outer loop
      vertex   2.081221e+001 -3.148694e+001 0.000000e+000
      vertex   2.084243e+001 -2.464899e+001 0.000000e+000
      vertex   2.140064e+001 -2.463851e+001 0.000000e+000
    endloop
  endfacet
  facet normal 0.000000e+000 0.000000e+000 -1.000000e+000
    outer loop
      vertex   2.196958e+001 -3.140796e+001 0.000000e+000
      vertex   2.140064e+001 -2.463851e+001 0.000000e+000
      vertex   2.195203e+001 -2.460706e+001 0.000000e+000
    endloop
  endfacet
  facet normal 0.000000e+000 0.000000e+000 -1.000000e+000
    outer loop
      vertex   2.312890e+001 -3.127633e+001 0.000000e+000
      vertex   2.195203e+001 -2.460706e+001 0.000000e+000
      vertex   2.249659e+001 -2.455465e+001 0.000000e+000
    endloop
  endfacet
  facet normal -0.000000e+000 -0.000000e+000 -1.000000e+000
    outer loop
      vertex   2.303432e+001 -2.448128e+001 0.000000e+000
      vertex   2.312890e+001 -3.127633e+001 0.000000e+000
      vertex   2.249659e+001 -2.455465e+001 0.000000e+000
    endloop
  endfacet
  facet normal 0.000000e+000 -0.000000e+000 -1.000000e+000
    outer loop
      vertex   2.303432e+001 -2.448128e+001 0.000000e+000
      vertex   2.429017e+001 -3.109204e+001 0.000000e+000
      vertex   2.312890e+001 -3.127633e+001 0.000000e+000
    endloop
  endfacet
  facet normal 0.000000e+000 0.000000e+000 -1.000000e+000
    outer loop
      vertex   2.303432e+001 -2.448128e+001 0.000000e+000
      vertex   2.356523e+001 -2.438695e+001 0.000000e+000
      vertex   2.429017e+001 -3.109204e+001 0.000000e+000
    endloop
  endfacet
  facet normal 0.000000e+000 0.000000e+000 -1.000000e+000
    outer loop
      vertex   2.429017e+001 -3.109204e+001 0.000000e+000
      vertex   2.356523e+001 -2.438695e+001 0.000000e+000
      vertex   2.408931e+001 -2.427165e+001 0.000000e+000
    endloop
  endfacet
  facet normal 0.000000e+000 0.000000e+000 -1.000000e+000
    outer loop
      vertex   2.544754e+001 -3.085706e+001 0.000000e+000
      vertex   2.408931e+001 -2.427165e+001 0.000000e+000
      vertex   2.460657e+001 -2.413538e+001 0.000000e+000
    endloop
  endfacet
  facet normal 0.000000e+000 0.000000e+000 -1.000000e+000
    outer loop
      vertex   2.659516e+001 -3.057332e+001 0.000000e+000
      vertex   2.460657e+001 -2.413538e+001 0.000000e+000
      vertex   2.511700e+001 -2.397816e+001 0.000000e+000
    endloop
  endfacet
  facet normal -0.000000e+000 -0.000000e+000 -1.000000e+000
    outer loop
      vertex   2.561915e+001 -2.380046e+001 0.000000e+000
      vertex   2.659516e+001 -3.057332e+001 0.000000e+000
      vertex   2.511700e+001 -2.397816e+001 0.000000e+000
    endloop
  endfacet
  facet normal 0.000000e+000 -0.000000e+000 -1.000000e+000
    outer loop
      vertex   2.561915e+001 -2.380046e+001 0.000000e+000
      vertex   2.773303e+001 -3.024084e+001 0.000000e+000
      vertex   2.659516e+001 -3.057332e+001 0.000000e+000
    endloop
  endfacet
  facet normal 0.000000e+000 0.000000e+000 -1.000000e+000
    outer loop
      vertex   2.561915e+001 -2.380046e+001 0.000000e+000
      vertex   2.611154e+001 -2.360277e+001 0.000000e+000
      vertex   2.773303e+001 -3.024084e+001 0.000000e+000
    endloop
  endfacet
  facet normal 0.000000e+000 0.000000e+000 -1.000000e+000
    outer loop
      vertex   2.773303e+001 -3.024084e+001 0.000000e+000
      vertex   2.611154e+001 -2.360277e+001 0.000000e+000
      vertex   2.659419e+001 -2.338509e+001 0.000000e+000
    endloop
  endfacet
  facet normal 0.000000e+000 0.000000e+000 -1.000000e+000
    outer loop
      vertex   2.886115e+001 -2.985960e+001 0.000000e+000
      vertex   2.659419e+001 -2.338509e+001 0.000000e+000
      vertex   2.706708e+001 -2.314743e+001 0.000000e+000
    endloop
  endfacet
  facet normal -0.000000e+000 -0.000000e+000 -1.000000e+000
    outer loop
      vertex   2.753023e+001 -2.288977e+001 0.000000e+000
      vertex   2.886115e+001 -2.985960e+001 0.000000e+000
      vertex   2.706708e+001 -2.314743e+001 0.000000e+000
    endloop
  endfacet
  facet normal 0.000000e+000 0.000000e+000 -1.000000e+000
    outer loop
      vertex   2.753023e+001 -2.288977e+001 0.000000e+000
      vertex   2.798362e+001 -2.261213e+001 0.000000e+000
      vertex   2.886115e+001 -2.985960e+001 0.000000e+000
    endloop
  endfacet
  facet normal 0.000000e+000 0.000000e+000 -1.000000e+000
    outer loop
      vertex   2.886115e+001 -2.985960e+001 0.000000e+000
      vertex   2.798362e+001 -2.261213e+001 0.000000e+000
      vertex   2.842726e+001 -2.231450e+001 0.000000e+000
    endloop
  endfacet
  facet normal -0.000000e+000 -0.000000e+000 -1.000000e+000
    outer loop
      vertex   2.886115e+001 -2.199688e+001 0.000000e+000
      vertex   2.886115e+001 -2.985960e+001 0.000000e+000
      vertex   2.842726e+001 -2.231450e+001 0.000000e+000
    endloop
  endfacet
  facet normal 0.000000e+000 -0.000000e+000 -1.000000e+000
    outer loop
      vertex   4.162929e+000 -2.376536e+001 0.000000e+000
      vertex   1.278270e+001 -1.908395e+001 0.000000e+000
      vertex   4.539172e+000 -2.442613e+001 0.000000e+000
    endloop
  endfacet
  facet normal 0.000000e+000 -0.000000e+000 -1.000000e+000
    outer loop
      vertex   4.539172e+000 -2.442613e+001 0.000000e+000
      vertex   1.291342e+001 -1.950078e+001 0.000000e+000
      vertex   4.951248e+000 -2.506143e+001 0.000000e+000
    endloop
  endfacet
  facet normal 0.000000e+000 0.000000e+000 -1.000000e+000
    outer loop
      vertex   2.081221e+001 -3.148694e+001 0.000000e+000
      vertex   2.140064e+001 -2.463851e+001 0.000000e+000
      vertex   2.196958e+001 -3.140796e+001 0.000000e+000
    endloop
  endfacet
  facet normal 0.000000e+000 0.000000e+000 -1.000000e+000
    outer loop
      vertex   2.196958e+001 -3.140796e+001 0.000000e+000
      vertex   2.195203e+001 -2.460706e+001 0.000000e+000
      vertex   2.312890e+001 -3.127633e+001 0.000000e+000
    endloop
  endfacet
  facet normal 0.000000e+000 0.000000e+000 -1.000000e+000
    outer loop
      vertex   2.429017e+001 -3.109204e+001 0.000000e+000
      vertex   2.408931e+001 -2.427165e+001 0.000000e+000
      vertex   2.544754e+001 -3.085706e+001 0.000000e+000
    endloop
  endfacet
  facet normal 0.000000e+000 0.000000e+000 -1.000000e+000
    outer loop
      vertex   2.544754e+001 -3.085706e+001 0.000000e+000
      vertex   2.460657e+001 -2.413538e+001 0.000000e+000
      vertex   2.659516e+001 -3.057332e+001 0.000000e+000
    endloop
  endfacet
  facet normal 0.000000e+000 0.000000e+000 -1.000000e+000
    outer loop
      vertex   2.773303e+001 -3.024084e+001 0.000000e+000
      vertex   2.659419e+001 -2.338509e+001 0.000000e+000
      vertex   2.886115e+001 -2.985960e+001 0.000000e+000
    endloop
  endfacet
  facet normal 0.000000e+000 -0.000000e+000 -1.000000e+000
    outer loop
      vertex   1.089362e+001 -1.627097e+000 0.000000e+000
      vertex   2.429017e+001 -4.056170e-001 0.000000e+000
      vertex   1.016880e+001 -1.968787e+000 0.000000e+000
    endloop
  endfacet
  facet normal 0.000000e+000 0.000000e+000 -1.000000e+000
    outer loop
      vertex   1.089362e+001 -1.627097e+000 0.000000e+000
      vertex   1.164599e+001 -1.317949e+000 0.000000e+000
      vertex   2.429017e+001 -4.056170e-001 0.000000e+000
    endloop
  endfacet
  facet normal -0.000000e+000 0.000000e+000 -1.000000e+000
    outer loop
      vertex   2.429017e+001 -4.056170e-001 0.000000e+000
      vertex   1.164599e+001 -1.317949e+000 0.000000e+000
      vertex   1.242590e+001 -1.041342e+000 0.000000e+000
    endloop
  endfacet
  facet normal 0.000000e+000 -0.000000e+000 -1.000000e+000
    outer loop
      vertex   1.323335e+001 -7.972780e-001 0.000000e+000
      vertex   2.429017e+001 -4.056170e-001 0.000000e+000
      vertex   1.242590e+001 -1.041342e+000 0.000000e+000
    endloop
  endfacet
  facet normal 0.000000e+000 0.000000e+000 -1.000000e+000
    outer loop
      vertex   1.323335e+001 -7.972780e-001 0.000000e+000
      vertex   1.406835e+001 -5.857555e-001 0.000000e+000
      vertex   2.429017e+001 -4.056170e-001 0.000000e+000
    endloop
  endfacet
  facet normal -0.000000e+000 0.000000e+000 -1.000000e+000
    outer loop
      vertex   2.429017e+001 -4.056170e-001 0.000000e+000
      vertex   1.406835e+001 -5.857555e-001 0.000000e+000
      vertex   1.493089e+001 -4.067749e-001 0.000000e+000
    endloop
  endfacet
  facet normal 0.000000e+000 -0.000000e+000 -1.000000e+000
    outer loop
      vertex   1.582098e+001 -2.603362e-001 0.000000e+000
      vertex   2.429017e+001 -4.056170e-001 0.000000e+000
      vertex   1.493089e+001 -4.067749e-001 0.000000e+000
    endloop
  endfacet
  facet normal 0.000000e+000 0.000000e+000 -1.000000e+000
    outer loop
      vertex   1.582098e+001 -2.603362e-001 0.000000e+000
      vertex   1.673862e+001 -1.464395e-001 0.000000e+000
      vertex   2.429017e+001 -4.056170e-001 0.000000e+000
    endloop
  endfacet
  facet normal 0.000000e+000 0.000000e+000 -1.000000e+000
    outer loop
      vertex   2.429017e+001 -4.056170e-001 0.000000e+000
      vertex   1.673862e+001 -1.464395e-001 0.000000e+000
      vertex   1.768379e+001 -6.508464e-002 0.000000e+000
    endloop
  endfacet
  facet normal -0.000000e+000 -0.000000e+000 -1.000000e+000
    outer loop
      vertex   1.865652e+001 -1.627175e-002 0.000000e+000
      vertex   2.429017e+001 -4.056170e-001 0.000000e+000
      vertex   1.768379e+001 -6.508464e-002 0.000000e+000
    endloop
  endfacet
  facet normal 0.000000e+000 0.000000e+000 -1.000000e+000
    outer loop
      vertex   1.865652e+001 -1.627175e-002 0.000000e+000
      vertex   1.965679e+001 -7.848100e-007 0.000000e+000
      vertex   2.429017e+001 -4.056170e-001 0.000000e+000
    endloop
  endfacet
  facet normal 0.000000e+000 0.000000e+000 -1.000000e+000
    outer loop
      vertex   2.429017e+001 -4.056170e-001 0.000000e+000
      vertex   1.965679e+001 -7.848100e-007 0.000000e+000
      vertex   2.082391e+001 -2.535180e-002 0.000000e+000
    endloop
  endfacet
  facet normal -0.000000e+000 -0.000000e+000 -1.000000e+000
    outer loop
      vertex   2.198518e+001 -1.014048e-001 0.000000e+000
      vertex   2.429017e+001 -4.056170e-001 0.000000e+000
      vertex   2.082391e+001 -2.535180e-002 0.000000e+000
    endloop
  endfacet
  facet normal 0.000000e+000 0.000000e+000 -1.000000e+000
    outer loop
      vertex   2.198518e+001 -1.014048e-001 0.000000e+000
      vertex   2.314060e+001 -2.281599e-001 0.000000e+000
      vertex   2.429017e+001 -4.056170e-001 0.000000e+000
    endloop
  endfacet
  facet normal 0.000000e+000 -0.000000e+000 -1.000000e+000
    outer loop
      vertex   2.429017e+001 -4.056170e-001 0.000000e+000
      vertex   2.486325e+001 -5.138463e-001 0.000000e+000
      vertex   1.016880e+001 -1.968787e+000 0.000000e+000
    endloop
  endfacet
  facet normal 0.000000e+000 0.000000e+000 -1.000000e+000
    outer loop
      vertex   1.016880e+001 -1.968787e+000 0.000000e+000
      vertex   2.486325e+001 -5.138463e-001 0.000000e+000
      vertex   2.543584e+001 -6.357262e-001 0.000000e+000
    endloop
  endfacet
  facet normal -0.000000e+000 0.000000e+000 -1.000000e+000
    outer loop
      vertex   2.600795e+001 -7.712566e-001 0.000000e+000
      vertex   1.016880e+001 -1.968787e+000 0.000000e+000
      vertex   2.543584e+001 -6.357262e-001 0.000000e+000
    endloop
  endfacet
  facet normal 0.000000e+000 -0.000000e+000 -1.000000e+000
    outer loop
      vertex   2.600795e+001 -7.712566e-001 0.000000e+000
      vertex   2.657956e+001 -9.204376e-001 0.000000e+000
      vertex   1.016880e+001 -1.968787e+000 0.000000e+000
    endloop
  endfacet
  facet normal 0.000000e+000 0.000000e+000 -1.000000e+000
    outer loop
      vertex   1.016880e+001 -1.968787e+000 0.000000e+000
      vertex   2.657956e+001 -9.204376e-001 0.000000e+000
      vertex   2.715069e+001 -1.083269e+000 0.000000e+000
    endloop
  endfacet
  facet normal -0.000000e+000 0.000000e+000 -1.000000e+000
    outer loop
      vertex   2.772133e+001 -1.259751e+000 0.000000e+000
      vertex   1.016880e+001 -1.968787e+000 0.000000e+000
      vertex   2.715069e+001 -1.083269e+000 0.000000e+000
    endloop
  endfacet
endsolid