solid ascii
  facet normal 9.999247e-001 1.226902e-002 0.000000e+000
    outer loop
      vertex   1.419657e+001 -2.670827e+001 1.000000e+001
      vertex   1.420303e+001 -2.723473e+001 1.000000e+001
      vertex   1.419657e+001 -2.670827e+001 0.000000e+000
    endloop
  endfacet
  facet normal 9.997032e-001 2.435218e-002 6.362734e-004
    outer loop
      vertex   1.419657e+001 -2.670827e+001 0.000000e+000
      vertex   1.420303e+001 -2.723473e+001 1.000000e+001
      vertex   1.421459e+001 -2.757892e+001 5.000000e+000
    endloop
  endfacet
  facet normal 9.992809e-001 3.791568e-002 2.983871e-004
    outer loop
      vertex   1.420303e+001 -2.723473e+001 0.000000e+000
      vertex   1.421459e+001 -2.757892e+001 5.000000e+000
      vertex   1.422241e+001 -2.774546e+001 0.000000e+000
    endloop
  endfacet
  facet normal 9.999237e-001 1.226900e-002 -1.468564e-003
    outer loop
      vertex   1.420303e+001 -2.723473e+001 0.000000e+000
      vertex   1.419657e+001 -2.670827e+001 0.000000e+000
      vertex   1.421459e+001 -2.757892e+001 5.000000e+000
    endloop
  endfacet
  facet normal 9.992809e-001 3.791568e-002 -2.983871e-004
    outer loop
      vertex   1.420303e+001 -2.723473e+001 1.000000e+001
      vertex   1.422241e+001 -2.774546e+001 1.000000e+001
      vertex   1.421459e+001 -2.757892e+001 5.000000e+000
    endloop
  endfacet
  facet normal 9.978780e-001 6.510838e-002 6.095827e-004
    outer loop
      vertex   1.421459e+001 -2.757892e+001 5.000000e+000
      vertex   1.422241e+001 -2.774546e+001 1.000000e+001
      vertex   1.425470e+001 -2.824048e+001 1.000000e+001
    endloop
  endfacet
  facet normal 9.955792e-001 9.392496e-002 -3.222279e-004
    outer loop
      vertex   1.426867e+001 -2.840569e+001 5.000000e+000
      vertex   1.425470e+001 -2.824048e+001 1.000000e+001
      vertex   1.429992e+001 -2.871977e+001 1.000000e+001
    endloop
  endfacet
  facet normal 9.922276e-001 1.244361e-001 1.721602e-005
    outer loop
      vertex   1.435880e+001 -2.918859e+001 5.000000e+000
      vertex   1.429992e+001 -2.871977e+001 1.000000e+001
      vertex   1.435806e+001 -2.918334e+001 1.000000e+001
    endloop
  endfacet
  facet normal 9.876461e-001 1.567010e-001 -1.733413e-005
    outer loop
      vertex   1.442911e+001 -2.963119e+001 1.000000e+001
      vertex   1.435880e+001 -2.918859e+001 5.000000e+000
      vertex   1.435806e+001 -2.918334e+001 1.000000e+001
    endloop
  endfacet
  facet normal 9.857340e-001 1.683074e-001 1.036951e-003
    outer loop
      vertex   1.442911e+001 -2.963119e+001 1.000000e+001
      vertex   1.448499e+001 -2.992762e+001 5.000000e+000
      vertex   1.435880e+001 -2.918859e+001 5.000000e+000
    endloop
  endfacet
  facet normal 9.816362e-001 1.907622e-001 -3.400747e-004
    outer loop
      vertex   1.442911e+001 -2.963119e+001 1.000000e+001
      vertex   1.451309e+001 -3.006332e+001 1.000000e+001
      vertex   1.448499e+001 -2.992762e+001 5.000000e+000
    endloop
  endfacet
  facet normal 9.739785e-001 2.266392e-001 6.766678e-004
    outer loop
      vertex   1.448499e+001 -2.992762e+001 5.000000e+000
      vertex   1.451309e+001 -3.006332e+001 1.000000e+001
      vertex   1.460998e+001 -3.047972e+001 1.000000e+001
    endloop
  endfacet
  facet normal 9.644347e-001 2.643211e-001 -3.792559e-004
    outer loop
      vertex   1.464722e+001 -3.062276e+001 5.000000e+000
      vertex   1.460998e+001 -3.047972e+001 1.000000e+001
      vertex   1.471980e+001 -3.088040e+001 1.000000e+001
    endloop
  endfacet
  facet normal 9.527493e-001 3.037577e-001 4.026711e-005
    outer loop
      vertex   1.484551e+001 -3.127404e+001 5.000000e+000
      vertex   1.471980e+001 -3.088040e+001 1.000000e+001
      vertex   1.484253e+001 -3.126536e+001 1.000000e+001
    endloop
  endfacet
  facet normal 9.386575e-001 3.448509e-001 -3.949794e-005
    outer loop
      vertex   1.497818e+001 -3.163459e+001 1.000000e+001
      vertex   1.484551e+001 -3.127404e+001 5.000000e+000
      vertex   1.484253e+001 -3.126536e+001 1.000000e+001
    endloop
  endfacet
  facet normal 9.329711e-001 3.599494e-001 1.200147e-003
    outer loop
      vertex   1.497818e+001 -3.163459e+001 1.000000e+001
      vertex   1.507985e+001 -3.188144e+001 5.000000e+000
      vertex   1.484551e+001 -3.127404e+001 5.000000e+000
    endloop
  endfacet
  facet normal 9.218924e-001 3.874459e-001 -3.826108e-004
    outer loop
      vertex   1.497818e+001 -3.163459e+001 1.000000e+001
      vertex   1.512676e+001 -3.198810e+001 1.000000e+001
      vertex   1.507985e+001 -3.188144e+001 5.000000e+000
    endloop
  endfacet
  facet normal 9.021973e-001 4.313229e-001 7.381703e-004
    outer loop
      vertex   1.507985e+001 -3.188144e+001 5.000000e+000
      vertex   1.512676e+001 -3.198810e+001 1.000000e+001
      vertex   1.528825e+001 -3.232589e+001 1.000000e+001
    endloop
  endfacet
  facet normal 8.793412e-001 4.761920e-001 -4.363505e-004
    outer loop
      vertex   1.535024e+001 -3.244496e+001 5.000000e+000
      vertex   1.528825e+001 -3.232589e+001 1.000000e+001
      vertex   1.546266e+001 -3.264796e+001 1.000000e+001
    endloop
  endfacet
  facet normal 8.531349e-001 5.216902e-001 -4.790095e-004
    outer loop
      vertex   1.556011e+001 -3.281191e+001 5.000000e+000
      vertex   1.546266e+001 -3.264796e+001 1.000000e+001
      vertex   1.564999e+001 -3.295431e+001 1.000000e+001
    endloop
  endfacet
  facet normal 8.234520e-001 5.673859e-001 -4.157104e-004
    outer loop
      vertex   1.578749e+001 -3.315754e+001 5.000000e+000
      vertex   1.564999e+001 -3.295431e+001 1.000000e+001
      vertex   1.585023e+001 -3.324493e+001 1.000000e+001
    endloop
  endfacet
  facet normal 7.905534e-001 6.123931e-001 -2.371035e-004
    outer loop
      vertex   1.603169e+001 -3.348111e+001 5.000000e+000
      vertex   1.585023e+001 -3.324493e+001 1.000000e+001
      vertex   1.606243e+001 -3.351885e+001 1.000000e+001
    endloop
  endfacet
  facet normal 7.541188e-001 6.567380e-001 4.685157e-005
    outer loop
      vertex   1.629086e+001 -3.378080e+001 5.000000e+000
      vertex   1.606243e+001 -3.351885e+001 1.000000e+001
      vertex   1.628559e+001 -3.377511e+001 1.000000e+001
    endloop
  endfacet
  facet normal 7.137297e-001 7.004213e-001 -4.548182e-005
    outer loop
      vertex   1.651972e+001 -3.401369e+001 1.000000e+001
      vertex   1.629086e+001 -3.378080e+001 5.000000e+000
      vertex   1.628559e+001 -3.377511e+001 1.000000e+001
    endloop
  endfacet
  facet normal 7.092449e-001 7.049621e-001 3.712904e-004
    outer loop
      vertex   1.651972e+001 -3.401369e+001 1.000000e+001
      vertex   1.656491e+001 -3.405652e+001 5.000000e+000
      vertex   1.629086e+001 -3.378080e+001 5.000000e+000
    endloop
  endfacet
  facet normal 6.694951e-001 7.428164e-001 -3.122322e-004
    outer loop
      vertex   1.651972e+001 -3.401369e+001 1.000000e+001
      vertex   1.676482e+001 -3.423459e+001 1.000000e+001
      vertex   1.656491e+001 -3.405652e+001 5.000000e+000
    endloop
  endfacet
  facet normal 6.569142e-001 7.539651e-001 5.878483e-004
    outer loop
      vertex   1.656491e+001 -3.405652e+001 5.000000e+000
      vertex   1.676482e+001 -3.423459e+001 1.000000e+001
      vertex   1.685384e+001 -3.430826e+001 5.000000e+000
    endloop
  endfacet
  facet normal 6.216669e-001 7.832816e-001 4.716119e-004
    outer loop
      vertex   1.676482e+001 -3.423459e+001 0.000000e+000
      vertex   1.685384e+001 -3.430826e+001 5.000000e+000
      vertex   1.702089e+001 -3.443783e+001 0.000000e+000
    endloop
  endfacet
  facet normal 6.569142e-001 7.539651e-001 -5.878483e-004
    outer loop
      vertex   1.676482e+001 -3.423459e+001 0.000000e+000
      vertex   1.656491e+001 -3.405652e+001 5.000000e+000
      vertex   1.685384e+001 -3.430826e+001 5.000000e+000
    endloop
  endfacet
  facet normal 6.694951e-001 7.428164e-001 3.122322e-004
    outer loop
      vertex   1.676482e+001 -3.423459e+001 0.000000e+000
      vertex   1.651972e+001 -3.401369e+001 0.000000e+000
      vertex   1.656491e+001 -3.405652e+001 5.000000e+000
    endloop
  endfacet
  facet normal 7.092449e-001 7.049621e-001 -3.712904e-004
    outer loop
      vertex   1.656491e+001 -3.405652e+001 5.000000e+000
      vertex   1.651972e+001 -3.401369e+001 0.000000e+000
      vertex   1.629086e+001 -3.378080e+001 5.000000e+000
    endloop
  endfacet
  facet normal 7.137297e-001 7.004213e-001 4.548182e-005
    outer loop
      vertex   1.629086e+001 -3.378080e+001 5.000000e+000
      vertex   1.651972e+001 -3.401369e+001 0.000000e+000
      vertex   1.628559e+001 -3.377511e+001 0.000000e+000
    endloop
  endfacet
  facet normal 7.541188e-001 6.567380e-001 -4.685157e-005
    outer loop
      vertex   1.606243e+001 -3.351885e+001 0.000000e+000
      vertex   1.629086e+001 -3.378080e+001 5.000000e+000
      vertex   1.628559e+001 -3.377511e+001 0.000000e+000
    endloop
  endfacet
  facet normal 7.563914e-001 6.541192e-001 -2.878728e-004
    outer loop
      vertex   1.606243e+001 -3.351885e+001 0.000000e+000
      vertex   1.603169e+001 -3.348111e+001 5.000000e+000
      vertex   1.629086e+001 -3.378080e+001 5.000000e+000
    endloop
  endfacet
  facet normal 7.905534e-001 6.123931e-001 2.371035e-004
    outer loop
      vertex   1.606243e+001 -3.351885e+001 0.000000e+000
      vertex   1.585023e+001 -3.324493e+001 0.000000e+000
      vertex   1.603169e+001 -3.348111e+001 5.000000e+000
    endloop
  endfacet
  facet normal 7.982015e-001 6.023903e-001 -5.129540e-004
    outer loop
      vertex   1.603169e+001 -3.348111e+001 5.000000e+000
      vertex   1.585023e+001 -3.324493e+001 0.000000e+000
      vertex   1.578749e+001 -3.315754e+001 5.000000e+000
    endloop
  endfacet
  facet normal 7.982015e-001 6.023903e-001 5.129540e-004
    outer loop
      vertex   1.585023e+001 -3.324493e+001 1.000000e+001
      vertex   1.603169e+001 -3.348111e+001 5.000000e+000
      vertex   1.578749e+001 -3.315754e+001 5.000000e+000
    endloop
  endfacet
  facet normal 9.978675e-001 6.526963e-002 6.310027e-004
    outer loop
      vertex   1.421459e+001 -2.757892e+001 5.000000e+000
      vertex   1.425470e+001 -2.824048e+001 1.000000e+001
      vertex   1.426867e+001 -2.840569e+001 5.000000e+000
    endloop
  endfacet
  facet normal 9.955792e-001 9.392496e-002 3.222279e-004
    outer loop
      vertex   1.425470e+001 -2.824048e+001 0.000000e+000
      vertex   1.426867e+001 -2.840569e+001 5.000000e+000
      vertex   1.429992e+001 -2.871977e+001 0.000000e+000
    endloop
  endfacet
  facet normal 9.978675e-001 6.526963e-002 -6.310027e-004
    outer loop
      vertex   1.425470e+001 -2.824048e+001 0.000000e+000
      vertex   1.421459e+001 -2.757892e+001 5.000000e+000
      vertex   1.426867e+001 -2.840569e+001 5.000000e+000
    endloop
  endfacet
  facet normal 9.978780e-001 6.510838e-002 -6.095827e-004
    outer loop
      vertex   1.425470e+001 -2.824048e+001 0.000000e+000
      vertex   1.422241e+001 -2.774546e+001 0.000000e+000
      vertex   1.421459e+001 -2.757892e+001 5.000000e+000
    endloop
  endfacet
  facet normal 9.934378e-001 1.143691e-001 9.753811e-004
    outer loop
      vertex   1.426867e+001 -2.840569e+001 5.000000e+000
      vertex   1.429992e+001 -2.871977e+001 1.000000e+001
      vertex   1.435880e+001 -2.918859e+001 5.000000e+000
    endloop
  endfacet
  facet normal 9.922276e-001 1.244361e-001 -1.721602e-005
    outer loop
      vertex   1.429992e+001 -2.871977e+001 0.000000e+000
      vertex   1.435880e+001 -2.918859e+001 5.000000e+000
      vertex   1.435806e+001 -2.918334e+001 0.000000e+000
    endloop
  endfacet
  facet normal 9.934378e-001 1.143691e-001 -9.753811e-004
    outer loop
      vertex   1.429992e+001 -2.871977e+001 0.000000e+000
      vertex   1.426867e+001 -2.840569e+001 5.000000e+000
      vertex   1.435880e+001 -2.918859e+001 5.000000e+000
    endloop
  endfacet
  facet normal 9.738303e-001 2.272751e-001 7.505839e-004
    outer loop
      vertex   1.448499e+001 -2.992762e+001 5.000000e+000
      vertex   1.460998e+001 -3.047972e+001 1.000000e+001
      vertex   1.464722e+001 -3.062276e+001 5.000000e+000
    endloop
  endfacet
  facet normal 9.644347e-001 2.643211e-001 3.792559e-004
    outer loop
      vertex   1.460998e+001 -3.047972e+001 0.000000e+000
      vertex   1.464722e+001 -3.062276e+001 5.000000e+000
      vertex   1.471980e+001 -3.088040e+001 0.000000e+000
    endloop
  endfacet
  facet normal 9.738303e-001 2.272751e-001 -7.505839e-004
    outer loop
      vertex   1.460998e+001 -3.047972e+001 0.000000e+000
      vertex   1.448499e+001 -2.992762e+001 5.000000e+000
      vertex   1.464722e+001 -3.062276e+001 5.000000e+000
    endloop
  endfacet
  facet normal 9.739785e-001 2.266392e-001 -6.766678e-004
    outer loop
      vertex   1.460998e+001 -3.047972e+001 0.000000e+000
      vertex   1.451309e+001 -3.006332e+001 0.000000e+000
      vertex   1.448499e+001 -2.992762e+001 5.000000e+000
    endloop
  endfacet
  facet normal 9.816362e-001 1.907622e-001 3.400747e-004
    outer loop
      vertex   1.448499e+001 -2.992762e+001 5.000000e+000
      vertex   1.451309e+001 -3.006332e+001 0.000000e+000
      vertex   1.442911e+001 -2.963119e+001 0.000000e+000
    endloop
  endfacet
  facet normal 9.876461e-001 1.567010e-001 1.733413e-005
    outer loop
      vertex   1.435880e+001 -2.918859e+001 5.000000e+000
      vertex   1.442911e+001 -2.963119e+001 0.000000e+000
      vertex   1.435806e+001 -2.918334e+001 0.000000e+000
    endloop
  endfacet
  facet normal 9.857340e-001 1.683074e-001 -1.036951e-003
    outer loop
      vertex   1.435880e+001 -2.918859e+001 5.000000e+000
      vertex   1.448499e+001 -2.992762e+001 5.000000e+000
      vertex   1.442911e+001 -2.963119e+001 0.000000e+000
    endloop
  endfacet
  facet normal 9.566429e-001 2.912613e-001 1.121979e-003
    outer loop
      vertex   1.464722e+001 -3.062276e+001 5.000000e+000
      vertex   1.471980e+001 -3.088040e+001 1.000000e+001
      vertex   1.484551e+001 -3.127404e+001 5.000000e+000
    endloop
  endfacet
  facet normal 9.527493e-001 3.037577e-001 -4.026711e-005
    outer loop
      vertex   1.471980e+001 -3.088040e+001 0.000000e+000
      vertex   1.484551e+001 -3.127404e+001 5.000000e+000
      vertex   1.484253e+001 -3.126536e+001 0.000000e+000
    endloop
  endfacet
  facet normal 9.566429e-001 2.912613e-001 -1.121979e-003
    outer loop
      vertex   1.471980e+001 -3.088040e+001 0.000000e+000
      vertex   1.464722e+001 -3.062276e+001 5.000000e+000
      vertex   1.484551e+001 -3.127404e+001 5.000000e+000
    endloop
  endfacet
  facet normal 9.015842e-001 4.326027e-001 8.774843e-004
    outer loop
      vertex   1.507985e+001 -3.188144e+001 5.000000e+000
      vertex   1.528825e+001 -3.232589e+001 1.000000e+001
      vertex   1.535024e+001 -3.244496e+001 5.000000e+000
    endloop
  endfacet
  facet normal 8.793412e-001 4.761920e-001 4.363505e-004
    outer loop
      vertex   1.528825e+001 -3.232589e+001 0.000000e+000
      vertex   1.535024e+001 -3.244496e+001 5.000000e+000
      vertex   1.546266e+001 -3.264796e+001 0.000000e+000
    endloop
  endfacet
  facet normal 9.015842e-001 4.326027e-001 -8.774843e-004
    outer loop
      vertex   1.528825e+001 -3.232589e+001 0.000000e+000
      vertex   1.507985e+001 -3.188144e+001 5.000000e+000
      vertex   1.535024e+001 -3.244496e+001 5.000000e+000
    endloop
  endfacet
  facet normal 9.021973e-001 4.313229e-001 -7.381703e-004
    outer loop
      vertex   1.528825e+001 -3.232589e+001 0.000000e+000
      vertex   1.512676e+001 -3.198810e+001 0.000000e+000
      vertex   1.507985e+001 -3.188144e+001 5.000000e+000
    endloop
  endfacet
  facet normal 9.218924e-001 3.874459e-001 3.826108e-004
    outer loop
      vertex   1.507985e+001 -3.188144e+001 5.000000e+000
      vertex   1.512676e+001 -3.198810e+001 0.000000e+000
      vertex   1.497818e+001 -3.163459e+001 0.000000e+000
    endloop
  endfacet
  facet normal 9.386575e-001 3.448509e-001 3.949794e-005
    outer loop
      vertex   1.484551e+001 -3.127404e+001 5.000000e+000
      vertex   1.497818e+001 -3.163459e+001 0.000000e+000
      vertex   1.484253e+001 -3.126536e+001 0.000000e+000
    endloop
  endfacet
  facet normal 9.329711e-001 3.599494e-001 -1.200147e-003
    outer loop
      vertex   1.484551e+001 -3.127404e+001 5.000000e+000
      vertex   1.507985e+001 -3.188144e+001 5.000000e+000
      vertex   1.497818e+001 -3.163459e+001 0.000000e+000
    endloop
  endfacet
  facet normal 8.680651e-001 4.964499e-001 6.396274e-004
    outer loop
      vertex   1.535024e+001 -3.244496e+001 5.000000e+000
      vertex   1.546266e+001 -3.264796e+001 1.000000e+001
      vertex   1.556011e+001 -3.281191e+001 5.000000e+000
    endloop
  endfacet
  facet normal 8.531349e-001 5.216902e-001 4.790095e-004
    outer loop
      vertex   1.546266e+001 -3.264796e+001 0.000000e+000
      vertex   1.556011e+001 -3.281191e+001 5.000000e+000
      vertex   1.564999e+001 -3.295431e+001 0.000000e+000
    endloop
  endfacet
  facet normal 8.680651e-001 4.964499e-001 -6.396274e-004
    outer loop
      vertex   1.546266e+001 -3.264796e+001 0.000000e+000
      vertex   1.535024e+001 -3.244496e+001 5.000000e+000
      vertex   1.556011e+001 -3.281191e+001 5.000000e+000
    endloop
  endfacet
  facet normal 8.354114e-001 5.496247e-001 6.351150e-004
    outer loop
      vertex   1.556011e+001 -3.281191e+001 5.000000e+000
      vertex   1.564999e+001 -3.295431e+001 1.000000e+001
      vertex   1.578749e+001 -3.315754e+001 5.000000e+000
    endloop
  endfacet
  facet normal 8.234520e-001 5.673859e-001 4.157104e-004
    outer loop
      vertex   1.564999e+001 -3.295431e+001 0.000000e+000
      vertex   1.578749e+001 -3.315754e+001 5.000000e+000
      vertex   1.585023e+001 -3.324493e+001 0.000000e+000
    endloop
  endfacet
  facet normal 8.354114e-001 5.496247e-001 -6.351150e-004
    outer loop
      vertex   1.564999e+001 -3.295431e+001 0.000000e+000
      vertex   1.556011e+001 -3.281191e+001 5.000000e+000
      vertex   1.578749e+001 -3.315754e+001 5.000000e+000
    endloop
  endfacet
  facet normal 7.563914e-001 6.541192e-001 2.878728e-004
    outer loop
      vertex   1.603169e+001 -3.348111e+001 5.000000e+000
      vertex   1.606243e+001 -3.351885e+001 1.000000e+001
      vertex   1.629086e+001 -3.378080e+001 5.000000e+000
    endloop
  endfacet
  facet normal 6.216669e-001 7.832816e-001 -4.716119e-004
    outer loop
      vertex   1.676482e+001 -3.423459e+001 1.000000e+001
      vertex   1.702089e+001 -3.443783e+001 1.000000e+001
      vertex   1.685384e+001 -3.430826e+001 5.000000e+000
    endloop
  endfacet
  facet normal 5.998402e-001 8.001196e-001 6.939552e-004
    outer loop
      vertex   1.685384e+001 -3.430826e+001 5.000000e+000
      vertex   1.702089e+001 -3.443783e+001 1.000000e+001
      vertex   1.715765e+001 -3.453602e+001 5.000000e+000
    endloop
  endfacet
  facet normal 5.706415e-001 8.211991e-001 5.186844e-004
    outer loop
      vertex   1.702089e+001 -3.443783e+001 0.000000e+000
      vertex   1.715765e+001 -3.453602e+001 5.000000e+000
      vertex   1.728793e+001 -3.462339e+001 0.000000e+000
    endloop
  endfacet
  facet normal 5.998402e-001 8.001196e-001 -6.939552e-004
    outer loop
      vertex   1.702089e+001 -3.443783e+001 0.000000e+000
      vertex   1.685384e+001 -3.430826e+001 5.000000e+000
      vertex   1.715765e+001 -3.453602e+001 5.000000e+000
    endloop
  endfacet
  facet normal 5.706415e-001 8.211991e-001 -5.186844e-004
    outer loop
      vertex   1.702089e+001 -3.443783e+001 1.000000e+001
      vertex   1.728793e+001 -3.462339e+001 1.000000e+001
      vertex   1.715765e+001 -3.453602e+001 5.000000e+000
    endloop
  endfacet
  facet normal 5.387262e-001 8.424806e-001 6.847353e-004
    outer loop
      vertex   1.715765e+001 -3.453602e+001 5.000000e+000
      vertex   1.728793e+001 -3.462339e+001 1.000000e+001
      vertex   1.747635e+001 -3.473981e+001 5.000000e+000
    endloop
  endfacet
  facet normal 5.169495e-001 8.560158e-001 4.510507e-004
    outer loop
      vertex   1.728793e+001 -3.462339e+001 0.000000e+000
      vertex   1.747635e+001 -3.473981e+001 5.000000e+000
      vertex   1.756594e+001 -3.479128e+001 0.000000e+000
    endloop
  endfacet
  facet normal 5.387262e-001 8.424806e-001 -6.847353e-004
    outer loop
      vertex   1.728793e+001 -3.462339e+001 0.000000e+000
      vertex   1.715765e+001 -3.453602e+001 5.000000e+000
      vertex   1.747635e+001 -3.473981e+001 5.000000e+000
    endloop
  endfacet
  facet normal 5.169495e-001 8.560158e-001 -4.510507e-004
    outer loop
      vertex   1.728793e+001 -3.462339e+001 1.000000e+001
      vertex   1.756594e+001 -3.479128e+001 1.000000e+001
      vertex   1.747635e+001 -3.473981e+001 5.000000e+000
    endloop
  endfacet
  facet normal 4.745026e-001 8.802539e-001 5.590012e-004
    outer loop
      vertex   1.747635e+001 -3.473981e+001 5.000000e+000
      vertex   1.756594e+001 -3.479128e+001 1.000000e+001
      vertex   1.780992e+001 -3.491963e+001 5.000000e+000
    endloop
  endfacet
  facet normal 4.612290e-001 8.872811e-001 2.690974e-004
    outer loop
      vertex   1.756594e+001 -3.479128e+001 0.000000e+000
      vertex   1.780992e+001 -3.491963e+001 5.000000e+000
      vertex   1.785491e+001 -3.494150e+001 0.000000e+000
    endloop
  endfacet
  facet normal 4.745026e-001 8.802539e-001 -5.590012e-004
    outer loop
      vertex   1.756594e+001 -3.479128e+001 0.000000e+000
      vertex   1.747635e+001 -3.473981e+001 5.000000e+000
      vertex   1.780992e+001 -3.491963e+001 5.000000e+000
    endloop
  endfacet
  facet normal 4.612290e-001 8.872811e-001 -2.690974e-004
    outer loop
      vertex   1.756594e+001 -3.479128e+001 1.000000e+001
      vertex   1.785491e+001 -3.494150e+001 1.000000e+001
      vertex   1.780992e+001 -3.491963e+001 5.000000e+000
    endloop
  endfacet
  facet normal 4.082585e-001 9.128663e-001 3.194549e-004
    outer loop
      vertex   1.780992e+001 -3.491963e+001 5.000000e+000
      vertex   1.785491e+001 -3.494150e+001 1.000000e+001
      vertex   1.815838e+001 -3.507546e+001 5.000000e+000
    endloop
  endfacet
  facet normal 4.041892e-001 9.146754e-001 -2.400092e-005
    outer loop
      vertex   1.785491e+001 -3.494150e+001 0.000000e+000
      vertex   1.815838e+001 -3.507546e+001 5.000000e+000
      vertex   1.815486e+001 -3.507404e+001 0.000000e+000
    endloop
  endfacet
  facet normal 4.082585e-001 9.128663e-001 -3.194549e-004
    outer loop
      vertex   1.785491e+001 -3.494150e+001 0.000000e+000
      vertex   1.780992e+001 -3.491963e+001 5.000000e+000
      vertex   1.815838e+001 -3.507546e+001 5.000000e+000
    endloop
  endfacet
  facet normal 4.041892e-001 9.146754e-001 2.400092e-005
    outer loop
      vertex   1.785491e+001 -3.494150e+001 1.000000e+001
      vertex   1.815486e+001 -3.507404e+001 1.000000e+001
      vertex   1.815838e+001 -3.507546e+001 5.000000e+000
    endloop
  endfacet
  facet normal 3.465657e-001 9.380257e-001 -2.320443e-005
    outer loop
      vertex   1.815838e+001 -3.507546e+001 5.000000e+000
      vertex   1.815486e+001 -3.507404e+001 1.000000e+001
      vertex   1.846578e+001 -3.518891e+001 1.000000e+001
    endloop
  endfacet
  facet normal 2.890767e-001 9.573059e-001 -2.916849e-004
    outer loop
      vertex   1.852172e+001 -3.520733e+001 5.000000e+000
      vertex   1.846578e+001 -3.518891e+001 1.000000e+001
      vertex   1.878766e+001 -3.528611e+001 1.000000e+001
    endloop
  endfacet
  facet normal 2.323828e-001 9.726243e-001 -4.435547e-004
    outer loop
      vertex   1.889994e+001 -3.531522e+001 5.000000e+000
      vertex   1.878766e+001 -3.528611e+001 1.000000e+001
      vertex   1.912051e+001 -3.536564e+001 1.000000e+001
    endloop
  endfacet
  facet normal 1.770584e-001 9.842002e-001 -4.833245e-004
    outer loop
      vertex   1.929304e+001 -3.539913e+001 5.000000e+000
      vertex   1.912051e+001 -3.536564e+001 1.000000e+001
      vertex   1.946434e+001 -3.542749e+001 1.000000e+001
    endloop
  endfacet
  facet normal 1.235732e-001 9.923354e-001 -4.173902e-004
    outer loop
      vertex   1.970102e+001 -3.545907e+001 5.000000e+000
      vertex   1.946434e+001 -3.542749e+001 1.000000e+001
      vertex   1.981913e+001 -3.547167e+001 1.000000e+001
    endloop
  endfacet
  facet normal 7.228624e-002 9.973839e-001 -2.534589e-004
    outer loop
      vertex   2.012388e+001 -3.549503e+001 5.000000e+000
      vertex   1.981913e+001 -3.547167e+001 1.000000e+001
      vertex   2.018489e+001 -3.549818e+001 1.000000e+001
    endloop
  endfacet
  facet normal 2.344874e-002 9.997250e-001 3.439586e-004
    outer loop
      vertex   2.056162e+001 -3.550702e+001 1.000000e+001
      vertex   2.012388e+001 -3.549503e+001 5.000000e+000
      vertex   2.018489e+001 -3.549818e+001 1.000000e+001
    endloop
  endfacet
  facet normal 3.033944e-002 9.995396e-001 -2.597576e-004
    outer loop
      vertex   2.056162e+001 -3.550702e+001 1.000000e+001
      vertex   2.018489e+001 -3.549818e+001 0.000000e+000
      vertex   2.012388e+001 -3.549503e+001 5.000000e+000
    endloop
  endfacet
  facet normal 2.344874e-002 9.997250e-001 0.000000e+000
    outer loop
      vertex   2.056162e+001 -3.550702e+001 1.000000e+001
      vertex   2.056162e+001 -3.550702e+001 0.000000e+000
      vertex   2.018489e+001 -3.549818e+001 0.000000e+000
    endloop
  endfacet
  facet normal 3.411514e-001 9.400083e-001 3.546482e-004
    outer loop
      vertex   1.815838e+001 -3.507546e+001 5.000000e+000
      vertex   1.846578e+001 -3.518891e+001 1.000000e+001
      vertex   1.852172e+001 -3.520733e+001 5.000000e+000
    endloop
  endfacet
  facet normal 2.890767e-001 9.573059e-001 2.916849e-004
    outer loop
      vertex   1.846578e+001 -3.518891e+001 0.000000e+000
      vertex   1.852172e+001 -3.520733e+001 5.000000e+000
      vertex   1.878766e+001 -3.528611e+001 0.000000e+000
    endloop
  endfacet
  facet normal 3.411514e-001 9.400083e-001 -3.546482e-004
    outer loop
      vertex   1.846578e+001 -3.518891e+001 0.000000e+000
      vertex   1.815838e+001 -3.507546e+001 5.000000e+000
      vertex   1.852172e+001 -3.520733e+001 5.000000e+000
    endloop
  endfacet
  facet normal 3.465657e-001 9.380257e-001 2.320443e-005
    outer loop
      vertex   1.846578e+001 -3.518891e+001 0.000000e+000
      vertex   1.815486e+001 -3.507404e+001 0.000000e+000
      vertex   1.815838e+001 -3.507546e+001 5.000000e+000
    endloop
  endfacet
  facet normal 2.743123e-001 9.616405e-001 5.619103e-004
    outer loop
      vertex   1.852172e+001 -3.520733e+001 5.000000e+000
      vertex   1.878766e+001 -3.528611e+001 1.000000e+001
      vertex   1.889994e+001 -3.531522e+001 5.000000e+000
    endloop
  endfacet
  facet normal 2.323828e-001 9.726243e-001 4.435547e-004
    outer loop
      vertex   1.878766e+001 -3.528611e+001 0.000000e+000
      vertex   1.889994e+001 -3.531522e+001 5.000000e+000
      vertex   1.912051e+001 -3.536564e+001 0.000000e+000
    endloop
  endfacet
  facet normal 2.743123e-001 9.616405e-001 -5.619103e-004
    outer loop
      vertex   1.878766e+001 -3.528611e+001 0.000000e+000
      vertex   1.852172e+001 -3.520733e+001 5.000000e+000
      vertex   1.889994e+001 -3.531522e+001 5.000000e+000
    endloop
  endfacet
  facet normal 2.087623e-001 9.779662e-001 6.523514e-004
    outer loop
      vertex   1.889994e+001 -3.531522e+001 5.000000e+000
      vertex   1.912051e+001 -3.536564e+001 1.000000e+001
      vertex   1.929304e+001 -3.539913e+001 5.000000e+000
    endloop
  endfacet
  facet normal 1.770584e-001 9.842002e-001 4.833245e-004
    outer loop
      vertex   1.912051e+001 -3.536564e+001 0.000000e+000
      vertex   1.929304e+001 -3.539913e+001 5.000000e+000
      vertex   1.946434e+001 -3.542749e+001 0.000000e+000
    endloop
  endfacet
  facet normal 2.087623e-001 9.779662e-001 -6.523514e-004
    outer loop
      vertex   1.912051e+001 -3.536564e+001 0.000000e+000
      vertex   1.889994e+001 -3.531522e+001 5.000000e+000
      vertex   1.929304e+001 -3.539913e+001 5.000000e+000
    endloop
  endfacet
  facet normal 1.453537e-001 9.893796e-001 6.322716e-004
    outer loop
      vertex   1.929304e+001 -3.539913e+001 5.000000e+000
      vertex   1.946434e+001 -3.542749e+001 1.000000e+001
      vertex   1.970102e+001 -3.545907e+001 5.000000e+000
    endloop
  endfacet
  facet normal 1.235732e-001 9.923354e-001 4.173902e-004
    outer loop
      vertex   1.946434e+001 -3.542749e+001 0.000000e+000
      vertex   1.970102e+001 -3.545907e+001 5.000000e+000
      vertex   1.981913e+001 -3.547167e+001 0.000000e+000
    endloop
  endfacet
  facet normal 1.453537e-001 9.893796e-001 -6.322716e-004
    outer loop
      vertex   1.946434e+001 -3.542749e+001 0.000000e+000
      vertex   1.929304e+001 -3.539913e+001 5.000000e+000
      vertex   1.970102e+001 -3.545907e+001 5.000000e+000
    endloop
  endfacet
  facet normal 8.474038e-002 9.964029e-001 5.102004e-004
    outer loop
      vertex   1.970102e+001 -3.545907e+001 5.000000e+000
      vertex   1.981913e+001 -3.547167e+001 1.000000e+001
      vertex   2.012388e+001 -3.549503e+001 5.000000e+000
    endloop
  endfacet
  facet normal 7.228624e-002 9.973839e-001 2.534589e-004
    outer loop
      vertex   1.981913e+001 -3.547167e+001 0.000000e+000
      vertex   2.012388e+001 -3.549503e+001 5.000000e+000
      vertex   2.018489e+001 -3.549818e+001 0.000000e+000
    endloop
  endfacet
  facet normal 8.474038e-002 9.964029e-001 -5.102004e-004
    outer loop
      vertex   1.981913e+001 -3.547167e+001 0.000000e+000
      vertex   1.970102e+001 -3.545907e+001 5.000000e+000
      vertex   2.012388e+001 -3.549503e+001 5.000000e+000
    endloop
  endfacet
  facet normal 2.344874e-002 -9.997250e-001 0.000000e+000
    outer loop
      vertex   2.056162e+001 -1.790951e+001 1.000000e+001
      vertex   2.018489e+001 -1.791835e+001 1.000000e+001
      vertex   2.056162e+001 -1.790951e+001 0.000000e+000
    endloop
  endfacet
  facet normal 4.064552e-002 -9.991734e-001 6.483428e-004
    outer loop
      vertex   2.056162e+001 -1.790951e+001 0.000000e+000
      vertex   2.018489e+001 -1.791835e+001 1.000000e+001
      vertex   2.001047e+001 -1.792869e+001 5.000000e+000
    endloop
  endfacet
  facet normal 7.228623e-002 -9.973838e-001 4.591536e-004
    outer loop
      vertex   2.018489e+001 -1.791835e+001 0.000000e+000
      vertex   2.001047e+001 -1.792869e+001 5.000000e+000
      vertex   1.981913e+001 -1.794486e+001 0.000000e+000
    endloop
  endfacet
  facet normal 2.344872e-002 -9.997243e-001 -1.249397e-003
    outer loop
      vertex   2.018489e+001 -1.791835e+001 0.000000e+000
      vertex   2.056162e+001 -1.790951e+001 0.000000e+000
      vertex   2.001047e+001 -1.792869e+001 5.000000e+000
    endloop
  endfacet
  facet normal 7.228623e-002 -9.973838e-001 -4.591536e-004
    outer loop
      vertex   2.018489e+001 -1.791835e+001 1.000000e+001
      vertex   1.981913e+001 -1.794486e+001 1.000000e+001
      vertex   2.001047e+001 -1.792869e+001 5.000000e+000
    endloop
  endfacet
  facet normal 1.084461e-001 -9.941019e-001 9.351906e-004
    outer loop
      vertex   2.001047e+001 -1.792869e+001 5.000000e+000
      vertex   1.981913e+001 -1.794486e+001 1.000000e+001
      vertex   1.948311e+001 -1.798622e+001 5.000000e+000
    endloop
  endfacet
  facet normal 1.235732e-001 -9.923355e-001 9.601245e-005
    outer loop
      vertex   1.981913e+001 -1.794486e+001 0.000000e+000
      vertex   1.948311e+001 -1.798622e+001 5.000000e+000
      vertex   1.946434e+001 -1.798904e+001 0.000000e+000
    endloop
  endfacet
  facet normal 1.084461e-001 -9.941019e-001 -9.351906e-004
    outer loop
      vertex   1.981913e+001 -1.794486e+001 0.000000e+000
      vertex   2.001047e+001 -1.792869e+001 5.000000e+000
      vertex   1.948311e+001 -1.798622e+001 5.000000e+000
    endloop
  endfacet
  facet normal 1.235732e-001 -9.923355e-001 -9.601245e-005
    outer loop
      vertex   1.981913e+001 -1.794486e+001 1.000000e+001
      vertex   1.946434e+001 -1.798904e+001 1.000000e+001
      vertex   1.948311e+001 -1.798622e+001 5.000000e+000
    endloop
  endfacet
  facet normal 1.770584e-001 -9.842003e-001 1.094167e-004
    outer loop
      vertex   1.948311e+001 -1.798622e+001 5.000000e+000
      vertex   1.946434e+001 -1.798904e+001 1.000000e+001
      vertex   1.912051e+001 -1.805090e+001 1.000000e+001
    endloop
  endfacet
  facet normal 2.323828e-001 -9.726243e-001 -4.806373e-004
    outer loop
      vertex   1.897957e+001 -1.808210e+001 5.000000e+000
      vertex   1.912051e+001 -1.805090e+001 1.000000e+001
      vertex   1.878766e+001 -1.813042e+001 1.000000e+001
    endloop
  endfacet
  facet normal 2.890767e-001 -9.573059e-001 -1.925970e-004
    outer loop
      vertex   1.849982e+001 -1.821633e+001 5.000000e+000
      vertex   1.878766e+001 -1.813042e+001 1.000000e+001
      vertex   1.846578e+001 -1.822762e+001 1.000000e+001
    endloop
  endfacet
  facet normal 3.465657e-001 -9.380257e-001 2.423965e-004
    outer loop
      vertex   1.815486e+001 -1.834249e+001 1.000000e+001
      vertex   1.849982e+001 -1.821633e+001 5.000000e+000
      vertex   1.846578e+001 -1.822762e+001 1.000000e+001
    endloop
  endfacet
  facet normal 3.540158e-001 -9.352391e-001 8.267068e-004
    outer loop
      vertex   1.815486e+001 -1.834249e+001 1.000000e+001
      vertex   1.804389e+001 -1.838892e+001 5.000000e+000
      vertex   1.849982e+001 -1.821633e+001 5.000000e+000
    endloop
  endfacet
  facet normal 4.041891e-001 -9.146753e-001 -4.778273e-004
    outer loop
      vertex   1.815486e+001 -1.834249e+001 1.000000e+001
      vertex   1.785491e+001 -1.847504e+001 1.000000e+001
      vertex   1.804389e+001 -1.838892e+001 5.000000e+000
    endloop
  endfacet
  facet normal 4.386618e-001 -8.986515e-001 1.101033e-003
    outer loop
      vertex   1.804389e+001 -1.838892e+001 5.000000e+000
      vertex   1.785491e+001 -1.847504e+001 1.000000e+001
      vertex   1.761175e+001 -1.859986e+001 5.000000e+000
    endloop
  endfacet
  facet normal 4.612290e-001 -8.872811e-001 2.803102e-004
    outer loop
      vertex   1.785491e+001 -1.847504e+001 0.000000e+000
      vertex   1.761175e+001 -1.859986e+001 5.000000e+000
      vertex   1.756594e+001 -1.862525e+001 0.000000e+000
    endloop
  endfacet
  facet normal 4.386618e-001 -8.986515e-001 -1.101033e-003
    outer loop
      vertex   1.785491e+001 -1.847504e+001 0.000000e+000
      vertex   1.804389e+001 -1.838892e+001 5.000000e+000
      vertex   1.761175e+001 -1.859986e+001 5.000000e+000
    endloop
  endfacet
  facet normal 4.041891e-001 -9.146753e-001 4.778273e-004
    outer loop
      vertex   1.785491e+001 -1.847504e+001 0.000000e+000
      vertex   1.815486e+001 -1.834249e+001 0.000000e+000
      vertex   1.804389e+001 -1.838892e+001 5.000000e+000
    endloop
  endfacet
  facet normal 3.540158e-001 -9.352391e-001 -8.267068e-004
    outer loop
      vertex   1.804389e+001 -1.838892e+001 5.000000e+000
      vertex   1.815486e+001 -1.834249e+001 0.000000e+000
      vertex   1.849982e+001 -1.821633e+001 5.000000e+000
    endloop
  endfacet
  facet normal 3.465657e-001 -9.380257e-001 -2.423965e-004
    outer loop
      vertex   1.849982e+001 -1.821633e+001 5.000000e+000
      vertex   1.815486e+001 -1.834249e+001 0.000000e+000
      vertex   1.846578e+001 -1.822762e+001 0.000000e+000
    endloop
  endfacet
  facet normal 2.890767e-001 -9.573059e-001 1.925970e-004
    outer loop
      vertex   1.878766e+001 -1.813042e+001 0.000000e+000
      vertex   1.849982e+001 -1.821633e+001 5.000000e+000
      vertex   1.846578e+001 -1.822762e+001 0.000000e+000
    endloop
  endfacet
  facet normal 2.694540e-001 -9.630127e-001 -1.035084e-003
    outer loop
      vertex   1.878766e+001 -1.813042e+001 0.000000e+000
      vertex   1.897957e+001 -1.808210e+001 5.000000e+000
      vertex   1.849982e+001 -1.821633e+001 5.000000e+000
    endloop
  endfacet
  facet normal 2.323828e-001 -9.726243e-001 4.806373e-004
    outer loop
      vertex   1.878766e+001 -1.813042e+001 0.000000e+000
      vertex   1.912051e+001 -1.805090e+001 0.000000e+000
      vertex   1.897957e+001 -1.808210e+001 5.000000e+000
    endloop
  endfacet
  facet normal 1.870504e-001 -9.823499e-001 -8.579713e-004
    outer loop
      vertex   1.897957e+001 -1.808210e+001 5.000000e+000
      vertex   1.912051e+001 -1.805090e+001 0.000000e+000
      vertex   1.948311e+001 -1.798622e+001 5.000000e+000
    endloop
  endfacet
  facet normal 1.870504e-001 -9.823499e-001 8.579713e-004
    outer loop
      vertex   1.912051e+001 -1.805090e+001 1.000000e+001
      vertex   1.897957e+001 -1.808210e+001 5.000000e+000
      vertex   1.948311e+001 -1.798622e+001 5.000000e+000
    endloop
  endfacet
  facet normal 2.694540e-001 -9.630127e-001 1.035084e-003
    outer loop
      vertex   1.897957e+001 -1.808210e+001 5.000000e+000
      vertex   1.878766e+001 -1.813042e+001 1.000000e+001
      vertex   1.849982e+001 -1.821633e+001 5.000000e+000
    endloop
  endfacet
  facet normal 4.612290e-001 -8.872811e-001 -2.803102e-004
    outer loop
      vertex   1.785491e+001 -1.847504e+001 1.000000e+001
      vertex   1.756594e+001 -1.862525e+001 1.000000e+001
      vertex   1.761175e+001 -1.859986e+001 5.000000e+000
    endloop
  endfacet
  facet normal 5.169495e-001 -8.560158e-001 3.890778e-004
    outer loop
      vertex   1.761175e+001 -1.859986e+001 5.000000e+000
      vertex   1.756594e+001 -1.862525e+001 1.000000e+001
      vertex   1.728793e+001 -1.879314e+001 1.000000e+001
    endloop
  endfacet
  facet normal 5.706416e-001 -8.211991e-001 -4.459149e-004
    outer loop
      vertex   1.720343e+001 -1.884915e+001 5.000000e+000
      vertex   1.728793e+001 -1.879314e+001 1.000000e+001
      vertex   1.702089e+001 -1.897871e+001 1.000000e+001
    endloop
  endfacet
  facet normal 6.216669e-001 -7.832817e-001 -3.485036e-004
    outer loop
      vertex   1.681890e+001 -1.913679e+001 5.000000e+000
      vertex   1.702089e+001 -1.897871e+001 1.000000e+001
      vertex   1.676482e+001 -1.918194e+001 1.000000e+001
    endloop
  endfacet
  facet normal 6.694952e-001 -7.428164e-001 1.043465e-004
    outer loop
      vertex   1.650809e+001 -1.941404e+001 5.000000e+000
      vertex   1.676482e+001 -1.918194e+001 1.000000e+001
      vertex   1.651972e+001 -1.940285e+001 1.000000e+001
    endloop
  endfacet
  facet normal 7.137297e-001 -7.004213e-001 -9.345137e-005
    outer loop
      vertex   1.628559e+001 -1.964143e+001 1.000000e+001
      vertex   1.650809e+001 -1.941404e+001 5.000000e+000
      vertex   1.651972e+001 -1.940285e+001 1.000000e+001
    endloop
  endfacet
  facet normal 7.213018e-001 -6.926207e-001 5.982619e-004
    outer loop
      vertex   1.628559e+001 -1.964143e+001 1.000000e+001
      vertex   1.621478e+001 -1.971949e+001 5.000000e+000
      vertex   1.650809e+001 -1.941404e+001 5.000000e+000
    endloop
  endfacet
  facet normal 7.541188e-001 -6.567379e-001 -4.267266e-004
    outer loop
      vertex   1.628559e+001 -1.964143e+001 1.000000e+001
      vertex   1.606243e+001 -1.989768e+001 1.000000e+001
      vertex   1.621478e+001 -1.971949e+001 5.000000e+000
    endloop
  endfacet
  facet normal 7.707761e-001 -6.371057e-001 7.804751e-004
    outer loop
      vertex   1.621478e+001 -1.971949e+001 5.000000e+000
      vertex   1.606243e+001 -1.989768e+001 1.000000e+001
      vertex   1.593898e+001 -2.005315e+001 5.000000e+000
    endloop
  endfacet
  facet normal 7.905533e-001 -6.123930e-001 4.762565e-004
    outer loop
      vertex   1.606243e+001 -1.989768e+001 0.000000e+000
      vertex   1.593898e+001 -2.005315e+001 5.000000e+000
      vertex   1.585023e+001 -2.017161e+001 0.000000e+000
    endloop
  endfacet
  facet normal 7.707761e-001 -6.371057e-001 -7.804751e-004
    outer loop
      vertex   1.606243e+001 -1.989768e+001 0.000000e+000
      vertex   1.621478e+001 -1.971949e+001 5.000000e+000
      vertex   1.593898e+001 -2.005315e+001 5.000000e+000
    endloop
  endfacet
  facet normal 7.541188e-001 -6.567379e-001 4.267266e-004
    outer loop
      vertex   1.606243e+001 -1.989768e+001 0.000000e+000
      vertex   1.628559e+001 -1.964143e+001 0.000000e+000
      vertex   1.621478e+001 -1.971949e+001 5.000000e+000
    endloop
  endfacet
  facet normal 7.213018e-001 -6.926207e-001 -5.982619e-004
    outer loop
      vertex   1.621478e+001 -1.971949e+001 5.000000e+000
      vertex   1.628559e+001 -1.964143e+001 0.000000e+000
      vertex   1.650809e+001 -1.941404e+001 5.000000e+000
    endloop
  endfacet
  facet normal 7.137297e-001 -7.004213e-001 9.345137e-005
    outer loop
      vertex   1.650809e+001 -1.941404e+001 5.000000e+000
      vertex   1.628559e+001 -1.964143e+001 0.000000e+000
      vertex   1.651972e+001 -1.940285e+001 0.000000e+000
    endloop
  endfacet
  facet normal 6.694952e-001 -7.428164e-001 -1.043465e-004
    outer loop
      vertex   1.676482e+001 -1.918194e+001 0.000000e+000
      vertex   1.650809e+001 -1.941404e+001 5.000000e+000
      vertex   1.651972e+001 -1.940285e+001 0.000000e+000
    endloop
  endfacet
  facet normal 6.656528e-001 -7.462615e-001 -4.615563e-004
    outer loop
      vertex   1.676482e+001 -1.918194e+001 0.000000e+000
      vertex   1.681890e+001 -1.913679e+001 5.000000e+000
      vertex   1.650809e+001 -1.941404e+001 5.000000e+000
    endloop
  endfacet
  facet normal 6.216669e-001 -7.832817e-001 3.485036e-004
    outer loop
      vertex   1.676482e+001 -1.918194e+001 0.000000e+000
      vertex   1.702089e+001 -1.897871e+001 0.000000e+000
      vertex   1.681890e+001 -1.913679e+001 5.000000e+000
    endloop
  endfacet
  facet normal 5.990012e-001 -8.007474e-001 -1.119348e-003
    outer loop
      vertex   1.681890e+001 -1.913679e+001 5.000000e+000
      vertex   1.702089e+001 -1.897871e+001 0.000000e+000
      vertex   1.720343e+001 -1.884915e+001 5.000000e+000
    endloop
  endfacet
  facet normal 5.990012e-001 -8.007474e-001 1.119348e-003
    outer loop
      vertex   1.702089e+001 -1.897871e+001 1.000000e+001
      vertex   1.681890e+001 -1.913679e+001 5.000000e+000
      vertex   1.720343e+001 -1.884915e+001 5.000000e+000
    endloop
  endfacet
  facet normal 5.210803e-001 -8.535073e-001 7.535830e-004
    outer loop
      vertex   1.761175e+001 -1.859986e+001 5.000000e+000
      vertex   1.728793e+001 -1.879314e+001 1.000000e+001
      vertex   1.720343e+001 -1.884915e+001 5.000000e+000
    endloop
  endfacet
  facet normal 5.706416e-001 -8.211991e-001 4.459149e-004
    outer loop
      vertex   1.728793e+001 -1.879314e+001 0.000000e+000
      vertex   1.720343e+001 -1.884915e+001 5.000000e+000
      vertex   1.702089e+001 -1.897871e+001 0.000000e+000
    endloop
  endfacet
  facet normal 5.210803e-001 -8.535073e-001 -7.535830e-004
    outer loop
      vertex   1.728793e+001 -1.879314e+001 0.000000e+000
      vertex   1.761175e+001 -1.859986e+001 5.000000e+000
      vertex   1.720343e+001 -1.884915e+001 5.000000e+000
    endloop
  endfacet
  facet normal 5.169495e-001 -8.560158e-001 -3.890778e-004
    outer loop
      vertex   1.728793e+001 -1.879314e+001 0.000000e+000
      vertex   1.756594e+001 -1.862525e+001 0.000000e+000
      vertex   1.761175e+001 -1.859986e+001 5.000000e+000
    endloop
  endfacet
  facet normal 6.656528e-001 -7.462615e-001 4.615563e-004
    outer loop
      vertex   1.681890e+001 -1.913679e+001 5.000000e+000
      vertex   1.676482e+001 -1.918194e+001 1.000000e+001
      vertex   1.650809e+001 -1.941404e+001 5.000000e+000
    endloop
  endfacet
  facet normal 7.905533e-001 -6.123930e-001 -4.762565e-004
    outer loop
      vertex   1.606243e+001 -1.989768e+001 1.000000e+001
      vertex   1.585023e+001 -2.017161e+001 1.000000e+001
      vertex   1.593898e+001 -2.005315e+001 5.000000e+000
    endloop
  endfacet
  facet normal 8.141466e-001 -5.806589e-001 6.942807e-004
    outer loop
      vertex   1.593898e+001 -2.005315e+001 5.000000e+000
      vertex   1.585023e+001 -2.017161e+001 1.000000e+001
      vertex   1.568137e+001 -2.041434e+001 5.000000e+000
    endloop
  endfacet
  facet normal 8.234520e-001 -5.673859e-001 2.643520e-004
    outer loop
      vertex   1.585023e+001 -2.017161e+001 0.000000e+000
      vertex   1.568137e+001 -2.041434e+001 5.000000e+000
      vertex   1.564999e+001 -2.046223e+001 0.000000e+000
    endloop
  endfacet
  facet normal 8.141466e-001 -5.806589e-001 -6.942807e-004
    outer loop
      vertex   1.585023e+001 -2.017161e+001 0.000000e+000
      vertex   1.593898e+001 -2.005315e+001 5.000000e+000
      vertex   1.568137e+001 -2.041434e+001 5.000000e+000
    endloop
  endfacet
  facet normal 8.234520e-001 -5.673859e-001 -2.643520e-004
    outer loop
      vertex   1.585023e+001 -2.017161e+001 1.000000e+001
      vertex   1.564999e+001 -2.046223e+001 1.000000e+001
      vertex   1.568137e+001 -2.041434e+001 5.000000e+000
    endloop
  endfacet
  facet normal 8.523123e-001 -5.230331e-001 3.416007e-004
    outer loop
      vertex   1.568137e+001 -2.041434e+001 5.000000e+000
      vertex   1.564999e+001 -2.046223e+001 1.000000e+001
      vertex   1.544422e+001 -2.080080e+001 5.000000e+000
    endloop
  endfacet
  facet normal 8.531350e-001 -5.216902e-001 -2.168129e-004
    outer loop
      vertex   1.564999e+001 -2.046223e+001 0.000000e+000
      vertex   1.544422e+001 -2.080080e+001 5.000000e+000
      vertex   1.546266e+001 -2.076857e+001 0.000000e+000
    endloop
  endfacet
  facet normal 8.523123e-001 -5.230331e-001 -3.416007e-004
    outer loop
      vertex   1.564999e+001 -2.046223e+001 0.000000e+000
      vertex   1.568137e+001 -2.041434e+001 5.000000e+000
      vertex   1.544422e+001 -2.080080e+001 5.000000e+000
    endloop
  endfacet
  facet normal 8.531350e-001 -5.216902e-001 2.168129e-004
    outer loop
      vertex   1.564999e+001 -2.046223e+001 1.000000e+001
      vertex   1.546266e+001 -2.076857e+001 1.000000e+001
      vertex   1.544422e+001 -2.080080e+001 5.000000e+000
    endloop
  endfacet
  facet normal 8.793413e-001 -4.761920e-001 -1.731045e-004
    outer loop
      vertex   1.544422e+001 -2.080080e+001 5.000000e+000
      vertex   1.546266e+001 -2.076857e+001 1.000000e+001
      vertex   1.528825e+001 -2.109064e+001 1.000000e+001
    endloop
  endfacet
  facet normal 9.021975e-001 -4.313230e-001 -4.276955e-004
    outer loop
      vertex   1.522768e+001 -2.121236e+001 5.000000e+000
      vertex   1.528825e+001 -2.109064e+001 1.000000e+001
      vertex   1.512676e+001 -2.142843e+001 1.000000e+001
    endloop
  endfacet
  facet normal 9.218924e-001 -3.874459e-001 -4.200111e-004
    outer loop
      vertex   1.503177e+001 -2.164901e+001 5.000000e+000
      vertex   1.512676e+001 -2.142843e+001 1.000000e+001
      vertex   1.497818e+001 -2.178194e+001 1.000000e+001
    endloop
  endfacet
  facet normal 9.386575e-001 -3.448509e-001 -1.682425e-004
    outer loop
      vertex   1.485648e+001 -2.211077e+001 5.000000e+000
      vertex   1.497818e+001 -2.178194e+001 1.000000e+001
      vertex   1.484253e+001 -2.215118e+001 1.000000e+001
    endloop
  endfacet
  facet normal 9.527493e-001 -3.037577e-001 2.032134e-004
    outer loop
      vertex   1.471980e+001 -2.253614e+001 1.000000e+001
      vertex   1.485648e+001 -2.211077e+001 5.000000e+000
      vertex   1.484253e+001 -2.215118e+001 1.000000e+001
    endloop
  endfacet
  facet normal 9.530607e-001 -3.027790e-001 2.949842e-004
    outer loop
      vertex   1.471980e+001 -2.253614e+001 1.000000e+001
      vertex   1.470181e+001 -2.259761e+001 5.000000e+000
      vertex   1.485648e+001 -2.211077e+001 5.000000e+000
    endloop
  endfacet
  facet normal 9.644347e-001 -2.643211e-001 -2.187875e-004
    outer loop
      vertex   1.471980e+001 -2.253614e+001 1.000000e+001
      vertex   1.460998e+001 -2.293682e+001 1.000000e+001
      vertex   1.470181e+001 -2.259761e+001 5.000000e+000
    endloop
  endfacet
  facet normal 9.673886e-001 -2.532960e-001 5.834112e-004
    outer loop
      vertex   1.470181e+001 -2.259761e+001 5.000000e+000
      vertex   1.460998e+001 -2.293682e+001 1.000000e+001
      vertex   1.456777e+001 -2.310956e+001 5.000000e+000
    endloop
  endfacet
  facet normal 9.739787e-001 -2.266393e-001 3.931828e-004
    outer loop
      vertex   1.460998e+001 -2.293682e+001 0.000000e+000
      vertex   1.456777e+001 -2.310956e+001 5.000000e+000
      vertex   1.451309e+001 -2.335322e+001 0.000000e+000
    endloop
  endfacet
  facet normal 9.673886e-001 -2.532960e-001 -5.834112e-004
    outer loop
      vertex   1.460998e+001 -2.293682e+001 0.000000e+000
      vertex   1.470181e+001 -2.259761e+001 5.000000e+000
      vertex   1.456777e+001 -2.310956e+001 5.000000e+000
    endloop
  endfacet
  facet normal 9.644347e-001 -2.643211e-001 2.187875e-004
    outer loop
      vertex   1.460998e+001 -2.293682e+001 0.000000e+000
      vertex   1.471980e+001 -2.253614e+001 0.000000e+000
      vertex   1.470181e+001 -2.259761e+001 5.000000e+000
    endloop
  endfacet
  facet normal 9.530607e-001 -3.027790e-001 -2.949842e-004
    outer loop
      vertex   1.470181e+001 -2.259761e+001 5.000000e+000
      vertex   1.471980e+001 -2.253614e+001 0.000000e+000
      vertex   1.485648e+001 -2.211077e+001 5.000000e+000
    endloop
  endfacet
  facet normal 9.527493e-001 -3.037577e-001 -2.032134e-004
    outer loop
      vertex   1.485648e+001 -2.211077e+001 5.000000e+000
      vertex   1.471980e+001 -2.253614e+001 0.000000e+000
      vertex   1.484253e+001 -2.215118e+001 0.000000e+000
    endloop
  endfacet
  facet normal 9.386575e-001 -3.448509e-001 1.682425e-004
    outer loop
      vertex   1.497818e+001 -2.178194e+001 0.000000e+000
      vertex   1.485648e+001 -2.211077e+001 5.000000e+000
      vertex   1.484253e+001 -2.215118e+001 0.000000e+000
    endloop
  endfacet
  facet normal 9.349015e-001 -3.549067e-001 -5.844951e-004
    outer loop
      vertex   1.497818e+001 -2.178194e+001 0.000000e+000
      vertex   1.503177e+001 -2.164901e+001 5.000000e+000
      vertex   1.485648e+001 -2.211077e+001 5.000000e+000
    endloop
  endfacet
  facet normal 9.218924e-001 -3.874459e-001 4.200111e-004
    outer loop
      vertex   1.497818e+001 -2.178194e+001 0.000000e+000
      vertex   1.512676e+001 -2.142843e+001 0.000000e+000
      vertex   1.503177e+001 -2.164901e+001 5.000000e+000
    endloop
  endfacet
  facet normal 9.123761e-001 -4.093524e-001 -7.272086e-004
    outer loop
      vertex   1.503177e+001 -2.164901e+001 5.000000e+000
      vertex   1.512676e+001 -2.142843e+001 0.000000e+000
      vertex   1.522768e+001 -2.121236e+001 5.000000e+000
    endloop
  endfacet
  facet normal 9.123761e-001 -4.093524e-001 7.272086e-004
    outer loop
      vertex   1.512676e+001 -2.142843e+001 1.000000e+001
      vertex   1.503177e+001 -2.164901e+001 5.000000e+000
      vertex   1.522768e+001 -2.121236e+001 5.000000e+000
    endloop
  endfacet
  facet normal 8.849843e-001 -4.656205e-001 6.157325e-004
    outer loop
      vertex   1.544422e+001 -2.080080e+001 5.000000e+000
      vertex   1.528825e+001 -2.109064e+001 1.000000e+001
      vertex   1.522768e+001 -2.121236e+001 5.000000e+000
    endloop
  endfacet
  facet normal 9.021975e-001 -4.313230e-001 4.276955e-004
    outer loop
      vertex   1.528825e+001 -2.109064e+001 0.000000e+000
      vertex   1.522768e+001 -2.121236e+001 5.000000e+000
      vertex   1.512676e+001 -2.142843e+001 0.000000e+000
    endloop
  endfacet
  facet normal 8.849843e-001 -4.656205e-001 -6.157325e-004
    outer loop
      vertex   1.528825e+001 -2.109064e+001 0.000000e+000
      vertex   1.544422e+001 -2.080080e+001 5.000000e+000
      vertex   1.522768e+001 -2.121236e+001 5.000000e+000
    endloop
  endfacet
  facet normal 8.793413e-001 -4.761920e-001 1.731045e-004
    outer loop
      vertex   1.528825e+001 -2.109064e+001 0.000000e+000
      vertex   1.546266e+001 -2.076857e+001 0.000000e+000
      vertex   1.544422e+001 -2.080080e+001 5.000000e+000
    endloop
  endfacet
  facet normal 9.349015e-001 -3.549067e-001 5.844951e-004
    outer loop
      vertex   1.503177e+001 -2.164901e+001 5.000000e+000
      vertex   1.497818e+001 -2.178194e+001 1.000000e+001
      vertex   1.485648e+001 -2.211077e+001 5.000000e+000
    endloop
  endfacet
  facet normal 9.739787e-001 -2.266393e-001 -3.931828e-004
    outer loop
      vertex   1.460998e+001 -2.293682e+001 1.000000e+001
      vertex   1.451309e+001 -2.335322e+001 1.000000e+001
      vertex   1.456777e+001 -2.310956e+001 5.000000e+000
    endloop
  endfacet
  facet normal 9.784167e-001 -2.066406e-001 6.299237e-004
    outer loop
      vertex   1.456777e+001 -2.310956e+001 5.000000e+000
      vertex   1.451309e+001 -2.335322e+001 1.000000e+001
      vertex   1.445435e+001 -2.364660e+001 5.000000e+000
    endloop
  endfacet
  facet normal 9.816362e-001 -1.907622e-001 3.395917e-004
    outer loop
      vertex   1.451309e+001 -2.335322e+001 0.000000e+000
      vertex   1.445435e+001 -2.364660e+001 5.000000e+000
      vertex   1.442911e+001 -2.378534e+001 0.000000e+000
    endloop
  endfacet
  facet normal 9.784167e-001 -2.066406e-001 -6.299237e-004
    outer loop
      vertex   1.451309e+001 -2.335322e+001 0.000000e+000
      vertex   1.456777e+001 -2.310956e+001 5.000000e+000
      vertex   1.445435e+001 -2.364660e+001 5.000000e+000
    endloop
  endfacet
  facet normal 9.816362e-001 -1.907622e-001 -3.395917e-004
    outer loop
      vertex   1.451309e+001 -2.335322e+001 1.000000e+001
      vertex   1.442911e+001 -2.378534e+001 1.000000e+001
      vertex   1.445435e+001 -2.364660e+001 5.000000e+000
    endloop
  endfacet
  facet normal 9.866458e-001 -1.628799e-001 4.593802e-004
    outer loop
      vertex   1.445435e+001 -2.364660e+001 5.000000e+000
      vertex   1.442911e+001 -2.378534e+001 1.000000e+001
      vertex   1.436155e+001 -2.420874e+001 5.000000e+000
    endloop
  endfacet
  facet normal 9.876461e-001 -1.567010e-001 7.736539e-005
    outer loop
      vertex   1.442911e+001 -2.378534e+001 0.000000e+000
      vertex   1.436155e+001 -2.420874e+001 5.000000e+000
      vertex   1.435806e+001 -2.423319e+001 0.000000e+000
    endloop
  endfacet
  facet normal 9.866458e-001 -1.628799e-001 -4.593802e-004
    outer loop
      vertex   1.442911e+001 -2.378534e+001 0.000000e+000
      vertex   1.445435e+001 -2.364660e+001 5.000000e+000
      vertex   1.436155e+001 -2.420874e+001 5.000000e+000
    endloop
  endfacet
  facet normal 9.876461e-001 -1.567010e-001 -7.736539e-005
    outer loop
      vertex   1.442911e+001 -2.378534e+001 1.000000e+001
      vertex   1.435806e+001 -2.423319e+001 1.000000e+001
      vertex   1.436155e+001 -2.420874e+001 5.000000e+000
    endloop
  endfacet
  facet normal 9.922276e-001 -1.244361e-001 8.361098e-005
    outer loop
      vertex   1.436155e+001 -2.420874e+001 5.000000e+000
      vertex   1.435806e+001 -2.423319e+001 1.000000e+001
      vertex   1.429992e+001 -2.469676e+001 1.000000e+001
    endloop
  endfacet
  facet normal 9.955793e-001 -9.392496e-002 -2.376507e-004
    outer loop
      vertex   1.428937e+001 -2.479598e+001 5.000000e+000
      vertex   1.429992e+001 -2.469676e+001 1.000000e+001
      vertex   1.425470e+001 -2.517605e+001 1.000000e+001
    endloop
  endfacet
  facet normal 9.978781e-001 -6.510839e-002 -3.468847e-004
    outer loop
      vertex   1.423781e+001 -2.540831e+001 5.000000e+000
      vertex   1.425470e+001 -2.517605e+001 1.000000e+001
      vertex   1.422241e+001 -2.567107e+001 1.000000e+001
    endloop
  endfacet
  facet normal 9.992809e-001 -3.791568e-002 -2.620627e-004
    outer loop
      vertex   1.420688e+001 -2.604574e+001 5.000000e+000
      vertex   1.422241e+001 -2.567107e+001 1.000000e+001
      vertex   1.420303e+001 -2.618181e+001 1.000000e+001
    endloop
  endfacet
  facet normal 9.999246e-001 -1.226901e-002 4.363658e-004
    outer loop
      vertex   1.419657e+001 -2.670827e+001 1.000000e+001
      vertex   1.420688e+001 -2.604574e+001 5.000000e+000
      vertex   1.420303e+001 -2.618181e+001 1.000000e+001
    endloop
  endfacet
  facet normal 9.998427e-001 -1.773174e-002 -2.876435e-004
    outer loop
      vertex   1.419657e+001 -2.670827e+001 1.000000e+001
      vertex   1.420303e+001 -2.618181e+001 0.000000e+000
      vertex   1.420688e+001 -2.604574e+001 5.000000e+000
    endloop
  endfacet
  facet normal 9.999247e-001 -1.226902e-002 0.000000e+000
    outer loop
      vertex   1.419657e+001 -2.670827e+001 1.000000e+001
      vertex   1.419657e+001 -2.670827e+001 0.000000e+000
      vertex   1.420303e+001 -2.618181e+001 0.000000e+000
    endloop
  endfacet
  facet normal 9.925308e-001 -1.219935e-001 3.257496e-004
    outer loop
      vertex   1.436155e+001 -2.420874e+001 5.000000e+000
      vertex   1.429992e+001 -2.469676e+001 1.000000e+001
      vertex   1.428937e+001 -2.479598e+001 5.000000e+000
    endloop
  endfacet
  facet normal 9.955793e-001 -9.392496e-002 2.376507e-004
    outer loop
      vertex   1.429992e+001 -2.469676e+001 0.000000e+000
      vertex   1.428937e+001 -2.479598e+001 5.000000e+000
      vertex   1.425470e+001 -2.517605e+001 0.000000e+000
    endloop
  endfacet
  facet normal 9.925308e-001 -1.219935e-001 -3.257496e-004
    outer loop
      vertex   1.429992e+001 -2.469676e+001 0.000000e+000
      vertex   1.436155e+001 -2.420874e+001 5.000000e+000
      vertex   1.428937e+001 -2.479598e+001 5.000000e+000
    endloop
  endfacet
  facet normal 9.922276e-001 -1.244361e-001 -8.361098e-005
    outer loop
      vertex   1.429992e+001 -2.469676e+001 0.000000e+000
      vertex   1.435806e+001 -2.423319e+001 0.000000e+000
      vertex   1.436155e+001 -2.420874e+001 5.000000e+000
    endloop
  endfacet
  facet normal 9.964741e-001 -8.389881e-002 5.306955e-004
    outer loop
      vertex   1.428937e+001 -2.479598e+001 5.000000e+000
      vertex   1.425470e+001 -2.517605e+001 1.000000e+001
      vertex   1.423781e+001 -2.540831e+001 5.000000e+000
    endloop
  endfacet
  facet normal 9.978781e-001 -6.510839e-002 3.468847e-004
    outer loop
      vertex   1.425470e+001 -2.517605e+001 0.000000e+000
      vertex   1.423781e+001 -2.540831e+001 5.000000e+000
      vertex   1.422241e+001 -2.567107e+001 0.000000e+000
    endloop
  endfacet
  facet normal 9.964741e-001 -8.389881e-002 -5.306955e-004
    outer loop
      vertex   1.425470e+001 -2.517605e+001 0.000000e+000
      vertex   1.428937e+001 -2.479598e+001 5.000000e+000
      vertex   1.423781e+001 -2.540831e+001 5.000000e+000
    endloop
  endfacet
  facet normal 9.988244e-001 -4.847138e-002 5.303370e-004
    outer loop
      vertex   1.423781e+001 -2.540831e+001 5.000000e+000
      vertex   1.422241e+001 -2.567107e+001 1.000000e+001
      vertex   1.420688e+001 -2.604574e+001 5.000000e+000
    endloop
  endfacet
  facet normal 9.992809e-001 -3.791568e-002 2.620627e-004
    outer loop
      vertex   1.422241e+001 -2.567107e+001 0.000000e+000
      vertex   1.420688e+001 -2.604574e+001 5.000000e+000
      vertex   1.420303e+001 -2.618181e+001 0.000000e+000
    endloop
  endfacet
  facet normal 9.988244e-001 -4.847138e-002 -5.303370e-004
    outer loop
      vertex   1.422241e+001 -2.567107e+001 0.000000e+000
      vertex   1.423781e+001 -2.540831e+001 5.000000e+000
      vertex   1.420688e+001 -2.604574e+001 5.000000e+000
    endloop
  endfacet
  facet normal 1.770584e-001 -9.842003e-001 -1.094167e-004
    outer loop
      vertex   1.912051e+001 -1.805090e+001 0.000000e+000
      vertex   1.946434e+001 -1.798904e+001 0.000000e+000
      vertex   1.948311e+001 -1.798622e+001 5.000000e+000
    endloop
  endfacet
  facet normal -9.999286e-001 -1.195317e-002 0.000000e+000
    outer loop
      vertex   2.689548e+001 -2.670827e+001 1.000000e+001
      vertex   2.688914e+001 -2.617809e+001 1.000000e+001
      vertex   2.689548e+001 -2.670827e+001 0.000000e+000
    endloop
  endfacet
  facet normal -9.997107e-001 -2.404348e-002 6.411389e-004
    outer loop
      vertex   2.689548e+001 -2.670827e+001 0.000000e+000
      vertex   2.688914e+001 -2.617809e+001 1.000000e+001
      vertex   2.687734e+001 -2.582077e+001 5.000000e+000
    endloop
  endfacet
  facet normal -9.993167e-001 -3.695908e-002 2.827926e-004
    outer loop
      vertex   2.688914e+001 -2.617809e+001 0.000000e+000
      vertex   2.687734e+001 -2.582077e+001 5.000000e+000
      vertex   2.687012e+001 -2.566400e+001 0.000000e+000
    endloop
  endfacet
  facet normal -9.999274e-001 -1.195316e-002 -1.505674e-003
    outer loop
      vertex   2.688914e+001 -2.617809e+001 0.000000e+000
      vertex   2.689548e+001 -2.670827e+001 0.000000e+000
      vertex   2.687734e+001 -2.582077e+001 5.000000e+000
    endloop
  endfacet
  facet normal -9.993167e-001 -3.695908e-002 -2.827926e-004
    outer loop
      vertex   2.688914e+001 -2.617809e+001 1.000000e+001
      vertex   2.687012e+001 -2.566400e+001 1.000000e+001
      vertex   2.687734e+001 -2.582077e+001 5.000000e+000
    endloop
  endfacet
  facet normal -9.979815e-001 -6.350347e-002 5.514011e-004
    outer loop
      vertex   2.687734e+001 -2.582077e+001 5.000000e+000
      vertex   2.687012e+001 -2.566400e+001 1.000000e+001
      vertex   2.683844e+001 -2.516600e+001 1.000000e+001
    endloop
  endfacet
  facet normal -9.957893e-001 -9.167104e-002 -3.332702e-004
    outer loop
      vertex   2.682292e+001 -2.497931e+001 5.000000e+000
      vertex   2.683844e+001 -2.516600e+001 1.000000e+001
      vertex   2.679407e+001 -2.468409e+001 1.000000e+001
    endloop
  endfacet
  facet normal -9.925864e-001 -1.215412e-001 1.174626e-004
    outer loop
      vertex   2.673223e+001 -2.418390e+001 5.000000e+000
      vertex   2.679407e+001 -2.468409e+001 1.000000e+001
      vertex   2.673703e+001 -2.421826e+001 1.000000e+001
    endloop
  endfacet
  facet normal -9.881977e-001 -1.531840e-001 -1.041928e-004
    outer loop
      vertex   2.666732e+001 -2.376852e+001 1.000000e+001
      vertex   2.673223e+001 -2.418390e+001 5.000000e+000
      vertex   2.673703e+001 -2.421826e+001 1.000000e+001
    endloop
  endfacet
  facet normal -9.859478e-001 -1.670504e-001 1.076973e-003
    outer loop
      vertex   2.666732e+001 -2.376852e+001 1.000000e+001
      vertex   2.660527e+001 -2.343453e+001 5.000000e+000
      vertex   2.673223e+001 -2.418390e+001 5.000000e+000
    endloop
  endfacet
  facet normal -9.824254e-001 -1.866553e-001 -2.763147e-004
    outer loop
      vertex   2.666732e+001 -2.376852e+001 1.000000e+001
      vertex   2.658493e+001 -2.333488e+001 1.000000e+001
      vertex   2.660527e+001 -2.343453e+001 5.000000e+000
    endloop
  endfacet
  facet normal -9.750488e-001 -2.219901e-001 4.579664e-004
    outer loop
      vertex   2.660527e+001 -2.343453e+001 5.000000e+000
      vertex   2.658493e+001 -2.333488e+001 1.000000e+001
      vertex   2.648986e+001 -2.291732e+001 1.000000e+001
    endloop
  endfacet
  facet normal -9.658249e-001 -2.591953e-001 -4.074931e-004
    outer loop
      vertex   2.644202e+001 -2.273121e+001 5.000000e+000
      vertex   2.648986e+001 -2.291732e+001 1.000000e+001
      vertex   2.638212e+001 -2.251584e+001 1.000000e+001
    endloop
  endfacet
  facet normal -9.544907e-001 -2.982406e-001 2.921498e-004
    outer loop
      vertex   2.624250e+001 -2.207392e+001 5.000000e+000
      vertex   2.638212e+001 -2.251584e+001 1.000000e+001
      vertex   2.626170e+001 -2.213046e+001 1.000000e+001
    endloop
  endfacet
  facet normal -9.407686e-001 -3.390493e-001 -2.219637e-004
    outer loop
      vertex   2.612861e+001 -2.176116e+001 1.000000e+001
      vertex   2.624250e+001 -2.207392e+001 5.000000e+000
      vertex   2.626170e+001 -2.213046e+001 1.000000e+001
    endloop
  endfacet
  facet normal -9.329851e-001 -3.599127e-001 1.260387e-003
    outer loop
      vertex   2.612861e+001 -2.176116e+001 1.000000e+001
      vertex   2.600671e+001 -2.146268e+001 5.000000e+000
      vertex   2.624250e+001 -2.207392e+001 5.000000e+000
    endloop
  endfacet
  facet normal -9.243739e-001 -3.814876e-001 -2.374929e-004
    outer loop
      vertex   2.612861e+001 -2.176116e+001 1.000000e+001
      vertex   2.598284e+001 -2.140795e+001 1.000000e+001
      vertex   2.600671e+001 -2.146268e+001 5.000000e+000
    endloop
  endfacet
  facet normal -9.050262e-001 -4.253558e-001 3.350287e-004
    outer loop
      vertex   2.600671e+001 -2.146268e+001 5.000000e+000
      vertex   2.598284e+001 -2.140795e+001 1.000000e+001
      vertex   2.582440e+001 -2.107084e+001 1.000000e+001
    endloop
  endfacet
  facet normal -8.824641e-001 -4.703795e-001 -4.666947e-004
    outer loop
      vertex   2.573464e+001 -2.089748e+001 5.000000e+000
      vertex   2.582440e+001 -2.107084e+001 1.000000e+001
      vertex   2.565328e+001 -2.074980e+001 1.000000e+001
    endloop
  endfacet
  facet normal -8.564642e-001 -5.162062e-001 -4.113820e-004
    outer loop
      vertex   2.552821e+001 -2.053831e+001 5.000000e+000
      vertex   2.565328e+001 -2.074980e+001 1.000000e+001
      vertex   2.546948e+001 -2.044486e+001 1.000000e+001
    endloop
  endfacet
  facet normal -8.268616e-001 -5.624054e-001 -2.597681e-004
    outer loop
      vertex   2.530489e+001 -2.020057e+001 5.000000e+000
      vertex   2.546948e+001 -2.044486e+001 1.000000e+001
      vertex   2.527301e+001 -2.015600e+001 1.000000e+001
    endloop
  endfacet
  facet normal -7.936407e-001 -6.083868e-001 -7.545470e-006
    outer loop
      vertex   2.506530e+001 -1.988498e+001 5.000000e+000
      vertex   2.527301e+001 -2.015600e+001 1.000000e+001
      vertex   2.506447e+001 -1.988397e+001 1.000000e+001
    endloop
  endfacet
  facet normal -7.565133e-001 -6.539783e-001 7.747659e-006
    outer loop
      vertex   2.484448e+001 -1.962948e+001 1.000000e+001
      vertex   2.506530e+001 -1.988498e+001 5.000000e+000
      vertex   2.506447e+001 -1.988397e+001 1.000000e+001
    endloop
  endfacet
  facet normal -7.536341e-001 -6.572941e-001 3.043381e-004
    outer loop
      vertex   2.484448e+001 -1.962948e+001 1.000000e+001
      vertex   2.481042e+001 -1.959275e+001 5.000000e+000
      vertex   2.506530e+001 -1.988498e+001 5.000000e+000
    endloop
  endfacet
  facet normal -7.153377e-001 -6.987789e-001 -2.613015e-004
    outer loop
      vertex   2.484448e+001 -1.962948e+001 1.000000e+001
      vertex   2.461303e+001 -1.939255e+001 1.000000e+001
      vertex   2.481042e+001 -1.959275e+001 5.000000e+000
    endloop
  endfacet
  facet normal -7.054223e-001 -7.087871e-001 5.308686e-004
    outer loop
      vertex   2.481042e+001 -1.959275e+001 5.000000e+000
      vertex   2.461303e+001 -1.939255e+001 1.000000e+001
      vertex   2.454029e+001 -1.932390e+001 5.000000e+000
    endloop
  endfacet
  facet normal -6.702597e-001 -7.421265e-001 4.384247e-004
    outer loop
      vertex   2.461303e+001 -1.939255e+001 0.000000e+000
      vertex   2.454029e+001 -1.932390e+001 5.000000e+000
      vertex   2.437012e+001 -1.917317e+001 0.000000e+000
    endloop
  endfacet
  facet normal -7.054223e-001 -7.087871e-001 -5.308686e-004
    outer loop
      vertex   2.461303e+001 -1.939255e+001 0.000000e+000
      vertex   2.481042e+001 -1.959275e+001 5.000000e+000
      vertex   2.454029e+001 -1.932390e+001 5.000000e+000
    endloop
  endfacet
  facet normal -7.153377e-001 -6.987789e-001 2.613015e-004
    outer loop
      vertex   2.461303e+001 -1.939255e+001 0.000000e+000
      vertex   2.484448e+001 -1.962948e+001 0.000000e+000
      vertex   2.481042e+001 -1.959275e+001 5.000000e+000
    endloop
  endfacet
  facet normal -7.536341e-001 -6.572941e-001 -3.043381e-004
    outer loop
      vertex   2.481042e+001 -1.959275e+001 5.000000e+000
      vertex   2.484448e+001 -1.962948e+001 0.000000e+000
      vertex   2.506530e+001 -1.988498e+001 5.000000e+000
    endloop
  endfacet
  facet normal -7.565133e-001 -6.539783e-001 -7.747659e-006
    outer loop
      vertex   2.506530e+001 -1.988498e+001 5.000000e+000
      vertex   2.484448e+001 -1.962948e+001 0.000000e+000
      vertex   2.506447e+001 -1.988397e+001 0.000000e+000
    endloop
  endfacet
  facet normal -7.936407e-001 -6.083868e-001 7.545470e-006
    outer loop
      vertex   2.527301e+001 -2.015600e+001 0.000000e+000
      vertex   2.506530e+001 -1.988498e+001 5.000000e+000
      vertex   2.506447e+001 -1.988397e+001 0.000000e+000
    endloop
  endfacet
  facet normal -7.964679e-001 -6.046808e-001 -3.107885e-004
    outer loop
      vertex   2.527301e+001 -2.015600e+001 0.000000e+000
      vertex   2.530489e+001 -2.020057e+001 5.000000e+000
      vertex   2.506530e+001 -1.988498e+001 5.000000e+000
    endloop
  endfacet
  facet normal -8.268616e-001 -5.624054e-001 2.597681e-004
    outer loop
      vertex   2.527301e+001 -2.015600e+001 0.000000e+000
      vertex   2.546948e+001 -2.044486e+001 0.000000e+000
      vertex   2.530489e+001 -2.020057e+001 5.000000e+000
    endloop
  endfacet
  facet normal -8.341492e-001 -5.515386e-001 -5.110692e-004
    outer loop
      vertex   2.530489e+001 -2.020057e+001 5.000000e+000
      vertex   2.546948e+001 -2.044486e+001 0.000000e+000
      vertex   2.552821e+001 -2.053831e+001 5.000000e+000
    endloop
  endfacet
  facet normal -8.341492e-001 -5.515386e-001 5.110692e-004
    outer loop
      vertex   2.546948e+001 -2.044486e+001 1.000000e+001
      vertex   2.530489e+001 -2.020057e+001 5.000000e+000
      vertex   2.552821e+001 -2.053831e+001 5.000000e+000
    endloop
  endfacet
  facet normal -9.979154e-001 -6.453206e-002 6.866131e-004
    outer loop
      vertex   2.687734e+001 -2.582077e+001 5.000000e+000
      vertex   2.683844e+001 -2.516600e+001 1.000000e+001
      vertex   2.682292e+001 -2.497931e+001 5.000000e+000
    endloop
  endfacet
  facet normal -9.957893e-001 -9.167104e-002 3.332702e-004
    outer loop
      vertex   2.683844e+001 -2.516600e+001 0.000000e+000
      vertex   2.682292e+001 -2.497931e+001 5.000000e+000
      vertex   2.679407e+001 -2.468409e+001 0.000000e+000
    endloop
  endfacet
  facet normal -9.979154e-001 -6.453206e-002 -6.866131e-004
    outer loop
      vertex   2.683844e+001 -2.516600e+001 0.000000e+000
      vertex   2.687734e+001 -2.582077e+001 5.000000e+000
      vertex   2.682292e+001 -2.497931e+001 5.000000e+000
    endloop
  endfacet
  facet normal -9.979815e-001 -6.350347e-002 -5.514011e-004
    outer loop
      vertex   2.683844e+001 -2.516600e+001 0.000000e+000
      vertex   2.687012e+001 -2.566400e+001 0.000000e+000
      vertex   2.687734e+001 -2.582077e+001 5.000000e+000
    endloop
  endfacet
  facet normal -9.935623e-001 -1.132829e-001 9.556660e-004
    outer loop
      vertex   2.682292e+001 -2.497931e+001 5.000000e+000
      vertex   2.679407e+001 -2.468409e+001 1.000000e+001
      vertex   2.673223e+001 -2.418390e+001 5.000000e+000
    endloop
  endfacet
  facet normal -9.925864e-001 -1.215412e-001 -1.174626e-004
    outer loop
      vertex   2.679407e+001 -2.468409e+001 0.000000e+000
      vertex   2.673223e+001 -2.418390e+001 5.000000e+000
      vertex   2.673703e+001 -2.421826e+001 0.000000e+000
    endloop
  endfacet
  facet normal -9.935623e-001 -1.132829e-001 -9.556660e-004
    outer loop
      vertex   2.679407e+001 -2.468409e+001 0.000000e+000
      vertex   2.682292e+001 -2.497931e+001 5.000000e+000
      vertex   2.673223e+001 -2.418390e+001 5.000000e+000
    endloop
  endfacet
  facet normal -9.741058e-001 -2.260909e-001 9.039351e-004
    outer loop
      vertex   2.660527e+001 -2.343453e+001 5.000000e+000
      vertex   2.648986e+001 -2.291732e+001 1.000000e+001
      vertex   2.644202e+001 -2.273121e+001 5.000000e+000
    endloop
  endfacet
  facet normal -9.658249e-001 -2.591953e-001 4.074931e-004
    outer loop
      vertex   2.648986e+001 -2.291732e+001 0.000000e+000
      vertex   2.644202e+001 -2.273121e+001 5.000000e+000
      vertex   2.638212e+001 -2.251584e+001 0.000000e+000
    endloop
  endfacet
  facet normal -9.741058e-001 -2.260909e-001 -9.039351e-004
    outer loop
      vertex   2.648986e+001 -2.291732e+001 0.000000e+000
      vertex   2.660527e+001 -2.343453e+001 5.000000e+000
      vertex   2.644202e+001 -2.273121e+001 5.000000e+000
    endloop
  endfacet
  facet normal -9.750488e-001 -2.219901e-001 -4.579664e-004
    outer loop
      vertex   2.648986e+001 -2.291732e+001 0.000000e+000
      vertex   2.658493e+001 -2.333488e+001 0.000000e+000
      vertex   2.660527e+001 -2.343453e+001 5.000000e+000
    endloop
  endfacet
  facet normal -9.824254e-001 -1.866553e-001 2.763147e-004
    outer loop
      vertex   2.660527e+001 -2.343453e+001 5.000000e+000
      vertex   2.658493e+001 -2.333488e+001 0.000000e+000
      vertex   2.666732e+001 -2.376852e+001 0.000000e+000
    endloop
  endfacet
  facet normal -9.881977e-001 -1.531840e-001 1.041928e-004
    outer loop
      vertex   2.673223e+001 -2.418390e+001 5.000000e+000
      vertex   2.666732e+001 -2.376852e+001 0.000000e+000
      vertex   2.673703e+001 -2.421826e+001 0.000000e+000
    endloop
  endfacet
  facet normal -9.859478e-001 -1.670504e-001 -1.076973e-003
    outer loop
      vertex   2.673223e+001 -2.418390e+001 5.000000e+000
      vertex   2.660527e+001 -2.343453e+001 5.000000e+000
      vertex   2.666732e+001 -2.376852e+001 0.000000e+000
    endloop
  endfacet
  facet normal -9.568856e-001 -2.904633e-001 1.046409e-003
    outer loop
      vertex   2.644202e+001 -2.273121e+001 5.000000e+000
      vertex   2.638212e+001 -2.251584e+001 1.000000e+001
      vertex   2.624250e+001 -2.207392e+001 5.000000e+000
    endloop
  endfacet
  facet normal -9.544907e-001 -2.982406e-001 -2.921498e-004
    outer loop
      vertex   2.638212e+001 -2.251584e+001 0.000000e+000
      vertex   2.624250e+001 -2.207392e+001 5.000000e+000
      vertex   2.626170e+001 -2.213046e+001 0.000000e+000
    endloop
  endfacet
  facet normal -9.568856e-001 -2.904633e-001 -1.046409e-003
    outer loop
      vertex   2.638212e+001 -2.251584e+001 0.000000e+000
      vertex   2.644202e+001 -2.273121e+001 5.000000e+000
      vertex   2.624250e+001 -2.207392e+001 5.000000e+000
    endloop
  endfacet
  facet normal -9.010391e-001 -4.337363e-001 1.137183e-003
    outer loop
      vertex   2.600671e+001 -2.146268e+001 5.000000e+000
      vertex   2.582440e+001 -2.107084e+001 1.000000e+001
      vertex   2.573464e+001 -2.089748e+001 5.000000e+000
    endloop
  endfacet
  facet normal -8.824641e-001 -4.703795e-001 4.666947e-004
    outer loop
      vertex   2.582440e+001 -2.107084e+001 0.000000e+000
      vertex   2.573464e+001 -2.089748e+001 5.000000e+000
      vertex   2.565328e+001 -2.074980e+001 0.000000e+000
    endloop
  endfacet
  facet normal -9.010391e-001 -4.337363e-001 -1.137183e-003
    outer loop
      vertex   2.582440e+001 -2.107084e+001 0.000000e+000
      vertex   2.600671e+001 -2.146268e+001 5.000000e+000
      vertex   2.573464e+001 -2.089748e+001 5.000000e+000
    endloop
  endfacet
  facet normal -9.050262e-001 -4.253558e-001 -3.350287e-004
    outer loop
      vertex   2.582440e+001 -2.107084e+001 0.000000e+000
      vertex   2.598284e+001 -2.140795e+001 0.000000e+000
      vertex   2.600671e+001 -2.146268e+001 5.000000e+000
    endloop
  endfacet
  facet normal -9.243739e-001 -3.814876e-001 2.374929e-004
    outer loop
      vertex   2.600671e+001 -2.146268e+001 5.000000e+000
      vertex   2.598284e+001 -2.140795e+001 0.000000e+000
      vertex   2.612861e+001 -2.176116e+001 0.000000e+000
    endloop
  endfacet
  facet normal -9.407686e-001 -3.390493e-001 2.219637e-004
    outer loop
      vertex   2.624250e+001 -2.207392e+001 5.000000e+000
      vertex   2.612861e+001 -2.176116e+001 0.000000e+000
      vertex   2.626170e+001 -2.213046e+001 0.000000e+000
    endloop
  endfacet
  facet normal -9.329851e-001 -3.599127e-001 -1.260387e-003
    outer loop
      vertex   2.624250e+001 -2.207392e+001 5.000000e+000
      vertex   2.600671e+001 -2.146268e+001 5.000000e+000
      vertex   2.612861e+001 -2.176116e+001 0.000000e+000
    endloop
  endfacet
  facet normal -8.670036e-001 -4.983016e-001 6.095940e-004
    outer loop
      vertex   2.573464e+001 -2.089748e+001 5.000000e+000
      vertex   2.565328e+001 -2.074980e+001 1.000000e+001
      vertex   2.552821e+001 -2.053831e+001 5.000000e+000
    endloop
  endfacet
  facet normal -8.564642e-001 -5.162062e-001 4.113820e-004
    outer loop
      vertex   2.565328e+001 -2.074980e+001 0.000000e+000
      vertex   2.552821e+001 -2.053831e+001 5.000000e+000
      vertex   2.546948e+001 -2.044486e+001 0.000000e+000
    endloop
  endfacet
  facet normal -8.670036e-001 -4.983016e-001 -6.095940e-004
    outer loop
      vertex   2.565328e+001 -2.074980e+001 0.000000e+000
      vertex   2.573464e+001 -2.089748e+001 5.000000e+000
      vertex   2.552821e+001 -2.053831e+001 5.000000e+000
    endloop
  endfacet
  facet normal -7.964679e-001 -6.046808e-001 3.107885e-004
    outer loop
      vertex   2.530489e+001 -2.020057e+001 5.000000e+000
      vertex   2.527301e+001 -2.015600e+001 1.000000e+001
      vertex   2.506530e+001 -1.988498e+001 5.000000e+000
    endloop
  endfacet
  facet normal -6.702597e-001 -7.421265e-001 -4.384247e-004
    outer loop
      vertex   2.461303e+001 -1.939255e+001 1.000000e+001
      vertex   2.437012e+001 -1.917317e+001 1.000000e+001
      vertex   2.454029e+001 -1.932390e+001 5.000000e+000
    endloop
  endfacet
  facet normal -6.520904e-001 -7.581409e-001 6.627211e-004
    outer loop
      vertex   2.454029e+001 -1.932390e+001 5.000000e+000
      vertex   2.437012e+001 -1.917317e+001 1.000000e+001
      vertex   2.425490e+001 -1.907843e+001 5.000000e+000
    endloop
  endfacet
  facet normal -6.215774e-001 -7.833526e-001 5.181620e-004
    outer loop
      vertex   2.437012e+001 -1.917317e+001 0.000000e+000
      vertex   2.425490e+001 -1.907843e+001 5.000000e+000
      vertex   2.411576e+001 -1.897133e+001 0.000000e+000
    endloop
  endfacet
  facet normal -6.520904e-001 -7.581409e-001 -6.627211e-004
    outer loop
      vertex   2.437012e+001 -1.917317e+001 0.000000e+000
      vertex   2.454029e+001 -1.932390e+001 5.000000e+000
      vertex   2.425490e+001 -1.907843e+001 5.000000e+000
    endloop
  endfacet
  facet normal -6.215774e-001 -7.833526e-001 -5.181620e-004
    outer loop
      vertex   2.437012e+001 -1.917317e+001 1.000000e+001
      vertex   2.411576e+001 -1.897133e+001 1.000000e+001
      vertex   2.425490e+001 -1.907843e+001 5.000000e+000
    endloop
  endfacet
  facet normal -5.941676e-001 -8.043409e-001 6.941281e-004
    outer loop
      vertex   2.425490e+001 -1.907843e+001 5.000000e+000
      vertex   2.411576e+001 -1.897133e+001 1.000000e+001
      vertex   2.395424e+001 -1.885633e+001 5.000000e+000
    endloop
  endfacet
  facet normal -5.697388e-001 -8.218257e-001 4.971481e-004
    outer loop
      vertex   2.411576e+001 -1.897133e+001 0.000000e+000
      vertex   2.395424e+001 -1.885633e+001 5.000000e+000
      vertex   2.384994e+001 -1.878705e+001 0.000000e+000
    endloop
  endfacet
  facet normal -5.941676e-001 -8.043409e-001 -6.941281e-004
    outer loop
      vertex   2.411576e+001 -1.897133e+001 0.000000e+000
      vertex   2.425490e+001 -1.907843e+001 5.000000e+000
      vertex   2.395424e+001 -1.885633e+001 5.000000e+000
    endloop
  endfacet
  facet normal -5.697388e-001 -8.218257e-001 -4.971481e-004
    outer loop
      vertex   2.411576e+001 -1.897133e+001 1.000000e+001
      vertex   2.384994e+001 -1.878705e+001 1.000000e+001
      vertex   2.395424e+001 -1.885633e+001 5.000000e+000
    endloop
  endfacet
  facet normal -5.324407e-001 -8.464671e-001 6.223655e-004
    outer loop
      vertex   2.395424e+001 -1.885633e+001 5.000000e+000
      vertex   2.384994e+001 -1.878705e+001 1.000000e+001
      vertex   2.363833e+001 -1.865762e+001 5.000000e+000
    endloop
  endfacet
  facet normal -5.153264e-001 -8.569939e-001 3.744484e-004
    outer loop
      vertex   2.384994e+001 -1.878705e+001 0.000000e+000
      vertex   2.363833e+001 -1.865762e+001 5.000000e+000
      vertex   2.357266e+001 -1.862032e+001 0.000000e+000
    endloop
  endfacet
  facet normal -5.324407e-001 -8.464671e-001 -6.223655e-004
    outer loop
      vertex   2.384994e+001 -1.878705e+001 0.000000e+000
      vertex   2.395424e+001 -1.885633e+001 5.000000e+000
      vertex   2.363833e+001 -1.865762e+001 5.000000e+000
    endloop
  endfacet
  facet normal -5.153264e-001 -8.569939e-001 -3.744484e-004
    outer loop
      vertex   2.384994e+001 -1.878705e+001 1.000000e+001
      vertex   2.357266e+001 -1.862032e+001 1.000000e+001
      vertex   2.363833e+001 -1.865762e+001 5.000000e+000
    endloop
  endfacet
  facet normal -4.679058e-001 -8.837782e-001 4.481405e-004
    outer loop
      vertex   2.363833e+001 -1.865762e+001 5.000000e+000
      vertex   2.357266e+001 -1.862032e+001 1.000000e+001
      vertex   2.330715e+001 -1.848228e+001 5.000000e+000
    endloop
  endfacet
  facet normal -4.590250e-001 -8.884233e-001 1.516880e-004
    outer loop
      vertex   2.357266e+001 -1.862032e+001 0.000000e+000
      vertex   2.330715e+001 -1.848228e+001 5.000000e+000
      vertex   2.328393e+001 -1.847114e+001 0.000000e+000
    endloop
  endfacet
  facet normal -4.679058e-001 -8.837782e-001 -4.481405e-004
    outer loop
      vertex   2.357266e+001 -1.862032e+001 0.000000e+000
      vertex   2.363833e+001 -1.865762e+001 5.000000e+000
      vertex   2.330715e+001 -1.848228e+001 5.000000e+000
    endloop
  endfacet
  facet normal -4.590250e-001 -8.884233e-001 -1.516880e-004
    outer loop
      vertex   2.357266e+001 -1.862032e+001 1.000000e+001
      vertex   2.328393e+001 -1.847114e+001 1.000000e+001
      vertex   2.330715e+001 -1.848228e+001 5.000000e+000
    endloop
  endfacet
  facet normal -4.016901e-001 -9.157757e-001 1.755730e-004
    outer loop
      vertex   2.330715e+001 -1.848228e+001 5.000000e+000
      vertex   2.328393e+001 -1.847114e+001 1.000000e+001
      vertex   2.296072e+001 -1.833032e+001 5.000000e+000
    endloop
  endfacet
  facet normal -4.015794e-001 -9.158242e-001 -1.670533e-004
    outer loop
      vertex   2.328393e+001 -1.847114e+001 0.000000e+000
      vertex   2.296072e+001 -1.833032e+001 5.000000e+000
      vertex   2.298374e+001 -1.833951e+001 0.000000e+000
    endloop
  endfacet
  facet normal -4.016901e-001 -9.157757e-001 -1.755730e-004
    outer loop
      vertex   2.328393e+001 -1.847114e+001 0.000000e+000
      vertex   2.330715e+001 -1.848228e+001 5.000000e+000
      vertex   2.296072e+001 -1.833032e+001 5.000000e+000
    endloop
  endfacet
  facet normal -4.015794e-001 -9.158242e-001 1.670533e-004
    outer loop
      vertex   2.328393e+001 -1.847114e+001 1.000000e+001
      vertex   2.298374e+001 -1.833951e+001 1.000000e+001
      vertex   2.296072e+001 -1.833032e+001 5.000000e+000
    endloop
  endfacet
  facet normal -3.437474e-001 -9.390621e-001 -1.419283e-004
    outer loop
      vertex   2.296072e+001 -1.833032e+001 5.000000e+000
      vertex   2.298374e+001 -1.833951e+001 1.000000e+001
      vertex   2.267209e+001 -1.822543e+001 1.000000e+001
    endloop
  endfacet
  facet normal -2.862534e-001 -9.581539e-001 -3.551312e-004
    outer loop
      vertex   2.259902e+001 -1.820174e+001 5.000000e+000
      vertex   2.267209e+001 -1.822543e+001 1.000000e+001
      vertex   2.234899e+001 -1.812890e+001 1.000000e+001
    endloop
  endfacet
  facet normal -2.297507e-001 -9.732494e-001 -4.660502e-004
    outer loop
      vertex   2.222206e+001 -1.809654e+001 5.000000e+000
      vertex   2.234899e+001 -1.812890e+001 1.000000e+001
      vertex   2.201443e+001 -1.804992e+001 1.000000e+001
    endloop
  endfacet
  facet normal -1.747942e-001 -9.846049e-001 -4.793539e-004
    outer loop
      vertex   2.182984e+001 -1.801472e+001 5.000000e+000
      vertex   2.201443e+001 -1.804992e+001 1.000000e+001
      vertex   2.166841e+001 -1.798849e+001 1.000000e+001
    endloop
  endfacet
  facet normal -1.218270e-001 -9.925513e-001 -4.012339e-004
    outer loop
      vertex   2.142236e+001 -1.795627e+001 5.000000e+000
      vertex   2.166841e+001 -1.798849e+001 1.000000e+001
      vertex   2.131094e+001 -1.794462e+001 1.000000e+001
    endloop
  endfacet
  facet normal -7.117679e-002 -9.974637e-001 -2.388802e-004
    outer loop
      vertex   2.099962e+001 -1.792120e+001 5.000000e+000
      vertex   2.131094e+001 -1.794462e+001 1.000000e+001
      vertex   2.094201e+001 -1.791829e+001 1.000000e+001
    endloop
  endfacet
  facet normal -2.306339e-002 -9.997340e-001 3.168451e-004
    outer loop
      vertex   2.056162e+001 -1.790951e+001 1.000000e+001
      vertex   2.099962e+001 -1.792120e+001 5.000000e+000
      vertex   2.094201e+001 -1.791829e+001 1.000000e+001
    endloop
  endfacet
  facet normal -2.945141e-002 -9.995662e-001 -2.431393e-004
    outer loop
      vertex   2.056162e+001 -1.790951e+001 1.000000e+001
      vertex   2.094201e+001 -1.791829e+001 0.000000e+000
      vertex   2.099962e+001 -1.792120e+001 5.000000e+000
    endloop
  endfacet
  facet normal -2.306339e-002 -9.997340e-001 -0.000000e+000
    outer loop
      vertex   2.056162e+001 -1.790951e+001 1.000000e+001
      vertex   2.056162e+001 -1.790951e+001 0.000000e+000
      vertex   2.094201e+001 -1.791829e+001 0.000000e+000
    endloop
  endfacet
  facet normal -3.349564e-001 -9.422335e-001 4.320647e-004
    outer loop
      vertex   2.296072e+001 -1.833032e+001 5.000000e+000
      vertex   2.267209e+001 -1.822543e+001 1.000000e+001
      vertex   2.259902e+001 -1.820174e+001 5.000000e+000
    endloop
  endfacet
  facet normal -2.862534e-001 -9.581539e-001 3.551312e-004
    outer loop
      vertex   2.267209e+001 -1.822543e+001 0.000000e+000
      vertex   2.259902e+001 -1.820174e+001 5.000000e+000
      vertex   2.234899e+001 -1.812890e+001 0.000000e+000
    endloop
  endfacet
  facet normal -3.349564e-001 -9.422335e-001 -4.320647e-004
    outer loop
      vertex   2.267209e+001 -1.822543e+001 0.000000e+000
      vertex   2.296072e+001 -1.833032e+001 5.000000e+000
      vertex   2.259902e+001 -1.820174e+001 5.000000e+000
    endloop
  endfacet
  facet normal -3.437474e-001 -9.390621e-001 1.419283e-004
    outer loop
      vertex   2.267209e+001 -1.822543e+001 0.000000e+000
      vertex   2.298374e+001 -1.833951e+001 0.000000e+000
      vertex   2.296072e+001 -1.833032e+001 5.000000e+000
    endloop
  endfacet
  facet normal -2.688098e-001 -9.631931e-001 5.905711e-004
    outer loop
      vertex   2.259902e+001 -1.820174e+001 5.000000e+000
      vertex   2.234899e+001 -1.812890e+001 1.000000e+001
      vertex   2.222206e+001 -1.809654e+001 5.000000e+000
    endloop
  endfacet
  facet normal -2.297507e-001 -9.732494e-001 4.660502e-004
    outer loop
      vertex   2.234899e+001 -1.812890e+001 0.000000e+000
      vertex   2.222206e+001 -1.809654e+001 5.000000e+000
      vertex   2.201443e+001 -1.804992e+001 0.000000e+000
    endloop
  endfacet
  facet normal -2.688098e-001 -9.631931e-001 -5.905711e-004
    outer loop
      vertex   2.234899e+001 -1.812890e+001 0.000000e+000
      vertex   2.259902e+001 -1.820174e+001 5.000000e+000
      vertex   2.222206e+001 -1.809654e+001 5.000000e+000
    endloop
  endfacet
  facet normal -2.042213e-001 -9.789245e-001 6.470087e-004
    outer loop
      vertex   2.222206e+001 -1.809654e+001 5.000000e+000
      vertex   2.201443e+001 -1.804992e+001 1.000000e+001
      vertex   2.182984e+001 -1.801472e+001 5.000000e+000
    endloop
  endfacet
  facet normal -1.747942e-001 -9.846049e-001 4.793539e-004
    outer loop
      vertex   2.201443e+001 -1.804992e+001 0.000000e+000
      vertex   2.182984e+001 -1.801472e+001 5.000000e+000
      vertex   2.166841e+001 -1.798849e+001 0.000000e+000
    endloop
  endfacet
  facet normal -2.042213e-001 -9.789245e-001 -6.470087e-004
    outer loop
      vertex   2.201443e+001 -1.804992e+001 0.000000e+000
      vertex   2.222206e+001 -1.809654e+001 5.000000e+000
      vertex   2.182984e+001 -1.801472e+001 5.000000e+000
    endloop
  endfacet
  facet normal -1.419790e-001 -9.898695e-001 6.077302e-004
    outer loop
      vertex   2.182984e+001 -1.801472e+001 5.000000e+000
      vertex   2.166841e+001 -1.798849e+001 1.000000e+001
      vertex   2.142236e+001 -1.795627e+001 5.000000e+000
    endloop
  endfacet
  facet normal -1.218270e-001 -9.925513e-001 4.012339e-004
    outer loop
      vertex   2.166841e+001 -1.798849e+001 0.000000e+000
      vertex   2.142236e+001 -1.795627e+001 5.000000e+000
      vertex   2.131094e+001 -1.794462e+001 0.000000e+000
    endloop
  endfacet
  facet normal -1.419790e-001 -9.898695e-001 -6.077302e-004
    outer loop
      vertex   2.166841e+001 -1.798849e+001 0.000000e+000
      vertex   2.182984e+001 -1.801472e+001 5.000000e+000
      vertex   2.142236e+001 -1.795627e+001 5.000000e+000
    endloop
  endfacet
  facet normal -8.266858e-002 -9.965770e-001 4.807878e-004
    outer loop
      vertex   2.142236e+001 -1.795627e+001 5.000000e+000
      vertex   2.131094e+001 -1.794462e+001 1.000000e+001
      vertex   2.099962e+001 -1.792120e+001 5.000000e+000
    endloop
  endfacet
  facet normal -7.117679e-002 -9.974637e-001 2.388802e-004
    outer loop
      vertex   2.131094e+001 -1.794462e+001 0.000000e+000
      vertex   2.099962e+001 -1.792120e+001 5.000000e+000
      vertex   2.094201e+001 -1.791829e+001 0.000000e+000
    endloop
  endfacet
  facet normal -8.266858e-002 -9.965770e-001 -4.807878e-004
    outer loop
      vertex   2.131094e+001 -1.794462e+001 0.000000e+000
      vertex   2.142236e+001 -1.795627e+001 5.000000e+000
      vertex   2.099962e+001 -1.792120e+001 5.000000e+000
    endloop
  endfacet
  facet normal -2.306339e-002 9.997340e-001 0.000000e+000
    outer loop
      vertex   2.056162e+001 -3.550702e+001 1.000000e+001
      vertex   2.094201e+001 -3.549824e+001 1.000000e+001
      vertex   2.056162e+001 -3.550702e+001 0.000000e+000
    endloop
  endfacet
  facet normal -4.019183e-002 9.991918e-001 6.520196e-004
    outer loop
      vertex   2.056162e+001 -3.550702e+001 0.000000e+000
      vertex   2.094201e+001 -3.549824e+001 1.000000e+001
      vertex   2.112044e+001 -3.548780e+001 5.000000e+000
    endloop
  endfacet
  facet normal -7.117679e-002 9.974636e-001 4.572899e-004
    outer loop
      vertex   2.094201e+001 -3.549824e+001 0.000000e+000
      vertex   2.112044e+001 -3.548780e+001 5.000000e+000
      vertex   2.131094e+001 -3.547192e+001 0.000000e+000
    endloop
  endfacet
  facet normal -2.306337e-002 9.997332e-001 -1.264381e-003
    outer loop
      vertex   2.094201e+001 -3.549824e+001 0.000000e+000
      vertex   2.056162e+001 -3.550702e+001 0.000000e+000
      vertex   2.112044e+001 -3.548780e+001 5.000000e+000
    endloop
  endfacet
  facet normal -7.117679e-002 9.974636e-001 -4.572899e-004
    outer loop
      vertex   2.094201e+001 -3.549824e+001 1.000000e+001
      vertex   2.131094e+001 -3.547192e+001 1.000000e+001
      vertex   2.112044e+001 -3.548780e+001 5.000000e+000
    endloop
  endfacet
  facet normal -1.073810e-001 9.942175e-001 9.324410e-004
    outer loop
      vertex   2.112044e+001 -3.548780e+001 5.000000e+000
      vertex   2.131094e+001 -3.547192e+001 1.000000e+001
      vertex   2.165416e+001 -3.543016e+001 5.000000e+000
    endloop
  endfacet
  facet normal -1.218270e-001 9.925514e-001 7.310433e-005
    outer loop
      vertex   2.131094e+001 -3.547192e+001 0.000000e+000
      vertex   2.165416e+001 -3.543016e+001 5.000000e+000
      vertex   2.166841e+001 -3.542804e+001 0.000000e+000
    endloop
  endfacet
  facet normal -1.073810e-001 9.942175e-001 -9.324410e-004
    outer loop
      vertex   2.131094e+001 -3.547192e+001 0.000000e+000
      vertex   2.112044e+001 -3.548780e+001 5.000000e+000
      vertex   2.165416e+001 -3.543016e+001 5.000000e+000
    endloop
  endfacet
  facet normal -1.218270e-001 9.925514e-001 -7.310433e-005
    outer loop
      vertex   2.131094e+001 -3.547192e+001 1.000000e+001
      vertex   2.166841e+001 -3.542804e+001 1.000000e+001
      vertex   2.165416e+001 -3.543016e+001 5.000000e+000
    endloop
  endfacet
  facet normal -1.747943e-001 9.846050e-001 8.124364e-005
    outer loop
      vertex   2.165416e+001 -3.543016e+001 5.000000e+000
      vertex   2.166841e+001 -3.542804e+001 1.000000e+001
      vertex   2.201443e+001 -3.536661e+001 1.000000e+001
    endloop
  endfacet
  facet normal -2.297507e-001 9.732494e-001 -4.855623e-004
    outer loop
      vertex   2.216280e+001 -3.533408e+001 5.000000e+000
      vertex   2.201443e+001 -3.536661e+001 1.000000e+001
      vertex   2.234899e+001 -3.528764e+001 1.000000e+001
    endloop
  endfacet
  facet normal -2.862535e-001 9.581539e-001 -1.495657e-004
    outer loop
      vertex   2.264635e+001 -3.519958e+001 5.000000e+000
      vertex   2.234899e+001 -3.528764e+001 1.000000e+001
      vertex   2.267209e+001 -3.519111e+001 1.000000e+001
    endloop
  endfacet
  facet normal -3.437474e-001 9.390621e-001 1.787586e-004
    outer loop
      vertex   2.298374e+001 -3.507703e+001 1.000000e+001
      vertex   2.264635e+001 -3.519958e+001 5.000000e+000
      vertex   2.267209e+001 -3.519111e+001 1.000000e+001
    endloop
  endfacet
  facet normal -3.529318e-001 9.356486e-001 8.821589e-004
    outer loop
      vertex   2.298374e+001 -3.507703e+001 1.000000e+001
      vertex   2.310482e+001 -3.502664e+001 5.000000e+000
      vertex   2.264635e+001 -3.519958e+001 5.000000e+000
    endloop
  endfacet
  facet normal -4.015794e-001 9.158241e-001 -4.956670e-004
    outer loop
      vertex   2.298374e+001 -3.507703e+001 1.000000e+001
      vertex   2.328393e+001 -3.494540e+001 1.000000e+001
      vertex   2.310482e+001 -3.502664e+001 5.000000e+000
    endloop
  endfacet
  facet normal -4.383587e-001 8.987995e-001 1.098472e-003
    outer loop
      vertex   2.310482e+001 -3.502664e+001 5.000000e+000
      vertex   2.328393e+001 -3.494540e+001 1.000000e+001
      vertex   2.353820e+001 -3.481527e+001 5.000000e+000
    endloop
  endfacet
  facet normal -4.590250e-001 8.884233e-001 2.225271e-004
    outer loop
      vertex   2.328393e+001 -3.494540e+001 0.000000e+000
      vertex   2.353820e+001 -3.481527e+001 5.000000e+000
      vertex   2.357266e+001 -3.479622e+001 0.000000e+000
    endloop
  endfacet
  facet normal -4.383587e-001 8.987995e-001 -1.098472e-003
    outer loop
      vertex   2.328393e+001 -3.494540e+001 0.000000e+000
      vertex   2.310482e+001 -3.502664e+001 5.000000e+000
      vertex   2.353820e+001 -3.481527e+001 5.000000e+000
    endloop
  endfacet
  facet normal -4.015794e-001 9.158241e-001 4.956670e-004
    outer loop
      vertex   2.328393e+001 -3.494540e+001 0.000000e+000
      vertex   2.298374e+001 -3.507703e+001 0.000000e+000
      vertex   2.310482e+001 -3.502664e+001 5.000000e+000
    endloop
  endfacet
  facet normal -3.529318e-001 9.356486e-001 -8.821589e-004
    outer loop
      vertex   2.310482e+001 -3.502664e+001 5.000000e+000
      vertex   2.298374e+001 -3.507703e+001 0.000000e+000
      vertex   2.264635e+001 -3.519958e+001 5.000000e+000
    endloop
  endfacet
  facet normal -3.437474e-001 9.390621e-001 -1.787586e-004
    outer loop
      vertex   2.264635e+001 -3.519958e+001 5.000000e+000
      vertex   2.298374e+001 -3.507703e+001 0.000000e+000
      vertex   2.267209e+001 -3.519111e+001 0.000000e+000
    endloop
  endfacet
  facet normal -2.862535e-001 9.581539e-001 1.495657e-004
    outer loop
      vertex   2.234899e+001 -3.528764e+001 0.000000e+000
      vertex   2.264635e+001 -3.519958e+001 5.000000e+000
      vertex   2.267209e+001 -3.519111e+001 0.000000e+000
    endloop
  endfacet
  facet normal -2.679870e-001 9.634220e-001 -1.029571e-003
    outer loop
      vertex   2.234899e+001 -3.528764e+001 0.000000e+000
      vertex   2.216280e+001 -3.533408e+001 5.000000e+000
      vertex   2.264635e+001 -3.519958e+001 5.000000e+000
    endloop
  endfacet
  facet normal -2.297507e-001 9.732494e-001 4.855623e-004
    outer loop
      vertex   2.234899e+001 -3.528764e+001 0.000000e+000
      vertex   2.201443e+001 -3.536661e+001 0.000000e+000
      vertex   2.216280e+001 -3.533408e+001 5.000000e+000
    endloop
  endfacet
  facet normal -1.856054e-001 9.826240e-001 -8.854012e-004
    outer loop
      vertex   2.216280e+001 -3.533408e+001 5.000000e+000
      vertex   2.201443e+001 -3.536661e+001 0.000000e+000
      vertex   2.165416e+001 -3.543016e+001 5.000000e+000
    endloop
  endfacet
  facet normal -1.856054e-001 9.826240e-001 8.854012e-004
    outer loop
      vertex   2.201443e+001 -3.536661e+001 1.000000e+001
      vertex   2.216280e+001 -3.533408e+001 5.000000e+000
      vertex   2.165416e+001 -3.543016e+001 5.000000e+000
    endloop
  endfacet
  facet normal -2.679870e-001 9.634220e-001 1.029571e-003
    outer loop
      vertex   2.216280e+001 -3.533408e+001 5.000000e+000
      vertex   2.234899e+001 -3.528764e+001 1.000000e+001
      vertex   2.264635e+001 -3.519958e+001 5.000000e+000
    endloop
  endfacet
  facet normal -4.590250e-001 8.884233e-001 -2.225271e-004
    outer loop
      vertex   2.328393e+001 -3.494540e+001 1.000000e+001
      vertex   2.357266e+001 -3.479622e+001 1.000000e+001
      vertex   2.353820e+001 -3.481527e+001 5.000000e+000
    endloop
  endfacet
  facet normal -5.153265e-001 8.569939e-001 2.853395e-004
    outer loop
      vertex   2.353820e+001 -3.481527e+001 5.000000e+000
      vertex   2.357266e+001 -3.479622e+001 1.000000e+001
      vertex   2.384994e+001 -3.462948e+001 1.000000e+001
    endloop
  endfacet
  facet normal -5.697388e-001 8.218257e-001 -4.816925e-004
    outer loop
      vertex   2.394650e+001 -3.456548e+001 5.000000e+000
      vertex   2.384994e+001 -3.462948e+001 1.000000e+001
      vertex   2.411576e+001 -3.444520e+001 1.000000e+001
    endloop
  endfacet
  facet normal -6.215774e-001 7.833527e-001 -2.832751e-004
    outer loop
      vertex   2.432970e+001 -3.427725e+001 5.000000e+000
      vertex   2.411576e+001 -3.444520e+001 1.000000e+001
      vertex   2.437012e+001 -3.424337e+001 1.000000e+001
    endloop
  endfacet
  facet normal -6.702598e-001 7.421265e-001 2.231609e-004
    outer loop
      vertex   2.463626e+001 -3.400151e+001 5.000000e+000
      vertex   2.437012e+001 -3.424337e+001 1.000000e+001
      vertex   2.461303e+001 -3.402398e+001 1.000000e+001
    endloop
  endfacet
  facet normal -7.153377e-001 6.987789e-001 -1.811057e-004
    outer loop
      vertex   2.484448e+001 -3.378705e+001 1.000000e+001
      vertex   2.463626e+001 -3.400151e+001 5.000000e+000
      vertex   2.461303e+001 -3.402398e+001 1.000000e+001
    endloop
  endfacet
  facet normal -7.250857e-001 6.886583e-001 6.589362e-004
    outer loop
      vertex   2.484448e+001 -3.378705e+001 1.000000e+001
      vertex   2.492462e+001 -3.369789e+001 5.000000e+000
      vertex   2.463626e+001 -3.400151e+001 5.000000e+000
    endloop
  endfacet
  facet normal -7.565133e-001 6.539782e-001 -4.631609e-004
    outer loop
      vertex   2.484448e+001 -3.378705e+001 1.000000e+001
      vertex   2.506447e+001 -3.353256e+001 1.000000e+001
      vertex   2.492462e+001 -3.369789e+001 5.000000e+000
    endloop
  endfacet
  facet normal -7.751530e-001 6.317730e-001 7.924435e-004
    outer loop
      vertex   2.492462e+001 -3.369789e+001 5.000000e+000
      vertex   2.506447e+001 -3.353256e+001 1.000000e+001
      vertex   2.519479e+001 -3.336641e+001 5.000000e+000
    endloop
  endfacet
  facet normal -7.936406e-001 6.083867e-001 4.665384e-004
    outer loop
      vertex   2.506447e+001 -3.353256e+001 0.000000e+000
      vertex   2.519479e+001 -3.336641e+001 5.000000e+000
      vertex   2.527301e+001 -3.326053e+001 0.000000e+000
    endloop
  endfacet
  facet normal -7.751530e-001 6.317730e-001 -7.924435e-004
    outer loop
      vertex   2.506447e+001 -3.353256e+001 0.000000e+000
      vertex   2.492462e+001 -3.369789e+001 5.000000e+000
      vertex   2.519479e+001 -3.336641e+001 5.000000e+000
    endloop
  endfacet
  facet normal -7.565133e-001 6.539782e-001 4.631609e-004
    outer loop
      vertex   2.506447e+001 -3.353256e+001 0.000000e+000
      vertex   2.484448e+001 -3.378705e+001 0.000000e+000
      vertex   2.492462e+001 -3.369789e+001 5.000000e+000
    endloop
  endfacet
  facet normal -7.250857e-001 6.886583e-001 -6.589362e-004
    outer loop
      vertex   2.492462e+001 -3.369789e+001 5.000000e+000
      vertex   2.484448e+001 -3.378705e+001 0.000000e+000
      vertex   2.463626e+001 -3.400151e+001 5.000000e+000
    endloop
  endfacet
  facet normal -7.153377e-001 6.987789e-001 1.811057e-004
    outer loop
      vertex   2.463626e+001 -3.400151e+001 5.000000e+000
      vertex   2.484448e+001 -3.378705e+001 0.000000e+000
      vertex   2.461303e+001 -3.402398e+001 0.000000e+000
    endloop
  endfacet
  facet normal -6.702598e-001 7.421265e-001 -2.231609e-004
    outer loop
      vertex   2.437012e+001 -3.424337e+001 0.000000e+000
      vertex   2.463626e+001 -3.400151e+001 5.000000e+000
      vertex   2.461303e+001 -3.402398e+001 0.000000e+000
    endloop
  endfacet
  facet normal -6.687601e-001 7.434782e-001 -3.683703e-004
    outer loop
      vertex   2.437012e+001 -3.424337e+001 0.000000e+000
      vertex   2.432970e+001 -3.427725e+001 5.000000e+000
      vertex   2.463626e+001 -3.400151e+001 5.000000e+000
    endloop
  endfacet
  facet normal -6.215774e-001 7.833527e-001 2.832751e-004
    outer loop
      vertex   2.437012e+001 -3.424337e+001 0.000000e+000
      vertex   2.411576e+001 -3.444520e+001 0.000000e+000
      vertex   2.432970e+001 -3.427725e+001 5.000000e+000
    endloop
  endfacet
  facet normal -6.010953e-001 7.991766e-001 -1.124650e-003
    outer loop
      vertex   2.432970e+001 -3.427725e+001 5.000000e+000
      vertex   2.411576e+001 -3.444520e+001 0.000000e+000
      vertex   2.394650e+001 -3.456548e+001 5.000000e+000
    endloop
  endfacet
  facet normal -6.010953e-001 7.991766e-001 1.124650e-003
    outer loop
      vertex   2.411576e+001 -3.444520e+001 1.000000e+001
      vertex   2.432970e+001 -3.427725e+001 5.000000e+000
      vertex   2.394650e+001 -3.456548e+001 5.000000e+000
    endloop
  endfacet
  facet normal -5.218813e-001 8.530177e-001 8.417727e-004
    outer loop
      vertex   2.353820e+001 -3.481527e+001 5.000000e+000
      vertex   2.384994e+001 -3.462948e+001 1.000000e+001
      vertex   2.394650e+001 -3.456548e+001 5.000000e+000
    endloop
  endfacet
  facet normal -5.697388e-001 8.218257e-001 4.816925e-004
    outer loop
      vertex   2.384994e+001 -3.462948e+001 0.000000e+000
      vertex   2.394650e+001 -3.456548e+001 5.000000e+000
      vertex   2.411576e+001 -3.444520e+001 0.000000e+000
    endloop
  endfacet
  facet normal -5.218813e-001 8.530177e-001 -8.417727e-004
    outer loop
      vertex   2.384994e+001 -3.462948e+001 0.000000e+000
      vertex   2.353820e+001 -3.481527e+001 5.000000e+000
      vertex   2.394650e+001 -3.456548e+001 5.000000e+000
    endloop
  endfacet
  facet normal -5.153265e-001 8.569939e-001 -2.853395e-004
    outer loop
      vertex   2.384994e+001 -3.462948e+001 0.000000e+000
      vertex   2.357266e+001 -3.479622e+001 0.000000e+000
      vertex   2.353820e+001 -3.481527e+001 5.000000e+000
    endloop
  endfacet
  facet normal -6.687601e-001 7.434782e-001 3.683703e-004
    outer loop
      vertex   2.432970e+001 -3.427725e+001 5.000000e+000
      vertex   2.437012e+001 -3.424337e+001 1.000000e+001
      vertex   2.463626e+001 -3.400151e+001 5.000000e+000
    endloop
  endfacet
  facet normal -7.936406e-001 6.083867e-001 -4.665384e-004
    outer loop
      vertex   2.506447e+001 -3.353256e+001 1.000000e+001
      vertex   2.527301e+001 -3.326053e+001 1.000000e+001
      vertex   2.519479e+001 -3.336641e+001 5.000000e+000
    endloop
  endfacet
  facet normal -8.188512e-001 5.740055e-001 6.559410e-004
    outer loop
      vertex   2.519479e+001 -3.336641e+001 5.000000e+000
      vertex   2.527301e+001 -3.326053e+001 1.000000e+001
      vertex   2.544629e+001 -3.300762e+001 5.000000e+000
    endloop
  endfacet
  facet normal -8.268616e-001 5.624054e-001 2.084142e-004
    outer loop
      vertex   2.527301e+001 -3.326053e+001 0.000000e+000
      vertex   2.544629e+001 -3.300762e+001 5.000000e+000
      vertex   2.546948e+001 -3.297167e+001 0.000000e+000
    endloop
  endfacet
  facet normal -8.188512e-001 5.740055e-001 -6.559410e-004
    outer loop
      vertex   2.527301e+001 -3.326053e+001 0.000000e+000
      vertex   2.519479e+001 -3.336641e+001 5.000000e+000
      vertex   2.544629e+001 -3.300762e+001 5.000000e+000
    endloop
  endfacet
  facet normal -8.268616e-001 5.624054e-001 -2.084142e-004
    outer loop
      vertex   2.527301e+001 -3.326053e+001 1.000000e+001
      vertex   2.546948e+001 -3.297167e+001 1.000000e+001
      vertex   2.544629e+001 -3.300762e+001 5.000000e+000
    endloop
  endfacet
  facet normal -8.564643e-001 5.162063e-001 2.610371e-004
    outer loop
      vertex   2.544629e+001 -3.300762e+001 5.000000e+000
      vertex   2.546948e+001 -3.297167e+001 1.000000e+001
      vertex   2.565328e+001 -3.266673e+001 1.000000e+001
    endloop
  endfacet
  facet normal -8.824642e-001 4.703795e-001 -2.239567e-004
    outer loop
      vertex   2.567776e+001 -3.262318e+001 5.000000e+000
      vertex   2.565328e+001 -3.266673e+001 1.000000e+001
      vertex   2.582440e+001 -3.234570e+001 1.000000e+001
    endloop
  endfacet
  facet normal -9.050261e-001 4.253557e-001 -4.391026e-004
    outer loop
      vertex   2.588910e+001 -3.221319e+001 5.000000e+000
      vertex   2.582440e+001 -3.234570e+001 1.000000e+001
      vertex   2.598284e+001 -3.200858e+001 1.000000e+001
    endloop
  endfacet
  facet normal -9.243739e-001 3.814876e-001 -4.012821e-004
    outer loop
      vertex   2.608031e+001 -3.177766e+001 5.000000e+000
      vertex   2.598284e+001 -3.200858e+001 1.000000e+001
      vertex   2.612861e+001 -3.165537e+001 1.000000e+001
    endloop
  endfacet
  facet normal -9.407686e-001 3.390493e-001 -1.293485e-004
    outer loop
      vertex   2.625139e+001 -3.131658e+001 5.000000e+000
      vertex   2.612861e+001 -3.165537e+001 1.000000e+001
      vertex   2.626170e+001 -3.128607e+001 1.000000e+001
    endloop
  endfacet
  facet normal -9.544907e-001 2.982406e-001 1.479204e-004
    outer loop
      vertex   2.638212e+001 -3.090069e+001 1.000000e+001
      vertex   2.625139e+001 -3.131658e+001 5.000000e+000
      vertex   2.626170e+001 -3.128607e+001 1.000000e+001
    endloop
  endfacet
  facet normal -9.551003e-001 2.962824e-001 3.267387e-004
    outer loop
      vertex   2.638212e+001 -3.090069e+001 1.000000e+001
      vertex   2.640235e+001 -3.082995e+001 5.000000e+000
      vertex   2.625139e+001 -3.131658e+001 5.000000e+000
    endloop
  endfacet
  facet normal -9.658249e-001 2.591953e-001 -2.413390e-004
    outer loop
      vertex   2.638212e+001 -3.090069e+001 1.000000e+001
      vertex   2.648986e+001 -3.049922e+001 1.000000e+001
      vertex   2.640235e+001 -3.082995e+001 5.000000e+000
    endloop
  endfacet
  facet normal -9.688896e-001 2.474926e-001 5.863947e-004
    outer loop
      vertex   2.640235e+001 -3.082995e+001 5.000000e+000
      vertex   2.648986e+001 -3.049922e+001 1.000000e+001
      vertex   2.653318e+001 -3.031778e+001 5.000000e+000
    endloop
  endfacet
  facet normal -9.750488e-001 2.219901e-001 3.923891e-004
    outer loop
      vertex   2.648986e+001 -3.049922e+001 0.000000e+000
      vertex   2.653318e+001 -3.031778e+001 5.000000e+000
      vertex   2.658493e+001 -3.008166e+001 0.000000e+000
    endloop
  endfacet
  facet normal -9.688896e-001 2.474926e-001 -5.863947e-004
    outer loop
      vertex   2.648986e+001 -3.049922e+001 0.000000e+000
      vertex   2.640235e+001 -3.082995e+001 5.000000e+000
      vertex   2.653318e+001 -3.031778e+001 5.000000e+000
    endloop
  endfacet
  facet normal -9.658249e-001 2.591953e-001 2.413390e-004
    outer loop
      vertex   2.648986e+001 -3.049922e+001 0.000000e+000
      vertex   2.638212e+001 -3.090069e+001 0.000000e+000
      vertex   2.640235e+001 -3.082995e+001 5.000000e+000
    endloop
  endfacet
  facet normal -9.551003e-001 2.962824e-001 -3.267387e-004
    outer loop
      vertex   2.640235e+001 -3.082995e+001 5.000000e+000
      vertex   2.638212e+001 -3.090069e+001 0.000000e+000
      vertex   2.625139e+001 -3.131658e+001 5.000000e+000
    endloop
  endfacet
  facet normal -9.544907e-001 2.982406e-001 -1.479204e-004
    outer loop
      vertex   2.625139e+001 -3.131658e+001 5.000000e+000
      vertex   2.638212e+001 -3.090069e+001 0.000000e+000
      vertex   2.626170e+001 -3.128607e+001 0.000000e+000
    endloop
  endfacet
  facet normal -9.407686e-001 3.390493e-001 1.293485e-004
    outer loop
      vertex   2.612861e+001 -3.165537e+001 0.000000e+000
      vertex   2.625139e+001 -3.131658e+001 5.000000e+000
      vertex   2.626170e+001 -3.128607e+001 0.000000e+000
    endloop
  endfacet
  facet normal -9.375405e-001 3.478757e-001 -5.479839e-004
    outer loop
      vertex   2.612861e+001 -3.165537e+001 0.000000e+000
      vertex   2.608031e+001 -3.177766e+001 5.000000e+000
      vertex   2.625139e+001 -3.131658e+001 5.000000e+000
    endloop
  endfacet
  facet normal -9.243739e-001 3.814876e-001 4.012821e-004
    outer loop
      vertex   2.612861e+001 -3.165537e+001 0.000000e+000
      vertex   2.598284e+001 -3.200858e+001 0.000000e+000
      vertex   2.608031e+001 -3.177766e+001 5.000000e+000
    endloop
  endfacet
  facet normal -9.156422e-001 4.019937e-001 -7.159776e-004
    outer loop
      vertex   2.608031e+001 -3.177766e+001 5.000000e+000
      vertex   2.598284e+001 -3.200858e+001 0.000000e+000
      vertex   2.588910e+001 -3.221319e+001 5.000000e+000
    endloop
  endfacet
  facet normal -9.156422e-001 4.019937e-001 7.159776e-004
    outer loop
      vertex   2.598284e+001 -3.200858e+001 1.000000e+001
      vertex   2.608031e+001 -3.177766e+001 5.000000e+000
      vertex   2.588910e+001 -3.221319e+001 5.000000e+000
    endloop
  endfacet
  facet normal -8.567026e-001 5.158106e-001 2.978774e-004
    outer loop
      vertex   2.544629e+001 -3.300762e+001 5.000000e+000
      vertex   2.565328e+001 -3.266673e+001 1.000000e+001
      vertex   2.567776e+001 -3.262318e+001 5.000000e+000
    endloop
  endfacet
  facet normal -8.824642e-001 4.703795e-001 2.239567e-004
    outer loop
      vertex   2.565328e+001 -3.266673e+001 0.000000e+000
      vertex   2.567776e+001 -3.262318e+001 5.000000e+000
      vertex   2.582440e+001 -3.234570e+001 0.000000e+000
    endloop
  endfacet
  facet normal -8.567026e-001 5.158106e-001 -2.978774e-004
    outer loop
      vertex   2.565328e+001 -3.266673e+001 0.000000e+000
      vertex   2.544629e+001 -3.300762e+001 5.000000e+000
      vertex   2.567776e+001 -3.262318e+001 5.000000e+000
    endloop
  endfacet
  facet normal -8.564643e-001 5.162063e-001 -2.610371e-004
    outer loop
      vertex   2.565328e+001 -3.266673e+001 0.000000e+000
      vertex   2.546948e+001 -3.297167e+001 0.000000e+000
      vertex   2.544629e+001 -3.300762e+001 5.000000e+000
    endloop
  endfacet
  facet normal -8.888560e-001 4.581863e-001 6.401826e-004
    outer loop
      vertex   2.567776e+001 -3.262318e+001 5.000000e+000
      vertex   2.582440e+001 -3.234570e+001 1.000000e+001
      vertex   2.588910e+001 -3.221319e+001 5.000000e+000
    endloop
  endfacet
  facet normal -9.050261e-001 4.253557e-001 4.391026e-004
    outer loop
      vertex   2.582440e+001 -3.234570e+001 0.000000e+000
      vertex   2.588910e+001 -3.221319e+001 5.000000e+000
      vertex   2.598284e+001 -3.200858e+001 0.000000e+000
    endloop
  endfacet
  facet normal -8.888560e-001 4.581863e-001 -6.401826e-004
    outer loop
      vertex   2.582440e+001 -3.234570e+001 0.000000e+000
      vertex   2.567776e+001 -3.262318e+001 5.000000e+000
      vertex   2.588910e+001 -3.221319e+001 5.000000e+000
    endloop
  endfacet
  facet normal -9.375405e-001 3.478757e-001 5.479839e-004
    outer loop
      vertex   2.608031e+001 -3.177766e+001 5.000000e+000
      vertex   2.612861e+001 -3.165537e+001 1.000000e+001
      vertex   2.625139e+001 -3.131658e+001 5.000000e+000
    endloop
  endfacet
  facet normal -9.750488e-001 2.219901e-001 -3.923891e-004
    outer loop
      vertex   2.648986e+001 -3.049922e+001 1.000000e+001
      vertex   2.658493e+001 -3.008166e+001 1.000000e+001
      vertex   2.653318e+001 -3.031778e+001 5.000000e+000
    endloop
  endfacet
  facet normal -9.794588e-001 2.016436e-001 6.141101e-004
    outer loop
      vertex   2.653318e+001 -3.031778e+001 5.000000e+000
      vertex   2.658493e+001 -3.008166e+001 1.000000e+001
      vertex   2.664388e+001 -2.978006e+001 5.000000e+000
    endloop
  endfacet
  facet normal -9.824254e-001 1.866553e-001 3.249492e-004
    outer loop
      vertex   2.658493e+001 -3.008166e+001 0.000000e+000
      vertex   2.664388e+001 -2.978006e+001 5.000000e+000
      vertex   2.666732e+001 -2.964801e+001 0.000000e+000
    endloop
  endfacet
  facet normal -9.794588e-001 2.016436e-001 -6.141101e-004
    outer loop
      vertex   2.658493e+001 -3.008166e+001 0.000000e+000
      vertex   2.653318e+001 -3.031778e+001 5.000000e+000
      vertex   2.664388e+001 -2.978006e+001 5.000000e+000
    endloop
  endfacet
  facet normal -9.824254e-001 1.866553e-001 -3.249492e-004
    outer loop
      vertex   2.658493e+001 -3.008166e+001 1.000000e+001
      vertex   2.666732e+001 -2.964801e+001 1.000000e+001
      vertex   2.664388e+001 -2.978006e+001 5.000000e+000
    endloop
  endfacet
  facet normal -9.873168e-001 1.587621e-001 4.346525e-004
    outer loop
      vertex   2.664388e+001 -2.978006e+001 5.000000e+000
      vertex   2.666732e+001 -2.964801e+001 1.000000e+001
      vertex   2.673446e+001 -2.921680e+001 5.000000e+000
    endloop
  endfacet
  facet normal -9.881977e-001 1.531840e-001 5.824175e-005
    outer loop
      vertex   2.666732e+001 -2.964801e+001 0.000000e+000
      vertex   2.673446e+001 -2.921680e+001 5.000000e+000
      vertex   2.673703e+001 -2.919827e+001 0.000000e+000
    endloop
  endfacet
  facet normal -9.873168e-001 1.587621e-001 -4.346525e-004
    outer loop
      vertex   2.666732e+001 -2.964801e+001 0.000000e+000
      vertex   2.664388e+001 -2.978006e+001 5.000000e+000
      vertex   2.673446e+001 -2.921680e+001 5.000000e+000
    endloop
  endfacet
  facet normal -9.881977e-001 1.531840e-001 -5.824175e-005
    outer loop
      vertex   2.666732e+001 -2.964801e+001 1.000000e+001
      vertex   2.673703e+001 -2.919827e+001 1.000000e+001
      vertex   2.673446e+001 -2.921680e+001 5.000000e+000
    endloop
  endfacet
  facet normal -9.925864e-001 1.215412e-001 6.124704e-005
    outer loop
      vertex   2.673446e+001 -2.921680e+001 5.000000e+000
      vertex   2.673703e+001 -2.919827e+001 1.000000e+001
      vertex   2.679407e+001 -2.873245e+001 1.000000e+001
    endloop
  endfacet
  facet normal -9.957893e-001 9.167104e-002 -2.416119e-004
    outer loop
      vertex   2.680490e+001 -2.862798e+001 5.000000e+000
      vertex   2.679407e+001 -2.873245e+001 1.000000e+001
      vertex   2.683844e+001 -2.825053e+001 1.000000e+001
    endloop
  endfacet
  facet normal -9.979816e-001 6.350348e-002 -3.412290e-004
    outer loop
      vertex   2.685522e+001 -2.801362e+001 5.000000e+000
      vertex   2.683844e+001 -2.825053e+001 1.000000e+001
      vertex   2.687012e+001 -2.775253e+001 1.000000e+001
    endloop
  endfacet
  facet normal -9.993167e-001 3.695908e-002 -2.552286e-004
    outer loop
      vertex   2.688541e+001 -2.737372e+001 5.000000e+000
      vertex   2.687012e+001 -2.775253e+001 1.000000e+001
      vertex   2.688914e+001 -2.723844e+001 1.000000e+001
    endloop
  endfacet
  facet normal -9.999285e-001 1.195317e-002 4.217606e-004
    outer loop
      vertex   2.689548e+001 -2.670827e+001 1.000000e+001
      vertex   2.688541e+001 -2.737372e+001 5.000000e+000
      vertex   2.688914e+001 -2.723844e+001 1.000000e+001
    endloop
  endfacet
  facet normal -9.998517e-001 1.721907e-002 -2.792348e-004
    outer loop
      vertex   2.689548e+001 -2.670827e+001 1.000000e+001
      vertex   2.688914e+001 -2.723844e+001 0.000000e+000
      vertex   2.688541e+001 -2.737372e+001 5.000000e+000
    endloop
  endfacet
  facet normal -9.999286e-001 1.195317e-002 0.000000e+000
    outer loop
      vertex   2.689548e+001 -2.670827e+001 1.000000e+001
      vertex   2.689548e+001 -2.670827e+001 0.000000e+000
      vertex   2.688914e+001 -2.723844e+001 0.000000e+000
    endloop
  endfacet
  facet normal -9.929188e-001 1.187944e-001 3.312897e-004
    outer loop
      vertex   2.673446e+001 -2.921680e+001 5.000000e+000
      vertex   2.679407e+001 -2.873245e+001 1.000000e+001
      vertex   2.680490e+001 -2.862798e+001 5.000000e+000
    endloop
  endfacet
  facet normal -9.957893e-001 9.167104e-002 2.416119e-004
    outer loop
      vertex   2.679407e+001 -2.873245e+001 0.000000e+000
      vertex   2.680490e+001 -2.862798e+001 5.000000e+000
      vertex   2.683844e+001 -2.825053e+001 0.000000e+000
    endloop
  endfacet
  facet normal -9.929188e-001 1.187944e-001 -3.312897e-004
    outer loop
      vertex   2.679407e+001 -2.873245e+001 0.000000e+000
      vertex   2.673446e+001 -2.921680e+001 5.000000e+000
      vertex   2.680490e+001 -2.862798e+001 5.000000e+000
    endloop
  endfacet
  facet normal -9.925864e-001 1.215412e-001 -6.124704e-005
    outer loop
      vertex   2.679407e+001 -2.873245e+001 0.000000e+000
      vertex   2.673703e+001 -2.919827e+001 0.000000e+000
      vertex   2.673446e+001 -2.921680e+001 5.000000e+000
    endloop
  endfacet
  facet normal -9.966625e-001 8.163138e-002 5.221362e-004
    outer loop
      vertex   2.680490e+001 -2.862798e+001 5.000000e+000
      vertex   2.683844e+001 -2.825053e+001 1.000000e+001
      vertex   2.685522e+001 -2.801362e+001 5.000000e+000
    endloop
  endfacet
  facet normal -9.979816e-001 6.350348e-002 3.412290e-004
    outer loop
      vertex   2.683844e+001 -2.825053e+001 0.000000e+000
      vertex   2.685522e+001 -2.801362e+001 5.000000e+000
      vertex   2.687012e+001 -2.775253e+001 0.000000e+000
    endloop
  endfacet
  facet normal -9.966625e-001 8.163138e-002 -5.221362e-004
    outer loop
      vertex   2.683844e+001 -2.825053e+001 0.000000e+000
      vertex   2.680490e+001 -2.862798e+001 5.000000e+000
      vertex   2.685522e+001 -2.801362e+001 5.000000e+000
    endloop
  endfacet
  facet normal -9.988887e-001 4.712851e-002 5.165460e-004
    outer loop
      vertex   2.685522e+001 -2.801362e+001 5.000000e+000
      vertex   2.687012e+001 -2.775253e+001 1.000000e+001
      vertex   2.688541e+001 -2.737372e+001 5.000000e+000
    endloop
  endfacet
  facet normal -9.993167e-001 3.695908e-002 2.552286e-004
    outer loop
      vertex   2.687012e+001 -2.775253e+001 0.000000e+000
      vertex   2.688541e+001 -2.737372e+001 5.000000e+000
      vertex   2.688914e+001 -2.723844e+001 0.000000e+000
    endloop
  endfacet
  facet normal -9.988887e-001 4.712851e-002 -5.165460e-004
    outer loop
      vertex   2.687012e+001 -2.775253e+001 0.000000e+000
      vertex   2.685522e+001 -2.801362e+001 5.000000e+000
      vertex   2.688541e+001 -2.737372e+001 5.000000e+000
    endloop
  endfacet
  facet normal -1.747943e-001 9.846050e-001 -8.124364e-005
    outer loop
      vertex   2.201443e+001 -3.536661e+001 0.000000e+000
      vertex   2.166841e+001 -3.542804e+001 0.000000e+000
      vertex   2.165416e+001 -3.543016e+001 5.000000e+000
    endloop
  endfacet
  facet normal 2.511636e-002 9.996845e-001 0.000000e+000
    outer loop
      vertex   2.414977e+001 -1.095164e+001 1.000000e+001
      vertex   2.483619e+001 -1.096888e+001 1.000000e+001
      vertex   2.414977e+001 -1.095164e+001 0.000000e+000
    endloop
  endfacet
  facet normal 3.535283e-002 9.993746e-001 -7.031934e-004
    outer loop
      vertex   2.414977e+001 -1.095164e+001 0.000000e+000
      vertex   2.483619e+001 -1.096888e+001 1.000000e+001
      vertex   2.499834e+001 -1.097814e+001 5.000000e+000
    endloop
  endfacet
  facet normal 7.689734e-002 9.970388e-001 -6.484034e-004
    outer loop
      vertex   2.483619e+001 -1.096888e+001 0.000000e+000
      vertex   2.499834e+001 -1.097814e+001 5.000000e+000
      vertex   2.550702e+001 -1.102062e+001 0.000000e+000
    endloop
  endfacet
  facet normal 2.511635e-002 9.996840e-001 1.035731e-003
    outer loop
      vertex   2.483619e+001 -1.096888e+001 0.000000e+000
      vertex   2.414977e+001 -1.095164e+001 0.000000e+000
      vertex   2.499834e+001 -1.097814e+001 5.000000e+000
    endloop
  endfacet
  facet normal 7.689734e-002 9.970388e-001 6.484034e-004
    outer loop
      vertex   2.483619e+001 -1.096888e+001 1.000000e+001
      vertex   2.550702e+001 -1.102062e+001 1.000000e+001
      vertex   2.499834e+001 -1.097814e+001 5.000000e+000
    endloop
  endfacet
  facet normal 9.596545e-002 9.953838e-001 -1.305566e-003
    outer loop
      vertex   2.499834e+001 -1.097814e+001 5.000000e+000
      vertex   2.550702e+001 -1.102062e+001 1.000000e+001
      vertex   2.582295e+001 -1.105764e+001 5.000000e+000
    endloop
  endfacet
  facet normal 1.304783e-001 9.914508e-001 -9.042477e-004
    outer loop
      vertex   2.550702e+001 -1.102062e+001 0.000000e+000
      vertex   2.582295e+001 -1.105764e+001 5.000000e+000
      vertex   2.616225e+001 -1.110685e+001 0.000000e+000
    endloop
  endfacet
  facet normal 9.596545e-002 9.953838e-001 1.305566e-003
    outer loop
      vertex   2.550702e+001 -1.102062e+001 0.000000e+000
      vertex   2.499834e+001 -1.097814e+001 5.000000e+000
      vertex   2.582295e+001 -1.105764e+001 5.000000e+000
    endloop
  endfacet
  facet normal 1.304783e-001 9.914508e-001 9.042477e-004
    outer loop
      vertex   2.550702e+001 -1.102062e+001 1.000000e+001
      vertex   2.616225e+001 -1.110685e+001 1.000000e+001
      vertex   2.582295e+001 -1.105764e+001 5.000000e+000
    endloop
  endfacet
  facet normal 1.632743e-001 9.865798e-001 -1.369235e-003
    outer loop
      vertex   2.582295e+001 -1.105764e+001 5.000000e+000
      vertex   2.616225e+001 -1.110685e+001 1.000000e+001
      vertex   2.662358e+001 -1.119014e+001 5.000000e+000
    endloop
  endfacet
  facet normal 1.854641e-001 9.826508e-001 -7.435840e-004
    outer loop
      vertex   2.616225e+001 -1.110685e+001 0.000000e+000
      vertex   2.662358e+001 -1.119014e+001 5.000000e+000
      vertex   2.680187e+001 -1.122757e+001 0.000000e+000
    endloop
  endfacet
  facet normal 1.632743e-001 9.865798e-001 1.369235e-003
    outer loop
      vertex   2.616225e+001 -1.110685e+001 0.000000e+000
      vertex   2.582295e+001 -1.105764e+001 5.000000e+000
      vertex   2.662358e+001 -1.119014e+001 5.000000e+000
    endloop
  endfacet
  facet normal 1.854641e-001 9.826508e-001 7.435840e-004
    outer loop
      vertex   2.616225e+001 -1.110685e+001 1.000000e+001
      vertex   2.680187e+001 -1.122757e+001 1.000000e+001
      vertex   2.662358e+001 -1.119014e+001 5.000000e+000
    endloop
  endfacet
  facet normal 2.323101e-001 9.726412e-001 -1.001837e-003
    outer loop
      vertex   2.662358e+001 -1.119014e+001 5.000000e+000
      vertex   2.680187e+001 -1.122757e+001 1.000000e+001
      vertex   2.740024e+001 -1.137564e+001 5.000000e+000
    endloop
  endfacet
  facet normal 2.413759e-001 9.704317e-001 -1.485271e-004
    outer loop
      vertex   2.680187e+001 -1.122757e+001 0.000000e+000
      vertex   2.740024e+001 -1.137564e+001 5.000000e+000
      vertex   2.742590e+001 -1.138279e+001 0.000000e+000
    endloop
  endfacet
  facet normal 2.323101e-001 9.726412e-001 1.001837e-003
    outer loop
      vertex   2.680187e+001 -1.122757e+001 0.000000e+000
      vertex   2.662358e+001 -1.119014e+001 5.000000e+000
      vertex   2.740024e+001 -1.137564e+001 5.000000e+000
    endloop
  endfacet
  facet normal 2.413759e-001 9.704317e-001 1.485271e-004
    outer loop
      vertex   2.680187e+001 -1.122757e+001 1.000000e+001
      vertex   2.742590e+001 -1.138279e+001 1.000000e+001
      vertex   2.740024e+001 -1.137564e+001 5.000000e+000
    endloop
  endfacet
  facet normal 2.976651e-001 9.546703e-001 -1.628769e-004
    outer loop
      vertex   2.740024e+001 -1.137564e+001 5.000000e+000
      vertex   2.742590e+001 -1.138279e+001 1.000000e+001
      vertex   2.803432e+001 -1.157249e+001 1.000000e+001
    endloop
  endfacet
  facet normal 3.537352e-001 9.353454e-001 5.998861e-004
    outer loop
      vertex   2.815293e+001 -1.161414e+001 5.000000e+000
      vertex   2.803432e+001 -1.157249e+001 1.000000e+001
      vertex   2.862715e+001 -1.179669e+001 1.000000e+001
    endloop
  endfacet
  facet normal 4.089700e-001 9.125474e-001 9.316413e-004
    outer loop
      vertex   2.888164e+001 -1.190564e+001 5.000000e+000
      vertex   2.862715e+001 -1.179669e+001 1.000000e+001
      vertex   2.920437e+001 -1.205538e+001 1.000000e+001
    endloop
  endfacet
  facet normal 4.627664e-001 8.864799e-001 8.262620e-004
    outer loop
      vertex   2.958639e+001 -1.225014e+001 5.000000e+000
      vertex   2.920437e+001 -1.205538e+001 1.000000e+001
      vertex   2.976599e+001 -1.234856e+001 1.000000e+001
    endloop
  endfacet
  facet normal 5.145661e-001 8.574507e-001 2.869397e-004
    outer loop
      vertex   3.026716e+001 -1.264765e+001 5.000000e+000
      vertex   2.976599e+001 -1.234856e+001 1.000000e+001
      vertex   3.031201e+001 -1.267624e+001 1.000000e+001
    endloop
  endfacet
  facet normal 5.638843e-001 8.258537e-001 -3.361551e-004
    outer loop
      vertex   3.084243e+001 -1.303840e+001 1.000000e+001
      vertex   3.026716e+001 -1.264765e+001 5.000000e+000
      vertex   3.031201e+001 -1.267624e+001 1.000000e+001
    endloop
  endfacet
  facet normal 5.656350e-001 8.246555e-001 -6.312267e-004
    outer loop
      vertex   3.084243e+001 -1.303840e+001 1.000000e+001
      vertex   3.092396e+001 -1.309815e+001 5.000000e+000
      vertex   3.026716e+001 -1.264765e+001 5.000000e+000
    endloop
  endfacet
  facet normal 6.103313e-001 7.921461e-001 4.860157e-004
    outer loop
      vertex   3.084243e+001 -1.303840e+001 1.000000e+001
      vertex   3.135725e+001 -1.343506e+001 1.000000e+001
      vertex   3.092396e+001 -1.309815e+001 5.000000e+000
    endloop
  endfacet
  facet normal 6.226112e-001 7.825304e-001 -1.226078e-003
    outer loop
      vertex   3.092396e+001 -1.309815e+001 5.000000e+000
      vertex   3.135725e+001 -1.343506e+001 1.000000e+001
      vertex   3.155679e+001 -1.360165e+001 5.000000e+000
    endloop
  endfacet
  facet normal 6.536244e-001 7.568186e-001 -8.682307e-004
    outer loop
      vertex   3.135725e+001 -1.343506e+001 0.000000e+000
      vertex   3.155679e+001 -1.360165e+001 5.000000e+000
      vertex   3.185647e+001 -1.386621e+001 0.000000e+000
    endloop
  endfacet
  facet normal 6.226112e-001 7.825304e-001 1.226078e-003
    outer loop
      vertex   3.135725e+001 -1.343506e+001 0.000000e+000
      vertex   3.092396e+001 -1.309815e+001 5.000000e+000
      vertex   3.155679e+001 -1.360165e+001 5.000000e+000
    endloop
  endfacet
  facet normal 6.103313e-001 7.921461e-001 -4.860157e-004
    outer loop
      vertex   3.135725e+001 -1.343506e+001 0.000000e+000
      vertex   3.084243e+001 -1.303840e+001 0.000000e+000
      vertex   3.092396e+001 -1.309815e+001 5.000000e+000
    endloop
  endfacet
  facet normal 5.656350e-001 8.246555e-001 6.312267e-004
    outer loop
      vertex   3.092396e+001 -1.309815e+001 5.000000e+000
      vertex   3.084243e+001 -1.303840e+001 0.000000e+000
      vertex   3.026716e+001 -1.264765e+001 5.000000e+000
    endloop
  endfacet
  facet normal 5.638843e-001 8.258537e-001 3.361551e-004
    outer loop
      vertex   3.026716e+001 -1.264765e+001 5.000000e+000
      vertex   3.084243e+001 -1.303840e+001 0.000000e+000
      vertex   3.031201e+001 -1.267624e+001 0.000000e+000
    endloop
  endfacet
  facet normal 5.145661e-001 8.574507e-001 -2.869397e-004
    outer loop
      vertex   2.976599e+001 -1.234856e+001 0.000000e+000
      vertex   3.026716e+001 -1.264765e+001 5.000000e+000
      vertex   3.031201e+001 -1.267624e+001 0.000000e+000
    endloop
  endfacet
  facet normal 5.042350e-001 8.635657e-001 1.114365e-003
    outer loop
      vertex   2.976599e+001 -1.234856e+001 0.000000e+000
      vertex   2.958639e+001 -1.225014e+001 5.000000e+000
      vertex   3.026716e+001 -1.264765e+001 5.000000e+000
    endloop
  endfacet
  facet normal 4.627664e-001 8.864799e-001 -8.262620e-004
    outer loop
      vertex   2.976599e+001 -1.234856e+001 0.000000e+000
      vertex   2.920437e+001 -1.205538e+001 0.000000e+000
      vertex   2.958639e+001 -1.225014e+001 5.000000e+000
    endloop
  endfacet
  facet normal 4.391688e-001 8.984034e-001 1.441130e-003
    outer loop
      vertex   2.958639e+001 -1.225014e+001 5.000000e+000
      vertex   2.920437e+001 -1.205538e+001 0.000000e+000
      vertex   2.888164e+001 -1.190564e+001 5.000000e+000
    endloop
  endfacet
  facet normal 4.391688e-001 8.984034e-001 -1.441130e-003
    outer loop
      vertex   2.920437e+001 -1.205538e+001 1.000000e+001
      vertex   2.958639e+001 -1.225014e+001 5.000000e+000
      vertex   2.888164e+001 -1.190564e+001 5.000000e+000
    endloop
  endfacet
  facet normal 3.020644e-001 9.532872e-001 -7.752340e-004
    outer loop
      vertex   2.740024e+001 -1.137564e+001 5.000000e+000
      vertex   2.803432e+001 -1.157249e+001 1.000000e+001
      vertex   2.815293e+001 -1.161414e+001 5.000000e+000
    endloop
  endfacet
  facet normal 3.537352e-001 9.353454e-001 -5.998861e-004
    outer loop
      vertex   2.803432e+001 -1.157249e+001 0.000000e+000
      vertex   2.815293e+001 -1.161414e+001 5.000000e+000
      vertex   2.862715e+001 -1.179669e+001 0.000000e+000
    endloop
  endfacet
  facet normal 3.020644e-001 9.532872e-001 7.752340e-004
    outer loop
      vertex   2.803432e+001 -1.157249e+001 0.000000e+000
      vertex   2.740024e+001 -1.137564e+001 5.000000e+000
      vertex   2.815293e+001 -1.161414e+001 5.000000e+000
    endloop
  endfacet
  facet normal 2.976651e-001 9.546703e-001 1.628769e-004
    outer loop
      vertex   2.803432e+001 -1.157249e+001 0.000000e+000
      vertex   2.742590e+001 -1.138279e+001 0.000000e+000
      vertex   2.740024e+001 -1.137564e+001 5.000000e+000
    endloop
  endfacet
  facet normal 3.714070e-001 9.284692e-001 -1.327230e-003
    outer loop
      vertex   2.815293e+001 -1.161414e+001 5.000000e+000
      vertex   2.862715e+001 -1.179669e+001 1.000000e+001
      vertex   2.888164e+001 -1.190564e+001 5.000000e+000
    endloop
  endfacet
  facet normal 4.089700e-001 9.125474e-001 -9.316413e-004
    outer loop
      vertex   2.862715e+001 -1.179669e+001 0.000000e+000
      vertex   2.888164e+001 -1.190564e+001 5.000000e+000
      vertex   2.920437e+001 -1.205538e+001 0.000000e+000
    endloop
  endfacet
  facet normal 3.714070e-001 9.284692e-001 1.327230e-003
    outer loop
      vertex   2.862715e+001 -1.179669e+001 0.000000e+000
      vertex   2.815293e+001 -1.161414e+001 5.000000e+000
      vertex   2.888164e+001 -1.190564e+001 5.000000e+000
    endloop
  endfacet
  facet normal 5.042350e-001 8.635657e-001 -1.114365e-003
    outer loop
      vertex   2.958639e+001 -1.225014e+001 5.000000e+000
      vertex   2.976599e+001 -1.234856e+001 1.000000e+001
      vertex   3.026716e+001 -1.264765e+001 5.000000e+000
    endloop
  endfacet
  facet normal 6.536244e-001 7.568186e-001 8.682307e-004
    outer loop
      vertex   3.135725e+001 -1.343506e+001 1.000000e+001
      vertex   3.185647e+001 -1.386621e+001 1.000000e+001
      vertex   3.155679e+001 -1.360165e+001 5.000000e+000
    endloop
  endfacet
  facet normal 6.746589e-001 7.381283e-001 -1.381454e-003
    outer loop
      vertex   3.155679e+001 -1.360165e+001 5.000000e+000
      vertex   3.185647e+001 -1.386621e+001 1.000000e+001
      vertex   3.216565e+001 -1.415816e+001 5.000000e+000
    endloop
  endfacet
  facet normal 6.935909e-001 7.203687e-001 -8.261508e-004
    outer loop
      vertex   3.185647e+001 -1.386621e+001 0.000000e+000
      vertex   3.216565e+001 -1.415816e+001 5.000000e+000
      vertex   3.234009e+001 -1.433185e+001 0.000000e+000
    endloop
  endfacet
  facet normal 6.746589e-001 7.381283e-001 1.381454e-003
    outer loop
      vertex   3.185647e+001 -1.386621e+001 0.000000e+000
      vertex   3.155679e+001 -1.360165e+001 5.000000e+000
      vertex   3.216565e+001 -1.415816e+001 5.000000e+000
    endloop
  endfacet
  facet normal 6.935909e-001 7.203687e-001 8.261508e-004
    outer loop
      vertex   3.185647e+001 -1.386621e+001 1.000000e+001
      vertex   3.234009e+001 -1.433185e+001 1.000000e+001
      vertex   3.216565e+001 -1.415816e+001 5.000000e+000
    endloop
  endfacet
  facet normal 7.215278e-001 6.923846e-001 -1.120716e-003
    outer loop
      vertex   3.216565e+001 -1.415816e+001 5.000000e+000
      vertex   3.234009e+001 -1.433185e+001 1.000000e+001
      vertex   3.275053e+001 -1.476766e+001 5.000000e+000
    endloop
  endfacet
  facet normal 7.301611e-001 6.832749e-001 -3.819775e-004
    outer loop
      vertex   3.234009e+001 -1.433185e+001 0.000000e+000
      vertex   3.275053e+001 -1.476766e+001 5.000000e+000
      vertex   3.280811e+001 -1.483199e+001 0.000000e+000
    endloop
  endfacet
  facet normal 7.215278e-001 6.923846e-001 1.120716e-003
    outer loop
      vertex   3.234009e+001 -1.433185e+001 0.000000e+000
      vertex   3.216565e+001 -1.415816e+001 5.000000e+000
      vertex   3.275053e+001 -1.476766e+001 5.000000e+000
    endloop
  endfacet
  facet normal 7.301611e-001 6.832749e-001 3.819775e-004
    outer loop
      vertex   3.234009e+001 -1.433185e+001 1.000000e+001
      vertex   3.280811e+001 -1.483199e+001 1.000000e+001
      vertex   3.275053e+001 -1.476766e+001 5.000000e+000
    endloop
  endfacet
  facet normal 7.631955e-001 6.461675e-001 -4.758728e-004
    outer loop
      vertex   3.275053e+001 -1.476766e+001 5.000000e+000
      vertex   3.280811e+001 -1.483199e+001 1.000000e+001
      vertex   3.331136e+001 -1.543006e+001 5.000000e+000
    endloop
  endfacet
  facet normal 7.633565e-001 6.459773e-001 4.369128e-004
    outer loop
      vertex   3.280811e+001 -1.483199e+001 0.000000e+000
      vertex   3.331136e+001 -1.543006e+001 5.000000e+000
      vertex   3.326053e+001 -1.536661e+001 0.000000e+000
    endloop
  endfacet
  facet normal 7.631955e-001 6.461675e-001 4.758728e-004
    outer loop
      vertex   3.280811e+001 -1.483199e+001 0.000000e+000
      vertex   3.275053e+001 -1.476766e+001 5.000000e+000
      vertex   3.331136e+001 -1.543006e+001 5.000000e+000
    endloop
  endfacet
  facet normal 7.633565e-001 6.459773e-001 -4.369128e-004
    outer loop
      vertex   3.280811e+001 -1.483199e+001 1.000000e+001
      vertex   3.326053e+001 -1.536661e+001 1.000000e+001
      vertex   3.331136e+001 -1.543006e+001 5.000000e+000
    endloop
  endfacet
  facet normal 7.935384e-001 6.085201e-001 3.452759e-004
    outer loop
      vertex   3.331136e+001 -1.543006e+001 5.000000e+000
      vertex   3.326053e+001 -1.536661e+001 1.000000e+001
      vertex   3.369125e+001 -1.592830e+001 1.000000e+001
    endloop
  endfacet
  facet normal 8.218661e-001 5.696801e-001 7.782515e-004
    outer loop
      vertex   3.383721e+001 -1.613203e+001 5.000000e+000
      vertex   3.369125e+001 -1.592830e+001 1.000000e+001
      vertex   3.409419e+001 -1.650960e+001 1.000000e+001
    endloop
  endfacet
  facet normal 8.482734e-001 5.295579e-001 8.191252e-004
    outer loop
      vertex   3.432035e+001 -1.686415e+001 5.000000e+000
      vertex   3.409419e+001 -1.650960e+001 1.000000e+001
      vertex   3.446934e+001 -1.711053e+001 1.000000e+001
    endloop
  endfacet
  facet normal 8.725965e-001 4.884415e-001 4.694625e-004
    outer loop
      vertex   3.476079e+001 -1.762642e+001 5.000000e+000
      vertex   3.446934e+001 -1.711053e+001 1.000000e+001
      vertex   3.481669e+001 -1.773108e+001 1.000000e+001
    endloop
  endfacet
  facet normal 8.947163e-001 4.466342e-001 8.110072e-004
    outer loop
      vertex   3.500985e+001 -1.810894e+001 5.000000e+000
      vertex   3.481669e+001 -1.773108e+001 1.000000e+001
      vertex   3.513626e+001 -1.837126e+001 1.000000e+001
    endloop
  endfacet
  facet normal 9.145621e-001 4.044448e-001 7.630040e-004
    outer loop
      vertex   3.524283e+001 -1.860280e+001 5.000000e+000
      vertex   3.513626e+001 -1.837126e+001 1.000000e+001
      vertex   3.542804e+001 -1.903105e+001 1.000000e+001
    endloop
  endfacet
  facet normal 9.320267e-001 3.623894e-001 3.314770e-004
    outer loop
      vertex   3.545974e+001 -1.910801e+001 5.000000e+000
      vertex   3.542804e+001 -1.903105e+001 1.000000e+001
      vertex   3.566059e+001 -1.962457e+001 5.000000e+000
    endloop
  endfacet
  facet normal 9.321097e-001 3.621759e-001 -3.606750e-004
    outer loop
      vertex   3.542804e+001 -1.903105e+001 0.000000e+000
      vertex   3.566059e+001 -1.962457e+001 5.000000e+000
      vertex   3.569203e+001 -1.971047e+001 0.000000e+000
    endloop
  endfacet
  facet normal 9.320267e-001 3.623894e-001 -3.314770e-004
    outer loop
      vertex   3.542804e+001 -1.903105e+001 0.000000e+000
      vertex   3.545974e+001 -1.910801e+001 5.000000e+000
      vertex   3.566059e+001 -1.962457e+001 5.000000e+000
    endloop
  endfacet
  facet normal 9.188842e-001 3.945274e-001 2.465231e-004
    outer loop
      vertex   3.542804e+001 -1.903105e+001 0.000000e+000
      vertex   3.524283e+001 -1.860280e+001 5.000000e+000
      vertex   3.545974e+001 -1.910801e+001 5.000000e+000
    endloop
  endfacet
  facet normal 9.145621e-001 4.044448e-001 -7.630040e-004
    outer loop
      vertex   3.542804e+001 -1.903105e+001 0.000000e+000
      vertex   3.513626e+001 -1.837126e+001 0.000000e+000
      vertex   3.524283e+001 -1.860280e+001 5.000000e+000
    endloop
  endfacet
  facet normal 9.044121e-001 4.266597e-001 4.820793e-004
    outer loop
      vertex   3.524283e+001 -1.860280e+001 5.000000e+000
      vertex   3.513626e+001 -1.837126e+001 0.000000e+000
      vertex   3.500985e+001 -1.810894e+001 5.000000e+000
    endloop
  endfacet
  facet normal 9.044121e-001 4.266597e-001 -4.820793e-004
    outer loop
      vertex   3.513626e+001 -1.837126e+001 1.000000e+001
      vertex   3.524283e+001 -1.860280e+001 5.000000e+000
      vertex   3.500985e+001 -1.810894e+001 5.000000e+000
    endloop
  endfacet
  facet normal 8.003442e-001 5.995398e-001 -1.066667e-003
    outer loop
      vertex   3.331136e+001 -1.543006e+001 5.000000e+000
      vertex   3.369125e+001 -1.592830e+001 1.000000e+001
      vertex   3.383721e+001 -1.613203e+001 5.000000e+000
    endloop
  endfacet
  facet normal 8.218661e-001 5.696801e-001 -7.782515e-004
    outer loop
      vertex   3.369125e+001 -1.592830e+001 0.000000e+000
      vertex   3.383721e+001 -1.613203e+001 5.000000e+000
      vertex   3.409419e+001 -1.650960e+001 0.000000e+000
    endloop
  endfacet
  facet normal 8.003442e-001 5.995398e-001 1.066667e-003
    outer loop
      vertex   3.369125e+001 -1.592830e+001 0.000000e+000
      vertex   3.331136e+001 -1.543006e+001 5.000000e+000
      vertex   3.383721e+001 -1.613203e+001 5.000000e+000
    endloop
  endfacet
  facet normal 7.935384e-001 6.085201e-001 -3.452759e-004
    outer loop
      vertex   3.369125e+001 -1.592830e+001 0.000000e+000
      vertex   3.326053e+001 -1.536661e+001 0.000000e+000
      vertex   3.331136e+001 -1.543006e+001 5.000000e+000
    endloop
  endfacet
  facet normal 8.346367e-001 5.507993e-001 -1.303892e-003
    outer loop
      vertex   3.383721e+001 -1.613203e+001 5.000000e+000
      vertex   3.409419e+001 -1.650960e+001 1.000000e+001
      vertex   3.432035e+001 -1.686415e+001 5.000000e+000
    endloop
  endfacet
  facet normal 8.482734e-001 5.295579e-001 -8.191252e-004
    outer loop
      vertex   3.409419e+001 -1.650960e+001 0.000000e+000
      vertex   3.432035e+001 -1.686415e+001 5.000000e+000
      vertex   3.446934e+001 -1.711053e+001 0.000000e+000
    endloop
  endfacet
  facet normal 8.346367e-001 5.507993e-001 1.303892e-003
    outer loop
      vertex   3.409419e+001 -1.650960e+001 0.000000e+000
      vertex   3.383721e+001 -1.613203e+001 5.000000e+000
      vertex   3.432035e+001 -1.686415e+001 5.000000e+000
    endloop
  endfacet
  facet normal 8.658538e-001 5.002958e-001 -1.146666e-003
    outer loop
      vertex   3.432035e+001 -1.686415e+001 5.000000e+000
      vertex   3.446934e+001 -1.711053e+001 1.000000e+001
      vertex   3.476079e+001 -1.762642e+001 5.000000e+000
    endloop
  endfacet
  facet normal 8.725965e-001 4.884415e-001 -4.694625e-004
    outer loop
      vertex   3.446934e+001 -1.711053e+001 0.000000e+000
      vertex   3.476079e+001 -1.762642e+001 5.000000e+000
      vertex   3.481669e+001 -1.773108e+001 0.000000e+000
    endloop
  endfacet
  facet normal 8.658538e-001 5.002958e-001 1.146666e-003
    outer loop
      vertex   3.446934e+001 -1.711053e+001 0.000000e+000
      vertex   3.432035e+001 -1.686415e+001 5.000000e+000
      vertex   3.476079e+001 -1.762642e+001 5.000000e+000
    endloop
  endfacet
  facet normal 8.886143e-001 4.586550e-001 -3.331385e-004
    outer loop
      vertex   3.476079e+001 -1.762642e+001 5.000000e+000
      vertex   3.481669e+001 -1.773108e+001 1.000000e+001
      vertex   3.500985e+001 -1.810894e+001 5.000000e+000
    endloop
  endfacet
  facet normal 8.947163e-001 4.466342e-001 -8.110072e-004
    outer loop
      vertex   3.481669e+001 -1.773108e+001 0.000000e+000
      vertex   3.500985e+001 -1.810894e+001 5.000000e+000
      vertex   3.513626e+001 -1.837126e+001 0.000000e+000
    endloop
  endfacet
  facet normal 8.886143e-001 4.586550e-001 3.331385e-004
    outer loop
      vertex   3.481669e+001 -1.773108e+001 0.000000e+000
      vertex   3.476079e+001 -1.762642e+001 5.000000e+000
      vertex   3.500985e+001 -1.810894e+001 5.000000e+000
    endloop
  endfacet
  facet normal 9.321097e-001 3.621759e-001 3.606750e-004
    outer loop
      vertex   3.542804e+001 -1.903105e+001 1.000000e+001
      vertex   3.569203e+001 -1.971047e+001 1.000000e+001
      vertex   3.566059e+001 -1.962457e+001 5.000000e+000
    endloop
  endfacet
  facet normal 9.438510e-001 3.303714e-001 -2.595669e-004
    outer loop
      vertex   3.566059e+001 -1.962457e+001 5.000000e+000
      vertex   3.569203e+001 -1.971047e+001 1.000000e+001
      vertex   3.584537e+001 -2.015248e+001 5.000000e+000
    endloop
  endfacet
  facet normal 9.473784e-001 3.201150e-001 -7.552831e-004
    outer loop
      vertex   3.569203e+001 -1.971047e+001 0.000000e+000
      vertex   3.584537e+001 -2.015248e+001 5.000000e+000
      vertex   3.592824e+001 -2.040951e+001 0.000000e+000
    endloop
  endfacet
  facet normal 9.438510e-001 3.303714e-001 2.595669e-004
    outer loop
      vertex   3.569203e+001 -1.971047e+001 0.000000e+000
      vertex   3.566059e+001 -1.962457e+001 5.000000e+000
      vertex   3.584537e+001 -2.015248e+001 5.000000e+000
    endloop
  endfacet
  facet normal 9.473784e-001 3.201150e-001 7.552831e-004
    outer loop
      vertex   3.569203e+001 -1.971047e+001 1.000000e+001
      vertex   3.592824e+001 -2.040951e+001 1.000000e+001
      vertex   3.584537e+001 -2.015248e+001 5.000000e+000
    endloop
  endfacet
  facet normal 9.543810e-001 2.985911e-001 -4.672628e-004
    outer loop
      vertex   3.584537e+001 -2.015248e+001 5.000000e+000
      vertex   3.592824e+001 -2.040951e+001 1.000000e+001
      vertex   3.601408e+001 -2.069173e+001 5.000000e+000
    endloop
  endfacet
  facet normal 9.604282e-001 2.785266e-001 -7.690513e-004
    outer loop
      vertex   3.592824e+001 -2.040951e+001 0.000000e+000
      vertex   3.601408e+001 -2.069173e+001 5.000000e+000
      vertex   3.613665e+001 -2.112818e+001 0.000000e+000
    endloop
  endfacet
  facet normal 9.543810e-001 2.985911e-001 4.672628e-004
    outer loop
      vertex   3.592824e+001 -2.040951e+001 0.000000e+000
      vertex   3.584537e+001 -2.015248e+001 5.000000e+000
      vertex   3.601408e+001 -2.069173e+001 5.000000e+000
    endloop
  endfacet
  facet normal 9.604282e-001 2.785266e-001 7.690513e-004
    outer loop
      vertex   3.592824e+001 -2.040951e+001 1.000000e+001
      vertex   3.613665e+001 -2.112818e+001 1.000000e+001
      vertex   3.601408e+001 -2.069173e+001 5.000000e+000
    endloop
  endfacet
  facet normal 9.636529e-001 2.671573e-001 -3.024309e-004
    outer loop
      vertex   3.601408e+001 -2.069173e+001 5.000000e+000
      vertex   3.613665e+001 -2.112818e+001 1.000000e+001
      vertex   3.616673e+001 -2.124232e+001 5.000000e+000
    endloop
  endfacet
  facet normal 9.713516e-001 2.376464e-001 -4.175739e-004
    outer loop
      vertex   3.613665e+001 -2.112818e+001 0.000000e+000
      vertex   3.616673e+001 -2.124232e+001 5.000000e+000
      vertex   3.631728e+001 -2.186647e+001 0.000000e+000
    endloop
  endfacet
  facet normal 9.636529e-001 2.671573e-001 3.024309e-004
    outer loop
      vertex   3.613665e+001 -2.112818e+001 0.000000e+000
      vertex   3.601408e+001 -2.069173e+001 5.000000e+000
      vertex   3.616673e+001 -2.124232e+001 5.000000e+000
    endloop
  endfacet
  facet normal 9.713516e-001 2.376464e-001 4.175739e-004
    outer loop
      vertex   3.613665e+001 -2.112818e+001 1.000000e+001
      vertex   3.631728e+001 -2.186647e+001 1.000000e+001
      vertex   3.616673e+001 -2.124232e+001 5.000000e+000
    endloop
  endfacet
  facet normal 9.717122e-001 2.361679e-001 2.221589e-004
    outer loop
      vertex   3.616673e+001 -2.124232e+001 5.000000e+000
      vertex   3.631728e+001 -2.186647e+001 1.000000e+001
      vertex   3.630330e+001 -2.180427e+001 5.000000e+000
    endloop
  endfacet
  facet normal 9.786130e-001 2.057099e-001 1.760331e-004
    outer loop
      vertex   3.631728e+001 -2.186647e+001 0.000000e+000
      vertex   3.630330e+001 -2.180427e+001 5.000000e+000
      vertex   3.642381e+001 -2.237755e+001 5.000000e+000
    endloop
  endfacet
  facet normal 9.844154e-001 1.758585e-001 4.351779e-004
    outer loop
      vertex   3.647012e+001 -2.262438e+001 0.000000e+000
      vertex   3.642381e+001 -2.237755e+001 5.000000e+000
      vertex   3.652825e+001 -2.296219e+001 5.000000e+000
    endloop
  endfacet
  facet normal 9.891843e-001 1.466776e-001 3.381216e-004
    outer loop
      vertex   3.659516e+001 -2.340191e+001 0.000000e+000
      vertex   3.652825e+001 -2.296219e+001 5.000000e+000
      vertex   3.661663e+001 -2.355817e+001 5.000000e+000
    endloop
  endfacet
  facet normal 9.929875e-001 1.182197e-001 -9.984770e-005
    outer loop
      vertex   3.669242e+001 -2.419906e+001 0.000000e+000
      vertex   3.661663e+001 -2.355817e+001 5.000000e+000
      vertex   3.668893e+001 -2.416550e+001 5.000000e+000
    endloop
  endfacet
  facet normal 9.958940e-001 9.052659e-002 -8.810121e-005
    outer loop
      vertex   3.674517e+001 -2.478417e+001 5.000000e+000
      vertex   3.668893e+001 -2.416550e+001 5.000000e+000
      vertex   3.669242e+001 -2.419906e+001 1.000000e+001
    endloop
  endfacet
  facet normal 9.964021e-001 8.474956e-002 5.932922e-004
    outer loop
      vertex   3.676190e+001 -2.501584e+001 1.000000e+001
      vertex   3.674517e+001 -2.478417e+001 5.000000e+000
      vertex   3.669242e+001 -2.419906e+001 1.000000e+001
    endloop
  endfacet
  facet normal 9.979735e-001 6.362993e-002 -3.905320e-004
    outer loop
      vertex   3.676190e+001 -2.501584e+001 1.000000e+001
      vertex   3.678534e+001 -2.541419e+001 5.000000e+000
      vertex   3.674517e+001 -2.478417e+001 5.000000e+000
    endloop
  endfacet
  facet normal 9.987602e-001 4.977428e-002 7.170275e-004
    outer loop
      vertex   3.676190e+001 -2.501584e+001 1.000000e+001
      vertex   3.680358e+001 -2.585224e+001 1.000000e+001
      vertex   3.678534e+001 -2.541419e+001 5.000000e+000
    endloop
  endfacet
  facet normal 9.992946e-001 3.755221e-002 -3.557064e-004
    outer loop
      vertex   3.678534e+001 -2.541419e+001 5.000000e+000
      vertex   3.680358e+001 -2.585224e+001 1.000000e+001
      vertex   3.680944e+001 -2.605556e+001 5.000000e+000
    endloop
  endfacet
  facet normal 9.998682e-001 1.622908e-002 -5.120144e-004
    outer loop
      vertex   3.680358e+001 -2.585224e+001 0.000000e+000
      vertex   3.680944e+001 -2.605556e+001 5.000000e+000
      vertex   3.681747e+001 -2.670827e+001 0.000000e+000
    endloop
  endfacet
  facet normal 9.992946e-001 3.755221e-002 3.557064e-004
    outer loop
      vertex   3.680358e+001 -2.585224e+001 0.000000e+000
      vertex   3.678534e+001 -2.541419e+001 5.000000e+000
      vertex   3.680944e+001 -2.605556e+001 5.000000e+000
    endloop
  endfacet
  facet normal 9.987602e-001 4.977428e-002 -7.170275e-004
    outer loop
      vertex   3.680358e+001 -2.585224e+001 0.000000e+000
      vertex   3.676190e+001 -2.501584e+001 0.000000e+000
      vertex   3.678534e+001 -2.541419e+001 5.000000e+000
    endloop
  endfacet
  facet normal 9.979735e-001 6.362993e-002 3.905320e-004
    outer loop
      vertex   3.678534e+001 -2.541419e+001 5.000000e+000
      vertex   3.676190e+001 -2.501584e+001 0.000000e+000
      vertex   3.674517e+001 -2.478417e+001 5.000000e+000
    endloop
  endfacet
  facet normal 9.964021e-001 8.474956e-002 -5.932922e-004
    outer loop
      vertex   3.674517e+001 -2.478417e+001 5.000000e+000
      vertex   3.676190e+001 -2.501584e+001 0.000000e+000
      vertex   3.669242e+001 -2.419906e+001 0.000000e+000
    endloop
  endfacet
  facet normal 9.958940e-001 9.052659e-002 8.810121e-005
    outer loop
      vertex   3.668893e+001 -2.416550e+001 5.000000e+000
      vertex   3.674517e+001 -2.478417e+001 5.000000e+000
      vertex   3.669242e+001 -2.419906e+001 0.000000e+000
    endloop
  endfacet
  facet normal 9.786130e-001 2.057099e-001 -1.760331e-004
    outer loop
      vertex   3.630330e+001 -2.180427e+001 5.000000e+000
      vertex   3.631728e+001 -2.186647e+001 1.000000e+001
      vertex   3.642381e+001 -2.237755e+001 5.000000e+000
    endloop
  endfacet
  facet normal 9.802670e-001 1.976771e-001 6.803016e-004
    outer loop
      vertex   3.642381e+001 -2.237755e+001 5.000000e+000
      vertex   3.631728e+001 -2.186647e+001 1.000000e+001
      vertex   3.647012e+001 -2.262438e+001 1.000000e+001
    endloop
  endfacet
  facet normal 9.873126e-001 1.587872e-001 7.518902e-004
    outer loop
      vertex   3.652825e+001 -2.296219e+001 5.000000e+000
      vertex   3.647012e+001 -2.262438e+001 1.000000e+001
      vertex   3.659516e+001 -2.340191e+001 1.000000e+001
    endloop
  endfacet
  facet normal 9.926389e-001 1.211109e-001 4.757207e-004
    outer loop
      vertex   3.661663e+001 -2.355817e+001 5.000000e+000
      vertex   3.659516e+001 -2.340191e+001 1.000000e+001
      vertex   3.669242e+001 -2.419906e+001 1.000000e+001
    endloop
  endfacet
  facet normal 9.929875e-001 1.182197e-001 9.984770e-005
    outer loop
      vertex   3.668893e+001 -2.416550e+001 5.000000e+000
      vertex   3.661663e+001 -2.355817e+001 5.000000e+000
      vertex   3.669242e+001 -2.419906e+001 1.000000e+001
    endloop
  endfacet
  facet normal 9.844154e-001 1.758585e-001 -4.351779e-004
    outer loop
      vertex   3.642381e+001 -2.237755e+001 5.000000e+000
      vertex   3.647012e+001 -2.262438e+001 1.000000e+001
      vertex   3.652825e+001 -2.296219e+001 5.000000e+000
    endloop
  endfacet
  facet normal 9.891843e-001 1.466776e-001 -3.381216e-004
    outer loop
      vertex   3.652825e+001 -2.296219e+001 5.000000e+000
      vertex   3.659516e+001 -2.340191e+001 1.000000e+001
      vertex   3.661663e+001 -2.355817e+001 5.000000e+000
    endloop
  endfacet
  facet normal 9.998682e-001 1.622908e-002 5.120144e-004
    outer loop
      vertex   3.680358e+001 -2.585224e+001 1.000000e+001
      vertex   3.681747e+001 -2.670827e+001 1.000000e+001
      vertex   3.680944e+001 -2.605556e+001 5.000000e+000
    endloop
  endfacet
  facet normal 9.999243e-001 1.230756e-002 0.000000e+000
    outer loop
      vertex   3.680944e+001 -2.605556e+001 5.000000e+000
      vertex   3.681747e+001 -2.670827e+001 1.000000e+001
      vertex   3.681747e+001 -2.670827e+001 0.000000e+000
    endloop
  endfacet
  facet normal 9.926389e-001 1.211109e-001 -4.757207e-004
    outer loop
      vertex   3.669242e+001 -2.419906e+001 0.000000e+000
      vertex   3.659516e+001 -2.340191e+001 0.000000e+000
      vertex   3.661663e+001 -2.355817e+001 5.000000e+000
    endloop
  endfacet
  facet normal 9.873126e-001 1.587872e-001 -7.518902e-004
    outer loop
      vertex   3.659516e+001 -2.340191e+001 0.000000e+000
      vertex   3.647012e+001 -2.262438e+001 0.000000e+000
      vertex   3.652825e+001 -2.296219e+001 5.000000e+000
    endloop
  endfacet
  facet normal 9.802670e-001 1.976771e-001 -6.803016e-004
    outer loop
      vertex   3.647012e+001 -2.262438e+001 0.000000e+000
      vertex   3.631728e+001 -2.186647e+001 0.000000e+000
      vertex   3.642381e+001 -2.237755e+001 5.000000e+000
    endloop
  endfacet
  facet normal 9.717122e-001 2.361679e-001 -2.221589e-004
    outer loop
      vertex   3.630330e+001 -2.180427e+001 5.000000e+000
      vertex   3.631728e+001 -2.186647e+001 0.000000e+000
      vertex   3.616673e+001 -2.124232e+001 5.000000e+000
    endloop
  endfacet
  facet normal 9.188842e-001 3.945274e-001 -2.465231e-004
    outer loop
      vertex   3.524283e+001 -1.860280e+001 5.000000e+000
      vertex   3.542804e+001 -1.903105e+001 1.000000e+001
      vertex   3.545974e+001 -1.910801e+001 5.000000e+000
    endloop
  endfacet
  facet normal 9.998683e-001 -1.622909e-002 0.000000e+000
    outer loop
      vertex   3.681747e+001 -2.670827e+001 1.000000e+001
      vertex   3.680358e+001 -2.756429e+001 1.000000e+001
      vertex   3.681747e+001 -2.670827e+001 0.000000e+000
    endloop
  endfacet
  facet normal 9.997148e-001 -2.387445e-002 -6.546741e-004
    outer loop
      vertex   3.681747e+001 -2.670827e+001 0.000000e+000
      vertex   3.680358e+001 -2.756429e+001 1.000000e+001
      vertex   3.679461e+001 -2.780285e+001 5.000000e+000
    endloop
  endfacet
  facet normal 9.987603e-001 -4.977428e-002 -5.827900e-004
    outer loop
      vertex   3.680358e+001 -2.756429e+001 0.000000e+000
      vertex   3.679461e+001 -2.780285e+001 5.000000e+000
      vertex   3.676190e+001 -2.840069e+001 0.000000e+000
    endloop
  endfacet
  facet normal 9.998678e-001 -1.622908e-002 1.019730e-003
    outer loop
      vertex   3.680358e+001 -2.756429e+001 0.000000e+000
      vertex   3.681747e+001 -2.670827e+001 0.000000e+000
      vertex   3.679461e+001 -2.780285e+001 5.000000e+000
    endloop
  endfacet
  facet normal 9.987603e-001 -4.977428e-002 5.827900e-004
    outer loop
      vertex   3.680358e+001 -2.756429e+001 1.000000e+001
      vertex   3.676190e+001 -2.840069e+001 1.000000e+001
      vertex   3.679461e+001 -2.780285e+001 5.000000e+000
    endloop
  endfacet
  facet normal 9.979209e-001 -6.444055e-002 -1.176309e-003
    outer loop
      vertex   3.679461e+001 -2.780285e+001 5.000000e+000
      vertex   3.676190e+001 -2.840069e+001 1.000000e+001
      vertex   3.672601e+001 -2.886515e+001 5.000000e+000
    endloop
  endfacet
  facet normal 9.964020e-001 -8.474956e-002 -7.211237e-004
    outer loop
      vertex   3.676190e+001 -2.840069e+001 0.000000e+000
      vertex   3.672601e+001 -2.886515e+001 5.000000e+000
      vertex   3.669242e+001 -2.921747e+001 0.000000e+000
    endloop
  endfacet
  facet normal 9.979209e-001 -6.444055e-002 1.176309e-003
    outer loop
      vertex   3.676190e+001 -2.840069e+001 0.000000e+000
      vertex   3.679461e+001 -2.780285e+001 5.000000e+000
      vertex   3.672601e+001 -2.886515e+001 5.000000e+000
    endloop
  endfacet
  facet normal 9.964020e-001 -8.474956e-002 7.211237e-004
    outer loop
      vertex   3.676190e+001 -2.840069e+001 1.000000e+001
      vertex   3.669242e+001 -2.921747e+001 1.000000e+001
      vertex   3.672601e+001 -2.886515e+001 5.000000e+000
    endloop
  endfacet
  facet normal 9.938954e-001 -1.103214e-001 -1.097611e-003
    outer loop
      vertex   3.672601e+001 -2.886515e+001 5.000000e+000
      vertex   3.669242e+001 -2.921747e+001 1.000000e+001
      vertex   3.661168e+001 -2.989515e+001 5.000000e+000
    endloop
  endfacet
  facet normal 9.926389e-001 -1.211109e-001 -3.850509e-004
    outer loop
      vertex   3.669242e+001 -2.921747e+001 0.000000e+000
      vertex   3.661168e+001 -2.989515e+001 5.000000e+000
      vertex   3.659516e+001 -3.001462e+001 0.000000e+000
    endloop
  endfacet
  facet normal 9.938954e-001 -1.103214e-001 1.097611e-003
    outer loop
      vertex   3.669242e+001 -2.921747e+001 0.000000e+000
      vertex   3.672601e+001 -2.886515e+001 5.000000e+000
      vertex   3.661168e+001 -2.989515e+001 5.000000e+000
    endloop
  endfacet
  facet normal 9.926389e-001 -1.211109e-001 3.850509e-004
    outer loop
      vertex   3.669242e+001 -2.921747e+001 1.000000e+001
      vertex   3.659516e+001 -3.001462e+001 1.000000e+001
      vertex   3.661168e+001 -2.989515e+001 5.000000e+000
    endloop
  endfacet
  facet normal 9.873744e-001 -1.584029e-001 -5.234338e-004
    outer loop
      vertex   3.661168e+001 -2.989515e+001 5.000000e+000
      vertex   3.659516e+001 -3.001462e+001 1.000000e+001
      vertex   3.645162e+001 -3.089286e+001 5.000000e+000
    endloop
  endfacet
  facet normal 9.873127e-001 -1.587872e-001 4.541559e-004
    outer loop
      vertex   3.659516e+001 -3.001462e+001 0.000000e+000
      vertex   3.645162e+001 -3.089286e+001 5.000000e+000
      vertex   3.647012e+001 -3.079216e+001 0.000000e+000
    endloop
  endfacet
  facet normal 9.873744e-001 -1.584029e-001 5.234338e-004
    outer loop
      vertex   3.659516e+001 -3.001462e+001 0.000000e+000
      vertex   3.661168e+001 -2.989515e+001 5.000000e+000
      vertex   3.645162e+001 -3.089286e+001 5.000000e+000
    endloop
  endfacet
  facet normal 9.873127e-001 -1.587872e-001 -4.541559e-004
    outer loop
      vertex   3.659516e+001 -3.001462e+001 1.000000e+001
      vertex   3.647012e+001 -3.079216e+001 1.000000e+001
      vertex   3.645162e+001 -3.089286e+001 5.000000e+000
    endloop
  endfacet
  facet normal 9.802671e-001 -1.976771e-001 3.551485e-004
    outer loop
      vertex   3.645162e+001 -3.089286e+001 5.000000e+000
      vertex   3.647012e+001 -3.079216e+001 1.000000e+001
      vertex   3.631728e+001 -3.155007e+001 1.000000e+001
    endloop
  endfacet
  facet normal 9.713514e-001 -2.376464e-001 7.681092e-004
    outer loop
      vertex   3.624583e+001 -3.185827e+001 5.000000e+000
      vertex   3.631728e+001 -3.155007e+001 1.000000e+001
      vertex   3.613665e+001 -3.228835e+001 1.000000e+001
    endloop
  endfacet
  facet normal 9.604283e-001 -2.785266e-001 6.789682e-004
    outer loop
      vertex   3.599430e+001 -3.279139e+001 5.000000e+000
      vertex   3.613665e+001 -3.228835e+001 1.000000e+001
      vertex   3.592824e+001 -3.300702e+001 1.000000e+001
    endloop
  endfacet
  facet normal 9.473787e-001 -3.201150e-001 6.413387e-005
    outer loop
      vertex   3.569705e+001 -3.369222e+001 5.000000e+000
      vertex   3.592824e+001 -3.300702e+001 1.000000e+001
      vertex   3.569203e+001 -3.370606e+001 1.000000e+001
    endloop
  endfacet
  facet normal 9.321098e-001 -3.621759e-001 -6.758217e-005
    outer loop
      vertex   3.542804e+001 -3.438548e+001 1.000000e+001
      vertex   3.569705e+001 -3.369222e+001 5.000000e+000
      vertex   3.569203e+001 -3.370606e+001 1.000000e+001
    endloop
  endfacet
  facet normal 9.301022e-001 -3.672997e-001 -8.860033e-004
    outer loop
      vertex   3.542804e+001 -3.438548e+001 1.000000e+001
      vertex   3.535406e+001 -3.456076e+001 5.000000e+000
      vertex   3.569705e+001 -3.369222e+001 5.000000e+000
    endloop
  endfacet
  facet normal 9.145622e-001 -4.044448e-001 6.460855e-004
    outer loop
      vertex   3.542804e+001 -3.438548e+001 1.000000e+001
      vertex   3.513626e+001 -3.504528e+001 1.000000e+001
      vertex   3.535406e+001 -3.456076e+001 5.000000e+000
    endloop
  endfacet
  facet normal 9.068163e-001 -4.215238e-001 -1.346342e-003
    outer loop
      vertex   3.535406e+001 -3.456076e+001 5.000000e+000
      vertex   3.513626e+001 -3.504528e+001 1.000000e+001
      vertex   3.496534e+001 -3.539700e+001 5.000000e+000
    endloop
  endfacet
  facet normal 8.947163e-001 -4.466342e-001 -8.336775e-004
    outer loop
      vertex   3.513626e+001 -3.504528e+001 0.000000e+000
      vertex   3.496534e+001 -3.539700e+001 5.000000e+000
      vertex   3.481669e+001 -3.568545e+001 0.000000e+000
    endloop
  endfacet
  facet normal 9.068163e-001 -4.215238e-001 1.346342e-003
    outer loop
      vertex   3.513626e+001 -3.504528e+001 0.000000e+000
      vertex   3.535406e+001 -3.456076e+001 5.000000e+000
      vertex   3.496534e+001 -3.539700e+001 5.000000e+000
    endloop
  endfacet
  facet normal 9.145622e-001 -4.044448e-001 -6.460855e-004
    outer loop
      vertex   3.513626e+001 -3.504528e+001 0.000000e+000
      vertex   3.542804e+001 -3.438548e+001 0.000000e+000
      vertex   3.535406e+001 -3.456076e+001 5.000000e+000
    endloop
  endfacet
  facet normal 9.301022e-001 -3.672997e-001 8.860033e-004
    outer loop
      vertex   3.535406e+001 -3.456076e+001 5.000000e+000
      vertex   3.542804e+001 -3.438548e+001 0.000000e+000
      vertex   3.569705e+001 -3.369222e+001 5.000000e+000
    endloop
  endfacet
  facet normal 9.321098e-001 -3.621759e-001 6.758217e-005
    outer loop
      vertex   3.569705e+001 -3.369222e+001 5.000000e+000
      vertex   3.542804e+001 -3.438548e+001 0.000000e+000
      vertex   3.569203e+001 -3.370606e+001 0.000000e+000
    endloop
  endfacet
  facet normal 9.473787e-001 -3.201150e-001 -6.413387e-005
    outer loop
      vertex   3.592824e+001 -3.300702e+001 0.000000e+000
      vertex   3.569705e+001 -3.369222e+001 5.000000e+000
      vertex   3.569203e+001 -3.370606e+001 0.000000e+000
    endloop
  endfacet
  facet normal 9.496339e-001 -3.133601e-001 9.658510e-004
    outer loop
      vertex   3.592824e+001 -3.300702e+001 0.000000e+000
      vertex   3.599430e+001 -3.279139e+001 5.000000e+000
      vertex   3.569705e+001 -3.369222e+001 5.000000e+000
    endloop
  endfacet
  facet normal 9.604283e-001 -2.785266e-001 -6.789682e-004
    outer loop
      vertex   3.592824e+001 -3.300702e+001 0.000000e+000
      vertex   3.613665e+001 -3.228835e+001 0.000000e+000
      vertex   3.599430e+001 -3.279139e+001 5.000000e+000
    endloop
  endfacet
  facet normal 9.655373e-001 -2.602614e-001 1.304111e-003
    outer loop
      vertex   3.599430e+001 -3.279139e+001 5.000000e+000
      vertex   3.613665e+001 -3.228835e+001 0.000000e+000
      vertex   3.624583e+001 -3.185827e+001 5.000000e+000
    endloop
  endfacet
  facet normal 9.655373e-001 -2.602614e-001 -1.304111e-003
    outer loop
      vertex   3.613665e+001 -3.228835e+001 1.000000e+001
      vertex   3.599430e+001 -3.279139e+001 5.000000e+000
      vertex   3.624583e+001 -3.185827e+001 5.000000e+000
    endloop
  endfacet
  facet normal 9.780259e-001 -2.084804e-001 -1.125085e-003
    outer loop
      vertex   3.645162e+001 -3.089286e+001 5.000000e+000
      vertex   3.631728e+001 -3.155007e+001 1.000000e+001
      vertex   3.624583e+001 -3.185827e+001 5.000000e+000
    endloop
  endfacet
  facet normal 9.713514e-001 -2.376464e-001 -7.681092e-004
    outer loop
      vertex   3.631728e+001 -3.155007e+001 0.000000e+000
      vertex   3.624583e+001 -3.185827e+001 5.000000e+000
      vertex   3.613665e+001 -3.228835e+001 0.000000e+000
    endloop
  endfacet
  facet normal 9.780259e-001 -2.084804e-001 1.125085e-003
    outer loop
      vertex   3.631728e+001 -3.155007e+001 0.000000e+000
      vertex   3.645162e+001 -3.089286e+001 5.000000e+000
      vertex   3.624583e+001 -3.185827e+001 5.000000e+000
    endloop
  endfacet
  facet normal 9.802671e-001 -1.976771e-001 -3.551485e-004
    outer loop
      vertex   3.631728e+001 -3.155007e+001 0.000000e+000
      vertex   3.647012e+001 -3.079216e+001 0.000000e+000
      vertex   3.645162e+001 -3.089286e+001 5.000000e+000
    endloop
  endfacet
  facet normal 9.496339e-001 -3.133601e-001 -9.658510e-004
    outer loop
      vertex   3.599430e+001 -3.279139e+001 5.000000e+000
      vertex   3.592824e+001 -3.300702e+001 1.000000e+001
      vertex   3.569705e+001 -3.369222e+001 5.000000e+000
    endloop
  endfacet
  facet normal 8.947163e-001 -4.466342e-001 8.336775e-004
    outer loop
      vertex   3.513626e+001 -3.504528e+001 1.000000e+001
      vertex   3.481669e+001 -3.568545e+001 1.000000e+001
      vertex   3.496534e+001 -3.539700e+001 5.000000e+000
    endloop
  endfacet
  facet normal 8.797595e-001 -4.754172e-001 -1.271465e-003
    outer loop
      vertex   3.496534e+001 -3.539700e+001 5.000000e+000
      vertex   3.481669e+001 -3.568545e+001 1.000000e+001
      vertex   3.453089e+001 -3.620095e+001 5.000000e+000
    endloop
  endfacet
  facet normal 8.725965e-001 -4.884415e-001 -4.807891e-004
    outer loop
      vertex   3.481669e+001 -3.568545e+001 0.000000e+000
      vertex   3.453089e+001 -3.620095e+001 5.000000e+000
      vertex   3.446934e+001 -3.630600e+001 0.000000e+000
    endloop
  endfacet
  facet normal 8.797595e-001 -4.754172e-001 1.271465e-003
    outer loop
      vertex   3.481669e+001 -3.568545e+001 0.000000e+000
      vertex   3.496534e+001 -3.539700e+001 5.000000e+000
      vertex   3.453089e+001 -3.620095e+001 5.000000e+000
    endloop
  endfacet
  facet normal 8.725965e-001 -4.884415e-001 4.807891e-004
    outer loop
      vertex   3.481669e+001 -3.568545e+001 1.000000e+001
      vertex   3.446934e+001 -3.630600e+001 1.000000e+001
      vertex   3.453089e+001 -3.620095e+001 5.000000e+000
    endloop
  endfacet
  facet normal 8.490369e-001 -5.283332e-001 -6.473765e-004
    outer loop
      vertex   3.453089e+001 -3.620095e+001 5.000000e+000
      vertex   3.446934e+001 -3.630600e+001 1.000000e+001
      vertex   3.405071e+001 -3.697261e+001 5.000000e+000
    endloop
  endfacet
  facet normal 8.482736e-001 -5.295581e-001 4.201590e-004
    outer loop
      vertex   3.446934e+001 -3.630600e+001 0.000000e+000
      vertex   3.405071e+001 -3.697261e+001 5.000000e+000
      vertex   3.409419e+001 -3.690693e+001 0.000000e+000
    endloop
  endfacet
  facet normal 8.490369e-001 -5.283332e-001 6.473765e-004
    outer loop
      vertex   3.446934e+001 -3.630600e+001 0.000000e+000
      vertex   3.453089e+001 -3.620095e+001 5.000000e+000
      vertex   3.405071e+001 -3.697261e+001 5.000000e+000
    endloop
  endfacet
  facet normal 8.482736e-001 -5.295581e-001 -4.201590e-004
    outer loop
      vertex   3.446934e+001 -3.630600e+001 1.000000e+001
      vertex   3.409419e+001 -3.690693e+001 1.000000e+001
      vertex   3.405071e+001 -3.697261e+001 5.000000e+000
    endloop
  endfacet
  facet normal 8.218663e-001 -5.696803e-001 3.365163e-004
    outer loop
      vertex   3.405071e+001 -3.697261e+001 5.000000e+000
      vertex   3.409419e+001 -3.690693e+001 1.000000e+001
      vertex   3.369125e+001 -3.748824e+001 1.000000e+001
    endloop
  endfacet
  facet normal 7.935382e-001 -6.085199e-001 8.117271e-004
    outer loop
      vertex   3.352480e+001 -3.771198e+001 5.000000e+000
      vertex   3.369125e+001 -3.748824e+001 1.000000e+001
      vertex   3.326053e+001 -3.804992e+001 1.000000e+001
    endloop
  endfacet
  facet normal 7.633564e-001 -6.459772e-001 7.476205e-004
    outer loop
      vertex   3.295594e+001 -3.841564e+001 5.000000e+000
      vertex   3.326053e+001 -3.804992e+001 1.000000e+001
      vertex   3.280811e+001 -3.858455e+001 1.000000e+001
    endloop
  endfacet
  facet normal 7.301612e-001 -6.832750e-001 1.346978e-004
    outer loop
      vertex   3.235918e+001 -3.906527e+001 5.000000e+000
      vertex   3.280811e+001 -3.858455e+001 1.000000e+001
      vertex   3.234009e+001 -3.908468e+001 1.000000e+001
    endloop
  endfacet
  facet normal 6.935911e-001 -7.203689e-001 -1.489242e-004
    outer loop
      vertex   3.185647e+001 -3.955032e+001 1.000000e+001
      vertex   3.235918e+001 -3.906527e+001 5.000000e+000
      vertex   3.234009e+001 -3.908468e+001 1.000000e+001
    endloop
  endfacet
  facet normal 6.896972e-001 -7.240974e-001 -9.021282e-004
    outer loop
      vertex   3.185647e+001 -3.955032e+001 1.000000e+001
      vertex   3.173674e+001 -3.965813e+001 5.000000e+000
      vertex   3.235918e+001 -3.906527e+001 5.000000e+000
    endloop
  endfacet
  facet normal 6.536245e-001 -7.568187e-001 6.672121e-004
    outer loop
      vertex   3.185647e+001 -3.955032e+001 1.000000e+001
      vertex   3.135725e+001 -3.998147e+001 1.000000e+001
      vertex   3.173674e+001 -3.965813e+001 5.000000e+000
    endloop
  endfacet
  facet normal 6.373803e-001 -7.705480e-001 -1.453539e-003
    outer loop
      vertex   3.173674e+001 -3.965813e+001 5.000000e+000
      vertex   3.135725e+001 -3.998147e+001 1.000000e+001
      vertex   3.108863e+001 -4.019424e+001 5.000000e+000
    endloop
  endfacet
  facet normal 6.103311e-001 -7.921459e-001 -9.187006e-004
    outer loop
      vertex   3.135725e+001 -3.998147e+001 0.000000e+000
      vertex   3.108863e+001 -4.019424e+001 5.000000e+000
      vertex   3.084243e+001 -4.037813e+001 0.000000e+000
    endloop
  endfacet
  facet normal 6.373803e-001 -7.705480e-001 1.453539e-003
    outer loop
      vertex   3.135725e+001 -3.998147e+001 0.000000e+000
      vertex   3.173674e+001 -3.965813e+001 5.000000e+000
      vertex   3.108863e+001 -4.019424e+001 5.000000e+000
    endloop
  endfacet
  facet normal 6.536245e-001 -7.568187e-001 -6.672121e-004
    outer loop
      vertex   3.135725e+001 -3.998147e+001 0.000000e+000
      vertex   3.185647e+001 -3.955032e+001 0.000000e+000
      vertex   3.173674e+001 -3.965813e+001 5.000000e+000
    endloop
  endfacet
  facet normal 6.896972e-001 -7.240974e-001 9.021282e-004
    outer loop
      vertex   3.173674e+001 -3.965813e+001 5.000000e+000
      vertex   3.185647e+001 -3.955032e+001 0.000000e+000
      vertex   3.235918e+001 -3.906527e+001 5.000000e+000
    endloop
  endfacet
  facet normal 6.935911e-001 -7.203689e-001 1.489242e-004
    outer loop
      vertex   3.235918e+001 -3.906527e+001 5.000000e+000
      vertex   3.185647e+001 -3.955032e+001 0.000000e+000
      vertex   3.234009e+001 -3.908468e+001 0.000000e+000
    endloop
  endfacet
  facet normal 7.301612e-001 -6.832750e-001 -1.346978e-004
    outer loop
      vertex   3.280811e+001 -3.858455e+001 0.000000e+000
      vertex   3.235918e+001 -3.906527e+001 5.000000e+000
      vertex   3.234009e+001 -3.908468e+001 0.000000e+000
    endloop
  endfacet
  facet normal 7.364367e-001 -6.765056e-001 1.079593e-003
    outer loop
      vertex   3.280811e+001 -3.858455e+001 0.000000e+000
      vertex   3.295594e+001 -3.841564e+001 5.000000e+000
      vertex   3.235918e+001 -3.906527e+001 5.000000e+000
    endloop
  endfacet
  facet normal 7.633564e-001 -6.459772e-001 -7.476205e-004
    outer loop
      vertex   3.280811e+001 -3.858455e+001 0.000000e+000
      vertex   3.326053e+001 -3.804992e+001 0.000000e+000
      vertex   3.295594e+001 -3.841564e+001 5.000000e+000
    endloop
  endfacet
  facet normal 7.776659e-001 -6.286763e-001 1.389526e-003
    outer loop
      vertex   3.295594e+001 -3.841564e+001 5.000000e+000
      vertex   3.326053e+001 -3.804992e+001 0.000000e+000
      vertex   3.352480e+001 -3.771198e+001 5.000000e+000
    endloop
  endfacet
  facet normal 7.776659e-001 -6.286763e-001 -1.389526e-003
    outer loop
      vertex   3.326053e+001 -3.804992e+001 1.000000e+001
      vertex   3.295594e+001 -3.841564e+001 5.000000e+000
      vertex   3.352480e+001 -3.771198e+001 5.000000e+000
    endloop
  endfacet
  facet normal 8.148802e-001 -5.796282e-001 -1.191614e-003
    outer loop
      vertex   3.405071e+001 -3.697261e+001 5.000000e+000
      vertex   3.369125e+001 -3.748824e+001 1.000000e+001
      vertex   3.352480e+001 -3.771198e+001 5.000000e+000
    endloop
  endfacet
  facet normal 7.935382e-001 -6.085199e-001 -8.117271e-004
    outer loop
      vertex   3.369125e+001 -3.748824e+001 0.000000e+000
      vertex   3.352480e+001 -3.771198e+001 5.000000e+000
      vertex   3.326053e+001 -3.804992e+001 0.000000e+000
    endloop
  endfacet
  facet normal 8.148802e-001 -5.796282e-001 1.191614e-003
    outer loop
      vertex   3.369125e+001 -3.748824e+001 0.000000e+000
      vertex   3.405071e+001 -3.697261e+001 5.000000e+000
      vertex   3.352480e+001 -3.771198e+001 5.000000e+000
    endloop
  endfacet
  facet normal 8.218663e-001 -5.696803e-001 -3.365163e-004
    outer loop
      vertex   3.369125e+001 -3.748824e+001 0.000000e+000
      vertex   3.409419e+001 -3.690693e+001 0.000000e+000
      vertex   3.405071e+001 -3.697261e+001 5.000000e+000
    endloop
  endfacet
  facet normal 7.364367e-001 -6.765056e-001 -1.079593e-003
    outer loop
      vertex   3.295594e+001 -3.841564e+001 5.000000e+000
      vertex   3.280811e+001 -3.858455e+001 1.000000e+001
      vertex   3.235918e+001 -3.906527e+001 5.000000e+000
    endloop
  endfacet
  facet normal 6.103311e-001 -7.921459e-001 9.187006e-004
    outer loop
      vertex   3.135725e+001 -3.998147e+001 1.000000e+001
      vertex   3.084243e+001 -4.037813e+001 1.000000e+001
      vertex   3.108863e+001 -4.019424e+001 5.000000e+000
    endloop
  endfacet
  facet normal 5.928498e-001 -8.053130e-001 -4.263540e-004
    outer loop
      vertex   3.108863e+001 -4.019424e+001 5.000000e+000
      vertex   3.084243e+001 -4.037813e+001 1.000000e+001
      vertex   3.071513e+001 -4.046920e+001 5.000000e+000
    endloop
  endfacet
  facet normal 5.638842e-001 -8.258536e-001 -6.852455e-004
    outer loop
      vertex   3.084243e+001 -4.037813e+001 0.000000e+000
      vertex   3.071513e+001 -4.046920e+001 5.000000e+000
      vertex   3.031201e+001 -4.074030e+001 0.000000e+000
    endloop
  endfacet
  facet normal 5.928498e-001 -8.053130e-001 4.263540e-004
    outer loop
      vertex   3.084243e+001 -4.037813e+001 0.000000e+000
      vertex   3.108863e+001 -4.019424e+001 5.000000e+000
      vertex   3.071513e+001 -4.046920e+001 5.000000e+000
    endloop
  endfacet
  facet normal 5.638842e-001 -8.258536e-001 6.852455e-004
    outer loop
      vertex   3.084243e+001 -4.037813e+001 1.000000e+001
      vertex   3.031201e+001 -4.074030e+001 1.000000e+001
      vertex   3.071513e+001 -4.046920e+001 5.000000e+000
    endloop
  endfacet
  facet normal 5.590143e-001 -8.291580e-001 1.134517e-004
    outer loop
      vertex   3.071513e+001 -4.046920e+001 5.000000e+000
      vertex   3.031201e+001 -4.074030e+001 1.000000e+001
      vertex   3.033361e+001 -4.072642e+001 5.000000e+000
    endloop
  endfacet
  facet normal 5.237177e-001 -8.518918e-001 1.020587e-004
    outer loop
      vertex   3.031201e+001 -4.074030e+001 0.000000e+000
      vertex   3.033361e+001 -4.072642e+001 5.000000e+000
      vertex   2.994406e+001 -4.096591e+001 5.000000e+000
    endloop
  endfacet
  facet normal 4.871026e-001 -8.733446e-001 4.802477e-004
    outer loop
      vertex   2.976599e+001 -4.106797e+001 0.000000e+000
      vertex   2.994406e+001 -4.096591e+001 5.000000e+000
      vertex   2.954648e+001 -4.118765e+001 5.000000e+000
    endloop
  endfacet
  facet normal 4.493376e-001 -8.933620e-001 2.550828e-004
    outer loop
      vertex   2.920437e+001 -4.136115e+001 0.000000e+000
      vertex   2.954648e+001 -4.118765e+001 5.000000e+000
      vertex   2.914089e+001 -4.139166e+001 5.000000e+000
    endloop
  endfacet
  facet normal 4.106137e-001 -9.118093e-001 3.491178e-004
    outer loop
      vertex   2.872726e+001 -4.157792e+001 5.000000e+000
      vertex   2.914089e+001 -4.139166e+001 5.000000e+000
      vertex   2.920437e+001 -4.136115e+001 1.000000e+001
    endloop
  endfacet
  facet normal 4.089701e-001 -9.125476e-001 5.379592e-004
    outer loop
      vertex   2.862715e+001 -4.161984e+001 1.000000e+001
      vertex   2.872726e+001 -4.157792e+001 5.000000e+000
      vertex   2.920437e+001 -4.136115e+001 1.000000e+001
    endloop
  endfacet
  facet normal 3.711399e-001 -9.285769e-001 -3.539461e-004
    outer loop
      vertex   2.862715e+001 -4.161984e+001 1.000000e+001
      vertex   2.830562e+001 -4.174645e+001 5.000000e+000
      vertex   2.872726e+001 -4.157792e+001 5.000000e+000
    endloop
  endfacet
  facet normal 3.537351e-001 -9.353452e-001 9.366467e-004
    outer loop
      vertex   2.862715e+001 -4.161984e+001 1.000000e+001
      vertex   2.803432e+001 -4.184404e+001 1.000000e+001
      vertex   2.830562e+001 -4.174645e+001 5.000000e+000
    endloop
  endfacet
  facet normal 3.311375e-001 -9.435824e-001 -4.502789e-004
    outer loop
      vertex   2.830562e+001 -4.174645e+001 5.000000e+000
      vertex   2.803432e+001 -4.184404e+001 1.000000e+001
      vertex   2.787595e+001 -4.189723e+001 5.000000e+000
    endloop
  endfacet
  facet normal 2.976651e-001 -9.546701e-001 -7.278673e-004
    outer loop
      vertex   2.803432e+001 -4.184404e+001 0.000000e+000
      vertex   2.787595e+001 -4.189723e+001 5.000000e+000
      vertex   2.742590e+001 -4.203375e+001 0.000000e+000
    endloop
  endfacet
  facet normal 3.311375e-001 -9.435824e-001 4.502789e-004
    outer loop
      vertex   2.803432e+001 -4.184404e+001 0.000000e+000
      vertex   2.830562e+001 -4.174645e+001 5.000000e+000
      vertex   2.787595e+001 -4.189723e+001 5.000000e+000
    endloop
  endfacet
  facet normal 3.537351e-001 -9.353452e-001 -9.366467e-004
    outer loop
      vertex   2.803432e+001 -4.184404e+001 0.000000e+000
      vertex   2.862715e+001 -4.161984e+001 0.000000e+000
      vertex   2.830562e+001 -4.174645e+001 5.000000e+000
    endloop
  endfacet
  facet normal 3.711399e-001 -9.285769e-001 3.539461e-004
    outer loop
      vertex   2.830562e+001 -4.174645e+001 5.000000e+000
      vertex   2.862715e+001 -4.161984e+001 0.000000e+000
      vertex   2.872726e+001 -4.157792e+001 5.000000e+000
    endloop
  endfacet
  facet normal 4.089701e-001 -9.125476e-001 -5.379592e-004
    outer loop
      vertex   2.872726e+001 -4.157792e+001 5.000000e+000
      vertex   2.862715e+001 -4.161984e+001 0.000000e+000
      vertex   2.920437e+001 -4.136115e+001 0.000000e+000
    endloop
  endfacet
  facet normal 4.106137e-001 -9.118093e-001 -3.491178e-004
    outer loop
      vertex   2.914089e+001 -4.139166e+001 5.000000e+000
      vertex   2.872726e+001 -4.157792e+001 5.000000e+000
      vertex   2.920437e+001 -4.136115e+001 0.000000e+000
    endloop
  endfacet
  facet normal 5.237177e-001 -8.518918e-001 -1.020587e-004
    outer loop
      vertex   3.033361e+001 -4.072642e+001 5.000000e+000
      vertex   3.031201e+001 -4.074030e+001 1.000000e+001
      vertex   2.994406e+001 -4.096591e+001 5.000000e+000
    endloop
  endfacet
  facet normal 5.145659e-001 -8.574504e-001 8.222483e-004
    outer loop
      vertex   2.994406e+001 -4.096591e+001 5.000000e+000
      vertex   3.031201e+001 -4.074030e+001 1.000000e+001
      vertex   2.976599e+001 -4.106797e+001 1.000000e+001
    endloop
  endfacet
  facet normal 4.627663e-001 -8.864798e-001 9.025615e-004
    outer loop
      vertex   2.954648e+001 -4.118765e+001 5.000000e+000
      vertex   2.976599e+001 -4.106797e+001 1.000000e+001
      vertex   2.920437e+001 -4.136115e+001 1.000000e+001
    endloop
  endfacet
  facet normal 4.493376e-001 -8.933620e-001 -2.550828e-004
    outer loop
      vertex   2.914089e+001 -4.139166e+001 5.000000e+000
      vertex   2.954648e+001 -4.118765e+001 5.000000e+000
      vertex   2.920437e+001 -4.136115e+001 1.000000e+001
    endloop
  endfacet
  facet normal 4.871026e-001 -8.733446e-001 -4.802477e-004
    outer loop
      vertex   2.994406e+001 -4.096591e+001 5.000000e+000
      vertex   2.976599e+001 -4.106797e+001 1.000000e+001
      vertex   2.954648e+001 -4.118765e+001 5.000000e+000
    endloop
  endfacet
  facet normal 2.976651e-001 -9.546701e-001 7.278673e-004
    outer loop
      vertex   2.803432e+001 -4.184404e+001 1.000000e+001
      vertex   2.742590e+001 -4.203375e+001 1.000000e+001
      vertex   2.787595e+001 -4.189723e+001 5.000000e+000
    endloop
  endfacet
  facet normal 2.908338e-001 -9.567736e-001 5.554488e-005
    outer loop
      vertex   2.787595e+001 -4.189723e+001 5.000000e+000
      vertex   2.742590e+001 -4.203375e+001 1.000000e+001
      vertex   2.743826e+001 -4.203028e+001 5.000000e+000
    endloop
  endfacet
  facet normal 2.504560e-001 -9.681280e-001 5.218705e-005
    outer loop
      vertex   2.742590e+001 -4.203375e+001 0.000000e+000
      vertex   2.743826e+001 -4.203028e+001 5.000000e+000
      vertex   2.699255e+001 -4.214559e+001 5.000000e+000
    endloop
  endfacet
  facet normal 2.102249e-001 -9.776529e-001 4.642839e-004
    outer loop
      vertex   2.680187e+001 -4.218896e+001 0.000000e+000
      vertex   2.699255e+001 -4.214559e+001 5.000000e+000
      vertex   2.653881e+001 -4.224315e+001 5.000000e+000
    endloop
  endfacet
  facet normal 1.703500e-001 -9.853836e-001 2.820322e-004
    outer loop
      vertex   2.616225e+001 -4.230968e+001 0.000000e+000
      vertex   2.653881e+001 -4.224315e+001 5.000000e+000
      vertex   2.607705e+001 -4.232298e+001 5.000000e+000
    endloop
  endfacet
  facet normal 1.310239e-001 -9.913791e-001 4.040183e-004
    outer loop
      vertex   2.560726e+001 -4.238507e+001 5.000000e+000
      vertex   2.607705e+001 -4.232298e+001 5.000000e+000
      vertex   2.616225e+001 -4.230968e+001 1.000000e+001
    endloop
  endfacet
  facet normal 1.304784e-001 -9.914510e-001 4.656595e-004
    outer loop
      vertex   2.550702e+001 -4.239591e+001 1.000000e+001
      vertex   2.560726e+001 -4.238507e+001 5.000000e+000
      vertex   2.616225e+001 -4.230968e+001 1.000000e+001
    endloop
  endfacet
  facet normal 9.241986e-002 -9.957201e-001 -3.066141e-004
    outer loop
      vertex   2.550702e+001 -4.239591e+001 1.000000e+001
      vertex   2.512945e+001 -4.242942e+001 5.000000e+000
      vertex   2.560726e+001 -4.238507e+001 5.000000e+000
    endloop
  endfacet
  facet normal 7.689733e-002 -9.970386e-001 8.743783e-004
    outer loop
      vertex   2.550702e+001 -4.239591e+001 1.000000e+001
      vertex   2.483619e+001 -4.244765e+001 1.000000e+001
      vertex   2.512945e+001 -4.242942e+001 5.000000e+000
    endloop
  endfacet
  facet normal 5.468857e-002 -9.985034e-001 -4.335537e-004
    outer loop
      vertex   2.512945e+001 -4.242942e+001 5.000000e+000
      vertex   2.483619e+001 -4.244765e+001 1.000000e+001
      vertex   2.464362e+001 -4.245603e+001 5.000000e+000
    endloop
  endfacet
  facet normal 2.511636e-002 -9.996843e-001 -7.073788e-004
    outer loop
      vertex   2.483619e+001 -4.244765e+001 0.000000e+000
      vertex   2.464362e+001 -4.245603e+001 5.000000e+000
      vertex   2.414977e+001 -4.246490e+001 0.000000e+000
    endloop
  endfacet
  facet normal 5.468857e-002 -9.985034e-001 4.335537e-004
    outer loop
      vertex   2.483619e+001 -4.244765e+001 0.000000e+000
      vertex   2.512945e+001 -4.242942e+001 5.000000e+000
      vertex   2.464362e+001 -4.245603e+001 5.000000e+000
    endloop
  endfacet
  facet normal 7.689733e-002 -9.970386e-001 -8.743783e-004
    outer loop
      vertex   2.483619e+001 -4.244765e+001 0.000000e+000
      vertex   2.550702e+001 -4.239591e+001 0.000000e+000
      vertex   2.512945e+001 -4.242942e+001 5.000000e+000
    endloop
  endfacet
  facet normal 9.241986e-002 -9.957201e-001 3.066141e-004
    outer loop
      vertex   2.512945e+001 -4.242942e+001 5.000000e+000
      vertex   2.550702e+001 -4.239591e+001 0.000000e+000
      vertex   2.560726e+001 -4.238507e+001 5.000000e+000
    endloop
  endfacet
  facet normal 1.304784e-001 -9.914510e-001 -4.656595e-004
    outer loop
      vertex   2.560726e+001 -4.238507e+001 5.000000e+000
      vertex   2.550702e+001 -4.239591e+001 0.000000e+000
      vertex   2.616225e+001 -4.230968e+001 0.000000e+000
    endloop
  endfacet
  facet normal 1.310239e-001 -9.913791e-001 -4.040183e-004
    outer loop
      vertex   2.607705e+001 -4.232298e+001 5.000000e+000
      vertex   2.560726e+001 -4.238507e+001 5.000000e+000
      vertex   2.616225e+001 -4.230968e+001 0.000000e+000
    endloop
  endfacet
  facet normal 2.504560e-001 -9.681280e-001 -5.218705e-005
    outer loop
      vertex   2.743826e+001 -4.203028e+001 5.000000e+000
      vertex   2.742590e+001 -4.203375e+001 1.000000e+001
      vertex   2.699255e+001 -4.214559e+001 5.000000e+000
    endloop
  endfacet
  facet normal 2.413759e-001 -9.704314e-001 7.863073e-004
    outer loop
      vertex   2.699255e+001 -4.214559e+001 5.000000e+000
      vertex   2.742590e+001 -4.203375e+001 1.000000e+001
      vertex   2.680187e+001 -4.218896e+001 1.000000e+001
    endloop
  endfacet
  facet normal 1.854641e-001 -9.826506e-001 8.926145e-004
    outer loop
      vertex   2.653881e+001 -4.224315e+001 5.000000e+000
      vertex   2.680187e+001 -4.218896e+001 1.000000e+001
      vertex   2.616225e+001 -4.230968e+001 1.000000e+001
    endloop
  endfacet
  facet normal 1.703500e-001 -9.853836e-001 -2.820322e-004
    outer loop
      vertex   2.607705e+001 -4.232298e+001 5.000000e+000
      vertex   2.653881e+001 -4.224315e+001 5.000000e+000
      vertex   2.616225e+001 -4.230968e+001 1.000000e+001
    endloop
  endfacet
  facet normal 2.102249e-001 -9.776529e-001 -4.642839e-004
    outer loop
      vertex   2.699255e+001 -4.214559e+001 5.000000e+000
      vertex   2.680187e+001 -4.218896e+001 1.000000e+001
      vertex   2.653881e+001 -4.224315e+001 5.000000e+000
    endloop
  endfacet
  facet normal 2.511636e-002 -9.996843e-001 7.073788e-004
    outer loop
      vertex   2.483619e+001 -4.244765e+001 1.000000e+001
      vertex   2.414977e+001 -4.246490e+001 1.000000e+001
      vertex   2.464362e+001 -4.245603e+001 5.000000e+000
    endloop
  endfacet
  facet normal 1.795734e-002 -9.998388e-001 0.000000e+000
    outer loop
      vertex   2.464362e+001 -4.245603e+001 5.000000e+000
      vertex   2.414977e+001 -4.246490e+001 1.000000e+001
      vertex   2.414977e+001 -4.246490e+001 0.000000e+000
    endloop
  endfacet
  facet normal 1.854641e-001 -9.826506e-001 -8.926145e-004
    outer loop
      vertex   2.616225e+001 -4.230968e+001 0.000000e+000
      vertex   2.680187e+001 -4.218896e+001 0.000000e+000
      vertex   2.653881e+001 -4.224315e+001 5.000000e+000
    endloop
  endfacet
  facet normal 2.413759e-001 -9.704314e-001 -7.863073e-004
    outer loop
      vertex   2.680187e+001 -4.218896e+001 0.000000e+000
      vertex   2.742590e+001 -4.203375e+001 0.000000e+000
      vertex   2.699255e+001 -4.214559e+001 5.000000e+000
    endloop
  endfacet
  facet normal 2.908338e-001 -9.567736e-001 -5.554488e-005
    outer loop
      vertex   2.743826e+001 -4.203028e+001 5.000000e+000
      vertex   2.742590e+001 -4.203375e+001 0.000000e+000
      vertex   2.787595e+001 -4.189723e+001 5.000000e+000
    endloop
  endfacet
  facet normal 4.627663e-001 -8.864798e-001 -9.025615e-004
    outer loop
      vertex   2.920437e+001 -4.136115e+001 0.000000e+000
      vertex   2.976599e+001 -4.106797e+001 0.000000e+000
      vertex   2.954648e+001 -4.118765e+001 5.000000e+000
    endloop
  endfacet
  facet normal 5.145659e-001 -8.574504e-001 -8.222483e-004
    outer loop
      vertex   2.976599e+001 -4.106797e+001 0.000000e+000
      vertex   3.031201e+001 -4.074030e+001 0.000000e+000
      vertex   2.994406e+001 -4.096591e+001 5.000000e+000
    endloop
  endfacet
  facet normal 5.590143e-001 -8.291580e-001 -1.134517e-004
    outer loop
      vertex   3.033361e+001 -4.072642e+001 5.000000e+000
      vertex   3.031201e+001 -4.074030e+001 0.000000e+000
      vertex   3.071513e+001 -4.046920e+001 5.000000e+000
    endloop
  endfacet
  facet normal -1.545278e-002 -9.998806e-001 0.000000e+000
    outer loop
      vertex   2.414977e+001 -4.246490e+001 0.000000e+000
      vertex   2.414977e+001 -4.246490e+001 1.000000e+001
      vertex   2.366687e+001 -4.245743e+001 5.000000e+000
    endloop
  endfacet
  facet normal -4.718733e-002 -9.988860e-001 3.625001e-004
    outer loop
      vertex   2.337363e+001 -4.244540e+001 0.000000e+000
      vertex   2.366687e+001 -4.245743e+001 5.000000e+000
      vertex   2.319292e+001 -4.243505e+001 5.000000e+000
    endloop
  endfacet
  facet normal -7.999249e-002 -9.967954e-001 -4.478976e-004
    outer loop
      vertex   2.262090e+001 -4.238689e+001 0.000000e+000
      vertex   2.319292e+001 -4.243505e+001 5.000000e+000
      vertex   2.272794e+001 -4.239773e+001 5.000000e+000
    endloop
  endfacet
  facet normal -1.138115e-001 -9.935023e-001 -2.831830e-004
    outer loop
      vertex   2.227191e+001 -4.234549e+001 5.000000e+000
      vertex   2.272794e+001 -4.239773e+001 5.000000e+000
      vertex   2.262090e+001 -4.238689e+001 1.000000e+001
    endloop
  endfacet
  facet normal -1.325108e-001 -9.911810e-001 1.041251e-003
    outer loop
      vertex   2.189158e+001 -4.228939e+001 1.000000e+001
      vertex   2.227191e+001 -4.234549e+001 5.000000e+000
      vertex   2.262090e+001 -4.238689e+001 1.000000e+001
    endloop
  endfacet
  facet normal -1.485691e-001 -9.889020e-001 -2.058087e-004
    outer loop
      vertex   2.189158e+001 -4.228939e+001 1.000000e+001
      vertex   2.182483e+001 -4.227832e+001 5.000000e+000
      vertex   2.227191e+001 -4.234549e+001 5.000000e+000
    endloop
  endfacet
  facet normal -1.841706e-001 -9.828943e-001 2.827463e-004
    outer loop
      vertex   2.189158e+001 -4.228939e+001 1.000000e+001
      vertex   2.138671e+001 -4.219623e+001 5.000000e+000
      vertex   2.182483e+001 -4.227832e+001 5.000000e+000
    endloop
  endfacet
  facet normal -1.898532e-001 -9.818121e-001 8.767006e-004
    outer loop
      vertex   2.189158e+001 -4.228939e+001 1.000000e+001
      vertex   2.118565e+001 -4.215288e+001 1.000000e+001
      vertex   2.138671e+001 -4.219623e+001 5.000000e+000
    endloop
  endfacet
  facet normal -2.205009e-001 -9.753867e-001 -4.114115e-004
    outer loop
      vertex   2.138671e+001 -4.219623e+001 5.000000e+000
      vertex   2.118565e+001 -4.215288e+001 1.000000e+001
      vertex   2.095754e+001 -4.209921e+001 5.000000e+000
    endloop
  endfacet
  facet normal -2.490409e-001 -9.684925e-001 -9.646176e-004
    outer loop
      vertex   2.118565e+001 -4.215288e+001 0.000000e+000
      vertex   2.095754e+001 -4.209921e+001 5.000000e+000
      vertex   2.050312e+001 -4.197738e+001 0.000000e+000
    endloop
  endfacet
  facet normal -2.205009e-001 -9.753867e-001 4.114115e-004
    outer loop
      vertex   2.118565e+001 -4.215288e+001 0.000000e+000
      vertex   2.138671e+001 -4.219623e+001 5.000000e+000
      vertex   2.095754e+001 -4.209921e+001 5.000000e+000
    endloop
  endfacet
  facet normal -1.898532e-001 -9.818121e-001 -8.767006e-004
    outer loop
      vertex   2.118565e+001 -4.215288e+001 0.000000e+000
      vertex   2.189158e+001 -4.228939e+001 0.000000e+000
      vertex   2.138671e+001 -4.219623e+001 5.000000e+000
    endloop
  endfacet
  facet normal -1.841706e-001 -9.828943e-001 -2.827463e-004
    outer loop
      vertex   2.138671e+001 -4.219623e+001 5.000000e+000
      vertex   2.189158e+001 -4.228939e+001 0.000000e+000
      vertex   2.182483e+001 -4.227832e+001 5.000000e+000
    endloop
  endfacet
  facet normal -1.485691e-001 -9.889020e-001 2.058087e-004
    outer loop
      vertex   2.182483e+001 -4.227832e+001 5.000000e+000
      vertex   2.189158e+001 -4.228939e+001 0.000000e+000
      vertex   2.227191e+001 -4.234549e+001 5.000000e+000
    endloop
  endfacet
  facet normal -1.325108e-001 -9.911810e-001 -1.041251e-003
    outer loop
      vertex   2.227191e+001 -4.234549e+001 5.000000e+000
      vertex   2.189158e+001 -4.228939e+001 0.000000e+000
      vertex   2.262090e+001 -4.238689e+001 0.000000e+000
    endloop
  endfacet
  facet normal -1.138115e-001 -9.935023e-001 2.831830e-004
    outer loop
      vertex   2.272794e+001 -4.239773e+001 5.000000e+000
      vertex   2.227191e+001 -4.234549e+001 5.000000e+000
      vertex   2.262090e+001 -4.238689e+001 0.000000e+000
    endloop
  endfacet
  facet normal -7.748651e-002 -9.969931e-001 7.364954e-004
    outer loop
      vertex   2.262090e+001 -4.238689e+001 1.000000e+001
      vertex   2.319292e+001 -4.243505e+001 5.000000e+000
      vertex   2.337363e+001 -4.244540e+001 1.000000e+001
    endloop
  endfacet
  facet normal -7.999249e-002 -9.967954e-001 4.478976e-004
    outer loop
      vertex   2.262090e+001 -4.238689e+001 1.000000e+001
      vertex   2.272794e+001 -4.239773e+001 5.000000e+000
      vertex   2.319292e+001 -4.243505e+001 5.000000e+000
    endloop
  endfacet
  facet normal -2.490409e-001 -9.684925e-001 9.646176e-004
    outer loop
      vertex   2.118565e+001 -4.215288e+001 1.000000e+001
      vertex   2.050312e+001 -4.197738e+001 1.000000e+001
      vertex   2.095754e+001 -4.209921e+001 5.000000e+000
    endloop
  endfacet
  facet normal -2.574252e-001 -9.662982e-001 1.491445e-004
    outer loop
      vertex   2.095754e+001 -4.209921e+001 5.000000e+000
      vertex   2.050312e+001 -4.197738e+001 1.000000e+001
      vertex   2.053733e+001 -4.198726e+001 5.000000e+000
    endloop
  endfacet
  facet normal -2.947898e-001 -9.555621e-001 1.277619e-004
    outer loop
      vertex   2.050312e+001 -4.197738e+001 0.000000e+000
      vertex   2.053733e+001 -4.198726e+001 5.000000e+000
      vertex   2.012608e+001 -4.186039e+001 5.000000e+000
    endloop
  endfacet
  facet normal -3.324235e-001 -9.431302e-001 3.589244e-004
    outer loop
      vertex   1.984399e+001 -4.176287e+001 0.000000e+000
      vertex   2.012608e+001 -4.186039e+001 5.000000e+000
      vertex   1.972378e+001 -4.171860e+001 5.000000e+000
    endloop
  endfacet
  facet normal -3.701409e-001 -9.289754e-001 6.732250e-004
    outer loop
      vertex   1.933044e+001 -4.156187e+001 5.000000e+000
      vertex   1.972378e+001 -4.171860e+001 5.000000e+000
      vertex   1.984399e+001 -4.176287e+001 1.000000e+001
    endloop
  endfacet
  facet normal -3.704079e-001 -9.288689e-001 7.049249e-004
    outer loop
      vertex   1.920827e+001 -4.150936e+001 1.000000e+001
      vertex   1.933044e+001 -4.156187e+001 5.000000e+000
      vertex   1.984399e+001 -4.176287e+001 1.000000e+001
    endloop
  endfacet
  facet normal -4.077461e-001 -9.130953e-001 -3.730746e-004
    outer loop
      vertex   1.920827e+001 -4.150936e+001 1.000000e+001
      vertex   1.894605e+001 -4.139022e+001 5.000000e+000
      vertex   1.933044e+001 -4.156187e+001 5.000000e+000
    endloop
  endfacet
  facet normal -4.310485e-001 -9.023281e-001 1.105524e-003
    outer loop
      vertex   1.920827e+001 -4.150936e+001 1.000000e+001
      vertex   1.859594e+001 -4.121685e+001 1.000000e+001
      vertex   1.894605e+001 -4.139022e+001 5.000000e+000
    endloop
  endfacet
  facet normal -4.631501e-001 -8.862783e-001 -1.698819e-003
    outer loop
      vertex   1.894605e+001 -4.139022e+001 5.000000e+000
      vertex   1.859594e+001 -4.121685e+001 1.000000e+001
      vertex   1.820180e+001 -4.100129e+001 5.000000e+000
    endloop
  endfacet
  facet normal -4.893436e-001 -8.720905e-001 -9.776086e-004
    outer loop
      vertex   1.859594e+001 -4.121685e+001 0.000000e+000
      vertex   1.820180e+001 -4.100129e+001 5.000000e+000
      vertex   1.800166e+001 -4.088338e+001 0.000000e+000
    endloop
  endfacet
  facet normal -4.631501e-001 -8.862783e-001 1.698819e-003
    outer loop
      vertex   1.859594e+001 -4.121685e+001 0.000000e+000
      vertex   1.894605e+001 -4.139022e+001 5.000000e+000
      vertex   1.820180e+001 -4.100129e+001 5.000000e+000
    endloop
  endfacet
  facet normal -4.310485e-001 -9.023281e-001 -1.105524e-003
    outer loop
      vertex   1.859594e+001 -4.121685e+001 0.000000e+000
      vertex   1.920827e+001 -4.150936e+001 0.000000e+000
      vertex   1.894605e+001 -4.139022e+001 5.000000e+000
    endloop
  endfacet
  facet normal -4.077461e-001 -9.130953e-001 3.730746e-004
    outer loop
      vertex   1.894605e+001 -4.139022e+001 5.000000e+000
      vertex   1.920827e+001 -4.150936e+001 0.000000e+000
      vertex   1.933044e+001 -4.156187e+001 5.000000e+000
    endloop
  endfacet
  facet normal -3.704079e-001 -9.288689e-001 -7.049249e-004
    outer loop
      vertex   1.933044e+001 -4.156187e+001 5.000000e+000
      vertex   1.920827e+001 -4.150936e+001 0.000000e+000
      vertex   1.984399e+001 -4.176287e+001 0.000000e+000
    endloop
  endfacet
  facet normal -3.701409e-001 -9.289754e-001 -6.732250e-004
    outer loop
      vertex   1.972378e+001 -4.171860e+001 5.000000e+000
      vertex   1.933044e+001 -4.156187e+001 5.000000e+000
      vertex   1.984399e+001 -4.176287e+001 0.000000e+000
    endloop
  endfacet
  facet normal -2.947898e-001 -9.555621e-001 -1.277619e-004
    outer loop
      vertex   2.053733e+001 -4.198726e+001 5.000000e+000
      vertex   2.050312e+001 -4.197738e+001 1.000000e+001
      vertex   2.012608e+001 -4.186039e+001 5.000000e+000
    endloop
  endfacet
  facet normal -3.094676e-001 -9.509094e-001 1.087919e-003
    outer loop
      vertex   2.012608e+001 -4.186039e+001 5.000000e+000
      vertex   2.050312e+001 -4.197738e+001 1.000000e+001
      vertex   1.984399e+001 -4.176287e+001 1.000000e+001
    endloop
  endfacet
  facet normal -3.324235e-001 -9.431302e-001 -3.589244e-004
    outer loop
      vertex   1.972378e+001 -4.171860e+001 5.000000e+000
      vertex   2.012608e+001 -4.186039e+001 5.000000e+000
      vertex   1.984399e+001 -4.176287e+001 1.000000e+001
    endloop
  endfacet
  facet normal -4.893436e-001 -8.720905e-001 9.776086e-004
    outer loop
      vertex   1.859594e+001 -4.121685e+001 1.000000e+001
      vertex   1.800166e+001 -4.088338e+001 1.000000e+001
      vertex   1.820180e+001 -4.100129e+001 5.000000e+000
    endloop
  endfacet
  facet normal -5.317162e-001 -8.469216e-001 -1.312075e-003
    outer loop
      vertex   1.820180e+001 -4.100129e+001 5.000000e+000
      vertex   1.800166e+001 -4.088338e+001 1.000000e+001
      vertex   1.747874e+001 -4.054734e+001 5.000000e+000
    endloop
  endfacet
  facet normal -5.432804e-001 -8.395512e-001 -3.926977e-004
    outer loop
      vertex   1.800166e+001 -4.088338e+001 0.000000e+000
      vertex   1.747874e+001 -4.054734e+001 5.000000e+000
      vertex   1.742005e+001 -4.050702e+001 0.000000e+000
    endloop
  endfacet
  facet normal -5.317162e-001 -8.469216e-001 1.312075e-003
    outer loop
      vertex   1.800166e+001 -4.088338e+001 0.000000e+000
      vertex   1.820180e+001 -4.100129e+001 5.000000e+000
      vertex   1.747874e+001 -4.054734e+001 5.000000e+000
    endloop
  endfacet
  facet normal -5.432804e-001 -8.395512e-001 3.926977e-004
    outer loop
      vertex   1.800166e+001 -4.088338e+001 1.000000e+001
      vertex   1.742005e+001 -4.050702e+001 1.000000e+001
      vertex   1.747874e+001 -4.054734e+001 5.000000e+000
    endloop
  endfacet
  facet normal -5.825796e-001 -8.127736e-001 -2.845707e-004
    outer loop
      vertex   1.747874e+001 -4.054734e+001 5.000000e+000
      vertex   1.742005e+001 -4.050702e+001 1.000000e+001
      vertex   1.704266e+001 -4.023476e+001 5.000000e+000
    endloop
  endfacet
  facet normal -5.932458e-001 -8.050208e-001 -9.426346e-004
    outer loop
      vertex   1.742005e+001 -4.050702e+001 0.000000e+000
      vertex   1.704266e+001 -4.023476e+001 5.000000e+000
      vertex   1.685111e+001 -4.008775e+001 0.000000e+000
    endloop
  endfacet
  facet normal -5.825796e-001 -8.127736e-001 2.845707e-004
    outer loop
      vertex   1.742005e+001 -4.050702e+001 0.000000e+000
      vertex   1.747874e+001 -4.054734e+001 5.000000e+000
      vertex   1.704266e+001 -4.023476e+001 5.000000e+000
    endloop
  endfacet
  facet normal -5.932458e-001 -8.050208e-001 9.426346e-004
    outer loop
      vertex   1.742005e+001 -4.050702e+001 1.000000e+001
      vertex   1.685111e+001 -4.008775e+001 1.000000e+001
      vertex   1.704266e+001 -4.023476e+001 5.000000e+000
    endloop
  endfacet
  facet normal -6.186052e-001 -7.857018e-001 -5.969045e-004
    outer loop
      vertex   1.704266e+001 -4.023476e+001 5.000000e+000
      vertex   1.685111e+001 -4.008775e+001 1.000000e+001
      vertex   1.661395e+001 -3.989723e+001 5.000000e+000
    endloop
  endfacet
  facet normal -6.390562e-001 -7.691594e-001 -1.003454e-003
    outer loop
      vertex   1.685111e+001 -4.008775e+001 0.000000e+000
      vertex   1.661395e+001 -3.989723e+001 5.000000e+000
      vertex   1.629485e+001 -3.962558e+001 0.000000e+000
    endloop
  endfacet
  facet normal -6.186052e-001 -7.857018e-001 5.969045e-004
    outer loop
      vertex   1.685111e+001 -4.008775e+001 0.000000e+000
      vertex   1.704266e+001 -4.023476e+001 5.000000e+000
      vertex   1.661395e+001 -3.989723e+001 5.000000e+000
    endloop
  endfacet
  facet normal -6.390562e-001 -7.691594e-001 1.003454e-003
    outer loop
      vertex   1.685111e+001 -4.008775e+001 1.000000e+001
      vertex   1.629485e+001 -3.962558e+001 1.000000e+001
      vertex   1.661395e+001 -3.989723e+001 5.000000e+000
    endloop
  endfacet
  facet normal -6.521901e-001 -7.580553e-001 -4.380378e-004
    outer loop
      vertex   1.661395e+001 -3.989723e+001 5.000000e+000
      vertex   1.629485e+001 -3.962558e+001 1.000000e+001
      vertex   1.619262e+001 -3.953474e+001 5.000000e+000
    endloop
  endfacet
  facet normal -6.806777e-001 -7.325827e-001 -6.072412e-004
    outer loop
      vertex   1.629485e+001 -3.962558e+001 0.000000e+000
      vertex   1.619262e+001 -3.953474e+001 5.000000e+000
      vertex   1.575127e+001 -3.912051e+001 0.000000e+000
    endloop
  endfacet
  facet normal -6.521901e-001 -7.580553e-001 4.380378e-004
    outer loop
      vertex   1.629485e+001 -3.962558e+001 0.000000e+000
      vertex   1.661395e+001 -3.989723e+001 5.000000e+000
      vertex   1.619262e+001 -3.953474e+001 5.000000e+000
    endloop
  endfacet
  facet normal -6.806777e-001 -7.325827e-001 6.072412e-004
    outer loop
      vertex   1.629485e+001 -3.962558e+001 1.000000e+001
      vertex   1.575127e+001 -3.912051e+001 1.000000e+001
      vertex   1.619262e+001 -3.953474e+001 5.000000e+000
    endloop
  endfacet
  facet normal -6.833448e-001 -7.300958e-001 1.657897e-004
    outer loop
      vertex   1.619262e+001 -3.953474e+001 5.000000e+000
      vertex   1.575127e+001 -3.912051e+001 1.000000e+001
      vertex   1.577866e+001 -3.914729e+001 5.000000e+000
    endloop
  endfacet
  facet normal -7.121186e-001 -7.020591e-001 1.419848e-004
    outer loop
      vertex   1.575127e+001 -3.912051e+001 0.000000e+000
      vertex   1.577866e+001 -3.914729e+001 5.000000e+000
      vertex   1.537208e+001 -3.873488e+001 5.000000e+000
    endloop
  endfacet
  facet normal -7.385921e-001 -6.741524e-001 5.235979e-004
    outer loop
      vertex   1.522036e+001 -3.857254e+001 0.000000e+000
      vertex   1.537208e+001 -3.873488e+001 5.000000e+000
      vertex   1.497287e+001 -3.829751e+001 5.000000e+000
    endloop
  endfacet
  facet normal -7.628691e-001 -6.465528e-001 4.663855e-004
    outer loop
      vertex   1.470213e+001 -3.798167e+001 0.000000e+000
      vertex   1.497287e+001 -3.829751e+001 5.000000e+000
      vertex   1.458103e+001 -3.783518e+001 5.000000e+000
    endloop
  endfacet
  facet normal -7.850697e-001 -6.194074e-001 0.000000e+000
    outer loop
      vertex   1.419657e+001 -3.734789e+001 0.000000e+000
      vertex   1.458103e+001 -3.783518e+001 5.000000e+000
      vertex   1.419657e+001 -3.734789e+001 1.000000e+001
    endloop
  endfacet
  facet normal -7.817479e-001 -6.235943e-001 -6.634707e-004
    outer loop
      vertex   1.419657e+001 -3.734789e+001 0.000000e+000
      vertex   1.470213e+001 -3.798167e+001 0.000000e+000
      vertex   1.458103e+001 -3.783518e+001 5.000000e+000
    endloop
  endfacet
  facet normal -7.121186e-001 -7.020591e-001 -1.419848e-004
    outer loop
      vertex   1.577866e+001 -3.914729e+001 5.000000e+000
      vertex   1.575127e+001 -3.912051e+001 1.000000e+001
      vertex   1.537208e+001 -3.873488e+001 5.000000e+000
    endloop
  endfacet
  facet normal -7.182001e-001 -6.958362e-001 7.991786e-004
    outer loop
      vertex   1.537208e+001 -3.873488e+001 5.000000e+000
      vertex   1.575127e+001 -3.912051e+001 1.000000e+001
      vertex   1.522036e+001 -3.857254e+001 1.000000e+001
    endloop
  endfacet
  facet normal -7.518073e-001 -6.593822e-001 9.429991e-004
    outer loop
      vertex   1.497287e+001 -3.829751e+001 5.000000e+000
      vertex   1.522036e+001 -3.857254e+001 1.000000e+001
      vertex   1.470213e+001 -3.798167e+001 1.000000e+001
    endloop
  endfacet
  facet normal -7.817479e-001 -6.235943e-001 6.634707e-004
    outer loop
      vertex   1.458103e+001 -3.783518e+001 5.000000e+000
      vertex   1.470213e+001 -3.798167e+001 1.000000e+001
      vertex   1.419657e+001 -3.734789e+001 1.000000e+001
    endloop
  endfacet
  facet normal -7.628691e-001 -6.465528e-001 -4.663855e-004
    outer loop
      vertex   1.458103e+001 -3.783518e+001 5.000000e+000
      vertex   1.497287e+001 -3.829751e+001 5.000000e+000
      vertex   1.470213e+001 -3.798167e+001 1.000000e+001
    endloop
  endfacet
  facet normal -7.385921e-001 -6.741524e-001 -5.235979e-004
    outer loop
      vertex   1.537208e+001 -3.873488e+001 5.000000e+000
      vertex   1.522036e+001 -3.857254e+001 1.000000e+001
      vertex   1.497287e+001 -3.829751e+001 5.000000e+000
    endloop
  endfacet
  facet normal -7.518073e-001 -6.593822e-001 -9.429991e-004
    outer loop
      vertex   1.470213e+001 -3.798167e+001 0.000000e+000
      vertex   1.522036e+001 -3.857254e+001 0.000000e+000
      vertex   1.497287e+001 -3.829751e+001 5.000000e+000
    endloop
  endfacet
  facet normal -7.182001e-001 -6.958362e-001 -7.991786e-004
    outer loop
      vertex   1.522036e+001 -3.857254e+001 0.000000e+000
      vertex   1.575127e+001 -3.912051e+001 0.000000e+000
      vertex   1.537208e+001 -3.873488e+001 5.000000e+000
    endloop
  endfacet
  facet normal -6.833448e-001 -7.300958e-001 -1.657897e-004
    outer loop
      vertex   1.577866e+001 -3.914729e+001 5.000000e+000
      vertex   1.575127e+001 -3.912051e+001 0.000000e+000
      vertex   1.619262e+001 -3.953474e+001 5.000000e+000
    endloop
  endfacet
  facet normal -3.094676e-001 -9.509094e-001 -1.087919e-003
    outer loop
      vertex   1.984399e+001 -4.176287e+001 0.000000e+000
      vertex   2.050312e+001 -4.197738e+001 0.000000e+000
      vertex   2.012608e+001 -4.186039e+001 5.000000e+000
    endloop
  endfacet
  facet normal -2.574252e-001 -9.662982e-001 -1.491445e-004
    outer loop
      vertex   2.053733e+001 -4.198726e+001 5.000000e+000
      vertex   2.050312e+001 -4.197738e+001 0.000000e+000
      vertex   2.095754e+001 -4.209921e+001 5.000000e+000
    endloop
  endfacet
  facet normal -7.748651e-002 -9.969931e-001 -7.364954e-004
    outer loop
      vertex   2.262090e+001 -4.238689e+001 0.000000e+000
      vertex   2.337363e+001 -4.244540e+001 0.000000e+000
      vertex   2.319292e+001 -4.243505e+001 5.000000e+000
    endloop
  endfacet
  facet normal -2.511769e-002 -9.996841e-001 -9.337280e-004
    outer loop
      vertex   2.337363e+001 -4.244540e+001 0.000000e+000
      vertex   2.414977e+001 -4.246490e+001 0.000000e+000
      vertex   2.366687e+001 -4.245743e+001 5.000000e+000
    endloop
  endfacet
  facet normal -2.511769e-002 -9.996841e-001 9.337280e-004
    outer loop
      vertex   2.414977e+001 -4.246490e+001 1.000000e+001
      vertex   2.337363e+001 -4.244540e+001 1.000000e+001
      vertex   2.366687e+001 -4.245743e+001 5.000000e+000
    endloop
  endfacet
  facet normal -4.718733e-002 -9.988860e-001 -3.625001e-004
    outer loop
      vertex   2.366687e+001 -4.245743e+001 5.000000e+000
      vertex   2.337363e+001 -4.244540e+001 1.000000e+001
      vertex   2.319292e+001 -4.243505e+001 5.000000e+000
    endloop
  endfacet
  facet normal 1.000000e+000 8.191689e-016 0.000000e+000
    outer loop
      vertex   1.419657e+001 -4.168487e+001 1.000000e+001
      vertex   1.419657e+001 -4.168487e+001 0.000000e+000
      vertex   1.419657e+001 -3.734789e+001 1.000000e+001
    endloop
  endfacet
  facet normal 1.000000e+000 8.191689e-016 0.000000e+000
    outer loop
      vertex   1.419657e+001 -3.734789e+001 1.000000e+001
      vertex   1.419657e+001 -4.168487e+001 0.000000e+000
      vertex   1.419657e+001 -3.734789e+001 0.000000e+000
    endloop
  endfacet
  facet normal 0.000000e+000 -1.000000e+000 0.000000e+000
    outer loop
      vertex   4.617785e+000 -4.168487e+001 1.000000e+001
      vertex   4.617785e+000 -4.168487e+001 0.000000e+000
      vertex   1.419657e+001 -4.168487e+001 1.000000e+001
    endloop
  endfacet
  facet normal 0.000000e+000 -1.000000e+000 -0.000000e+000
    outer loop
      vertex   1.419657e+001 -4.168487e+001 1.000000e+001
      vertex   4.617785e+000 -4.168487e+001 0.000000e+000
      vertex   1.419657e+001 -4.168487e+001 0.000000e+000
    endloop
  endfacet
  facet normal -1.000000e+000 2.130697e-017 0.000000e+000
    outer loop
      vertex   4.617785e+000 1.443158e-006 1.000000e+001
      vertex   4.617785e+000 1.443158e-006 0.000000e+000
      vertex   4.617785e+000 -4.168487e+001 1.000000e+001
    endloop
  endfacet
  facet normal -1.000000e+000 2.130697e-017 0.000000e+000
    outer loop
      vertex   4.617785e+000 -4.168487e+001 1.000000e+001
      vertex   4.617785e+000 1.443158e-006 0.000000e+000
      vertex   4.617785e+000 -4.168487e+001 0.000000e+000
    endloop
  endfacet
  facet normal 0.000000e+000 1.000000e+000 0.000000e+000
    outer loop
      vertex   1.419657e+001 1.443158e-006 1.000000e+001
      vertex   1.419657e+001 1.443158e-006 0.000000e+000
      vertex   4.617785e+000 1.443158e-006 1.000000e+001
    endloop
  endfacet
  facet normal 0.000000e+000 1.000000e+000 0.000000e+000
    outer loop
      vertex   4.617785e+000 1.443158e-006 1.000000e+001
      vertex   1.419657e+001 1.443158e-006 0.000000e+000
      vertex   4.617785e+000 1.443158e-006 0.000000e+000
    endloop
  endfacet
  facet normal 1.000000e+000 -0.000000e+000 0.000000e+000
    outer loop
      vertex   1.419657e+001 -1.606864e+001 1.000000e+001
      vertex   1.419657e+001 -1.606864e+001 0.000000e+000
      vertex   1.419657e+001 1.443158e-006 1.000000e+001
    endloop
  endfacet
  facet normal 1.000000e+000 -0.000000e+000 0.000000e+000
    outer loop
      vertex   1.419657e+001 1.443158e-006 1.000000e+001
      vertex   1.419657e+001 -1.606864e+001 0.000000e+000
      vertex   1.419657e+001 1.443158e-006 0.000000e+000
    endloop
  endfacet
  facet normal -7.869514e-001 6.170150e-001 0.000000e+000
    outer loop
      vertex   1.419657e+001 -1.606864e+001 0.000000e+000
      vertex   1.419657e+001 -1.606864e+001 1.000000e+001
      vertex   1.451198e+001 -1.566636e+001 5.000000e+000
    endloop
  endfacet
  facet normal -7.690013e-001 6.392471e-001 3.518528e-004
    outer loop
      vertex   1.470213e+001 -1.543487e+001 0.000000e+000
      vertex   1.451198e+001 -1.566636e+001 5.000000e+000
      vertex   1.483237e+001 -1.528093e+001 5.000000e+000
    endloop
  endfacet
  facet normal -7.496718e-001 6.618097e-001 -3.380774e-004
    outer loop
      vertex   1.522036e+001 -1.484399e+001 0.000000e+000
      vertex   1.483237e+001 -1.528093e+001 5.000000e+000
      vertex   1.515775e+001 -1.491236e+001 5.000000e+000
    endloop
  endfacet
  facet normal -7.288935e-001 6.846270e-001 -2.341266e-004
    outer loop
      vertex   1.548810e+001 -1.456065e+001 5.000000e+000
      vertex   1.515775e+001 -1.491236e+001 5.000000e+000
      vertex   1.522036e+001 -1.484399e+001 1.000000e+001
    endloop
  endfacet
  facet normal -7.182000e-001 6.958361e-001 9.736957e-004
    outer loop
      vertex   1.575127e+001 -1.429602e+001 1.000000e+001
      vertex   1.548810e+001 -1.456065e+001 5.000000e+000
      vertex   1.522036e+001 -1.484399e+001 1.000000e+001
    endloop
  endfacet
  facet normal -7.066036e-001 7.076095e-001 -2.597828e-004
    outer loop
      vertex   1.575127e+001 -1.429602e+001 1.000000e+001
      vertex   1.582343e+001 -1.422579e+001 5.000000e+000
      vertex   1.548810e+001 -1.456065e+001 5.000000e+000
    endloop
  endfacet
  facet normal -6.827475e-001 7.306543e-001 4.082087e-004
    outer loop
      vertex   1.575127e+001 -1.429602e+001 1.000000e+001
      vertex   1.616375e+001 -1.390779e+001 5.000000e+000
      vertex   1.582343e+001 -1.422579e+001 5.000000e+000
    endloop
  endfacet
  facet normal -6.806777e-001 7.325827e-001 7.286883e-004
    outer loop
      vertex   1.575127e+001 -1.429602e+001 1.000000e+001
      vertex   1.629485e+001 -1.379095e+001 1.000000e+001
      vertex   1.616375e+001 -1.390779e+001 5.000000e+000
    endloop
  endfacet
  facet normal -6.572821e-001 7.536446e-001 -3.769525e-004
    outer loop
      vertex   1.616375e+001 -1.390779e+001 5.000000e+000
      vertex   1.629485e+001 -1.379095e+001 1.000000e+001
      vertex   1.650904e+001 -1.360665e+001 5.000000e+000
    endloop
  endfacet
  facet normal -6.390562e-001 7.691594e-001 -9.756879e-004
    outer loop
      vertex   1.629485e+001 -1.379095e+001 0.000000e+000
      vertex   1.650904e+001 -1.360665e+001 5.000000e+000
      vertex   1.685111e+001 -1.332878e+001 0.000000e+000
    endloop
  endfacet
  facet normal -6.572821e-001 7.536446e-001 3.769525e-004
    outer loop
      vertex   1.629485e+001 -1.379095e+001 0.000000e+000
      vertex   1.616375e+001 -1.390779e+001 5.000000e+000
      vertex   1.650904e+001 -1.360665e+001 5.000000e+000
    endloop
  endfacet
  facet normal -6.806777e-001 7.325827e-001 -7.286883e-004
    outer loop
      vertex   1.629485e+001 -1.379095e+001 0.000000e+000
      vertex   1.575127e+001 -1.429602e+001 0.000000e+000
      vertex   1.616375e+001 -1.390779e+001 5.000000e+000
    endloop
  endfacet
  facet normal -6.827475e-001 7.306543e-001 -4.082087e-004
    outer loop
      vertex   1.616375e+001 -1.390779e+001 5.000000e+000
      vertex   1.575127e+001 -1.429602e+001 0.000000e+000
      vertex   1.582343e+001 -1.422579e+001 5.000000e+000
    endloop
  endfacet
  facet normal -7.066036e-001 7.076095e-001 2.597828e-004
    outer loop
      vertex   1.582343e+001 -1.422579e+001 5.000000e+000
      vertex   1.575127e+001 -1.429602e+001 0.000000e+000
      vertex   1.548810e+001 -1.456065e+001 5.000000e+000
    endloop
  endfacet
  facet normal -7.182000e-001 6.958361e-001 -9.736957e-004
    outer loop
      vertex   1.548810e+001 -1.456065e+001 5.000000e+000
      vertex   1.575127e+001 -1.429602e+001 0.000000e+000
      vertex   1.522036e+001 -1.484399e+001 0.000000e+000
    endloop
  endfacet
  facet normal -7.288935e-001 6.846270e-001 2.341266e-004
    outer loop
      vertex   1.515775e+001 -1.491236e+001 5.000000e+000
      vertex   1.548810e+001 -1.456065e+001 5.000000e+000
      vertex   1.522036e+001 -1.484399e+001 0.000000e+000
    endloop
  endfacet
  facet normal -7.518075e-001 6.593823e-001 7.159329e-004
    outer loop
      vertex   1.522036e+001 -1.484399e+001 1.000000e+001
      vertex   1.483237e+001 -1.528093e+001 5.000000e+000
      vertex   1.470213e+001 -1.543487e+001 1.000000e+001
    endloop
  endfacet
  facet normal -7.496718e-001 6.618097e-001 3.380774e-004
    outer loop
      vertex   1.522036e+001 -1.484399e+001 1.000000e+001
      vertex   1.515775e+001 -1.491236e+001 5.000000e+000
      vertex   1.483237e+001 -1.528093e+001 5.000000e+000
    endloop
  endfacet
  facet normal -6.390562e-001 7.691594e-001 9.756879e-004
    outer loop
      vertex   1.629485e+001 -1.379095e+001 1.000000e+001
      vertex   1.685111e+001 -1.332878e+001 1.000000e+001
      vertex   1.650904e+001 -1.360665e+001 5.000000e+000
    endloop
  endfacet
  facet normal -6.301784e-001 7.764504e-001 -3.686551e-005
    outer loop
      vertex   1.650904e+001 -1.360665e+001 5.000000e+000
      vertex   1.685111e+001 -1.332878e+001 1.000000e+001
      vertex   1.685932e+001 -1.332236e+001 5.000000e+000
    endloop
  endfacet
  facet normal -6.014245e-001 7.989296e-001 -3.918239e-005
    outer loop
      vertex   1.685111e+001 -1.332878e+001 0.000000e+000
      vertex   1.685932e+001 -1.332236e+001 5.000000e+000
      vertex   1.721457e+001 -1.305493e+001 5.000000e+000
    endloop
  endfacet
  facet normal -5.710288e-001 8.209299e-001 4.083756e-004
    outer loop
      vertex   1.742005e+001 -1.290951e+001 0.000000e+000
      vertex   1.721457e+001 -1.305493e+001 5.000000e+000
      vertex   1.757481e+001 -1.280435e+001 5.000000e+000
    endloop
  endfacet
  facet normal -5.390225e-001 8.422913e-001 -3.300020e-004
    outer loop
      vertex   1.800166e+001 -1.253315e+001 0.000000e+000
      vertex   1.757481e+001 -1.280435e+001 5.000000e+000
      vertex   1.794002e+001 -1.257064e+001 5.000000e+000
    endloop
  endfacet
  facet normal -5.054613e-001 8.628493e-001 -2.378437e-004
    outer loop
      vertex   1.831022e+001 -1.235377e+001 5.000000e+000
      vertex   1.794002e+001 -1.257064e+001 5.000000e+000
      vertex   1.800166e+001 -1.253315e+001 1.000000e+001
    endloop
  endfacet
  facet normal -4.893436e-001 8.720904e-001 1.088335e-003
    outer loop
      vertex   1.859594e+001 -1.219969e+001 1.000000e+001
      vertex   1.831022e+001 -1.235377e+001 5.000000e+000
      vertex   1.800166e+001 -1.253315e+001 1.000000e+001
    endloop
  endfacet
  facet normal -4.703906e-001 8.824582e-001 -3.142497e-004
    outer loop
      vertex   1.859594e+001 -1.219969e+001 1.000000e+001
      vertex   1.868551e+001 -1.215372e+001 5.000000e+000
      vertex   1.831022e+001 -1.235377e+001 5.000000e+000
    endloop
  endfacet
  facet normal -4.333294e-001 9.012354e-001 5.222529e-004
    outer loop
      vertex   1.859594e+001 -1.219969e+001 1.000000e+001
      vertex   1.906877e+001 -1.196944e+001 5.000000e+000
      vertex   1.868551e+001 -1.215372e+001 5.000000e+000
    endloop
  endfacet
  facet normal -4.310486e-001 9.023284e-001 7.882714e-004
    outer loop
      vertex   1.859594e+001 -1.219969e+001 1.000000e+001
      vertex   1.920827e+001 -1.190717e+001 1.000000e+001
      vertex   1.906877e+001 -1.196944e+001 5.000000e+000
    endloop
  endfacet
  facet normal -3.954203e-001 9.185002e-001 -4.071220e-004
    outer loop
      vertex   1.906877e+001 -1.196944e+001 5.000000e+000
      vertex   1.920827e+001 -1.190717e+001 1.000000e+001
      vertex   1.946123e+001 -1.180049e+001 5.000000e+000
    endloop
  endfacet
  facet normal -3.704077e-001 9.288686e-001 -1.079560e-003
    outer loop
      vertex   1.920827e+001 -1.190717e+001 0.000000e+000
      vertex   1.946123e+001 -1.180049e+001 5.000000e+000
      vertex   1.984399e+001 -1.165366e+001 0.000000e+000
    endloop
  endfacet
  facet normal -3.954203e-001 9.185002e-001 4.071220e-004
    outer loop
      vertex   1.920827e+001 -1.190717e+001 0.000000e+000
      vertex   1.906877e+001 -1.196944e+001 5.000000e+000
      vertex   1.946123e+001 -1.180049e+001 5.000000e+000
    endloop
  endfacet
  facet normal -4.310486e-001 9.023284e-001 -7.882714e-004
    outer loop
      vertex   1.920827e+001 -1.190717e+001 0.000000e+000
      vertex   1.859594e+001 -1.219969e+001 0.000000e+000
      vertex   1.906877e+001 -1.196944e+001 5.000000e+000
    endloop
  endfacet
  facet normal -4.333294e-001 9.012354e-001 -5.222529e-004
    outer loop
      vertex   1.906877e+001 -1.196944e+001 5.000000e+000
      vertex   1.859594e+001 -1.219969e+001 0.000000e+000
      vertex   1.868551e+001 -1.215372e+001 5.000000e+000
    endloop
  endfacet
  facet normal -4.703906e-001 8.824582e-001 3.142497e-004
    outer loop
      vertex   1.868551e+001 -1.215372e+001 5.000000e+000
      vertex   1.859594e+001 -1.219969e+001 0.000000e+000
      vertex   1.831022e+001 -1.235377e+001 5.000000e+000
    endloop
  endfacet
  facet normal -4.893436e-001 8.720904e-001 -1.088335e-003
    outer loop
      vertex   1.831022e+001 -1.235377e+001 5.000000e+000
      vertex   1.859594e+001 -1.219969e+001 0.000000e+000
      vertex   1.800166e+001 -1.253315e+001 0.000000e+000
    endloop
  endfacet
  facet normal -5.054613e-001 8.628493e-001 2.378437e-004
    outer loop
      vertex   1.794002e+001 -1.257064e+001 5.000000e+000
      vertex   1.831022e+001 -1.235377e+001 5.000000e+000
      vertex   1.800166e+001 -1.253315e+001 0.000000e+000
    endloop
  endfacet
  facet normal -6.014245e-001 7.989296e-001 3.918239e-005
    outer loop
      vertex   1.685932e+001 -1.332236e+001 5.000000e+000
      vertex   1.685111e+001 -1.332878e+001 1.000000e+001
      vertex   1.721457e+001 -1.305493e+001 5.000000e+000
    endloop
  endfacet
  facet normal -5.932458e-001 8.050208e-001 9.673211e-004
    outer loop
      vertex   1.721457e+001 -1.305493e+001 5.000000e+000
      vertex   1.685111e+001 -1.332878e+001 1.000000e+001
      vertex   1.742005e+001 -1.290951e+001 1.000000e+001
    endloop
  endfacet
  facet normal -5.432803e-001 8.395510e-001 8.421317e-004
    outer loop
      vertex   1.757481e+001 -1.280435e+001 5.000000e+000
      vertex   1.742005e+001 -1.290951e+001 1.000000e+001
      vertex   1.800166e+001 -1.253315e+001 1.000000e+001
    endloop
  endfacet
  facet normal -5.390225e-001 8.422913e-001 3.300020e-004
    outer loop
      vertex   1.794002e+001 -1.257064e+001 5.000000e+000
      vertex   1.757481e+001 -1.280435e+001 5.000000e+000
      vertex   1.800166e+001 -1.253315e+001 1.000000e+001
    endloop
  endfacet
  facet normal -5.710288e-001 8.209299e-001 -4.083756e-004
    outer loop
      vertex   1.721457e+001 -1.305493e+001 5.000000e+000
      vertex   1.742005e+001 -1.290951e+001 1.000000e+001
      vertex   1.757481e+001 -1.280435e+001 5.000000e+000
    endloop
  endfacet
  facet normal -3.704077e-001 9.288686e-001 1.079560e-003
    outer loop
      vertex   1.920827e+001 -1.190717e+001 1.000000e+001
      vertex   1.984399e+001 -1.165366e+001 1.000000e+001
      vertex   1.946123e+001 -1.180049e+001 5.000000e+000
    endloop
  endfacet
  facet normal -3.572566e-001 9.340063e-001 -7.805569e-005
    outer loop
      vertex   1.946123e+001 -1.180049e+001 5.000000e+000
      vertex   1.984399e+001 -1.165366e+001 1.000000e+001
      vertex   1.986288e+001 -1.164686e+001 5.000000e+000
    endloop
  endfacet
  facet normal -3.154092e-001 9.489557e-001 -1.003875e-004
    outer loop
      vertex   1.984399e+001 -1.165366e+001 0.000000e+000
      vertex   1.986288e+001 -1.164686e+001 5.000000e+000
      vertex   2.035312e+001 -1.148392e+001 5.000000e+000
    endloop
  endfacet
  facet normal -2.701631e-001 9.628144e-001 5.139848e-004
    outer loop
      vertex   2.050312e+001 -1.143916e+001 0.000000e+000
      vertex   2.035312e+001 -1.148392e+001 5.000000e+000
      vertex   2.085639e+001 -1.134270e+001 5.000000e+000
    endloop
  endfacet
  facet normal -2.254744e-001 9.742489e-001 5.549677e-004
    outer loop
      vertex   2.118565e+001 -1.126365e+001 0.000000e+000
      vertex   2.085639e+001 -1.134270e+001 5.000000e+000
      vertex   2.137270e+001 -1.122321e+001 5.000000e+000
    endloop
  endfacet
  facet normal -1.816205e-001 9.833687e-001 4.545443e-005
    outer loop
      vertex   2.189158e+001 -1.112714e+001 0.000000e+000
      vertex   2.137270e+001 -1.122321e+001 5.000000e+000
      vertex   2.190204e+001 -1.112544e+001 5.000000e+000
    endloop
  endfacet
  facet normal -1.388392e-001 9.903149e-001 4.645559e-005
    outer loop
      vertex   2.244442e+001 -1.104940e+001 5.000000e+000
      vertex   2.190204e+001 -1.112544e+001 5.000000e+000
      vertex   2.189158e+001 -1.112714e+001 1.000000e+001
    endloop
  endfacet
  facet normal -1.325109e-001 9.911813e-001 7.596409e-004
    outer loop
      vertex   2.262090e+001 -1.102964e+001 1.000000e+001
      vertex   2.244442e+001 -1.104940e+001 5.000000e+000
      vertex   2.189158e+001 -1.112714e+001 1.000000e+001
    endloop
  endfacet
  facet normal -9.732618e-002 9.952524e-001 -4.983677e-004
    outer loop
      vertex   2.262090e+001 -1.102964e+001 1.000000e+001
      vertex   2.299983e+001 -1.099509e+001 5.000000e+000
      vertex   2.244442e+001 -1.104940e+001 5.000000e+000
    endloop
  endfacet
  facet normal -7.748649e-002 9.969929e-001 1.017222e-003
    outer loop
      vertex   2.262090e+001 -1.102964e+001 1.000000e+001
      vertex   2.337363e+001 -1.097114e+001 1.000000e+001
      vertex   2.299983e+001 -1.099509e+001 5.000000e+000
    endloop
  endfacet
  facet normal -5.723480e-002 9.983606e-001 -5.033551e-004
    outer loop
      vertex   2.299983e+001 -1.099509e+001 5.000000e+000
      vertex   2.337363e+001 -1.097114e+001 1.000000e+001
      vertex   2.356828e+001 -1.096250e+001 5.000000e+000
    endloop
  endfacet
  facet normal -2.511769e-002 9.996842e-001 -7.492295e-004
    outer loop
      vertex   2.337363e+001 -1.097114e+001 0.000000e+000
      vertex   2.356828e+001 -1.096250e+001 5.000000e+000
      vertex   2.414977e+001 -1.095164e+001 0.000000e+000
    endloop
  endfacet
  facet normal -5.723480e-002 9.983606e-001 5.033551e-004
    outer loop
      vertex   2.337363e+001 -1.097114e+001 0.000000e+000
      vertex   2.299983e+001 -1.099509e+001 5.000000e+000
      vertex   2.356828e+001 -1.096250e+001 5.000000e+000
    endloop
  endfacet
  facet normal -7.748649e-002 9.969929e-001 -1.017222e-003
    outer loop
      vertex   2.337363e+001 -1.097114e+001 0.000000e+000
      vertex   2.262090e+001 -1.102964e+001 0.000000e+000
      vertex   2.299983e+001 -1.099509e+001 5.000000e+000
    endloop
  endfacet
  facet normal -9.732618e-002 9.952524e-001 4.983677e-004
    outer loop
      vertex   2.299983e+001 -1.099509e+001 5.000000e+000
      vertex   2.262090e+001 -1.102964e+001 0.000000e+000
      vertex   2.244442e+001 -1.104940e+001 5.000000e+000
    endloop
  endfacet
  facet normal -1.325109e-001 9.911813e-001 -7.596409e-004
    outer loop
      vertex   2.244442e+001 -1.104940e+001 5.000000e+000
      vertex   2.262090e+001 -1.102964e+001 0.000000e+000
      vertex   2.189158e+001 -1.112714e+001 0.000000e+000
    endloop
  endfacet
  facet normal -1.388392e-001 9.903149e-001 -4.645559e-005
    outer loop
      vertex   2.190204e+001 -1.112544e+001 5.000000e+000
      vertex   2.244442e+001 -1.104940e+001 5.000000e+000
      vertex   2.189158e+001 -1.112714e+001 0.000000e+000
    endloop
  endfacet
  facet normal -3.154092e-001 9.489557e-001 1.003875e-004
    outer loop
      vertex   1.986288e+001 -1.164686e+001 5.000000e+000
      vertex   1.984399e+001 -1.165366e+001 1.000000e+001
      vertex   2.035312e+001 -1.148392e+001 5.000000e+000
    endloop
  endfacet
  facet normal -3.094676e-001 9.509097e-001 7.717264e-004
    outer loop
      vertex   2.035312e+001 -1.148392e+001 5.000000e+000
      vertex   1.984399e+001 -1.165366e+001 1.000000e+001
      vertex   2.050312e+001 -1.143916e+001 1.000000e+001
    endloop
  endfacet
  facet normal -2.490409e-001 9.684924e-001 1.087927e-003
    outer loop
      vertex   2.085639e+001 -1.134270e+001 5.000000e+000
      vertex   2.050312e+001 -1.143916e+001 1.000000e+001
      vertex   2.118565e+001 -1.126365e+001 1.000000e+001
    endloop
  endfacet
  facet normal -1.898532e-001 9.818121e-001 8.388031e-004
    outer loop
      vertex   2.137270e+001 -1.122321e+001 5.000000e+000
      vertex   2.118565e+001 -1.126365e+001 1.000000e+001
      vertex   2.189158e+001 -1.112714e+001 1.000000e+001
    endloop
  endfacet
  facet normal -1.816205e-001 9.833687e-001 -4.545443e-005
    outer loop
      vertex   2.190204e+001 -1.112544e+001 5.000000e+000
      vertex   2.137270e+001 -1.122321e+001 5.000000e+000
      vertex   2.189158e+001 -1.112714e+001 1.000000e+001
    endloop
  endfacet
  facet normal -2.701631e-001 9.628144e-001 -5.139848e-004
    outer loop
      vertex   2.035312e+001 -1.148392e+001 5.000000e+000
      vertex   2.050312e+001 -1.143916e+001 1.000000e+001
      vertex   2.085639e+001 -1.134270e+001 5.000000e+000
    endloop
  endfacet
  facet normal -2.254744e-001 9.742489e-001 -5.549677e-004
    outer loop
      vertex   2.085639e+001 -1.134270e+001 5.000000e+000
      vertex   2.118565e+001 -1.126365e+001 1.000000e+001
      vertex   2.137270e+001 -1.122321e+001 5.000000e+000
    endloop
  endfacet
  facet normal -2.511769e-002 9.996842e-001 7.492295e-004
    outer loop
      vertex   2.337363e+001 -1.097114e+001 1.000000e+001
      vertex   2.414977e+001 -1.095164e+001 1.000000e+001
      vertex   2.356828e+001 -1.096250e+001 5.000000e+000
    endloop
  endfacet
  facet normal -1.867795e-002 9.998256e-001 0.000000e+000
    outer loop
      vertex   2.356828e+001 -1.096250e+001 5.000000e+000
      vertex   2.414977e+001 -1.095164e+001 1.000000e+001
      vertex   2.414977e+001 -1.095164e+001 0.000000e+000
    endloop
  endfacet
  facet normal -1.898532e-001 9.818121e-001 -8.388031e-004
    outer loop
      vertex   2.189158e+001 -1.112714e+001 0.000000e+000
      vertex   2.118565e+001 -1.126365e+001 0.000000e+000
      vertex   2.137270e+001 -1.122321e+001 5.000000e+000
    endloop
  endfacet
  facet normal -2.490409e-001 9.684924e-001 -1.087927e-003
    outer loop
      vertex   2.118565e+001 -1.126365e+001 0.000000e+000
      vertex   2.050312e+001 -1.143916e+001 0.000000e+000
      vertex   2.085639e+001 -1.134270e+001 5.000000e+000
    endloop
  endfacet
  facet normal -3.094676e-001 9.509097e-001 -7.717264e-004
    outer loop
      vertex   2.050312e+001 -1.143916e+001 0.000000e+000
      vertex   1.984399e+001 -1.165366e+001 0.000000e+000
      vertex   2.035312e+001 -1.148392e+001 5.000000e+000
    endloop
  endfacet
  facet normal -3.572566e-001 9.340063e-001 7.805569e-005
    outer loop
      vertex   1.986288e+001 -1.164686e+001 5.000000e+000
      vertex   1.984399e+001 -1.165366e+001 0.000000e+000
      vertex   1.946123e+001 -1.180049e+001 5.000000e+000
    endloop
  endfacet
  facet normal -5.432803e-001 8.395510e-001 -8.421317e-004
    outer loop
      vertex   1.800166e+001 -1.253315e+001 0.000000e+000
      vertex   1.742005e+001 -1.290951e+001 0.000000e+000
      vertex   1.757481e+001 -1.280435e+001 5.000000e+000
    endloop
  endfacet
  facet normal -5.932458e-001 8.050208e-001 -9.673211e-004
    outer loop
      vertex   1.742005e+001 -1.290951e+001 0.000000e+000
      vertex   1.685111e+001 -1.332878e+001 0.000000e+000
      vertex   1.721457e+001 -1.305493e+001 5.000000e+000
    endloop
  endfacet
  facet normal -6.301784e-001 7.764504e-001 3.686551e-005
    outer loop
      vertex   1.685932e+001 -1.332236e+001 5.000000e+000
      vertex   1.685111e+001 -1.332878e+001 0.000000e+000
      vertex   1.650904e+001 -1.360665e+001 5.000000e+000
    endloop
  endfacet
  facet normal -7.518075e-001 6.593823e-001 -7.159329e-004
    outer loop
      vertex   1.522036e+001 -1.484399e+001 0.000000e+000
      vertex   1.470213e+001 -1.543487e+001 0.000000e+000
      vertex   1.483237e+001 -1.528093e+001 5.000000e+000
    endloop
  endfacet
  facet normal -7.817478e-001 6.235942e-001 -8.575903e-004
    outer loop
      vertex   1.470213e+001 -1.543487e+001 0.000000e+000
      vertex   1.419657e+001 -1.606864e+001 0.000000e+000
      vertex   1.451198e+001 -1.566636e+001 5.000000e+000
    endloop
  endfacet
  facet normal -7.817478e-001 6.235942e-001 8.575903e-004
    outer loop
      vertex   1.419657e+001 -1.606864e+001 1.000000e+001
      vertex   1.470213e+001 -1.543487e+001 1.000000e+001
      vertex   1.451198e+001 -1.566636e+001 5.000000e+000
    endloop
  endfacet
  facet normal -7.690013e-001 6.392471e-001 -3.518528e-004
    outer loop
      vertex   1.451198e+001 -1.566636e+001 5.000000e+000
      vertex   1.470213e+001 -1.543487e+001 1.000000e+001
      vertex   1.483237e+001 -1.528093e+001 5.000000e+000
    endloop
  endfacet
  facet normal -0.000000e+000 0.000000e+000 1.000000e+000
    outer loop
      vertex   2.018489e+001 -3.549818e+001 1.000000e+001
      vertex   1.419657e+001 -3.734789e+001 1.000000e+001
      vertex   2.056162e+001 -3.550702e+001 1.000000e+001
    endloop
  endfacet
  facet normal 0.000000e+000 0.000000e+000 1.000000e+000
    outer loop
      vertex   2.018489e+001 -3.549818e+001 1.000000e+001
      vertex   1.981913e+001 -3.547167e+001 1.000000e+001
      vertex   1.419657e+001 -3.734789e+001 1.000000e+001
    endloop
  endfacet
  facet normal 0.000000e+000 -0.000000e+000 1.000000e+000
    outer loop
      vertex   1.419657e+001 -3.734789e+001 1.000000e+001
      vertex   1.981913e+001 -3.547167e+001 1.000000e+001
      vertex   1.946434e+001 -3.542749e+001 1.000000e+001
    endloop
  endfacet
  facet normal -0.000000e+000 0.000000e+000 1.000000e+000
    outer loop
      vertex   1.912051e+001 -3.536564e+001 1.000000e+001
      vertex   1.419657e+001 -3.734789e+001 1.000000e+001
      vertex   1.946434e+001 -3.542749e+001 1.000000e+001
    endloop
  endfacet
  facet normal 0.000000e+000 0.000000e+000 1.000000e+000
    outer loop
      vertex   1.912051e+001 -3.536564e+001 1.000000e+001
      vertex   1.878766e+001 -3.528611e+001 1.000000e+001
      vertex   1.419657e+001 -3.734789e+001 1.000000e+001
    endloop
  endfacet
  facet normal 0.000000e+000 -0.000000e+000 1.000000e+000
    outer loop
      vertex   1.419657e+001 -3.734789e+001 1.000000e+001
      vertex   1.878766e+001 -3.528611e+001 1.000000e+001
      vertex   1.846578e+001 -3.518891e+001 1.000000e+001
    endloop
  endfacet
  facet normal 0.000000e+000 -0.000000e+000 1.000000e+000
    outer loop
      vertex   4.617785e+000 -4.168487e+001 1.000000e+001
      vertex   1.846578e+001 -3.518891e+001 1.000000e+001
      vertex   1.815486e+001 -3.507404e+001 1.000000e+001
    endloop
  endfacet
  facet normal -0.000000e+000 0.000000e+000 1.000000e+000
    outer loop
      vertex   1.785491e+001 -3.494150e+001 1.000000e+001
      vertex   4.617785e+000 -4.168487e+001 1.000000e+001
      vertex   1.815486e+001 -3.507404e+001 1.000000e+001
    endloop
  endfacet
  facet normal 0.000000e+000 0.000000e+000 1.000000e+000
    outer loop
      vertex   1.785491e+001 -3.494150e+001 1.000000e+001
      vertex   1.756594e+001 -3.479128e+001 1.000000e+001
      vertex   4.617785e+000 -4.168487e+001 1.000000e+001
    endloop
  endfacet
  facet normal 0.000000e+000 -0.000000e+000 1.000000e+000
    outer loop
      vertex   4.617785e+000 -4.168487e+001 1.000000e+001
      vertex   1.756594e+001 -3.479128e+001 1.000000e+001
      vertex   1.728793e+001 -3.462339e+001 1.000000e+001
    endloop
  endfacet
  facet normal -0.000000e+000 0.000000e+000 1.000000e+000
    outer loop
      vertex   1.702089e+001 -3.443783e+001 1.000000e+001
      vertex   4.617785e+000 -4.168487e+001 1.000000e+001
      vertex   1.728793e+001 -3.462339e+001 1.000000e+001
    endloop
  endfacet
  facet normal 0.000000e+000 0.000000e+000 1.000000e+000
    outer loop
      vertex   1.702089e+001 -3.443783e+001 1.000000e+001
      vertex   1.676482e+001 -3.423459e+001 1.000000e+001
      vertex   4.617785e+000 -4.168487e+001 1.000000e+001
    endloop
  endfacet
  facet normal 0.000000e+000 -0.000000e+000 1.000000e+000
    outer loop
      vertex   4.617785e+000 -4.168487e+001 1.000000e+001
      vertex   1.676482e+001 -3.423459e+001 1.000000e+001
      vertex   1.651972e+001 -3.401369e+001 1.000000e+001
    endloop
  endfacet
  facet normal -0.000000e+000 0.000000e+000 1.000000e+000
    outer loop
      vertex   1.628559e+001 -3.377511e+001 1.000000e+001
      vertex   4.617785e+000 -4.168487e+001 1.000000e+001
      vertex   1.651972e+001 -3.401369e+001 1.000000e+001
    endloop
  endfacet
  facet normal 0.000000e+000 0.000000e+000 1.000000e+000
    outer loop
      vertex   1.628559e+001 -3.377511e+001 1.000000e+001
      vertex   1.606243e+001 -3.351885e+001 1.000000e+001
      vertex   4.617785e+000 -4.168487e+001 1.000000e+001
    endloop
  endfacet
  facet normal 0.000000e+000 -0.000000e+000 1.000000e+000
    outer loop
      vertex   4.617785e+000 -4.168487e+001 1.000000e+001
      vertex   1.606243e+001 -3.351885e+001 1.000000e+001
      vertex   1.585023e+001 -3.324493e+001 1.000000e+001
    endloop
  endfacet
  facet normal -0.000000e+000 0.000000e+000 1.000000e+000
    outer loop
      vertex   1.564999e+001 -3.295431e+001 1.000000e+001
      vertex   4.617785e+000 -4.168487e+001 1.000000e+001
      vertex   1.585023e+001 -3.324493e+001 1.000000e+001
    endloop
  endfacet
  facet normal 0.000000e+000 0.000000e+000 1.000000e+000
    outer loop
      vertex   1.564999e+001 -3.295431e+001 1.000000e+001
      vertex   1.546266e+001 -3.264796e+001 1.000000e+001
      vertex   4.617785e+000 -4.168487e+001 1.000000e+001
    endloop
  endfacet
  facet normal 0.000000e+000 -0.000000e+000 1.000000e+000
    outer loop
      vertex   4.617785e+000 -4.168487e+001 1.000000e+001
      vertex   1.546266e+001 -3.264796e+001 1.000000e+001
      vertex   1.528825e+001 -3.232589e+001 1.000000e+001
    endloop
  endfacet
  facet normal -0.000000e+000 0.000000e+000 1.000000e+000
    outer loop
      vertex   1.512676e+001 -3.198810e+001 1.000000e+001
      vertex   4.617785e+000 -4.168487e+001 1.000000e+001
      vertex   1.528825e+001 -3.232589e+001 1.000000e+001
    endloop
  endfacet
  facet normal 0.000000e+000 0.000000e+000 1.000000e+000
    outer loop
      vertex   1.512676e+001 -3.198810e+001 1.000000e+001
      vertex   1.497818e+001 -3.163459e+001 1.000000e+001
      vertex   4.617785e+000 -4.168487e+001 1.000000e+001
    endloop
  endfacet
  facet normal 0.000000e+000 -0.000000e+000 1.000000e+000
    outer loop
      vertex   4.617785e+000 -4.168487e+001 1.000000e+001
      vertex   1.497818e+001 -3.163459e+001 1.000000e+001
      vertex   1.484253e+001 -3.126536e+001 1.000000e+001
    endloop
  endfacet
  facet normal -0.000000e+000 0.000000e+000 1.000000e+000
    outer loop
      vertex   1.471980e+001 -3.088040e+001 1.000000e+001
      vertex   4.617785e+000 -4.168487e+001 1.000000e+001
      vertex   1.484253e+001 -3.126536e+001 1.000000e+001
    endloop
  endfacet
  facet normal 0.000000e+000 0.000000e+000 1.000000e+000
    outer loop
      vertex   1.471980e+001 -3.088040e+001 1.000000e+001
      vertex   1.460998e+001 -3.047972e+001 1.000000e+001
      vertex   4.617785e+000 -4.168487e+001 1.000000e+001
    endloop
  endfacet
  facet normal 0.000000e+000 -0.000000e+000 1.000000e+000
    outer loop
      vertex   4.617785e+000 -4.168487e+001 1.000000e+001
      vertex   1.460998e+001 -3.047972e+001 1.000000e+001
      vertex   1.451309e+001 -3.006332e+001 1.000000e+001
    endloop
  endfacet
  facet normal -0.000000e+000 0.000000e+000 1.000000e+000
    outer loop
      vertex   1.442911e+001 -2.963119e+001 1.000000e+001
      vertex   4.617785e+000 -4.168487e+001 1.000000e+001
      vertex   1.451309e+001 -3.006332e+001 1.000000e+001
    endloop
  endfacet
  facet normal 0.000000e+000 0.000000e+000 1.000000e+000
    outer loop
      vertex   1.442911e+001 -2.963119e+001 1.000000e+001
      vertex   1.435806e+001 -2.918334e+001 1.000000e+001
      vertex   4.617785e+000 -4.168487e+001 1.000000e+001
    endloop
  endfacet
  facet normal 0.000000e+000 -0.000000e+000 1.000000e+000
    outer loop
      vertex   4.617785e+000 -4.168487e+001 1.000000e+001
      vertex   1.435806e+001 -2.918334e+001 1.000000e+001
      vertex   1.429992e+001 -2.871977e+001 1.000000e+001
    endloop
  endfacet
  facet normal -0.000000e+000 0.000000e+000 1.000000e+000
    outer loop
      vertex   1.425470e+001 -2.824048e+001 1.000000e+001
      vertex   4.617785e+000 -4.168487e+001 1.000000e+001
      vertex   1.429992e+001 -2.871977e+001 1.000000e+001
    endloop
  endfacet
  facet normal 0.000000e+000 0.000000e+000 1.000000e+000
    outer loop
      vertex   1.425470e+001 -2.824048e+001 1.000000e+001
      vertex   1.422241e+001 -2.774546e+001 1.000000e+001
      vertex   4.617785e+000 -4.168487e+001 1.000000e+001
    endloop
  endfacet
  facet normal 0.000000e+000 -0.000000e+000 1.000000e+000
    outer loop
      vertex   4.617785e+000 -4.168487e+001 1.000000e+001
      vertex   1.422241e+001 -2.774546e+001 1.000000e+001
      vertex   1.420303e+001 -2.723473e+001 1.000000e+001
    endloop
  endfacet
  facet normal -0.000000e+000 0.000000e+000 1.000000e+000
    outer loop
      vertex   1.419657e+001 -2.670827e+001 1.000000e+001
      vertex   4.617785e+000 -4.168487e+001 1.000000e+001
      vertex   1.420303e+001 -2.723473e+001 1.000000e+001
    endloop
  endfacet
  facet normal 0.000000e+000 -0.000000e+000 1.000000e+000
    outer loop
      vertex   1.419657e+001 -2.670827e+001 1.000000e+001
      vertex   1.420303e+001 -2.618181e+001 1.000000e+001
      vertex   4.617785e+000 -4.168487e+001 1.000000e+001
    endloop
  endfacet
  facet normal 0.000000e+000 0.000000e+000 1.000000e+000
    outer loop
      vertex   4.617785e+000 -4.168487e+001 1.000000e+001
      vertex   1.420303e+001 -2.618181e+001 1.000000e+001
      vertex   1.422241e+001 -2.567107e+001 1.000000e+001
    endloop
  endfacet
  facet normal -0.000000e+000 0.000000e+000 1.000000e+000
    outer loop
      vertex   1.425470e+001 -2.517605e+001 1.000000e+001
      vertex   4.617785e+000 -4.168487e+001 1.000000e+001
      vertex   1.422241e+001 -2.567107e+001 1.000000e+001
    endloop
  endfacet
  facet normal 0.000000e+000 -0.000000e+000 1.000000e+000
    outer loop
      vertex   1.425470e+001 -2.517605e+001 1.000000e+001
      vertex   1.429992e+001 -2.469676e+001 1.000000e+001
      vertex   4.617785e+000 -4.168487e+001 1.000000e+001
    endloop
  endfacet
  facet normal 0.000000e+000 0.000000e+000 1.000000e+000
    outer loop
      vertex   4.617785e+000 -4.168487e+001 1.000000e+001
      vertex   1.429992e+001 -2.469676e+001 1.000000e+001
      vertex   1.435806e+001 -2.423319e+001 1.000000e+001
    endloop
  endfacet
  facet normal -0.000000e+000 0.000000e+000 1.000000e+000
    outer loop
      vertex   1.442911e+001 -2.378534e+001 1.000000e+001
      vertex   4.617785e+000 -4.168487e+001 1.000000e+001
      vertex   1.435806e+001 -2.423319e+001 1.000000e+001
    endloop
  endfacet
  facet normal 0.000000e+000 -0.000000e+000 1.000000e+000
    outer loop
      vertex   1.442911e+001 -2.378534e+001 1.000000e+001
      vertex   1.451309e+001 -2.335322e+001 1.000000e+001
      vertex   4.617785e+000 -4.168487e+001 1.000000e+001
    endloop
  endfacet
  facet normal 0.000000e+000 0.000000e+000 1.000000e+000
    outer loop
      vertex   4.617785e+000 -4.168487e+001 1.000000e+001
      vertex   1.451309e+001 -2.335322e+001 1.000000e+001
      vertex   1.460998e+001 -2.293682e+001 1.000000e+001
    endloop
  endfacet
  facet normal -0.000000e+000 0.000000e+000 1.000000e+000
    outer loop
      vertex   1.471980e+001 -2.253614e+001 1.000000e+001
      vertex   4.617785e+000 -4.168487e+001 1.000000e+001
      vertex   1.460998e+001 -2.293682e+001 1.000000e+001
    endloop
  endfacet
  facet normal 0.000000e+000 -0.000000e+000 1.000000e+000
    outer loop
      vertex   1.471980e+001 -2.253614e+001 1.000000e+001
      vertex   1.484253e+001 -2.215118e+001 1.000000e+001
      vertex   4.617785e+000 -4.168487e+001 1.000000e+001
    endloop
  endfacet
  facet normal 0.000000e+000 0.000000e+000 1.000000e+000
    outer loop
      vertex   4.617785e+000 -4.168487e+001 1.000000e+001
      vertex   1.484253e+001 -2.215118e+001 1.000000e+001
      vertex   1.497818e+001 -2.178194e+001 1.000000e+001
    endloop
  endfacet
  facet normal -0.000000e+000 0.000000e+000 1.000000e+000
    outer loop
      vertex   1.512676e+001 -2.142843e+001 1.000000e+001
      vertex   4.617785e+000 -4.168487e+001 1.000000e+001
      vertex   1.497818e+001 -2.178194e+001 1.000000e+001
    endloop
  endfacet
  facet normal 0.000000e+000 -0.000000e+000 1.000000e+000
    outer loop
      vertex   1.512676e+001 -2.142843e+001 1.000000e+001
      vertex   1.528825e+001 -2.109064e+001 1.000000e+001
      vertex   4.617785e+000 -4.168487e+001 1.000000e+001
    endloop
  endfacet
  facet normal 0.000000e+000 -0.000000e+000 1.000000e+000
    outer loop
      vertex   4.617785e+000 -4.168487e+001 1.000000e+001
      vertex   1.528825e+001 -2.109064e+001 1.000000e+001
      vertex   1.419657e+001 -1.606864e+001 1.000000e+001
    endloop
  endfacet
  facet normal -0.000000e+000 0.000000e+000 1.000000e+000
    outer loop
      vertex   4.617785e+000 1.443158e-006 1.000000e+001
      vertex   1.419657e+001 -1.606864e+001 1.000000e+001
      vertex   1.419657e+001 1.443158e-006 1.000000e+001
    endloop
  endfacet
  facet normal -0.000000e+000 0.000000e+000 1.000000e+000
    outer loop
      vertex   4.617785e+000 1.443158e-006 1.000000e+001
      vertex   4.617785e+000 -4.168487e+001 1.000000e+001
      vertex   1.419657e+001 -1.606864e+001 1.000000e+001
    endloop
  endfacet
  facet normal 0.000000e+000 -0.000000e+000 1.000000e+000
    outer loop
      vertex   1.419657e+001 -3.734789e+001 1.000000e+001
      vertex   1.846578e+001 -3.518891e+001 1.000000e+001
      vertex   4.617785e+000 -4.168487e+001 1.000000e+001
    endloop
  endfacet
  facet normal 0.000000e+000 0.000000e+000 1.000000e+000
    outer loop
      vertex   1.419657e+001 -4.168487e+001 1.000000e+001
      vertex   1.419657e+001 -3.734789e+001 1.000000e+001
      vertex   4.617785e+000 -4.168487e+001 1.000000e+001
    endloop
  endfacet
  facet normal 0.000000e+000 -0.000000e+000 1.000000e+000
    outer loop
      vertex   1.528825e+001 -2.109064e+001 1.000000e+001
      vertex   1.546266e+001 -2.076857e+001 1.000000e+001
      vertex   1.419657e+001 -1.606864e+001 1.000000e+001
    endloop
  endfacet
  facet normal -0.000000e+000 0.000000e+000 1.000000e+000
    outer loop
      vertex   1.419657e+001 -1.606864e+001 1.000000e+001
      vertex   1.546266e+001 -2.076857e+001 1.000000e+001
      vertex   1.564999e+001 -2.046223e+001 1.000000e+001
    endloop
  endfacet
  facet normal 0.000000e+000 0.000000e+000 1.000000e+000
    outer loop
      vertex   1.585023e+001 -2.017161e+001 1.000000e+001
      vertex   1.419657e+001 -1.606864e+001 1.000000e+001
      vertex   1.564999e+001 -2.046223e+001 1.000000e+001
    endloop
  endfacet
  facet normal 0.000000e+000 -0.000000e+000 1.000000e+000
    outer loop
      vertex   1.585023e+001 -2.017161e+001 1.000000e+001
      vertex   1.606243e+001 -1.989768e+001 1.000000e+001
      vertex   1.419657e+001 -1.606864e+001 1.000000e+001
    endloop
  endfacet
  facet normal -0.000000e+000 0.000000e+000 1.000000e+000
    outer loop
      vertex   1.419657e+001 -1.606864e+001 1.000000e+001
      vertex   1.606243e+001 -1.989768e+001 1.000000e+001
      vertex   1.628559e+001 -1.964143e+001 1.000000e+001
    endloop
  endfacet
  facet normal 0.000000e+000 0.000000e+000 1.000000e+000
    outer loop
      vertex   1.651972e+001 -1.940285e+001 1.000000e+001
      vertex   1.419657e+001 -1.606864e+001 1.000000e+001
      vertex   1.628559e+001 -1.964143e+001 1.000000e+001
    endloop
  endfacet
  facet normal 0.000000e+000 -0.000000e+000 1.000000e+000
    outer loop
      vertex   1.651972e+001 -1.940285e+001 1.000000e+001
      vertex   1.676482e+001 -1.918194e+001 1.000000e+001
      vertex   1.419657e+001 -1.606864e+001 1.000000e+001
    endloop
  endfacet
  facet normal -0.000000e+000 0.000000e+000 1.000000e+000
    outer loop
      vertex   1.419657e+001 -1.606864e+001 1.000000e+001
      vertex   1.676482e+001 -1.918194e+001 1.000000e+001
      vertex   1.702089e+001 -1.897871e+001 1.000000e+001
    endloop
  endfacet
  facet normal 0.000000e+000 0.000000e+000 1.000000e+000
    outer loop
      vertex   1.728793e+001 -1.879314e+001 1.000000e+001
      vertex   1.419657e+001 -1.606864e+001 1.000000e+001
      vertex   1.702089e+001 -1.897871e+001 1.000000e+001
    endloop
  endfacet
  facet normal 0.000000e+000 -0.000000e+000 1.000000e+000
    outer loop
      vertex   1.728793e+001 -1.879314e+001 1.000000e+001
      vertex   1.756594e+001 -1.862525e+001 1.000000e+001
      vertex   1.419657e+001 -1.606864e+001 1.000000e+001
    endloop
  endfacet
  facet normal -0.000000e+000 0.000000e+000 1.000000e+000
    outer loop
      vertex   1.419657e+001 -1.606864e+001 1.000000e+001
      vertex   1.756594e+001 -1.862525e+001 1.000000e+001
      vertex   1.785491e+001 -1.847504e+001 1.000000e+001
    endloop
  endfacet
  facet normal 0.000000e+000 0.000000e+000 1.000000e+000
    outer loop
      vertex   1.815486e+001 -1.834249e+001 1.000000e+001
      vertex   1.419657e+001 -1.606864e+001 1.000000e+001
      vertex   1.785491e+001 -1.847504e+001 1.000000e+001
    endloop
  endfacet
  facet normal 0.000000e+000 -0.000000e+000 1.000000e+000
    outer loop
      vertex   1.815486e+001 -1.834249e+001 1.000000e+001
      vertex   1.846578e+001 -1.822762e+001 1.000000e+001
      vertex   1.419657e+001 -1.606864e+001 1.000000e+001
    endloop
  endfacet
  facet normal -0.000000e+000 0.000000e+000 1.000000e+000
    outer loop
      vertex   1.419657e+001 -1.606864e+001 1.000000e+001
      vertex   1.846578e+001 -1.822762e+001 1.000000e+001
      vertex   1.878766e+001 -1.813042e+001 1.000000e+001
    endloop
  endfacet
  facet normal 0.000000e+000 0.000000e+000 1.000000e+000
    outer loop
      vertex   1.912051e+001 -1.805090e+001 1.000000e+001
      vertex   1.419657e+001 -1.606864e+001 1.000000e+001
      vertex   1.878766e+001 -1.813042e+001 1.000000e+001
    endloop
  endfacet
  facet normal 0.000000e+000 -0.000000e+000 1.000000e+000
    outer loop
      vertex   1.912051e+001 -1.805090e+001 1.000000e+001
      vertex   1.946434e+001 -1.798904e+001 1.000000e+001
      vertex   1.419657e+001 -1.606864e+001 1.000000e+001
    endloop
  endfacet
  facet normal -0.000000e+000 0.000000e+000 1.000000e+000
    outer loop
      vertex   1.419657e+001 -1.606864e+001 1.000000e+001
      vertex   1.946434e+001 -1.798904e+001 1.000000e+001
      vertex   1.981913e+001 -1.794486e+001 1.000000e+001
    endloop
  endfacet
  facet normal 0.000000e+000 0.000000e+000 1.000000e+000
    outer loop
      vertex   2.018489e+001 -1.791835e+001 1.000000e+001
      vertex   1.419657e+001 -1.606864e+001 1.000000e+001
      vertex   1.981913e+001 -1.794486e+001 1.000000e+001
    endloop
  endfacet
  facet normal 0.000000e+000 -0.000000e+000 1.000000e+000
    outer loop
      vertex   2.018489e+001 -1.791835e+001 1.000000e+001
      vertex   3.409419e+001 -1.650960e+001 1.000000e+001
      vertex   1.419657e+001 -1.606864e+001 1.000000e+001
    endloop
  endfacet
  facet normal 0.000000e+000 -0.000000e+000 1.000000e+000
    outer loop
      vertex   2.018489e+001 -1.791835e+001 1.000000e+001
      vertex   3.446934e+001 -1.711053e+001 1.000000e+001
      vertex   3.409419e+001 -1.650960e+001 1.000000e+001
    endloop
  endfacet
  facet normal 0.000000e+000 0.000000e+000 1.000000e+000
    outer loop
      vertex   2.018489e+001 -1.791835e+001 1.000000e+001
      vertex   2.056162e+001 -1.790951e+001 1.000000e+001
      vertex   3.446934e+001 -1.711053e+001 1.000000e+001
    endloop
  endfacet
  facet normal -0.000000e+000 0.000000e+000 1.000000e+000
    outer loop
      vertex   3.446934e+001 -1.711053e+001 1.000000e+001
      vertex   2.056162e+001 -1.790951e+001 1.000000e+001
      vertex   3.481669e+001 -1.773108e+001 1.000000e+001
    endloop
  endfacet
  facet normal 0.000000e+000 0.000000e+000 1.000000e+000
    outer loop
      vertex   3.481669e+001 -1.773108e+001 1.000000e+001
      vertex   2.056162e+001 -1.790951e+001 1.000000e+001
      vertex   2.094201e+001 -1.791829e+001 1.000000e+001
    endloop
  endfacet
  facet normal 0.000000e+000 -0.000000e+000 1.000000e+000
    outer loop
      vertex   2.131094e+001 -1.794462e+001 1.000000e+001
      vertex   3.481669e+001 -1.773108e+001 1.000000e+001
      vertex   2.094201e+001 -1.791829e+001 1.000000e+001
    endloop
  endfacet
  facet normal -0.000000e+000 0.000000e+000 1.000000e+000
    outer loop
      vertex   2.131094e+001 -1.794462e+001 1.000000e+001
      vertex   2.166841e+001 -1.798849e+001 1.000000e+001
      vertex   3.481669e+001 -1.773108e+001 1.000000e+001
    endloop
  endfacet
  facet normal 0.000000e+000 0.000000e+000 1.000000e+000
    outer loop
      vertex   3.481669e+001 -1.773108e+001 1.000000e+001
      vertex   2.166841e+001 -1.798849e+001 1.000000e+001
      vertex   2.201443e+001 -1.804992e+001 1.000000e+001
    endloop
  endfacet
  facet normal 0.000000e+000 -0.000000e+000 1.000000e+000
    outer loop
      vertex   2.234899e+001 -1.812890e+001 1.000000e+001
      vertex   3.481669e+001 -1.773108e+001 1.000000e+001
      vertex   2.201443e+001 -1.804992e+001 1.000000e+001
    endloop
  endfacet
  facet normal -0.000000e+000 0.000000e+000 1.000000e+000
    outer loop
      vertex   2.234899e+001 -1.812890e+001 1.000000e+001
      vertex   2.267209e+001 -1.822543e+001 1.000000e+001
      vertex   3.481669e+001 -1.773108e+001 1.000000e+001
    endloop
  endfacet
  facet normal 0.000000e+000 0.000000e+000 1.000000e+000
    outer loop
      vertex   3.481669e+001 -1.773108e+001 1.000000e+001
      vertex   2.267209e+001 -1.822543e+001 1.000000e+001
      vertex   2.298374e+001 -1.833951e+001 1.000000e+001
    endloop
  endfacet
  facet normal 0.000000e+000 -0.000000e+000 1.000000e+000
    outer loop
      vertex   2.328393e+001 -1.847114e+001 1.000000e+001
      vertex   3.481669e+001 -1.773108e+001 1.000000e+001
      vertex   2.298374e+001 -1.833951e+001 1.000000e+001
    endloop
  endfacet
  facet normal -0.000000e+000 0.000000e+000 1.000000e+000
    outer loop
      vertex   2.328393e+001 -1.847114e+001 1.000000e+001
      vertex   2.357266e+001 -1.862032e+001 1.000000e+001
      vertex   3.481669e+001 -1.773108e+001 1.000000e+001
    endloop
  endfacet
  facet normal 0.000000e+000 0.000000e+000 1.000000e+000
    outer loop
      vertex   3.481669e+001 -1.773108e+001 1.000000e+001
      vertex   2.357266e+001 -1.862032e+001 1.000000e+001
      vertex   2.384994e+001 -1.878705e+001 1.000000e+001
    endloop
  endfacet
  facet normal 0.000000e+000 -0.000000e+000 1.000000e+000
    outer loop
      vertex   2.411576e+001 -1.897133e+001 1.000000e+001
      vertex   3.481669e+001 -1.773108e+001 1.000000e+001
      vertex   2.384994e+001 -1.878705e+001 1.000000e+001
    endloop
  endfacet
  facet normal -0.000000e+000 0.000000e+000 1.000000e+000
    outer loop
      vertex   2.411576e+001 -1.897133e+001 1.000000e+001
      vertex   2.437012e+001 -1.917317e+001 1.000000e+001
      vertex   3.481669e+001 -1.773108e+001 1.000000e+001
    endloop
  endfacet
  facet normal 0.000000e+000 0.000000e+000 1.000000e+000
    outer loop
      vertex   3.481669e+001 -1.773108e+001 1.000000e+001
      vertex   2.437012e+001 -1.917317e+001 1.000000e+001
      vertex   2.461303e+001 -1.939255e+001 1.000000e+001
    endloop
  endfacet
  facet normal 0.000000e+000 -0.000000e+000 1.000000e+000
    outer loop
      vertex   2.484448e+001 -1.962948e+001 1.000000e+001
      vertex   3.481669e+001 -1.773108e+001 1.000000e+001
      vertex   2.461303e+001 -1.939255e+001 1.000000e+001
    endloop
  endfacet
  facet normal -0.000000e+000 0.000000e+000 1.000000e+000
    outer loop
      vertex   2.484448e+001 -1.962948e+001 1.000000e+001
      vertex   2.506447e+001 -1.988397e+001 1.000000e+001
      vertex   3.481669e+001 -1.773108e+001 1.000000e+001
    endloop
  endfacet
  facet normal 0.000000e+000 0.000000e+000 1.000000e+000
    outer loop
      vertex   3.481669e+001 -1.773108e+001 1.000000e+001
      vertex   2.506447e+001 -1.988397e+001 1.000000e+001
      vertex   2.527301e+001 -2.015600e+001 1.000000e+001
    endloop
  endfacet
  facet normal 0.000000e+000 -0.000000e+000 1.000000e+000
    outer loop
      vertex   2.546948e+001 -2.044486e+001 1.000000e+001
      vertex   3.481669e+001 -1.773108e+001 1.000000e+001
      vertex   2.527301e+001 -2.015600e+001 1.000000e+001
    endloop
  endfacet
  facet normal -0.000000e+000 0.000000e+000 1.000000e+000
    outer loop
      vertex   2.546948e+001 -2.044486e+001 1.000000e+001
      vertex   2.565328e+001 -2.074980e+001 1.000000e+001
      vertex   3.481669e+001 -1.773108e+001 1.000000e+001
    endloop
  endfacet
  facet normal 0.000000e+000 0.000000e+000 1.000000e+000
    outer loop
      vertex   3.481669e+001 -1.773108e+001 1.000000e+001
      vertex   2.565328e+001 -2.074980e+001 1.000000e+001
      vertex   2.582440e+001 -2.107084e+001 1.000000e+001
    endloop
  endfacet
  facet normal 0.000000e+000 -0.000000e+000 1.000000e+000
    outer loop
      vertex   2.598284e+001 -2.140795e+001 1.000000e+001
      vertex   3.481669e+001 -1.773108e+001 1.000000e+001
      vertex   2.582440e+001 -2.107084e+001 1.000000e+001
    endloop
  endfacet
  facet normal -0.000000e+000 0.000000e+000 1.000000e+000
    outer loop
      vertex   2.598284e+001 -2.140795e+001 1.000000e+001
      vertex   2.612861e+001 -2.176116e+001 1.000000e+001
      vertex   3.481669e+001 -1.773108e+001 1.000000e+001
    endloop
  endfacet
  facet normal 0.000000e+000 0.000000e+000 1.000000e+000
    outer loop
      vertex   3.481669e+001 -1.773108e+001 1.000000e+001
      vertex   2.612861e+001 -2.176116e+001 1.000000e+001
      vertex   2.626170e+001 -2.213046e+001 1.000000e+001
    endloop
  endfacet
  facet normal 0.000000e+000 -0.000000e+000 1.000000e+000
    outer loop
      vertex   2.638212e+001 -2.251584e+001 1.000000e+001
      vertex   3.481669e+001 -1.773108e+001 1.000000e+001
      vertex   2.626170e+001 -2.213046e+001 1.000000e+001
    endloop
  endfacet
  facet normal -0.000000e+000 0.000000e+000 1.000000e+000
    outer loop
      vertex   2.638212e+001 -2.251584e+001 1.000000e+001
      vertex   2.648986e+001 -2.291732e+001 1.000000e+001
      vertex   3.481669e+001 -1.773108e+001 1.000000e+001
    endloop
  endfacet
  facet normal 0.000000e+000 0.000000e+000 1.000000e+000
    outer loop
      vertex   3.481669e+001 -1.773108e+001 1.000000e+001
      vertex   2.648986e+001 -2.291732e+001 1.000000e+001
      vertex   2.658493e+001 -2.333488e+001 1.000000e+001
    endloop
  endfacet
  facet normal -0.000000e+000 0.000000e+000 1.000000e+000
    outer loop
      vertex   3.513626e+001 -1.837126e+001 1.000000e+001
      vertex   2.658493e+001 -2.333488e+001 1.000000e+001
      vertex   3.542804e+001 -1.903105e+001 1.000000e+001
    endloop
  endfacet
  facet normal 0.000000e+000 0.000000e+000 1.000000e+000
    outer loop
      vertex   3.513626e+001 -1.837126e+001 1.000000e+001
      vertex   3.481669e+001 -1.773108e+001 1.000000e+001
      vertex   2.658493e+001 -2.333488e+001 1.000000e+001
    endloop
  endfacet
  facet normal -0.000000e+000 0.000000e+000 1.000000e+000
    outer loop
      vertex   2.658493e+001 -2.333488e+001 1.000000e+001
      vertex   2.666732e+001 -2.376852e+001 1.000000e+001
      vertex   3.542804e+001 -1.903105e+001 1.000000e+001
    endloop
  endfacet
  facet normal -0.000000e+000 0.000000e+000 1.000000e+000
    outer loop
      vertex   3.542804e+001 -1.903105e+001 1.000000e+001
      vertex   2.666732e+001 -2.376852e+001 1.000000e+001
      vertex   3.569203e+001 -1.971047e+001 1.000000e+001
    endloop
  endfacet
  facet normal -0.000000e+000 0.000000e+000 1.000000e+000
    outer loop
      vertex   3.569203e+001 -1.971047e+001 1.000000e+001
      vertex   2.666732e+001 -2.376852e+001 1.000000e+001
      vertex   3.592824e+001 -2.040951e+001 1.000000e+001
    endloop
  endfacet
  facet normal 0.000000e+000 0.000000e+000 1.000000e+000
    outer loop
      vertex   3.592824e+001 -2.040951e+001 1.000000e+001
      vertex   2.666732e+001 -2.376852e+001 1.000000e+001
      vertex   2.673703e+001 -2.421826e+001 1.000000e+001
    endloop
  endfacet
  facet normal 0.000000e+000 0.000000e+000 1.000000e+000
    outer loop
      vertex   3.613665e+001 -2.112818e+001 1.000000e+001
      vertex   2.673703e+001 -2.421826e+001 1.000000e+001
      vertex   2.679407e+001 -2.468409e+001 1.000000e+001
    endloop
  endfacet
  facet normal -0.000000e+000 0.000000e+000 1.000000e+000
    outer loop
      vertex   3.631728e+001 -2.186647e+001 1.000000e+001
      vertex   2.679407e+001 -2.468409e+001 1.000000e+001
      vertex   3.647012e+001 -2.262438e+001 1.000000e+001
    endloop
  endfacet
  facet normal 0.000000e+000 0.000000e+000 1.000000e+000
    outer loop
      vertex   3.631728e+001 -2.186647e+001 1.000000e+001
      vertex   3.613665e+001 -2.112818e+001 1.000000e+001
      vertex   2.679407e+001 -2.468409e+001 1.000000e+001
    endloop
  endfacet
  facet normal -0.000000e+000 0.000000e+000 1.000000e+000
    outer loop
      vertex   3.592824e+001 -2.040951e+001 1.000000e+001
      vertex   2.673703e+001 -2.421826e+001 1.000000e+001
      vertex   3.613665e+001 -2.112818e+001 1.000000e+001
    endloop
  endfacet
  facet normal -0.000000e+000 0.000000e+000 1.000000e+000
    outer loop
      vertex   2.679407e+001 -2.468409e+001 1.000000e+001
      vertex   2.683844e+001 -2.516600e+001 1.000000e+001
      vertex   3.647012e+001 -2.262438e+001 1.000000e+001
    endloop
  endfacet
  facet normal -0.000000e+000 0.000000e+000 1.000000e+000
    outer loop
      vertex   3.647012e+001 -2.262438e+001 1.000000e+001
      vertex   2.683844e+001 -2.516600e+001 1.000000e+001
      vertex   3.659516e+001 -2.340191e+001 1.000000e+001
    endloop
  endfacet
  facet normal -0.000000e+000 0.000000e+000 1.000000e+000
    outer loop
      vertex   3.659516e+001 -2.340191e+001 1.000000e+001
      vertex   2.683844e+001 -2.516600e+001 1.000000e+001
      vertex   3.669242e+001 -2.419906e+001 1.000000e+001
    endloop
  endfacet
  facet normal 0.000000e+000 0.000000e+000 1.000000e+000
    outer loop
      vertex   3.669242e+001 -2.419906e+001 1.000000e+001
      vertex   2.683844e+001 -2.516600e+001 1.000000e+001
      vertex   2.687012e+001 -2.566400e+001 1.000000e+001
    endloop
  endfacet
  facet normal 0.000000e+000 0.000000e+000 1.000000e+000
    outer loop
      vertex   3.676190e+001 -2.501584e+001 1.000000e+001
      vertex   2.687012e+001 -2.566400e+001 1.000000e+001
      vertex   2.688914e+001 -2.617809e+001 1.000000e+001
    endloop
  endfacet
  facet normal 0.000000e+000 0.000000e+000 1.000000e+000
    outer loop
      vertex   3.680358e+001 -2.585224e+001 1.000000e+001
      vertex   2.688914e+001 -2.617809e+001 1.000000e+001
      vertex   2.689548e+001 -2.670827e+001 1.000000e+001
    endloop
  endfacet
  facet normal 0.000000e+000 0.000000e+000 1.000000e+000
    outer loop
      vertex   3.681747e+001 -2.670827e+001 1.000000e+001
      vertex   2.689548e+001 -2.670827e+001 1.000000e+001
      vertex   3.680358e+001 -2.756429e+001 1.000000e+001
    endloop
  endfacet
  facet normal 0.000000e+000 0.000000e+000 1.000000e+000
    outer loop
      vertex   3.681747e+001 -2.670827e+001 1.000000e+001
      vertex   3.680358e+001 -2.585224e+001 1.000000e+001
      vertex   2.689548e+001 -2.670827e+001 1.000000e+001
    endloop
  endfacet
  facet normal -0.000000e+000 0.000000e+000 1.000000e+000
    outer loop
      vertex   3.669242e+001 -2.419906e+001 1.000000e+001
      vertex   2.687012e+001 -2.566400e+001 1.000000e+001
      vertex   3.676190e+001 -2.501584e+001 1.000000e+001
    endloop
  endfacet
  facet normal -0.000000e+000 0.000000e+000 1.000000e+000
    outer loop
      vertex   3.676190e+001 -2.501584e+001 1.000000e+001
      vertex   2.688914e+001 -2.617809e+001 1.000000e+001
      vertex   3.680358e+001 -2.585224e+001 1.000000e+001
    endloop
  endfacet
  facet normal 0.000000e+000 0.000000e+000 1.000000e+000
    outer loop
      vertex   2.689548e+001 -2.670827e+001 1.000000e+001
      vertex   2.688914e+001 -2.723844e+001 1.000000e+001
      vertex   3.680358e+001 -2.756429e+001 1.000000e+001
    endloop
  endfacet
  facet normal 0.000000e+000 0.000000e+000 1.000000e+000
    outer loop
      vertex   3.680358e+001 -2.756429e+001 1.000000e+001
      vertex   2.688914e+001 -2.723844e+001 1.000000e+001
      vertex   3.676190e+001 -2.840069e+001 1.000000e+001
    endloop
  endfacet
  facet normal 0.000000e+000 0.000000e+000 1.000000e+000
    outer loop
      vertex   3.676190e+001 -2.840069e+001 1.000000e+001
      vertex   2.688914e+001 -2.723844e+001 1.000000e+001
      vertex   2.687012e+001 -2.775253e+001 1.000000e+001
    endloop
  endfacet
  facet normal 0.000000e+000 0.000000e+000 1.000000e+000
    outer loop
      vertex   3.669242e+001 -2.921747e+001 1.000000e+001
      vertex   2.687012e+001 -2.775253e+001 1.000000e+001
      vertex   2.683844e+001 -2.825053e+001 1.000000e+001
    endloop
  endfacet
  facet normal 0.000000e+000 0.000000e+000 1.000000e+000
    outer loop
      vertex   3.659516e+001 -3.001462e+001 1.000000e+001
      vertex   2.683844e+001 -2.825053e+001 1.000000e+001
      vertex   3.647012e+001 -3.079216e+001 1.000000e+001
    endloop
  endfacet
  facet normal 0.000000e+000 -0.000000e+000 1.000000e+000
    outer loop
      vertex   3.659516e+001 -3.001462e+001 1.000000e+001
      vertex   3.669242e+001 -2.921747e+001 1.000000e+001
      vertex   2.683844e+001 -2.825053e+001 1.000000e+001
    endloop
  endfacet
  facet normal 0.000000e+000 0.000000e+000 1.000000e+000
    outer loop
      vertex   3.676190e+001 -2.840069e+001 1.000000e+001
      vertex   2.687012e+001 -2.775253e+001 1.000000e+001
      vertex   3.669242e+001 -2.921747e+001 1.000000e+001
    endloop
  endfacet
  facet normal 0.000000e+000 0.000000e+000 1.000000e+000
    outer loop
      vertex   2.683844e+001 -2.825053e+001 1.000000e+001
      vertex   2.679407e+001 -2.873245e+001 1.000000e+001
      vertex   3.647012e+001 -3.079216e+001 1.000000e+001
    endloop
  endfacet
  facet normal 0.000000e+000 0.000000e+000 1.000000e+000
    outer loop
      vertex   3.647012e+001 -3.079216e+001 1.000000e+001
      vertex   2.679407e+001 -2.873245e+001 1.000000e+001
      vertex   3.631728e+001 -3.155007e+001 1.000000e+001
    endloop
  endfacet
  facet normal 0.000000e+000 0.000000e+000 1.000000e+000
    outer loop
      vertex   3.631728e+001 -3.155007e+001 1.000000e+001
      vertex   2.679407e+001 -2.873245e+001 1.000000e+001
      vertex   3.613665e+001 -3.228835e+001 1.000000e+001
    endloop
  endfacet
  facet normal 0.000000e+000 0.000000e+000 1.000000e+000
    outer loop
      vertex   3.613665e+001 -3.228835e+001 1.000000e+001
      vertex   2.679407e+001 -2.873245e+001 1.000000e+001
      vertex   2.673703e+001 -2.919827e+001 1.000000e+001
    endloop
  endfacet
  facet normal 0.000000e+000 0.000000e+000 1.000000e+000
    outer loop
      vertex   3.592824e+001 -3.300702e+001 1.000000e+001
      vertex   2.673703e+001 -2.919827e+001 1.000000e+001
      vertex   2.666732e+001 -2.964801e+001 1.000000e+001
    endloop
  endfacet
  facet normal 0.000000e+000 0.000000e+000 1.000000e+000
    outer loop
      vertex   3.569203e+001 -3.370606e+001 1.000000e+001
      vertex   2.666732e+001 -2.964801e+001 1.000000e+001
      vertex   3.542804e+001 -3.438548e+001 1.000000e+001
    endloop
  endfacet
  facet normal 0.000000e+000 -0.000000e+000 1.000000e+000
    outer loop
      vertex   3.569203e+001 -3.370606e+001 1.000000e+001
      vertex   3.592824e+001 -3.300702e+001 1.000000e+001
      vertex   2.666732e+001 -2.964801e+001 1.000000e+001
    endloop
  endfacet
  facet normal 0.000000e+000 0.000000e+000 1.000000e+000
    outer loop
      vertex   3.613665e+001 -3.228835e+001 1.000000e+001
      vertex   2.673703e+001 -2.919827e+001 1.000000e+001
      vertex   3.592824e+001 -3.300702e+001 1.000000e+001
    endloop
  endfacet
  facet normal 0.000000e+000 0.000000e+000 1.000000e+000
    outer loop
      vertex   2.666732e+001 -2.964801e+001 1.000000e+001
      vertex   2.658493e+001 -3.008166e+001 1.000000e+001
      vertex   3.542804e+001 -3.438548e+001 1.000000e+001
    endloop
  endfacet
  facet normal 0.000000e+000 0.000000e+000 1.000000e+000
    outer loop
      vertex   3.542804e+001 -3.438548e+001 1.000000e+001
      vertex   2.658493e+001 -3.008166e+001 1.000000e+001
      vertex   3.513626e+001 -3.504528e+001 1.000000e+001
    endloop
  endfacet
  facet normal 0.000000e+000 0.000000e+000 1.000000e+000
    outer loop
      vertex   3.513626e+001 -3.504528e+001 1.000000e+001
      vertex   2.658493e+001 -3.008166e+001 1.000000e+001
      vertex   3.481669e+001 -3.568545e+001 1.000000e+001
    endloop
  endfacet
  facet normal 0.000000e+000 0.000000e+000 1.000000e+000
    outer loop
      vertex   3.481669e+001 -3.568545e+001 1.000000e+001
      vertex   2.658493e+001 -3.008166e+001 1.000000e+001
      vertex   2.648986e+001 -3.049922e+001 1.000000e+001
    endloop
  endfacet
  facet normal -0.000000e+000 -0.000000e+000 1.000000e+000
    outer loop
      vertex   2.638212e+001 -3.090069e+001 1.000000e+001
      vertex   3.481669e+001 -3.568545e+001 1.000000e+001
      vertex   2.648986e+001 -3.049922e+001 1.000000e+001
    endloop
  endfacet
  facet normal 0.000000e+000 0.000000e+000 1.000000e+000
    outer loop
      vertex   2.638212e+001 -3.090069e+001 1.000000e+001
      vertex   2.626170e+001 -3.128607e+001 1.000000e+001
      vertex   3.481669e+001 -3.568545e+001 1.000000e+001
    endloop
  endfacet
  facet normal 0.000000e+000 0.000000e+000 1.000000e+000
    outer loop
      vertex   3.481669e+001 -3.568545e+001 1.000000e+001
      vertex   2.626170e+001 -3.128607e+001 1.000000e+001
      vertex   2.612861e+001 -3.165537e+001 1.000000e+001
    endloop
  endfacet
  facet normal -0.000000e+000 -0.000000e+000 1.000000e+000
    outer loop
      vertex   2.598284e+001 -3.200858e+001 1.000000e+001
      vertex   3.481669e+001 -3.568545e+001 1.000000e+001
      vertex   2.612861e+001 -3.165537e+001 1.000000e+001
    endloop
  endfacet
  facet normal 0.000000e+000 0.000000e+000 1.000000e+000
    outer loop
      vertex   2.598284e+001 -3.200858e+001 1.000000e+001
      vertex   2.582440e+001 -3.234570e+001 1.000000e+001
      vertex   3.481669e+001 -3.568545e+001 1.000000e+001
    endloop
  endfacet
  facet normal 0.000000e+000 0.000000e+000 1.000000e+000
    outer loop
      vertex   3.481669e+001 -3.568545e+001 1.000000e+001
      vertex   2.582440e+001 -3.234570e+001 1.000000e+001
      vertex   2.565328e+001 -3.266673e+001 1.000000e+001
    endloop
  endfacet
  facet normal -0.000000e+000 -0.000000e+000 1.000000e+000
    outer loop
      vertex   2.546948e+001 -3.297167e+001 1.000000e+001
      vertex   3.481669e+001 -3.568545e+001 1.000000e+001
      vertex   2.565328e+001 -3.266673e+001 1.000000e+001
    endloop
  endfacet
  facet normal 0.000000e+000 0.000000e+000 1.000000e+000
    outer loop
      vertex   2.546948e+001 -3.297167e+001 1.000000e+001
      vertex   2.527301e+001 -3.326053e+001 1.000000e+001
      vertex   3.481669e+001 -3.568545e+001 1.000000e+001
    endloop
  endfacet
  facet normal 0.000000e+000 0.000000e+000 1.000000e+000
    outer loop
      vertex   3.481669e+001 -3.568545e+001 1.000000e+001
      vertex   2.527301e+001 -3.326053e+001 1.000000e+001
      vertex   2.506447e+001 -3.353256e+001 1.000000e+001
    endloop
  endfacet
  facet normal -0.000000e+000 -0.000000e+000 1.000000e+000
    outer loop
      vertex   2.484448e+001 -3.378705e+001 1.000000e+001
      vertex   3.481669e+001 -3.568545e+001 1.000000e+001
      vertex   2.506447e+001 -3.353256e+001 1.000000e+001
    endloop
  endfacet
  facet normal 0.000000e+000 0.000000e+000 1.000000e+000
    outer loop
      vertex   2.484448e+001 -3.378705e+001 1.000000e+001
      vertex   2.461303e+001 -3.402398e+001 1.000000e+001
      vertex   3.481669e+001 -3.568545e+001 1.000000e+001
    endloop
  endfacet
  facet normal 0.000000e+000 0.000000e+000 1.000000e+000
    outer loop
      vertex   3.481669e+001 -3.568545e+001 1.000000e+001
      vertex   2.461303e+001 -3.402398e+001 1.000000e+001
      vertex   2.437012e+001 -3.424337e+001 1.000000e+001
    endloop
  endfacet
  facet normal -0.000000e+000 -0.000000e+000 1.000000e+000
    outer loop
      vertex   2.411576e+001 -3.444520e+001 1.000000e+001
      vertex   3.481669e+001 -3.568545e+001 1.000000e+001
      vertex   2.437012e+001 -3.424337e+001 1.000000e+001
    endloop
  endfacet
  facet normal 0.000000e+000 0.000000e+000 1.000000e+000
    outer loop
      vertex   2.411576e+001 -3.444520e+001 1.000000e+001
      vertex   2.384994e+001 -3.462948e+001 1.000000e+001
      vertex   3.481669e+001 -3.568545e+001 1.000000e+001
    endloop
  endfacet
  facet normal 0.000000e+000 0.000000e+000 1.000000e+000
    outer loop
      vertex   3.481669e+001 -3.568545e+001 1.000000e+001
      vertex   2.384994e+001 -3.462948e+001 1.000000e+001
      vertex   2.357266e+001 -3.479622e+001 1.000000e+001
    endloop
  endfacet
  facet normal -0.000000e+000 -0.000000e+000 1.000000e+000
    outer loop
      vertex   2.328393e+001 -3.494540e+001 1.000000e+001
      vertex   3.481669e+001 -3.568545e+001 1.000000e+001
      vertex   2.357266e+001 -3.479622e+001 1.000000e+001
    endloop
  endfacet
  facet normal 0.000000e+000 0.000000e+000 1.000000e+000
    outer loop
      vertex   2.328393e+001 -3.494540e+001 1.000000e+001
      vertex   2.298374e+001 -3.507703e+001 1.000000e+001
      vertex   3.481669e+001 -3.568545e+001 1.000000e+001
    endloop
  endfacet
  facet normal 0.000000e+000 0.000000e+000 1.000000e+000
    outer loop
      vertex   3.481669e+001 -3.568545e+001 1.000000e+001
      vertex   2.298374e+001 -3.507703e+001 1.000000e+001
      vertex   2.267209e+001 -3.519111e+001 1.000000e+001
    endloop
  endfacet
  facet normal -0.000000e+000 -0.000000e+000 1.000000e+000
    outer loop
      vertex   2.234899e+001 -3.528764e+001 1.000000e+001
      vertex   3.481669e+001 -3.568545e+001 1.000000e+001
      vertex   2.267209e+001 -3.519111e+001 1.000000e+001
    endloop
  endfacet
  facet normal 0.000000e+000 0.000000e+000 1.000000e+000
    outer loop
      vertex   2.234899e+001 -3.528764e+001 1.000000e+001
      vertex   2.201443e+001 -3.536661e+001 1.000000e+001
      vertex   3.481669e+001 -3.568545e+001 1.000000e+001
    endloop
  endfacet
  facet normal 0.000000e+000 0.000000e+000 1.000000e+000
    outer loop
      vertex   3.481669e+001 -3.568545e+001 1.000000e+001
      vertex   2.201443e+001 -3.536661e+001 1.000000e+001
      vertex   2.166841e+001 -3.542804e+001 1.000000e+001
    endloop
  endfacet
  facet normal -0.000000e+000 -0.000000e+000 1.000000e+000
    outer loop
      vertex   2.131094e+001 -3.547192e+001 1.000000e+001
      vertex   3.481669e+001 -3.568545e+001 1.000000e+001
      vertex   2.166841e+001 -3.542804e+001 1.000000e+001
    endloop
  endfacet
  facet normal 0.000000e+000 0.000000e+000 1.000000e+000
    outer loop
      vertex   2.131094e+001 -3.547192e+001 1.000000e+001
      vertex   2.094201e+001 -3.549824e+001 1.000000e+001
      vertex   3.481669e+001 -3.568545e+001 1.000000e+001
    endloop
  endfacet
  facet normal 0.000000e+000 0.000000e+000 1.000000e+000
    outer loop
      vertex   3.481669e+001 -3.568545e+001 1.000000e+001
      vertex   2.094201e+001 -3.549824e+001 1.000000e+001
      vertex   2.056162e+001 -3.550702e+001 1.000000e+001
    endloop
  endfacet
  facet normal 0.000000e+000 -0.000000e+000 1.000000e+000
    outer loop
      vertex   1.419657e+001 -3.734789e+001 1.000000e+001
      vertex   3.481669e+001 -3.568545e+001 1.000000e+001
      vertex   2.056162e+001 -3.550702e+001 1.000000e+001
    endloop
  endfacet
  facet normal 0.000000e+000 0.000000e+000 1.000000e+000
    outer loop
      vertex   1.419657e+001 -3.734789e+001 1.000000e+001
      vertex   3.446934e+001 -3.630600e+001 1.000000e+001
      vertex   3.481669e+001 -3.568545e+001 1.000000e+001
    endloop
  endfacet
  facet normal 0.000000e+000 0.000000e+000 1.000000e+000
    outer loop
      vertex   1.419657e+001 -3.734789e+001 1.000000e+001
      vertex   3.409419e+001 -3.690693e+001 1.000000e+001
      vertex   3.446934e+001 -3.630600e+001 1.000000e+001
    endloop
  endfacet
  facet normal -0.000000e+000 0.000000e+000 1.000000e+000
    outer loop
      vertex   1.419657e+001 -3.734789e+001 1.000000e+001
      vertex   1.470213e+001 -3.798167e+001 1.000000e+001
      vertex   3.409419e+001 -3.690693e+001 1.000000e+001
    endloop
  endfacet
  facet normal 0.000000e+000 0.000000e+000 1.000000e+000
    outer loop
      vertex   3.409419e+001 -3.690693e+001 1.000000e+001
      vertex   1.470213e+001 -3.798167e+001 1.000000e+001
      vertex   1.522036e+001 -3.857254e+001 1.000000e+001
    endloop
  endfacet
  facet normal 0.000000e+000 -0.000000e+000 1.000000e+000
    outer loop
      vertex   1.575127e+001 -3.912051e+001 1.000000e+001
      vertex   3.409419e+001 -3.690693e+001 1.000000e+001
      vertex   1.522036e+001 -3.857254e+001 1.000000e+001
    endloop
  endfacet
  facet normal -0.000000e+000 0.000000e+000 1.000000e+000
    outer loop
      vertex   1.575127e+001 -3.912051e+001 1.000000e+001
      vertex   1.629485e+001 -3.962558e+001 1.000000e+001
      vertex   3.409419e+001 -3.690693e+001 1.000000e+001
    endloop
  endfacet
  facet normal 0.000000e+000 0.000000e+000 1.000000e+000
    outer loop
      vertex   3.409419e+001 -3.690693e+001 1.000000e+001
      vertex   1.629485e+001 -3.962558e+001 1.000000e+001
      vertex   1.685111e+001 -4.008775e+001 1.000000e+001
    endloop
  endfacet
  facet normal 0.000000e+000 -0.000000e+000 1.000000e+000
    outer loop
      vertex   1.742005e+001 -4.050702e+001 1.000000e+001
      vertex   3.409419e+001 -3.690693e+001 1.000000e+001
      vertex   1.685111e+001 -4.008775e+001 1.000000e+001
    endloop
  endfacet
  facet normal -0.000000e+000 0.000000e+000 1.000000e+000
    outer loop
      vertex   1.742005e+001 -4.050702e+001 1.000000e+001
      vertex   1.800166e+001 -4.088338e+001 1.000000e+001
      vertex   3.409419e+001 -3.690693e+001 1.000000e+001
    endloop
  endfacet
  facet normal 0.000000e+000 0.000000e+000 1.000000e+000
    outer loop
      vertex   3.409419e+001 -3.690693e+001 1.000000e+001
      vertex   1.800166e+001 -4.088338e+001 1.000000e+001
      vertex   1.859594e+001 -4.121685e+001 1.000000e+001
    endloop
  endfacet
  facet normal 0.000000e+000 -0.000000e+000 1.000000e+000
    outer loop
      vertex   1.920827e+001 -4.150936e+001 1.000000e+001
      vertex   3.409419e+001 -3.690693e+001 1.000000e+001
      vertex   1.859594e+001 -4.121685e+001 1.000000e+001
    endloop
  endfacet
  facet normal -0.000000e+000 0.000000e+000 1.000000e+000
    outer loop
      vertex   1.920827e+001 -4.150936e+001 1.000000e+001
      vertex   1.984399e+001 -4.176287e+001 1.000000e+001
      vertex   3.409419e+001 -3.690693e+001 1.000000e+001
    endloop
  endfacet
  facet normal 0.000000e+000 0.000000e+000 1.000000e+000
    outer loop
      vertex   3.409419e+001 -3.690693e+001 1.000000e+001
      vertex   1.984399e+001 -4.176287e+001 1.000000e+001
      vertex   2.050312e+001 -4.197738e+001 1.000000e+001
    endloop
  endfacet
  facet normal 0.000000e+000 -0.000000e+000 1.000000e+000
    outer loop
      vertex   2.118565e+001 -4.215288e+001 1.000000e+001
      vertex   3.409419e+001 -3.690693e+001 1.000000e+001
      vertex   2.050312e+001 -4.197738e+001 1.000000e+001
    endloop
  endfacet
  facet normal -0.000000e+000 0.000000e+000 1.000000e+000
    outer loop
      vertex   2.118565e+001 -4.215288e+001 1.000000e+001
      vertex   2.189158e+001 -4.228939e+001 1.000000e+001
      vertex   3.409419e+001 -3.690693e+001 1.000000e+001
    endloop
  endfacet
  facet normal 0.000000e+000 0.000000e+000 1.000000e+000
    outer loop
      vertex   3.409419e+001 -3.690693e+001 1.000000e+001
      vertex   2.189158e+001 -4.228939e+001 1.000000e+001
      vertex   2.262090e+001 -4.238689e+001 1.000000e+001
    endloop
  endfacet
  facet normal -0.000000e+000 0.000000e+000 1.000000e+000
    outer loop
      vertex   3.369125e+001 -3.748824e+001 1.000000e+001
      vertex   2.262090e+001 -4.238689e+001 1.000000e+001
      vertex   3.326053e+001 -3.804992e+001 1.000000e+001
    endloop
  endfacet
  facet normal 0.000000e+000 -0.000000e+000 1.000000e+000
    outer loop
      vertex   3.369125e+001 -3.748824e+001 1.000000e+001
      vertex   3.409419e+001 -3.690693e+001 1.000000e+001
      vertex   2.262090e+001 -4.238689e+001 1.000000e+001
    endloop
  endfacet
  facet normal 0.000000e+000 0.000000e+000 1.000000e+000
    outer loop
      vertex   3.369125e+001 -1.592830e+001 1.000000e+001
      vertex   2.189158e+001 -1.112714e+001 1.000000e+001
      vertex   3.409419e+001 -1.650960e+001 1.000000e+001
    endloop
  endfacet
  facet normal 0.000000e+000 0.000000e+000 1.000000e+000
    outer loop
      vertex   3.369125e+001 -1.592830e+001 1.000000e+001
      vertex   3.326053e+001 -1.536661e+001 1.000000e+001
      vertex   2.189158e+001 -1.112714e+001 1.000000e+001
    endloop
  endfacet
  facet normal -0.000000e+000 -0.000000e+000 1.000000e+000
    outer loop
      vertex   2.189158e+001 -1.112714e+001 1.000000e+001
      vertex   3.326053e+001 -1.536661e+001 1.000000e+001
      vertex   3.280811e+001 -1.483199e+001 1.000000e+001
    endloop
  endfacet
  facet normal 0.000000e+000 0.000000e+000 1.000000e+000
    outer loop
      vertex   3.234009e+001 -1.433185e+001 1.000000e+001
      vertex   2.189158e+001 -1.112714e+001 1.000000e+001
      vertex   3.280811e+001 -1.483199e+001 1.000000e+001
    endloop
  endfacet
  facet normal 0.000000e+000 0.000000e+000 1.000000e+000
    outer loop
      vertex   3.234009e+001 -1.433185e+001 1.000000e+001
      vertex   3.185647e+001 -1.386621e+001 1.000000e+001
      vertex   2.189158e+001 -1.112714e+001 1.000000e+001
    endloop
  endfacet
  facet normal -0.000000e+000 -0.000000e+000 1.000000e+000
    outer loop
      vertex   2.189158e+001 -1.112714e+001 1.000000e+001
      vertex   3.185647e+001 -1.386621e+001 1.000000e+001
      vertex   3.135725e+001 -1.343506e+001 1.000000e+001
    endloop
  endfacet
  facet normal 0.000000e+000 0.000000e+000 1.000000e+000
    outer loop
      vertex   3.084243e+001 -1.303840e+001 1.000000e+001
      vertex   2.189158e+001 -1.112714e+001 1.000000e+001
      vertex   3.135725e+001 -1.343506e+001 1.000000e+001
    endloop
  endfacet
  facet normal 0.000000e+000 0.000000e+000 1.000000e+000
    outer loop
      vertex   3.084243e+001 -1.303840e+001 1.000000e+001
      vertex   3.031201e+001 -1.267624e+001 1.000000e+001
      vertex   2.189158e+001 -1.112714e+001 1.000000e+001
    endloop
  endfacet
  facet normal -0.000000e+000 -0.000000e+000 1.000000e+000
    outer loop
      vertex   2.189158e+001 -1.112714e+001 1.000000e+001
      vertex   3.031201e+001 -1.267624e+001 1.000000e+001
      vertex   2.976599e+001 -1.234856e+001 1.000000e+001
    endloop
  endfacet
  facet normal 0.000000e+000 0.000000e+000 1.000000e+000
    outer loop
      vertex   2.920437e+001 -1.205538e+001 1.000000e+001
      vertex   2.189158e+001 -1.112714e+001 1.000000e+001
      vertex   2.976599e+001 -1.234856e+001 1.000000e+001
    endloop
  endfacet
  facet normal 0.000000e+000 0.000000e+000 1.000000e+000
    outer loop
      vertex   2.920437e+001 -1.205538e+001 1.000000e+001
      vertex   2.862715e+001 -1.179669e+001 1.000000e+001
      vertex   2.189158e+001 -1.112714e+001 1.000000e+001
    endloop
  endfacet
  facet normal -0.000000e+000 -0.000000e+000 1.000000e+000
    outer loop
      vertex   2.189158e+001 -1.112714e+001 1.000000e+001
      vertex   2.862715e+001 -1.179669e+001 1.000000e+001
      vertex   2.803432e+001 -1.157249e+001 1.000000e+001
    endloop
  endfacet
  facet normal 0.000000e+000 0.000000e+000 1.000000e+000
    outer loop
      vertex   2.742590e+001 -1.138279e+001 1.000000e+001
      vertex   2.189158e+001 -1.112714e+001 1.000000e+001
      vertex   2.803432e+001 -1.157249e+001 1.000000e+001
    endloop
  endfacet
  facet normal 0.000000e+000 0.000000e+000 1.000000e+000
    outer loop
      vertex   2.742590e+001 -1.138279e+001 1.000000e+001
      vertex   2.680187e+001 -1.122757e+001 1.000000e+001
      vertex   2.189158e+001 -1.112714e+001 1.000000e+001
    endloop
  endfacet
  facet normal -0.000000e+000 -0.000000e+000 1.000000e+000
    outer loop
      vertex   2.189158e+001 -1.112714e+001 1.000000e+001
      vertex   2.680187e+001 -1.122757e+001 1.000000e+001
      vertex   2.616225e+001 -1.110685e+001 1.000000e+001
    endloop
  endfacet
  facet normal -0.000000e+000 0.000000e+000 1.000000e+000
    outer loop
      vertex   2.550702e+001 -1.102062e+001 1.000000e+001
      vertex   2.189158e+001 -1.112714e+001 1.000000e+001
      vertex   2.616225e+001 -1.110685e+001 1.000000e+001
    endloop
  endfacet
  facet normal 0.000000e+000 0.000000e+000 1.000000e+000
    outer loop
      vertex   2.550702e+001 -1.102062e+001 1.000000e+001
      vertex   2.262090e+001 -1.102964e+001 1.000000e+001
      vertex   2.189158e+001 -1.112714e+001 1.000000e+001
    endloop
  endfacet
  facet normal 0.000000e+000 0.000000e+000 1.000000e+000
    outer loop
      vertex   2.550702e+001 -1.102062e+001 1.000000e+001
      vertex   2.337363e+001 -1.097114e+001 1.000000e+001
      vertex   2.262090e+001 -1.102964e+001 1.000000e+001
    endloop
  endfacet
  facet normal 0.000000e+000 0.000000e+000 1.000000e+000
    outer loop
      vertex   2.550702e+001 -1.102062e+001 1.000000e+001
      vertex   2.414977e+001 -1.095164e+001 1.000000e+001
      vertex   2.337363e+001 -1.097114e+001 1.000000e+001
    endloop
  endfacet
  facet normal 0.000000e+000 0.000000e+000 1.000000e+000
    outer loop
      vertex   2.550702e+001 -1.102062e+001 1.000000e+001
      vertex   2.483619e+001 -1.096888e+001 1.000000e+001
      vertex   2.414977e+001 -1.095164e+001 1.000000e+001
    endloop
  endfacet
  facet normal 0.000000e+000 0.000000e+000 1.000000e+000
    outer loop
      vertex   2.189158e+001 -1.112714e+001 1.000000e+001
      vertex   2.118565e+001 -1.126365e+001 1.000000e+001
      vertex   3.409419e+001 -1.650960e+001 1.000000e+001
    endloop
  endfacet
  facet normal 0.000000e+000 0.000000e+000 1.000000e+000
    outer loop
      vertex   3.409419e+001 -1.650960e+001 1.000000e+001
      vertex   2.118565e+001 -1.126365e+001 1.000000e+001
      vertex   2.050312e+001 -1.143916e+001 1.000000e+001
    endloop
  endfacet
  facet normal -0.000000e+000 -0.000000e+000 1.000000e+000
    outer loop
      vertex   1.984399e+001 -1.165366e+001 1.000000e+001
      vertex   3.409419e+001 -1.650960e+001 1.000000e+001
      vertex   2.050312e+001 -1.143916e+001 1.000000e+001
    endloop
  endfacet
  facet normal 0.000000e+000 0.000000e+000 1.000000e+000
    outer loop
      vertex   1.984399e+001 -1.165366e+001 1.000000e+001
      vertex   1.920827e+001 -1.190717e+001 1.000000e+001
      vertex   3.409419e+001 -1.650960e+001 1.000000e+001
    endloop
  endfacet
  facet normal 0.000000e+000 0.000000e+000 1.000000e+000
    outer loop
      vertex   3.409419e+001 -1.650960e+001 1.000000e+001
      vertex   1.920827e+001 -1.190717e+001 1.000000e+001
      vertex   1.859594e+001 -1.219969e+001 1.000000e+001
    endloop
  endfacet
  facet normal -0.000000e+000 -0.000000e+000 1.000000e+000
    outer loop
      vertex   1.800166e+001 -1.253315e+001 1.000000e+001
      vertex   3.409419e+001 -1.650960e+001 1.000000e+001
      vertex   1.859594e+001 -1.219969e+001 1.000000e+001
    endloop
  endfacet
  facet normal 0.000000e+000 0.000000e+000 1.000000e+000
    outer loop
      vertex   1.800166e+001 -1.253315e+001 1.000000e+001
      vertex   1.742005e+001 -1.290951e+001 1.000000e+001
      vertex   3.409419e+001 -1.650960e+001 1.000000e+001
    endloop
  endfacet
  facet normal 0.000000e+000 0.000000e+000 1.000000e+000
    outer loop
      vertex   3.409419e+001 -1.650960e+001 1.000000e+001
      vertex   1.742005e+001 -1.290951e+001 1.000000e+001
      vertex   1.685111e+001 -1.332878e+001 1.000000e+001
    endloop
  endfacet
  facet normal -0.000000e+000 -0.000000e+000 1.000000e+000
    outer loop
      vertex   1.629485e+001 -1.379095e+001 1.000000e+001
      vertex   3.409419e+001 -1.650960e+001 1.000000e+001
      vertex   1.685111e+001 -1.332878e+001 1.000000e+001
    endloop
  endfacet
  facet normal 0.000000e+000 0.000000e+000 1.000000e+000
    outer loop
      vertex   1.629485e+001 -1.379095e+001 1.000000e+001
      vertex   1.575127e+001 -1.429602e+001 1.000000e+001
      vertex   3.409419e+001 -1.650960e+001 1.000000e+001
    endloop
  endfacet
  facet normal 0.000000e+000 0.000000e+000 1.000000e+000
    outer loop
      vertex   3.409419e+001 -1.650960e+001 1.000000e+001
      vertex   1.575127e+001 -1.429602e+001 1.000000e+001
      vertex   1.522036e+001 -1.484399e+001 1.000000e+001
    endloop
  endfacet
  facet normal -0.000000e+000 -0.000000e+000 1.000000e+000
    outer loop
      vertex   1.470213e+001 -1.543487e+001 1.000000e+001
      vertex   3.409419e+001 -1.650960e+001 1.000000e+001
      vertex   1.522036e+001 -1.484399e+001 1.000000e+001
    endloop
  endfacet
  facet normal 0.000000e+000 0.000000e+000 1.000000e+000
    outer loop
      vertex   1.470213e+001 -1.543487e+001 1.000000e+001
      vertex   1.419657e+001 -1.606864e+001 1.000000e+001
      vertex   3.409419e+001 -1.650960e+001 1.000000e+001
    endloop
  endfacet
  facet normal -0.000000e+000 -0.000000e+000 1.000000e+000
    outer loop
      vertex   2.337363e+001 -4.244540e+001 1.000000e+001
      vertex   2.414977e+001 -4.246490e+001 1.000000e+001
      vertex   2.262090e+001 -4.238689e+001 1.000000e+001
    endloop
  endfacet
  facet normal -0.000000e+000 0.000000e+000 1.000000e+000
    outer loop
      vertex   2.262090e+001 -4.238689e+001 1.000000e+001
      vertex   2.414977e+001 -4.246490e+001 1.000000e+001
      vertex   2.483619e+001 -4.244765e+001 1.000000e+001
    endloop
  endfacet
  facet normal 0.000000e+000 0.000000e+000 1.000000e+000
    outer loop
      vertex   2.550702e+001 -4.239591e+001 1.000000e+001
      vertex   2.262090e+001 -4.238689e+001 1.000000e+001
      vertex   2.483619e+001 -4.244765e+001 1.000000e+001
    endloop
  endfacet
  facet normal 0.000000e+000 -0.000000e+000 1.000000e+000
    outer loop
      vertex   2.550702e+001 -4.239591e+001 1.000000e+001
      vertex   2.616225e+001 -4.230968e+001 1.000000e+001
      vertex   2.262090e+001 -4.238689e+001 1.000000e+001
    endloop
  endfacet
  facet normal 0.000000e+000 0.000000e+000 1.000000e+000
    outer loop
      vertex   2.262090e+001 -4.238689e+001 1.000000e+001
      vertex   2.616225e+001 -4.230968e+001 1.000000e+001
      vertex   2.680187e+001 -4.218896e+001 1.000000e+001
    endloop
  endfacet
  facet normal -0.000000e+000 0.000000e+000 1.000000e+000
    outer loop
      vertex   2.742590e+001 -4.203375e+001 1.000000e+001
      vertex   2.262090e+001 -4.238689e+001 1.000000e+001
      vertex   2.680187e+001 -4.218896e+001 1.000000e+001
    endloop
  endfacet
  facet normal 0.000000e+000 -0.000000e+000 1.000000e+000
    outer loop
      vertex   2.742590e+001 -4.203375e+001 1.000000e+001
      vertex   2.803432e+001 -4.184404e+001 1.000000e+001
      vertex   2.262090e+001 -4.238689e+001 1.000000e+001
    endloop
  endfacet
  facet normal 0.000000e+000 0.000000e+000 1.000000e+000
    outer loop
      vertex   2.262090e+001 -4.238689e+001 1.000000e+001
      vertex   2.803432e+001 -4.184404e+001 1.000000e+001
      vertex   2.862715e+001 -4.161984e+001 1.000000e+001
    endloop
  endfacet
  facet normal -0.000000e+000 0.000000e+000 1.000000e+000
    outer loop
      vertex   2.920437e+001 -4.136115e+001 1.000000e+001
      vertex   2.262090e+001 -4.238689e+001 1.000000e+001
      vertex   2.862715e+001 -4.161984e+001 1.000000e+001
    endloop
  endfacet
  facet normal 0.000000e+000 -0.000000e+000 1.000000e+000
    outer loop
      vertex   2.920437e+001 -4.136115e+001 1.000000e+001
      vertex   2.976599e+001 -4.106797e+001 1.000000e+001
      vertex   2.262090e+001 -4.238689e+001 1.000000e+001
    endloop
  endfacet
  facet normal 0.000000e+000 0.000000e+000 1.000000e+000
    outer loop
      vertex   2.262090e+001 -4.238689e+001 1.000000e+001
      vertex   2.976599e+001 -4.106797e+001 1.000000e+001
      vertex   3.031201e+001 -4.074030e+001 1.000000e+001
    endloop
  endfacet
  facet normal -0.000000e+000 0.000000e+000 1.000000e+000
    outer loop
      vertex   3.084243e+001 -4.037813e+001 1.000000e+001
      vertex   2.262090e+001 -4.238689e+001 1.000000e+001
      vertex   3.031201e+001 -4.074030e+001 1.000000e+001
    endloop
  endfacet
  facet normal 0.000000e+000 -0.000000e+000 1.000000e+000
    outer loop
      vertex   3.084243e+001 -4.037813e+001 1.000000e+001
      vertex   3.135725e+001 -3.998147e+001 1.000000e+001
      vertex   2.262090e+001 -4.238689e+001 1.000000e+001
    endloop
  endfacet
  facet normal 0.000000e+000 0.000000e+000 1.000000e+000
    outer loop
      vertex   2.262090e+001 -4.238689e+001 1.000000e+001
      vertex   3.135725e+001 -3.998147e+001 1.000000e+001
      vertex   3.185647e+001 -3.955032e+001 1.000000e+001
    endloop
  endfacet
  facet normal -0.000000e+000 0.000000e+000 1.000000e+000
    outer loop
      vertex   3.234009e+001 -3.908468e+001 1.000000e+001
      vertex   2.262090e+001 -4.238689e+001 1.000000e+001
      vertex   3.185647e+001 -3.955032e+001 1.000000e+001
    endloop
  endfacet
  facet normal 0.000000e+000 -0.000000e+000 1.000000e+000
    outer loop
      vertex   3.234009e+001 -3.908468e+001 1.000000e+001
      vertex   3.280811e+001 -3.858455e+001 1.000000e+001
      vertex   2.262090e+001 -4.238689e+001 1.000000e+001
    endloop
  endfacet
  facet normal 0.000000e+000 0.000000e+000 1.000000e+000
    outer loop
      vertex   2.262090e+001 -4.238689e+001 1.000000e+001
      vertex   3.280811e+001 -3.858455e+001 1.000000e+001
      vertex   3.326053e+001 -3.804992e+001 1.000000e+001
    endloop
  endfacet
  facet normal 0.000000e+000 0.000000e+000 -1.000000e+000
    outer loop
      vertex   1.420303e+001 -2.618181e+001 0.000000e+000
      vertex   1.419657e+001 -2.670827e+001 0.000000e+000
      vertex   4.617785e+000 -4.168487e+001 0.000000e+000
    endloop
  endfacet
  facet normal -0.000000e+000 0.000000e+000 -1.000000e+000
    outer loop
      vertex   1.422241e+001 -2.567107e+001 0.000000e+000
      vertex   4.617785e+000 -4.168487e+001 0.000000e+000
      vertex   1.425470e+001 -2.517605e+001 0.000000e+000
    endloop
  endfacet
  facet normal 0.000000e+000 0.000000e+000 -1.000000e+000
    outer loop
      vertex   1.422241e+001 -2.567107e+001 0.000000e+000
      vertex   1.420303e+001 -2.618181e+001 0.000000e+000
      vertex   4.617785e+000 -4.168487e+001 0.000000e+000
    endloop
  endfacet
  facet normal 0.000000e+000 -0.000000e+000 -1.000000e+000
    outer loop
      vertex   1.419657e+001 -2.670827e+001 0.000000e+000
      vertex   1.420303e+001 -2.723473e+001 0.000000e+000
      vertex   4.617785e+000 -4.168487e+001 0.000000e+000
    endloop
  endfacet
  facet normal 0.000000e+000 0.000000e+000 -1.000000e+000
    outer loop
      vertex   4.617785e+000 -4.168487e+001 0.000000e+000
      vertex   1.420303e+001 -2.723473e+001 0.000000e+000
      vertex   1.422241e+001 -2.774546e+001 0.000000e+000
    endloop
  endfacet
  facet normal -0.000000e+000 0.000000e+000 -1.000000e+000
    outer loop
      vertex   1.425470e+001 -2.824048e+001 0.000000e+000
      vertex   4.617785e+000 -4.168487e+001 0.000000e+000
      vertex   1.422241e+001 -2.774546e+001 0.000000e+000
    endloop
  endfacet
  facet normal 0.000000e+000 -0.000000e+000 -1.000000e+000
    outer loop
      vertex   1.425470e+001 -2.824048e+001 0.000000e+000
      vertex   1.429992e+001 -2.871977e+001 0.000000e+000
      vertex   4.617785e+000 -4.168487e+001 0.000000e+000
    endloop
  endfacet
  facet normal 0.000000e+000 0.000000e+000 -1.000000e+000
    outer loop
      vertex   4.617785e+000 -4.168487e+001 0.000000e+000
      vertex   1.429992e+001 -2.871977e+001 0.000000e+000
      vertex   1.435806e+001 -2.918334e+001 0.000000e+000
    endloop
  endfacet
  facet normal -0.000000e+000 0.000000e+000 -1.000000e+000
    outer loop
      vertex   1.442911e+001 -2.963119e+001 0.000000e+000
      vertex   4.617785e+000 -4.168487e+001 0.000000e+000
      vertex   1.435806e+001 -2.918334e+001 0.000000e+000
    endloop
  endfacet
  facet normal 0.000000e+000 -0.000000e+000 -1.000000e+000
    outer loop
      vertex   1.442911e+001 -2.963119e+001 0.000000e+000
      vertex   1.451309e+001 -3.006332e+001 0.000000e+000
      vertex   4.617785e+000 -4.168487e+001 0.000000e+000
    endloop
  endfacet
  facet normal 0.000000e+000 0.000000e+000 -1.000000e+000
    outer loop
      vertex   4.617785e+000 -4.168487e+001 0.000000e+000
      vertex   1.451309e+001 -3.006332e+001 0.000000e+000
      vertex   1.460998e+001 -3.047972e+001 0.000000e+000
    endloop
  endfacet
  facet normal -0.000000e+000 0.000000e+000 -1.000000e+000
    outer loop
      vertex   1.471980e+001 -3.088040e+001 0.000000e+000
      vertex   4.617785e+000 -4.168487e+001 0.000000e+000
      vertex   1.460998e+001 -3.047972e+001 0.000000e+000
    endloop
  endfacet
  facet normal 0.000000e+000 -0.000000e+000 -1.000000e+000
    outer loop
      vertex   1.471980e+001 -3.088040e+001 0.000000e+000
      vertex   1.484253e+001 -3.126536e+001 0.000000e+000
      vertex   4.617785e+000 -4.168487e+001 0.000000e+000
    endloop
  endfacet
  facet normal 0.000000e+000 0.000000e+000 -1.000000e+000
    outer loop
      vertex   4.617785e+000 -4.168487e+001 0.000000e+000
      vertex   1.484253e+001 -3.126536e+001 0.000000e+000
      vertex   1.497818e+001 -3.163459e+001 0.000000e+000
    endloop
  endfacet
  facet normal -0.000000e+000 0.000000e+000 -1.000000e+000
    outer loop
      vertex   1.512676e+001 -3.198810e+001 0.000000e+000
      vertex   4.617785e+000 -4.168487e+001 0.000000e+000
      vertex   1.497818e+001 -3.163459e+001 0.000000e+000
    endloop
  endfacet
  facet normal 0.000000e+000 -0.000000e+000 -1.000000e+000
    outer loop
      vertex   1.512676e+001 -3.198810e+001 0.000000e+000
      vertex   1.528825e+001 -3.232589e+001 0.000000e+000
      vertex   4.617785e+000 -4.168487e+001 0.000000e+000
    endloop
  endfacet
  facet normal 0.000000e+000 0.000000e+000 -1.000000e+000
    outer loop
      vertex   4.617785e+000 -4.168487e+001 0.000000e+000
      vertex   1.528825e+001 -3.232589e+001 0.000000e+000
      vertex   1.546266e+001 -3.264796e+001 0.000000e+000
    endloop
  endfacet
  facet normal -0.000000e+000 0.000000e+000 -1.000000e+000
    outer loop
      vertex   1.564999e+001 -3.295431e+001 0.000000e+000
      vertex   4.617785e+000 -4.168487e+001 0.000000e+000
      vertex   1.546266e+001 -3.264796e+001 0.000000e+000
    endloop
  endfacet
  facet normal 0.000000e+000 -0.000000e+000 -1.000000e+000
    outer loop
      vertex   1.564999e+001 -3.295431e+001 0.000000e+000
      vertex   1.585023e+001 -3.324493e+001 0.000000e+000
      vertex   4.617785e+000 -4.168487e+001 0.000000e+000
    endloop
  endfacet
  facet normal 0.000000e+000 0.000000e+000 -1.000000e+000
    outer loop
      vertex   4.617785e+000 -4.168487e+001 0.000000e+000
      vertex   1.585023e+001 -3.324493e+001 0.000000e+000
      vertex   1.606243e+001 -3.351885e+001 0.000000e+000
    endloop
  endfacet
  facet normal -0.000000e+000 0.000000e+000 -1.000000e+000
    outer loop
      vertex   1.628559e+001 -3.377511e+001 0.000000e+000
      vertex   4.617785e+000 -4.168487e+001 0.000000e+000
      vertex   1.606243e+001 -3.351885e+001 0.000000e+000
    endloop
  endfacet
  facet normal 0.000000e+000 -0.000000e+000 -1.000000e+000
    outer loop
      vertex   1.628559e+001 -3.377511e+001 0.000000e+000
      vertex   1.651972e+001 -3.401369e+001 0.000000e+000
      vertex   4.617785e+000 -4.168487e+001 0.000000e+000
    endloop
  endfacet
  facet normal 0.000000e+000 0.000000e+000 -1.000000e+000
    outer loop
      vertex   4.617785e+000 -4.168487e+001 0.000000e+000
      vertex   1.651972e+001 -3.401369e+001 0.000000e+000
      vertex   1.676482e+001 -3.423459e+001 0.000000e+000
    endloop
  endfacet
  facet normal -0.000000e+000 0.000000e+000 -1.000000e+000
    outer loop
      vertex   1.702089e+001 -3.443783e+001 0.000000e+000
      vertex   4.617785e+000 -4.168487e+001 0.000000e+000
      vertex   1.676482e+001 -3.423459e+001 0.000000e+000
    endloop
  endfacet
  facet normal 0.000000e+000 -0.000000e+000 -1.000000e+000
    outer loop
      vertex   1.702089e+001 -3.443783e+001 0.000000e+000
      vertex   1.728793e+001 -3.462339e+001 0.000000e+000
      vertex   4.617785e+000 -4.168487e+001 0.000000e+000
    endloop
  endfacet
  facet normal 0.000000e+000 0.000000e+000 -1.000000e+000
    outer loop
      vertex   4.617785e+000 -4.168487e+001 0.000000e+000
      vertex   1.728793e+001 -3.462339e+001 0.000000e+000
      vertex   1.756594e+001 -3.479128e+001 0.000000e+000
    endloop
  endfacet
  facet normal -0.000000e+000 0.000000e+000 -1.000000e+000
    outer loop
      vertex   1.785491e+001 -3.494150e+001 0.000000e+000
      vertex   4.617785e+000 -4.168487e+001 0.000000e+000
      vertex   1.756594e+001 -3.479128e+001 0.000000e+000
    endloop
  endfacet
  facet normal 0.000000e+000 -0.000000e+000 -1.000000e+000
    outer loop
      vertex   1.785491e+001 -3.494150e+001 0.000000e+000
      vertex   1.815486e+001 -3.507404e+001 0.000000e+000
      vertex   4.617785e+000 -4.168487e+001 0.000000e+000
    endloop
  endfacet
  facet normal 0.000000e+000 0.000000e+000 -1.000000e+000
    outer loop
      vertex   4.617785e+000 -4.168487e+001 0.000000e+000
      vertex   1.815486e+001 -3.507404e+001 0.000000e+000
      vertex   1.846578e+001 -3.518891e+001 0.000000e+000
    endloop
  endfacet
  facet normal 0.000000e+000 0.000000e+000 -1.000000e+000
    outer loop
      vertex   1.419657e+001 -3.734789e+001 0.000000e+000
      vertex   1.846578e+001 -3.518891e+001 0.000000e+000
      vertex   1.878766e+001 -3.528611e+001 0.000000e+000
    endloop
  endfacet
  facet normal -0.000000e+000 0.000000e+000 -1.000000e+000
    outer loop
      vertex   1.912051e+001 -3.536564e+001 0.000000e+000
      vertex   1.419657e+001 -3.734789e+001 0.000000e+000
      vertex   1.878766e+001 -3.528611e+001 0.000000e+000
    endloop
  endfacet
  facet normal 0.000000e+000 -0.000000e+000 -1.000000e+000
    outer loop
      vertex   1.912051e+001 -3.536564e+001 0.000000e+000
      vertex   1.946434e+001 -3.542749e+001 0.000000e+000
      vertex   1.419657e+001 -3.734789e+001 0.000000e+000
    endloop
  endfacet
  facet normal 0.000000e+000 0.000000e+000 -1.000000e+000
    outer loop
      vertex   1.419657e+001 -3.734789e+001 0.000000e+000
      vertex   1.946434e+001 -3.542749e+001 0.000000e+000
      vertex   1.981913e+001 -3.547167e+001 0.000000e+000
    endloop
  endfacet
  facet normal -0.000000e+000 0.000000e+000 -1.000000e+000
    outer loop
      vertex   2.018489e+001 -3.549818e+001 0.000000e+000
      vertex   1.419657e+001 -3.734789e+001 0.000000e+000
      vertex   1.981913e+001 -3.547167e+001 0.000000e+000
    endloop
  endfacet
  facet normal 0.000000e+000 -0.000000e+000 -1.000000e+000
    outer loop
      vertex   2.018489e+001 -3.549818e+001 0.000000e+000
      vertex   2.056162e+001 -3.550702e+001 0.000000e+000
      vertex   1.419657e+001 -3.734789e+001 0.000000e+000
    endloop
  endfacet
  facet normal 0.000000e+000 0.000000e+000 -1.000000e+000
    outer loop
      vertex   1.419657e+001 -3.734789e+001 0.000000e+000
      vertex   2.056162e+001 -3.550702e+001 0.000000e+000
      vertex   3.481669e+001 -3.568545e+001 0.000000e+000
    endloop
  endfacet
  facet normal -0.000000e+000 0.000000e+000 -1.000000e+000
    outer loop
      vertex   3.446934e+001 -3.630600e+001 0.000000e+000
      vertex   1.419657e+001 -3.734789e+001 0.000000e+000
      vertex   3.481669e+001 -3.568545e+001 0.000000e+000
    endloop
  endfacet
  facet normal 0.000000e+000 0.000000e+000 -1.000000e+000
    outer loop
      vertex   3.446934e+001 -3.630600e+001 0.000000e+000
      vertex   3.409419e+001 -3.690693e+001 0.000000e+000
      vertex   1.419657e+001 -3.734789e+001 0.000000e+000
    endloop
  endfacet
  facet normal 0.000000e+000 -0.000000e+000 -1.000000e+000
    outer loop
      vertex   1.419657e+001 -3.734789e+001 0.000000e+000
      vertex   3.409419e+001 -3.690693e+001 0.000000e+000
      vertex   1.470213e+001 -3.798167e+001 0.000000e+000
    endloop
  endfacet
  facet normal 0.000000e+000 -0.000000e+000 -1.000000e+000
    outer loop
      vertex   1.470213e+001 -3.798167e+001 0.000000e+000
      vertex   3.409419e+001 -3.690693e+001 0.000000e+000
      vertex   1.522036e+001 -3.857254e+001 0.000000e+000
    endloop
  endfacet
  facet normal 0.000000e+000 -0.000000e+000 -1.000000e+000
    outer loop
      vertex   1.522036e+001 -3.857254e+001 0.000000e+000
      vertex   3.409419e+001 -3.690693e+001 0.000000e+000
      vertex   1.575127e+001 -3.912051e+001 0.000000e+000
    endloop
  endfacet
  facet normal 0.000000e+000 -0.000000e+000 -1.000000e+000
    outer loop
      vertex   1.575127e+001 -3.912051e+001 0.000000e+000
      vertex   3.409419e+001 -3.690693e+001 0.000000e+000
      vertex   1.629485e+001 -3.962558e+001 0.000000e+000
    endloop
  endfacet
  facet normal 0.000000e+000 -0.000000e+000 -1.000000e+000
    outer loop
      vertex   1.629485e+001 -3.962558e+001 0.000000e+000
      vertex   3.409419e+001 -3.690693e+001 0.000000e+000
      vertex   1.685111e+001 -4.008775e+001 0.000000e+000
    endloop
  endfacet
  facet normal 0.000000e+000 -0.000000e+000 -1.000000e+000
    outer loop
      vertex   1.685111e+001 -4.008775e+001 0.000000e+000
      vertex   3.409419e+001 -3.690693e+001 0.000000e+000
      vertex   1.742005e+001 -4.050702e+001 0.000000e+000
    endloop
  endfacet
  facet normal 0.000000e+000 -0.000000e+000 -1.000000e+000
    outer loop
      vertex   1.742005e+001 -4.050702e+001 0.000000e+000
      vertex   3.409419e+001 -3.690693e+001 0.000000e+000
      vertex   1.800166e+001 -4.088338e+001 0.000000e+000
    endloop
  endfacet
  facet normal 0.000000e+000 -0.000000e+000 -1.000000e+000
    outer loop
      vertex   1.800166e+001 -4.088338e+001 0.000000e+000
      vertex   3.409419e+001 -3.690693e+001 0.000000e+000
      vertex   1.859594e+001 -4.121685e+001 0.000000e+000
    endloop
  endfacet
  facet normal 0.000000e+000 -0.000000e+000 -1.000000e+000
    outer loop
      vertex   1.859594e+001 -4.121685e+001 0.000000e+000
      vertex   3.409419e+001 -3.690693e+001 0.000000e+000
      vertex   1.920827e+001 -4.150936e+001 0.000000e+000
    endloop
  endfacet
  facet normal 0.000000e+000 -0.000000e+000 -1.000000e+000
    outer loop
      vertex   1.920827e+001 -4.150936e+001 0.000000e+000
      vertex   3.409419e+001 -3.690693e+001 0.000000e+000
      vertex   1.984399e+001 -4.176287e+001 0.000000e+000
    endloop
  endfacet
  facet normal 0.000000e+000 -0.000000e+000 -1.000000e+000
    outer loop
      vertex   1.984399e+001 -4.176287e+001 0.000000e+000
      vertex   3.409419e+001 -3.690693e+001 0.000000e+000
      vertex   2.050312e+001 -4.197738e+001 0.000000e+000
    endloop
  endfacet
  facet normal 0.000000e+000 -0.000000e+000 -1.000000e+000
    outer loop
      vertex   2.050312e+001 -4.197738e+001 0.000000e+000
      vertex   3.409419e+001 -3.690693e+001 0.000000e+000
      vertex   2.118565e+001 -4.215288e+001 0.000000e+000
    endloop
  endfacet
  facet normal 0.000000e+000 -0.000000e+000 -1.000000e+000
    outer loop
      vertex   2.118565e+001 -4.215288e+001 0.000000e+000
      vertex   3.409419e+001 -3.690693e+001 0.000000e+000
      vertex   2.189158e+001 -4.228939e+001 0.000000e+000
    endloop
  endfacet
  facet normal 0.000000e+000 -0.000000e+000 -1.000000e+000
    outer loop
      vertex   2.189158e+001 -4.228939e+001 0.000000e+000
      vertex   3.409419e+001 -3.690693e+001 0.000000e+000
      vertex   2.262090e+001 -4.238689e+001 0.000000e+000
    endloop
  endfacet
  facet normal 0.000000e+000 -0.000000e+000 -1.000000e+000
    outer loop
      vertex   2.262090e+001 -4.238689e+001 0.000000e+000
      vertex   3.409419e+001 -3.690693e+001 0.000000e+000
      vertex   3.369125e+001 -3.748824e+001 0.000000e+000
    endloop
  endfacet
  facet normal -0.000000e+000 0.000000e+000 -1.000000e+000
    outer loop
      vertex   3.326053e+001 -3.804992e+001 0.000000e+000
      vertex   2.262090e+001 -4.238689e+001 0.000000e+000
      vertex   3.369125e+001 -3.748824e+001 0.000000e+000
    endloop
  endfacet
  facet normal 0.000000e+000 0.000000e+000 -1.000000e+000
    outer loop
      vertex   3.326053e+001 -3.804992e+001 0.000000e+000
      vertex   3.280811e+001 -3.858455e+001 0.000000e+000
      vertex   2.262090e+001 -4.238689e+001 0.000000e+000
    endloop
  endfacet
  facet normal 0.000000e+000 -0.000000e+000 -1.000000e+000
    outer loop
      vertex   2.262090e+001 -4.238689e+001 0.000000e+000
      vertex   3.280811e+001 -3.858455e+001 0.000000e+000
      vertex   3.234009e+001 -3.908468e+001 0.000000e+000
    endloop
  endfacet
  facet normal -0.000000e+000 0.000000e+000 -1.000000e+000
    outer loop
      vertex   3.185647e+001 -3.955032e+001 0.000000e+000
      vertex   2.262090e+001 -4.238689e+001 0.000000e+000
      vertex   3.234009e+001 -3.908468e+001 0.000000e+000
    endloop
  endfacet
  facet normal 0.000000e+000 0.000000e+000 -1.000000e+000
    outer loop
      vertex   3.185647e+001 -3.955032e+001 0.000000e+000
      vertex   3.135725e+001 -3.998147e+001 0.000000e+000
      vertex   2.262090e+001 -4.238689e+001 0.000000e+000
    endloop
  endfacet
  facet normal 0.000000e+000 -0.000000e+000 -1.000000e+000
    outer loop
      vertex   2.262090e+001 -4.238689e+001 0.000000e+000
      vertex   3.135725e+001 -3.998147e+001 0.000000e+000
      vertex   3.084243e+001 -4.037813e+001 0.000000e+000
    endloop
  endfacet
  facet normal -0.000000e+000 0.000000e+000 -1.000000e+000
    outer loop
      vertex   3.031201e+001 -4.074030e+001 0.000000e+000
      vertex   2.262090e+001 -4.238689e+001 0.000000e+000
      vertex   3.084243e+001 -4.037813e+001 0.000000e+000
    endloop
  endfacet
  facet normal 0.000000e+000 0.000000e+000 -1.000000e+000
    outer loop
      vertex   3.031201e+001 -4.074030e+001 0.000000e+000
      vertex   2.976599e+001 -4.106797e+001 0.000000e+000
      vertex   2.262090e+001 -4.238689e+001 0.000000e+000
    endloop
  endfacet
  facet normal 0.000000e+000 -0.000000e+000 -1.000000e+000
    outer loop
      vertex   2.262090e+001 -4.238689e+001 0.000000e+000
      vertex   2.976599e+001 -4.106797e+001 0.000000e+000
      vertex   2.920437e+001 -4.136115e+001 0.000000e+000
    endloop
  endfacet
  facet normal -0.000000e+000 0.000000e+000 -1.000000e+000
    outer loop
      vertex   2.862715e+001 -4.161984e+001 0.000000e+000
      vertex   2.262090e+001 -4.238689e+001 0.000000e+000
      vertex   2.920437e+001 -4.136115e+001 0.000000e+000
    endloop
  endfacet
  facet normal 0.000000e+000 0.000000e+000 -1.000000e+000
    outer loop
      vertex   2.862715e+001 -4.161984e+001 0.000000e+000
      vertex   2.803432e+001 -4.184404e+001 0.000000e+000
      vertex   2.262090e+001 -4.238689e+001 0.000000e+000
    endloop
  endfacet
  facet normal 0.000000e+000 -0.000000e+000 -1.000000e+000
    outer loop
      vertex   2.262090e+001 -4.238689e+001 0.000000e+000
      vertex   2.803432e+001 -4.184404e+001 0.000000e+000
      vertex   2.742590e+001 -4.203375e+001 0.000000e+000
    endloop
  endfacet
  facet normal -0.000000e+000 0.000000e+000 -1.000000e+000
    outer loop
      vertex   2.680187e+001 -4.218896e+001 0.000000e+000
      vertex   2.262090e+001 -4.238689e+001 0.000000e+000
      vertex   2.742590e+001 -4.203375e+001 0.000000e+000
    endloop
  endfacet
  facet normal 0.000000e+000 0.000000e+000 -1.000000e+000
    outer loop
      vertex   2.680187e+001 -4.218896e+001 0.000000e+000
      vertex   2.616225e+001 -4.230968e+001 0.000000e+000
      vertex   2.262090e+001 -4.238689e+001 0.000000e+000
    endloop
  endfacet
  facet normal 0.000000e+000 -0.000000e+000 -1.000000e+000
    outer loop
      vertex   2.262090e+001 -4.238689e+001 0.000000e+000
      vertex   2.616225e+001 -4.230968e+001 0.000000e+000
      vertex   2.550702e+001 -4.239591e+001 0.000000e+000
    endloop
  endfacet
  facet normal 0.000000e+000 0.000000e+000 -1.000000e+000
    outer loop
      vertex   2.483619e+001 -4.244765e+001 0.000000e+000
      vertex   2.262090e+001 -4.238689e+001 0.000000e+000
      vertex   2.550702e+001 -4.239591e+001 0.000000e+000
    endloop
  endfacet
  facet normal -0.000000e+000 0.000000e+000 -1.000000e+000
    outer loop
      vertex   2.483619e+001 -4.244765e+001 0.000000e+000
      vertex   2.414977e+001 -4.246490e+001 0.000000e+000
      vertex   2.262090e+001 -4.238689e+001 0.000000e+000
    endloop
  endfacet
  facet normal -0.000000e+000 -0.000000e+000 -1.000000e+000
    outer loop
      vertex   2.262090e+001 -4.238689e+001 0.000000e+000
      vertex   2.414977e+001 -4.246490e+001 0.000000e+000
      vertex   2.337363e+001 -4.244540e+001 0.000000e+000
    endloop
  endfacet
  facet normal 0.000000e+000 -0.000000e+000 -1.000000e+000
    outer loop
      vertex   4.617785e+000 -4.168487e+001 0.000000e+000
      vertex   1.846578e+001 -3.518891e+001 0.000000e+000
      vertex   1.419657e+001 -3.734789e+001 0.000000e+000
    endloop
  endfacet
  facet normal 0.000000e+000 0.000000e+000 -1.000000e+000
    outer loop
      vertex   1.419657e+001 -4.168487e+001 0.000000e+000
      vertex   4.617785e+000 -4.168487e+001 0.000000e+000
      vertex   1.419657e+001 -3.734789e+001 0.000000e+000
    endloop
  endfacet
  facet normal 0.000000e+000 0.000000e+000 -1.000000e+000
    outer loop
      vertex   2.056162e+001 -3.550702e+001 0.000000e+000
      vertex   2.094201e+001 -3.549824e+001 0.000000e+000
      vertex   3.481669e+001 -3.568545e+001 0.000000e+000
    endloop
  endfacet
  facet normal 0.000000e+000 0.000000e+000 -1.000000e+000
    outer loop
      vertex   3.481669e+001 -3.568545e+001 0.000000e+000
      vertex   2.094201e+001 -3.549824e+001 0.000000e+000
      vertex   2.131094e+001 -3.547192e+001 0.000000e+000
    endloop
  endfacet
  facet normal -0.000000e+000 -0.000000e+000 -1.000000e+000
    outer loop
      vertex   2.166841e+001 -3.542804e+001 0.000000e+000
      vertex   3.481669e+001 -3.568545e+001 0.000000e+000
      vertex   2.131094e+001 -3.547192e+001 0.000000e+000
    endloop
  endfacet
  facet normal 0.000000e+000 0.000000e+000 -1.000000e+000
    outer loop
      vertex   2.166841e+001 -3.542804e+001 0.000000e+000
      vertex   2.201443e+001 -3.536661e+001 0.000000e+000
      vertex   3.481669e+001 -3.568545e+001 0.000000e+000
    endloop
  endfacet
  facet normal 0.000000e+000 0.000000e+000 -1.000000e+000
    outer loop
      vertex   3.481669e+001 -3.568545e+001 0.000000e+000
      vertex   2.201443e+001 -3.536661e+001 0.000000e+000
      vertex   2.234899e+001 -3.528764e+001 0.000000e+000
    endloop
  endfacet
  facet normal -0.000000e+000 -0.000000e+000 -1.000000e+000
    outer loop
      vertex   2.267209e+001 -3.519111e+001 0.000000e+000
      vertex   3.481669e+001 -3.568545e+001 0.000000e+000
      vertex   2.234899e+001 -3.528764e+001 0.000000e+000
    endloop
  endfacet
  facet normal 0.000000e+000 0.000000e+000 -1.000000e+000
    outer loop
      vertex   2.267209e+001 -3.519111e+001 0.000000e+000
      vertex   2.298374e+001 -3.507703e+001 0.000000e+000
      vertex   3.481669e+001 -3.568545e+001 0.000000e+000
    endloop
  endfacet
  facet normal 0.000000e+000 0.000000e+000 -1.000000e+000
    outer loop
      vertex   3.481669e+001 -3.568545e+001 0.000000e+000
      vertex   2.298374e+001 -3.507703e+001 0.000000e+000
      vertex   2.328393e+001 -3.494540e+001 0.000000e+000
    endloop
  endfacet
  facet normal -0.000000e+000 -0.000000e+000 -1.000000e+000
    outer loop
      vertex   2.357266e+001 -3.479622e+001 0.000000e+000
      vertex   3.481669e+001 -3.568545e+001 0.000000e+000
      vertex   2.328393e+001 -3.494540e+001 0.000000e+000
    endloop
  endfacet
  facet normal 0.000000e+000 0.000000e+000 -1.000000e+000
    outer loop
      vertex   2.357266e+001 -3.479622e+001 0.000000e+000
      vertex   2.384994e+001 -3.462948e+001 0.000000e+000
      vertex   3.481669e+001 -3.568545e+001 0.000000e+000
    endloop
  endfacet
  facet normal 0.000000e+000 0.000000e+000 -1.000000e+000
    outer loop
      vertex   3.481669e+001 -3.568545e+001 0.000000e+000
      vertex   2.384994e+001 -3.462948e+001 0.000000e+000
      vertex   2.411576e+001 -3.444520e+001 0.000000e+000
    endloop
  endfacet
  facet normal -0.000000e+000 -0.000000e+000 -1.000000e+000
    outer loop
      vertex   2.437012e+001 -3.424337e+001 0.000000e+000
      vertex   3.481669e+001 -3.568545e+001 0.000000e+000
      vertex   2.411576e+001 -3.444520e+001 0.000000e+000
    endloop
  endfacet
  facet normal 0.000000e+000 0.000000e+000 -1.000000e+000
    outer loop
      vertex   2.437012e+001 -3.424337e+001 0.000000e+000
      vertex   2.461303e+001 -3.402398e+001 0.000000e+000
      vertex   3.481669e+001 -3.568545e+001 0.000000e+000
    endloop
  endfacet
  facet normal 0.000000e+000 0.000000e+000 -1.000000e+000
    outer loop
      vertex   3.481669e+001 -3.568545e+001 0.000000e+000
      vertex   2.461303e+001 -3.402398e+001 0.000000e+000
      vertex   2.484448e+001 -3.378705e+001 0.000000e+000
    endloop
  endfacet
  facet normal -0.000000e+000 -0.000000e+000 -1.000000e+000
    outer loop
      vertex   2.506447e+001 -3.353256e+001 0.000000e+000
      vertex   3.481669e+001 -3.568545e+001 0.000000e+000
      vertex   2.484448e+001 -3.378705e+001 0.000000e+000
    endloop
  endfacet
  facet normal 0.000000e+000 0.000000e+000 -1.000000e+000
    outer loop
      vertex   2.506447e+001 -3.353256e+001 0.000000e+000
      vertex   2.527301e+001 -3.326053e+001 0.000000e+000
      vertex   3.481669e+001 -3.568545e+001 0.000000e+000
    endloop
  endfacet
  facet normal 0.000000e+000 0.000000e+000 -1.000000e+000
    outer loop
      vertex   3.481669e+001 -3.568545e+001 0.000000e+000
      vertex   2.527301e+001 -3.326053e+001 0.000000e+000
      vertex   2.546948e+001 -3.297167e+001 0.000000e+000
    endloop
  endfacet
  facet normal -0.000000e+000 -0.000000e+000 -1.000000e+000
    outer loop
      vertex   2.565328e+001 -3.266673e+001 0.000000e+000
      vertex   3.481669e+001 -3.568545e+001 0.000000e+000
      vertex   2.546948e+001 -3.297167e+001 0.000000e+000
    endloop
  endfacet
  facet normal 0.000000e+000 0.000000e+000 -1.000000e+000
    outer loop
      vertex   2.565328e+001 -3.266673e+001 0.000000e+000
      vertex   2.582440e+001 -3.234570e+001 0.000000e+000
      vertex   3.481669e+001 -3.568545e+001 0.000000e+000
    endloop
  endfacet
  facet normal 0.000000e+000 0.000000e+000 -1.000000e+000
    outer loop
      vertex   3.481669e+001 -3.568545e+001 0.000000e+000
      vertex   2.582440e+001 -3.234570e+001 0.000000e+000
      vertex   2.598284e+001 -3.200858e+001 0.000000e+000
    endloop
  endfacet
  facet normal -0.000000e+000 -0.000000e+000 -1.000000e+000
    outer loop
      vertex   2.612861e+001 -3.165537e+001 0.000000e+000
      vertex   3.481669e+001 -3.568545e+001 0.000000e+000
      vertex   2.598284e+001 -3.200858e+001 0.000000e+000
    endloop
  endfacet
  facet normal 0.000000e+000 0.000000e+000 -1.000000e+000
    outer loop
      vertex   2.612861e+001 -3.165537e+001 0.000000e+000
      vertex   2.626170e+001 -3.128607e+001 0.000000e+000
      vertex   3.481669e+001 -3.568545e+001 0.000000e+000
    endloop
  endfacet
  facet normal 0.000000e+000 0.000000e+000 -1.000000e+000
    outer loop
      vertex   3.481669e+001 -3.568545e+001 0.000000e+000
      vertex   2.626170e+001 -3.128607e+001 0.000000e+000
      vertex   2.638212e+001 -3.090069e+001 0.000000e+000
    endloop
  endfacet
  facet normal -0.000000e+000 -0.000000e+000 -1.000000e+000
    outer loop
      vertex   2.648986e+001 -3.049922e+001 0.000000e+000
      vertex   3.481669e+001 -3.568545e+001 0.000000e+000
      vertex   2.638212e+001 -3.090069e+001 0.000000e+000
    endloop
  endfacet
  facet normal 0.000000e+000 0.000000e+000 -1.000000e+000
    outer loop
      vertex   2.648986e+001 -3.049922e+001 0.000000e+000
      vertex   2.658493e+001 -3.008166e+001 0.000000e+000
      vertex   3.481669e+001 -3.568545e+001 0.000000e+000
    endloop
  endfacet
  facet normal 0.000000e+000 0.000000e+000 -1.000000e+000
    outer loop
      vertex   3.481669e+001 -3.568545e+001 0.000000e+000
      vertex   2.658493e+001 -3.008166e+001 0.000000e+000
      vertex   3.513626e+001 -3.504528e+001 0.000000e+000
    endloop
  endfacet
  facet normal 0.000000e+000 0.000000e+000 -1.000000e+000
    outer loop
      vertex   3.513626e+001 -3.504528e+001 0.000000e+000
      vertex   2.658493e+001 -3.008166e+001 0.000000e+000
      vertex   3.542804e+001 -3.438548e+001 0.000000e+000
    endloop
  endfacet
  facet normal 0.000000e+000 0.000000e+000 -1.000000e+000
    outer loop
      vertex   3.542804e+001 -3.438548e+001 0.000000e+000
      vertex   2.658493e+001 -3.008166e+001 0.000000e+000
      vertex   2.666732e+001 -2.964801e+001 0.000000e+000
    endloop
  endfacet
  facet normal 0.000000e+000 0.000000e+000 -1.000000e+000
    outer loop
      vertex   3.569203e+001 -3.370606e+001 0.000000e+000
      vertex   2.666732e+001 -2.964801e+001 0.000000e+000
      vertex   3.592824e+001 -3.300702e+001 0.000000e+000
    endloop
  endfacet
  facet normal -0.000000e+000 0.000000e+000 -1.000000e+000
    outer loop
      vertex   3.569203e+001 -3.370606e+001 0.000000e+000
      vertex   3.542804e+001 -3.438548e+001 0.000000e+000
      vertex   2.666732e+001 -2.964801e+001 0.000000e+000
    endloop
  endfacet
  facet normal 0.000000e+000 0.000000e+000 -1.000000e+000
    outer loop
      vertex   2.666732e+001 -2.964801e+001 0.000000e+000
      vertex   2.673703e+001 -2.919827e+001 0.000000e+000
      vertex   3.592824e+001 -3.300702e+001 0.000000e+000
    endloop
  endfacet
  facet normal 0.000000e+000 0.000000e+000 -1.000000e+000
    outer loop
      vertex   3.592824e+001 -3.300702e+001 0.000000e+000
      vertex   2.673703e+001 -2.919827e+001 0.000000e+000
      vertex   3.613665e+001 -3.228835e+001 0.000000e+000
    endloop
  endfacet
  facet normal 0.000000e+000 0.000000e+000 -1.000000e+000
    outer loop
      vertex   3.613665e+001 -3.228835e+001 0.000000e+000
      vertex   2.673703e+001 -2.919827e+001 0.000000e+000
      vertex   2.679407e+001 -2.873245e+001 0.000000e+000
    endloop
  endfacet
  facet normal 0.000000e+000 0.000000e+000 -1.000000e+000
    outer loop
      vertex   3.631728e+001 -3.155007e+001 0.000000e+000
      vertex   2.679407e+001 -2.873245e+001 0.000000e+000
      vertex   3.647012e+001 -3.079216e+001 0.000000e+000
    endloop
  endfacet
  facet normal -0.000000e+000 0.000000e+000 -1.000000e+000
    outer loop
      vertex   3.631728e+001 -3.155007e+001 0.000000e+000
      vertex   3.613665e+001 -3.228835e+001 0.000000e+000
      vertex   2.679407e+001 -2.873245e+001 0.000000e+000
    endloop
  endfacet
  facet normal 0.000000e+000 0.000000e+000 -1.000000e+000
    outer loop
      vertex   2.679407e+001 -2.873245e+001 0.000000e+000
      vertex   2.683844e+001 -2.825053e+001 0.000000e+000
      vertex   3.647012e+001 -3.079216e+001 0.000000e+000
    endloop
  endfacet
  facet normal 0.000000e+000 0.000000e+000 -1.000000e+000
    outer loop
      vertex   3.647012e+001 -3.079216e+001 0.000000e+000
      vertex   2.683844e+001 -2.825053e+001 0.000000e+000
      vertex   3.659516e+001 -3.001462e+001 0.000000e+000
    endloop
  endfacet
  facet normal 0.000000e+000 0.000000e+000 -1.000000e+000
    outer loop
      vertex   3.659516e+001 -3.001462e+001 0.000000e+000
      vertex   2.683844e+001 -2.825053e+001 0.000000e+000
      vertex   3.669242e+001 -2.921747e+001 0.000000e+000
    endloop
  endfacet
  facet normal 0.000000e+000 0.000000e+000 -1.000000e+000
    outer loop
      vertex   3.669242e+001 -2.921747e+001 0.000000e+000
      vertex   2.683844e+001 -2.825053e+001 0.000000e+000
      vertex   2.687012e+001 -2.775253e+001 0.000000e+000
    endloop
  endfacet
  facet normal 0.000000e+000 0.000000e+000 -1.000000e+000
    outer loop
      vertex   3.676190e+001 -2.840069e+001 0.000000e+000
      vertex   2.687012e+001 -2.775253e+001 0.000000e+000
      vertex   2.688914e+001 -2.723844e+001 0.000000e+000
    endloop
  endfacet
  facet normal 0.000000e+000 0.000000e+000 -1.000000e+000
    outer loop
      vertex   3.680358e+001 -2.756429e+001 0.000000e+000
      vertex   2.688914e+001 -2.723844e+001 0.000000e+000
      vertex   2.689548e+001 -2.670827e+001 0.000000e+000
    endloop
  endfacet
  facet normal 0.000000e+000 0.000000e+000 -1.000000e+000
    outer loop
      vertex   3.681747e+001 -2.670827e+001 0.000000e+000
      vertex   2.689548e+001 -2.670827e+001 0.000000e+000
      vertex   3.680358e+001 -2.585224e+001 0.000000e+000
    endloop
  endfacet
  facet normal -0.000000e+000 0.000000e+000 -1.000000e+000
    outer loop
      vertex   3.681747e+001 -2.670827e+001 0.000000e+000
      vertex   3.680358e+001 -2.756429e+001 0.000000e+000
      vertex   2.689548e+001 -2.670827e+001 0.000000e+000
    endloop
  endfacet
  facet normal 0.000000e+000 0.000000e+000 -1.000000e+000
    outer loop
      vertex   3.669242e+001 -2.921747e+001 0.000000e+000
      vertex   2.687012e+001 -2.775253e+001 0.000000e+000
      vertex   3.676190e+001 -2.840069e+001 0.000000e+000
    endloop
  endfacet
  facet normal 0.000000e+000 0.000000e+000 -1.000000e+000
    outer loop
      vertex   3.676190e+001 -2.840069e+001 0.000000e+000
      vertex   2.688914e+001 -2.723844e+001 0.000000e+000
      vertex   3.680358e+001 -2.756429e+001 0.000000e+000
    endloop
  endfacet
  facet normal 0.000000e+000 0.000000e+000 -1.000000e+000
    outer loop
      vertex   2.689548e+001 -2.670827e+001 0.000000e+000
      vertex   2.688914e+001 -2.617809e+001 0.000000e+000
      vertex   3.680358e+001 -2.585224e+001 0.000000e+000
    endloop
  endfacet
  facet normal -0.000000e+000 0.000000e+000 -1.000000e+000
    outer loop
      vertex   3.680358e+001 -2.585224e+001 0.000000e+000
      vertex   2.688914e+001 -2.617809e+001 0.000000e+000
      vertex   3.676190e+001 -2.501584e+001 0.000000e+000
    endloop
  endfacet
  facet normal -0.000000e+000 0.000000e+000 -1.000000e+000
    outer loop
      vertex   3.676190e+001 -2.501584e+001 0.000000e+000
      vertex   2.688914e+001 -2.617809e+001 0.000000e+000
      vertex   2.687012e+001 -2.566400e+001 0.000000e+000
    endloop
  endfacet
  facet normal -0.000000e+000 0.000000e+000 -1.000000e+000
    outer loop
      vertex   3.669242e+001 -2.419906e+001 0.000000e+000
      vertex   2.687012e+001 -2.566400e+001 0.000000e+000
      vertex   2.683844e+001 -2.516600e+001 0.000000e+000
    endloop
  endfacet
  facet normal -0.000000e+000 0.000000e+000 -1.000000e+000
    outer loop
      vertex   3.659516e+001 -2.340191e+001 0.000000e+000
      vertex   2.683844e+001 -2.516600e+001 0.000000e+000
      vertex   3.647012e+001 -2.262438e+001 0.000000e+000
    endloop
  endfacet
  facet normal 0.000000e+000 -0.000000e+000 -1.000000e+000
    outer loop
      vertex   3.659516e+001 -2.340191e+001 0.000000e+000
      vertex   3.669242e+001 -2.419906e+001 0.000000e+000
      vertex   2.683844e+001 -2.516600e+001 0.000000e+000
    endloop
  endfacet
  facet normal -0.000000e+000 0.000000e+000 -1.000000e+000
    outer loop
      vertex   3.676190e+001 -2.501584e+001 0.000000e+000
      vertex   2.687012e+001 -2.566400e+001 0.000000e+000
      vertex   3.669242e+001 -2.419906e+001 0.000000e+000
    endloop
  endfacet
  facet normal 0.000000e+000 0.000000e+000 -1.000000e+000
    outer loop
      vertex   2.683844e+001 -2.516600e+001 0.000000e+000
      vertex   2.679407e+001 -2.468409e+001 0.000000e+000
      vertex   3.647012e+001 -2.262438e+001 0.000000e+000
    endloop
  endfacet
  facet normal -0.000000e+000 0.000000e+000 -1.000000e+000
    outer loop
      vertex   3.647012e+001 -2.262438e+001 0.000000e+000
      vertex   2.679407e+001 -2.468409e+001 0.000000e+000
      vertex   3.631728e+001 -2.186647e+001 0.000000e+000
    endloop
  endfacet
  facet normal -0.000000e+000 0.000000e+000 -1.000000e+000
    outer loop
      vertex   3.631728e+001 -2.186647e+001 0.000000e+000
      vertex   2.679407e+001 -2.468409e+001 0.000000e+000
      vertex   3.613665e+001 -2.112818e+001 0.000000e+000
    endloop
  endfacet
  facet normal -0.000000e+000 0.000000e+000 -1.000000e+000
    outer loop
      vertex   3.613665e+001 -2.112818e+001 0.000000e+000
      vertex   2.679407e+001 -2.468409e+001 0.000000e+000
      vertex   2.673703e+001 -2.421826e+001 0.000000e+000
    endloop
  endfacet
  facet normal -0.000000e+000 0.000000e+000 -1.000000e+000
    outer loop
      vertex   3.592824e+001 -2.040951e+001 0.000000e+000
      vertex   2.673703e+001 -2.421826e+001 0.000000e+000
      vertex   2.666732e+001 -2.376852e+001 0.000000e+000
    endloop
  endfacet
  facet normal -0.000000e+000 0.000000e+000 -1.000000e+000
    outer loop
      vertex   3.569203e+001 -1.971047e+001 0.000000e+000
      vertex   2.666732e+001 -2.376852e+001 0.000000e+000
      vertex   3.542804e+001 -1.903105e+001 0.000000e+000
    endloop
  endfacet
  facet normal 0.000000e+000 -0.000000e+000 -1.000000e+000
    outer loop
      vertex   3.569203e+001 -1.971047e+001 0.000000e+000
      vertex   3.592824e+001 -2.040951e+001 0.000000e+000
      vertex   2.666732e+001 -2.376852e+001 0.000000e+000
    endloop
  endfacet
  facet normal -0.000000e+000 0.000000e+000 -1.000000e+000
    outer loop
      vertex   3.613665e+001 -2.112818e+001 0.000000e+000
      vertex   2.673703e+001 -2.421826e+001 0.000000e+000
      vertex   3.592824e+001 -2.040951e+001 0.000000e+000
    endloop
  endfacet
  facet normal 0.000000e+000 0.000000e+000 -1.000000e+000
    outer loop
      vertex   2.666732e+001 -2.376852e+001 0.000000e+000
      vertex   2.658493e+001 -2.333488e+001 0.000000e+000
      vertex   3.542804e+001 -1.903105e+001 0.000000e+000
    endloop
  endfacet
  facet normal -0.000000e+000 0.000000e+000 -1.000000e+000
    outer loop
      vertex   3.542804e+001 -1.903105e+001 0.000000e+000
      vertex   2.658493e+001 -2.333488e+001 0.000000e+000
      vertex   3.513626e+001 -1.837126e+001 0.000000e+000
    endloop
  endfacet
  facet normal -0.000000e+000 0.000000e+000 -1.000000e+000
    outer loop
      vertex   3.513626e+001 -1.837126e+001 0.000000e+000
      vertex   2.658493e+001 -2.333488e+001 0.000000e+000
      vertex   3.481669e+001 -1.773108e+001 0.000000e+000
    endloop
  endfacet
  facet normal -0.000000e+000 0.000000e+000 -1.000000e+000
    outer loop
      vertex   3.481669e+001 -1.773108e+001 0.000000e+000
      vertex   2.658493e+001 -2.333488e+001 0.000000e+000
      vertex   2.648986e+001 -2.291732e+001 0.000000e+000
    endloop
  endfacet
  facet normal 0.000000e+000 -0.000000e+000 -1.000000e+000
    outer loop
      vertex   2.638212e+001 -2.251584e+001 0.000000e+000
      vertex   3.481669e+001 -1.773108e+001 0.000000e+000
      vertex   2.648986e+001 -2.291732e+001 0.000000e+000
    endloop
  endfacet
  facet normal 0.000000e+000 0.000000e+000 -1.000000e+000
    outer loop
      vertex   2.638212e+001 -2.251584e+001 0.000000e+000
      vertex   2.626170e+001 -2.213046e+001 0.000000e+000
      vertex   3.481669e+001 -1.773108e+001 0.000000e+000
    endloop
  endfacet
  facet normal -0.000000e+000 0.000000e+000 -1.000000e+000
    outer loop
      vertex   3.481669e+001 -1.773108e+001 0.000000e+000
      vertex   2.626170e+001 -2.213046e+001 0.000000e+000
      vertex   2.612861e+001 -2.176116e+001 0.000000e+000
    endloop
  endfacet
  facet normal 0.000000e+000 -0.000000e+000 -1.000000e+000
    outer loop
      vertex   2.598284e+001 -2.140795e+001 0.000000e+000
      vertex   3.481669e+001 -1.773108e+001 0.000000e+000
      vertex   2.612861e+001 -2.176116e+001 0.000000e+000
    endloop
  endfacet
  facet normal 0.000000e+000 0.000000e+000 -1.000000e+000
    outer loop
      vertex   2.598284e+001 -2.140795e+001 0.000000e+000
      vertex   2.582440e+001 -2.107084e+001 0.000000e+000
      vertex   3.481669e+001 -1.773108e+001 0.000000e+000
    endloop
  endfacet
  facet normal -0.000000e+000 0.000000e+000 -1.000000e+000
    outer loop
      vertex   3.481669e+001 -1.773108e+001 0.000000e+000
      vertex   2.582440e+001 -2.107084e+001 0.000000e+000
      vertex   2.565328e+001 -2.074980e+001 0.000000e+000
    endloop
  endfacet
  facet normal 0.000000e+000 -0.000000e+000 -1.000000e+000
    outer loop
      vertex   2.546948e+001 -2.044486e+001 0.000000e+000
      vertex   3.481669e+001 -1.773108e+001 0.000000e+000
      vertex   2.565328e+001 -2.074980e+001 0.000000e+000
    endloop
  endfacet
  facet normal 0.000000e+000 0.000000e+000 -1.000000e+000
    outer loop
      vertex   2.546948e+001 -2.044486e+001 0.000000e+000
      vertex   2.527301e+001 -2.015600e+001 0.000000e+000
      vertex   3.481669e+001 -1.773108e+001 0.000000e+000
    endloop
  endfacet
  facet normal -0.000000e+000 0.000000e+000 -1.000000e+000
    outer loop
      vertex   3.481669e+001 -1.773108e+001 0.000000e+000
      vertex   2.527301e+001 -2.015600e+001 0.000000e+000
      vertex   2.506447e+001 -1.988397e+001 0.000000e+000
    endloop
  endfacet
  facet normal 0.000000e+000 -0.000000e+000 -1.000000e+000
    outer loop
      vertex   2.484448e+001 -1.962948e+001 0.000000e+000
      vertex   3.481669e+001 -1.773108e+001 0.000000e+000
      vertex   2.506447e+001 -1.988397e+001 0.000000e+000
    endloop
  endfacet
  facet normal 0.000000e+000 0.000000e+000 -1.000000e+000
    outer loop
      vertex   2.484448e+001 -1.962948e+001 0.000000e+000
      vertex   2.461303e+001 -1.939255e+001 0.000000e+000
      vertex   3.481669e+001 -1.773108e+001 0.000000e+000
    endloop
  endfacet
  facet normal -0.000000e+000 0.000000e+000 -1.000000e+000
    outer loop
      vertex   3.481669e+001 -1.773108e+001 0.000000e+000
      vertex   2.461303e+001 -1.939255e+001 0.000000e+000
      vertex   2.437012e+001 -1.917317e+001 0.000000e+000
    endloop
  endfacet
  facet normal 0.000000e+000 -0.000000e+000 -1.000000e+000
    outer loop
      vertex   2.411576e+001 -1.897133e+001 0.000000e+000
      vertex   3.481669e+001 -1.773108e+001 0.000000e+000
      vertex   2.437012e+001 -1.917317e+001 0.000000e+000
    endloop
  endfacet
  facet normal 0.000000e+000 0.000000e+000 -1.000000e+000
    outer loop
      vertex   2.411576e+001 -1.897133e+001 0.000000e+000
      vertex   2.384994e+001 -1.878705e+001 0.000000e+000
      vertex   3.481669e+001 -1.773108e+001 0.000000e+000
    endloop
  endfacet
  facet normal -0.000000e+000 0.000000e+000 -1.000000e+000
    outer loop
      vertex   3.481669e+001 -1.773108e+001 0.000000e+000
      vertex   2.384994e+001 -1.878705e+001 0.000000e+000
      vertex   2.357266e+001 -1.862032e+001 0.000000e+000
    endloop
  endfacet
  facet normal 0.000000e+000 -0.000000e+000 -1.000000e+000
    outer loop
      vertex   2.328393e+001 -1.847114e+001 0.000000e+000
      vertex   3.481669e+001 -1.773108e+001 0.000000e+000
      vertex   2.357266e+001 -1.862032e+001 0.000000e+000
    endloop
  endfacet
  facet normal 0.000000e+000 0.000000e+000 -1.000000e+000
    outer loop
      vertex   2.328393e+001 -1.847114e+001 0.000000e+000
      vertex   2.298374e+001 -1.833951e+001 0.000000e+000
      vertex   3.481669e+001 -1.773108e+001 0.000000e+000
    endloop
  endfacet
  facet normal -0.000000e+000 0.000000e+000 -1.000000e+000
    outer loop
      vertex   3.481669e+001 -1.773108e+001 0.000000e+000
      vertex   2.298374e+001 -1.833951e+001 0.000000e+000
      vertex   2.267209e+001 -1.822543e+001 0.000000e+000
    endloop
  endfacet
  facet normal 0.000000e+000 -0.000000e+000 -1.000000e+000
    outer loop
      vertex   2.234899e+001 -1.812890e+001 0.000000e+000
      vertex   3.481669e+001 -1.773108e+001 0.000000e+000
      vertex   2.267209e+001 -1.822543e+001 0.000000e+000
    endloop
  endfacet
  facet normal 0.000000e+000 0.000000e+000 -1.000000e+000
    outer loop
      vertex   2.234899e+001 -1.812890e+001 0.000000e+000
      vertex   2.201443e+001 -1.804992e+001 0.000000e+000
      vertex   3.481669e+001 -1.773108e+001 0.000000e+000
    endloop
  endfacet
  facet normal -0.000000e+000 0.000000e+000 -1.000000e+000
    outer loop
      vertex   3.481669e+001 -1.773108e+001 0.000000e+000
      vertex   2.201443e+001 -1.804992e+001 0.000000e+000
      vertex   2.166841e+001 -1.798849e+001 0.000000e+000
    endloop
  endfacet
  facet normal 0.000000e+000 -0.000000e+000 -1.000000e+000
    outer loop
      vertex   2.131094e+001 -1.794462e+001 0.000000e+000
      vertex   3.481669e+001 -1.773108e+001 0.000000e+000
      vertex   2.166841e+001 -1.798849e+001 0.000000e+000
    endloop
  endfacet
  facet normal 0.000000e+000 0.000000e+000 -1.000000e+000
    outer loop
      vertex   2.131094e+001 -1.794462e+001 0.000000e+000
      vertex   2.094201e+001 -1.791829e+001 0.000000e+000
      vertex   3.481669e+001 -1.773108e+001 0.000000e+000
    endloop
  endfacet
  facet normal -0.000000e+000 0.000000e+000 -1.000000e+000
    outer loop
      vertex   3.481669e+001 -1.773108e+001 0.000000e+000
      vertex   2.094201e+001 -1.791829e+001 0.000000e+000
      vertex   2.056162e+001 -1.790951e+001 0.000000e+000
    endloop
  endfacet
  facet normal 0.000000e+000 0.000000e+000 -1.000000e+000
    outer loop
      vertex   3.446934e+001 -1.711053e+001 0.000000e+000
      vertex   2.056162e+001 -1.790951e+001 0.000000e+000
      vertex   2.018489e+001 -1.791835e+001 0.000000e+000
    endloop
  endfacet
  facet normal 0.000000e+000 0.000000e+000 -1.000000e+000
    outer loop
      vertex   3.409419e+001 -1.650960e+001 0.000000e+000
      vertex   2.018489e+001 -1.791835e+001 0.000000e+000
      vertex   1.981913e+001 -1.794486e+001 0.000000e+000
    endloop
  endfacet
  facet normal 0.000000e+000 -0.000000e+000 -1.000000e+000
    outer loop
      vertex   1.419657e+001 -1.606864e+001 0.000000e+000
      vertex   1.981913e+001 -1.794486e+001 0.000000e+000
      vertex   1.946434e+001 -1.798904e+001 0.000000e+000
    endloop
  endfacet
  facet normal 0.000000e+000 0.000000e+000 -1.000000e+000
    outer loop
      vertex   1.912051e+001 -1.805090e+001 0.000000e+000
      vertex   1.419657e+001 -1.606864e+001 0.000000e+000
      vertex   1.946434e+001 -1.798904e+001 0.000000e+000
    endloop
  endfacet
  facet normal -0.000000e+000 0.000000e+000 -1.000000e+000
    outer loop
      vertex   1.912051e+001 -1.805090e+001 0.000000e+000
      vertex   1.878766e+001 -1.813042e+001 0.000000e+000
      vertex   1.419657e+001 -1.606864e+001 0.000000e+000
    endloop
  endfacet
  facet normal 0.000000e+000 -0.000000e+000 -1.000000e+000
    outer loop
      vertex   1.419657e+001 -1.606864e+001 0.000000e+000
      vertex   1.878766e+001 -1.813042e+001 0.000000e+000
      vertex   1.846578e+001 -1.822762e+001 0.000000e+000
    endloop
  endfacet
  facet normal 0.000000e+000 0.000000e+000 -1.000000e+000
    outer loop
      vertex   1.815486e+001 -1.834249e+001 0.000000e+000
      vertex   1.419657e+001 -1.606864e+001 0.000000e+000
      vertex   1.846578e+001 -1.822762e+001 0.000000e+000
    endloop
  endfacet
  facet normal -0.000000e+000 0.000000e+000 -1.000000e+000
    outer loop
      vertex   1.815486e+001 -1.834249e+001 0.000000e+000
      vertex   1.785491e+001 -1.847504e+001 0.000000e+000
      vertex   1.419657e+001 -1.606864e+001 0.000000e+000
    endloop
  endfacet
  facet normal 0.000000e+000 -0.000000e+000 -1.000000e+000
    outer loop
      vertex   1.419657e+001 -1.606864e+001 0.000000e+000
      vertex   1.785491e+001 -1.847504e+001 0.000000e+000
      vertex   1.756594e+001 -1.862525e+001 0.000000e+000
    endloop
  endfacet
  facet normal 0.000000e+000 0.000000e+000 -1.000000e+000
    outer loop
      vertex   1.728793e+001 -1.879314e+001 0.000000e+000
      vertex   1.419657e+001 -1.606864e+001 0.000000e+000
      vertex   1.756594e+001 -1.862525e+001 0.000000e+000
    endloop
  endfacet
  facet normal -0.000000e+000 0.000000e+000 -1.000000e+000
    outer loop
      vertex   1.728793e+001 -1.879314e+001 0.000000e+000
      vertex   1.702089e+001 -1.897871e+001 0.000000e+000
      vertex   1.419657e+001 -1.606864e+001 0.000000e+000
    endloop
  endfacet
  facet normal 0.000000e+000 -0.000000e+000 -1.000000e+000
    outer loop
      vertex   1.419657e+001 -1.606864e+001 0.000000e+000
      vertex   1.702089e+001 -1.897871e+001 0.000000e+000
      vertex   1.676482e+001 -1.918194e+001 0.000000e+000
    endloop
  endfacet
  facet normal 0.000000e+000 0.000000e+000 -1.000000e+000
    outer loop
      vertex   1.651972e+001 -1.940285e+001 0.000000e+000
      vertex   1.419657e+001 -1.606864e+001 0.000000e+000
      vertex   1.676482e+001 -1.918194e+001 0.000000e+000
    endloop
  endfacet
  facet normal -0.000000e+000 0.000000e+000 -1.000000e+000
    outer loop
      vertex   1.651972e+001 -1.940285e+001 0.000000e+000
      vertex   1.628559e+001 -1.964143e+001 0.000000e+000
      vertex   1.419657e+001 -1.606864e+001 0.000000e+000
    endloop
  endfacet
  facet normal 0.000000e+000 -0.000000e+000 -1.000000e+000
    outer loop
      vertex   1.419657e+001 -1.606864e+001 0.000000e+000
      vertex   1.628559e+001 -1.964143e+001 0.000000e+000
      vertex   1.606243e+001 -1.989768e+001 0.000000e+000
    endloop
  endfacet
  facet normal 0.000000e+000 0.000000e+000 -1.000000e+000
    outer loop
      vertex   1.585023e+001 -2.017161e+001 0.000000e+000
      vertex   1.419657e+001 -1.606864e+001 0.000000e+000
      vertex   1.606243e+001 -1.989768e+001 0.000000e+000
    endloop
  endfacet
  facet normal -0.000000e+000 0.000000e+000 -1.000000e+000
    outer loop
      vertex   1.585023e+001 -2.017161e+001 0.000000e+000
      vertex   1.564999e+001 -2.046223e+001 0.000000e+000
      vertex   1.419657e+001 -1.606864e+001 0.000000e+000
    endloop
  endfacet
  facet normal 0.000000e+000 -0.000000e+000 -1.000000e+000
    outer loop
      vertex   1.419657e+001 -1.606864e+001 0.000000e+000
      vertex   1.564999e+001 -2.046223e+001 0.000000e+000
      vertex   1.546266e+001 -2.076857e+001 0.000000e+000
    endloop
  endfacet
  facet normal 0.000000e+000 0.000000e+000 -1.000000e+000
    outer loop
      vertex   1.528825e+001 -2.109064e+001 0.000000e+000
      vertex   1.419657e+001 -1.606864e+001 0.000000e+000
      vertex   1.546266e+001 -2.076857e+001 0.000000e+000
    endloop
  endfacet
  facet normal -0.000000e+000 0.000000e+000 -1.000000e+000
    outer loop
      vertex   1.528825e+001 -2.109064e+001 0.000000e+000
      vertex   4.617785e+000 -4.168487e+001 0.000000e+000
      vertex   1.419657e+001 -1.606864e+001 0.000000e+000
    endloop
  endfacet
  facet normal 0.000000e+000 0.000000e+000 -1.000000e+000
    outer loop
      vertex   1.528825e+001 -2.109064e+001 0.000000e+000
      vertex   1.512676e+001 -2.142843e+001 0.000000e+000
      vertex   4.617785e+000 -4.168487e+001 0.000000e+000
    endloop
  endfacet
  facet normal 0.000000e+000 -0.000000e+000 -1.000000e+000
    outer loop
      vertex   4.617785e+000 -4.168487e+001 0.000000e+000
      vertex   1.512676e+001 -2.142843e+001 0.000000e+000
      vertex   1.497818e+001 -2.178194e+001 0.000000e+000
    endloop
  endfacet
  facet normal -0.000000e+000 0.000000e+000 -1.000000e+000
    outer loop
      vertex   1.484253e+001 -2.215118e+001 0.000000e+000
      vertex   4.617785e+000 -4.168487e+001 0.000000e+000
      vertex   1.497818e+001 -2.178194e+001 0.000000e+000
    endloop
  endfacet
  facet normal 0.000000e+000 0.000000e+000 -1.000000e+000
    outer loop
      vertex   1.484253e+001 -2.215118e+001 0.000000e+000
      vertex   1.471980e+001 -2.253614e+001 0.000000e+000
      vertex   4.617785e+000 -4.168487e+001 0.000000e+000
    endloop
  endfacet
  facet normal 0.000000e+000 -0.000000e+000 -1.000000e+000
    outer loop
      vertex   4.617785e+000 -4.168487e+001 0.000000e+000
      vertex   1.471980e+001 -2.253614e+001 0.000000e+000
      vertex   1.460998e+001 -2.293682e+001 0.000000e+000
    endloop
  endfacet
  facet normal -0.000000e+000 0.000000e+000 -1.000000e+000
    outer loop
      vertex   1.451309e+001 -2.335322e+001 0.000000e+000
      vertex   4.617785e+000 -4.168487e+001 0.000000e+000
      vertex   1.460998e+001 -2.293682e+001 0.000000e+000
    endloop
  endfacet
  facet normal 0.000000e+000 0.000000e+000 -1.000000e+000
    outer loop
      vertex   1.451309e+001 -2.335322e+001 0.000000e+000
      vertex   1.442911e+001 -2.378534e+001 0.000000e+000
      vertex   4.617785e+000 -4.168487e+001 0.000000e+000
    endloop
  endfacet
  facet normal 0.000000e+000 -0.000000e+000 -1.000000e+000
    outer loop
      vertex   4.617785e+000 -4.168487e+001 0.000000e+000
      vertex   1.442911e+001 -2.378534e+001 0.000000e+000
      vertex   1.435806e+001 -2.423319e+001 0.000000e+000
    endloop
  endfacet
  facet normal -0.000000e+000 0.000000e+000 -1.000000e+000
    outer loop
      vertex   1.429992e+001 -2.469676e+001 0.000000e+000
      vertex   4.617785e+000 -4.168487e+001 0.000000e+000
      vertex   1.435806e+001 -2.423319e+001 0.000000e+000
    endloop
  endfacet
  facet normal 0.000000e+000 0.000000e+000 -1.000000e+000
    outer loop
      vertex   1.429992e+001 -2.469676e+001 0.000000e+000
      vertex   1.425470e+001 -2.517605e+001 0.000000e+000
      vertex   4.617785e+000 -4.168487e+001 0.000000e+000
    endloop
  endfacet
  facet normal -0.000000e+000 0.000000e+000 -1.000000e+000
    outer loop
      vertex   3.481669e+001 -1.773108e+001 0.000000e+000
      vertex   2.056162e+001 -1.790951e+001 0.000000e+000
      vertex   3.446934e+001 -1.711053e+001 0.000000e+000
    endloop
  endfacet
  facet normal -0.000000e+000 0.000000e+000 -1.000000e+000
    outer loop
      vertex   3.446934e+001 -1.711053e+001 0.000000e+000
      vertex   2.018489e+001 -1.791835e+001 0.000000e+000
      vertex   3.409419e+001 -1.650960e+001 0.000000e+000
    endloop
  endfacet
  facet normal -0.000000e+000 0.000000e+000 -1.000000e+000
    outer loop
      vertex   3.409419e+001 -1.650960e+001 0.000000e+000
      vertex   1.981913e+001 -1.794486e+001 0.000000e+000
      vertex   1.419657e+001 -1.606864e+001 0.000000e+000
    endloop
  endfacet
  facet normal -0.000000e+000 -0.000000e+000 -1.000000e+000
    outer loop
      vertex   1.470213e+001 -1.543487e+001 0.000000e+000
      vertex   3.409419e+001 -1.650960e+001 0.000000e+000
      vertex   1.419657e+001 -1.606864e+001 0.000000e+000
    endloop
  endfacet
  facet normal 0.000000e+000 0.000000e+000 -1.000000e+000
    outer loop
      vertex   1.470213e+001 -1.543487e+001 0.000000e+000
      vertex   1.522036e+001 -1.484399e+001 0.000000e+000
      vertex   3.409419e+001 -1.650960e+001 0.000000e+000
    endloop
  endfacet
  facet normal 0.000000e+000 0.000000e+000 -1.000000e+000
    outer loop
      vertex   3.409419e+001 -1.650960e+001 0.000000e+000
      vertex   1.522036e+001 -1.484399e+001 0.000000e+000
      vertex   1.575127e+001 -1.429602e+001 0.000000e+000
    endloop
  endfacet
  facet normal -0.000000e+000 -0.000000e+000 -1.000000e+000
    outer loop
      vertex   1.629485e+001 -1.379095e+001 0.000000e+000
      vertex   3.409419e+001 -1.650960e+001 0.000000e+000
      vertex   1.575127e+001 -1.429602e+001 0.000000e+000
    endloop
  endfacet
  facet normal 0.000000e+000 0.000000e+000 -1.000000e+000
    outer loop
      vertex   1.629485e+001 -1.379095e+001 0.000000e+000
      vertex   1.685111e+001 -1.332878e+001 0.000000e+000
      vertex   3.409419e+001 -1.650960e+001 0.000000e+000
    endloop
  endfacet
  facet normal 0.000000e+000 0.000000e+000 -1.000000e+000
    outer loop
      vertex   3.409419e+001 -1.650960e+001 0.000000e+000
      vertex   1.685111e+001 -1.332878e+001 0.000000e+000
      vertex   1.742005e+001 -1.290951e+001 0.000000e+000
    endloop
  endfacet
  facet normal -0.000000e+000 -0.000000e+000 -1.000000e+000
    outer loop
      vertex   1.800166e+001 -1.253315e+001 0.000000e+000
      vertex   3.409419e+001 -1.650960e+001 0.000000e+000
      vertex   1.742005e+001 -1.290951e+001 0.000000e+000
    endloop
  endfacet
  facet normal 0.000000e+000 0.000000e+000 -1.000000e+000
    outer loop
      vertex   1.800166e+001 -1.253315e+001 0.000000e+000
      vertex   1.859594e+001 -1.219969e+001 0.000000e+000
      vertex   3.409419e+001 -1.650960e+001 0.000000e+000
    endloop
  endfacet
  facet normal 0.000000e+000 0.000000e+000 -1.000000e+000
    outer loop
      vertex   3.409419e+001 -1.650960e+001 0.000000e+000
      vertex   1.859594e+001 -1.219969e+001 0.000000e+000
      vertex   1.920827e+001 -1.190717e+001 0.000000e+000
    endloop
  endfacet
  facet normal -0.000000e+000 -0.000000e+000 -1.000000e+000
    outer loop
      vertex   1.984399e+001 -1.165366e+001 0.000000e+000
      vertex   3.409419e+001 -1.650960e+001 0.000000e+000
      vertex   1.920827e+001 -1.190717e+001 0.000000e+000
    endloop
  endfacet
  facet normal 0.000000e+000 0.000000e+000 -1.000000e+000
    outer loop
      vertex   1.984399e+001 -1.165366e+001 0.000000e+000
      vertex   2.050312e+001 -1.143916e+001 0.000000e+000
      vertex   3.409419e+001 -1.650960e+001 0.000000e+000
    endloop
  endfacet
  facet normal 0.000000e+000 0.000000e+000 -1.000000e+000
    outer loop
      vertex   3.409419e+001 -1.650960e+001 0.000000e+000
      vertex   2.050312e+001 -1.143916e+001 0.000000e+000
      vertex   2.118565e+001 -1.126365e+001 0.000000e+000
    endloop
  endfacet
  facet normal -0.000000e+000 -0.000000e+000 -1.000000e+000
    outer loop
      vertex   2.189158e+001 -1.112714e+001 0.000000e+000
      vertex   3.409419e+001 -1.650960e+001 0.000000e+000
      vertex   2.118565e+001 -1.126365e+001 0.000000e+000
    endloop
  endfacet
  facet normal 0.000000e+000 0.000000e+000 -1.000000e+000
    outer loop
      vertex   2.189158e+001 -1.112714e+001 0.000000e+000
      vertex   3.369125e+001 -1.592830e+001 0.000000e+000
      vertex   3.409419e+001 -1.650960e+001 0.000000e+000
    endloop
  endfacet
  facet normal 0.000000e+000 0.000000e+000 -1.000000e+000
    outer loop
      vertex   2.189158e+001 -1.112714e+001 0.000000e+000
      vertex   3.326053e+001 -1.536661e+001 0.000000e+000
      vertex   3.369125e+001 -1.592830e+001 0.000000e+000
    endloop
  endfacet
  facet normal 0.000000e+000 0.000000e+000 -1.000000e+000
    outer loop
      vertex   2.189158e+001 -1.112714e+001 0.000000e+000
      vertex   3.280811e+001 -1.483199e+001 0.000000e+000
      vertex   3.326053e+001 -1.536661e+001 0.000000e+000
    endloop
  endfacet
  facet normal 0.000000e+000 0.000000e+000 -1.000000e+000
    outer loop
      vertex   2.189158e+001 -1.112714e+001 0.000000e+000
      vertex   3.234009e+001 -1.433185e+001 0.000000e+000
      vertex   3.280811e+001 -1.483199e+001 0.000000e+000
    endloop
  endfacet
  facet normal 0.000000e+000 0.000000e+000 -1.000000e+000
    outer loop
      vertex   2.189158e+001 -1.112714e+001 0.000000e+000
      vertex   3.185647e+001 -1.386621e+001 0.000000e+000
      vertex   3.234009e+001 -1.433185e+001 0.000000e+000
    endloop
  endfacet
  facet normal 0.000000e+000 0.000000e+000 -1.000000e+000
    outer loop
      vertex   2.189158e+001 -1.112714e+001 0.000000e+000
      vertex   3.135725e+001 -1.343506e+001 0.000000e+000
      vertex   3.185647e+001 -1.386621e+001 0.000000e+000
    endloop
  endfacet
  facet normal 0.000000e+000 0.000000e+000 -1.000000e+000
    outer loop
      vertex   2.189158e+001 -1.112714e+001 0.000000e+000
      vertex   3.084243e+001 -1.303840e+001 0.000000e+000
      vertex   3.135725e+001 -1.343506e+001 0.000000e+000
    endloop
  endfacet
  facet normal 0.000000e+000 0.000000e+000 -1.000000e+000
    outer loop
      vertex   2.189158e+001 -1.112714e+001 0.000000e+000
      vertex   3.031201e+001 -1.267624e+001 0.000000e+000
      vertex   3.084243e+001 -1.303840e+001 0.000000e+000
    endloop
  endfacet
  facet normal 0.000000e+000 0.000000e+000 -1.000000e+000
    outer loop
      vertex   2.189158e+001 -1.112714e+001 0.000000e+000
      vertex   2.976599e+001 -1.234856e+001 0.000000e+000
      vertex   3.031201e+001 -1.267624e+001 0.000000e+000
    endloop
  endfacet
  facet normal 0.000000e+000 0.000000e+000 -1.000000e+000
    outer loop
      vertex   2.189158e+001 -1.112714e+001 0.000000e+000
      vertex   2.920437e+001 -1.205538e+001 0.000000e+000
      vertex   2.976599e+001 -1.234856e+001 0.000000e+000
    endloop
  endfacet
  facet normal 0.000000e+000 0.000000e+000 -1.000000e+000
    outer loop
      vertex   2.189158e+001 -1.112714e+001 0.000000e+000
      vertex   2.862715e+001 -1.179669e+001 0.000000e+000
      vertex   2.920437e+001 -1.205538e+001 0.000000e+000
    endloop
  endfacet
  facet normal 0.000000e+000 0.000000e+000 -1.000000e+000
    outer loop
      vertex   2.189158e+001 -1.112714e+001 0.000000e+000
      vertex   2.803432e+001 -1.157249e+001 0.000000e+000
      vertex   2.862715e+001 -1.179669e+001 0.000000e+000
    endloop
  endfacet
  facet normal 0.000000e+000 0.000000e+000 -1.000000e+000
    outer loop
      vertex   2.189158e+001 -1.112714e+001 0.000000e+000
      vertex   2.742590e+001 -1.138279e+001 0.000000e+000
      vertex   2.803432e+001 -1.157249e+001 0.000000e+000
    endloop
  endfacet
  facet normal 0.000000e+000 0.000000e+000 -1.000000e+000
    outer loop
      vertex   2.189158e+001 -1.112714e+001 0.000000e+000
      vertex   2.680187e+001 -1.122757e+001 0.000000e+000
      vertex   2.742590e+001 -1.138279e+001 0.000000e+000
    endloop
  endfacet
  facet normal 0.000000e+000 0.000000e+000 -1.000000e+000
    outer loop
      vertex   2.189158e+001 -1.112714e+001 0.000000e+000
      vertex   2.616225e+001 -1.110685e+001 0.000000e+000
      vertex   2.680187e+001 -1.122757e+001 0.000000e+000
    endloop
  endfacet
  facet normal 0.000000e+000 0.000000e+000 -1.000000e+000
    outer loop
      vertex   2.189158e+001 -1.112714e+001 0.000000e+000
      vertex   2.550702e+001 -1.102062e+001 0.000000e+000
      vertex   2.616225e+001 -1.110685e+001 0.000000e+000
    endloop
  endfacet
  facet normal 0.000000e+000 0.000000e+000 -1.000000e+000
    outer loop
      vertex   2.189158e+001 -1.112714e+001 0.000000e+000
      vertex   2.262090e+001 -1.102964e+001 0.000000e+000
      vertex   2.550702e+001 -1.102062e+001 0.000000e+000
    endloop
  endfacet
  facet normal -0.000000e+000 0.000000e+000 -1.000000e+000
    outer loop
      vertex   2.550702e+001 -1.102062e+001 0.000000e+000
      vertex   2.262090e+001 -1.102964e+001 0.000000e+000
      vertex   2.337363e+001 -1.097114e+001 0.000000e+000
    endloop
  endfacet
  facet normal -0.000000e+000 -0.000000e+000 -1.000000e+000
    outer loop
      vertex   2.414977e+001 -1.095164e+001 0.000000e+000
      vertex   2.550702e+001 -1.102062e+001 0.000000e+000
      vertex   2.337363e+001 -1.097114e+001 0.000000e+000
    endloop
  endfacet
  facet normal 0.000000e+000 0.000000e+000 -1.000000e+000
    outer loop
      vertex   2.414977e+001 -1.095164e+001 0.000000e+000
      vertex   2.483619e+001 -1.096888e+001 0.000000e+000
      vertex   2.550702e+001 -1.102062e+001 0.000000e+000
    endloop
  endfacet
  facet normal 0.000000e+000 0.000000e+000 -1.000000e+000
    outer loop
      vertex   4.617785e+000 -4.168487e+001 0.000000e+000
      vertex   4.617785e+000 1.443158e-006 0.000000e+000
      vertex   1.419657e+001 -1.606864e+001 0.000000e+000
    endloop
  endfacet
  facet normal 0.000000e+000 0.000000e+000 -1.000000e+000
    outer loop
      vertex   1.419657e+001 -1.606864e+001 0.000000e+000
      vertex   4.617785e+000 1.443158e-006 0.000000e+000
      vertex   1.419657e+001 1.443158e-006 0.000000e+000
    endloop
  endfacet
endsolid