solid ascii
  facet normal 0.000000e+000 -1.000000e+000 0.000000e+000
    outer loop
      vertex   1.806552e+001 -1.722309e+001 1.000000e+001
      vertex   1.806552e+001 -1.722309e+001 0.000000e+000
      vertex   2.305772e+001 -1.722309e+001 1.000000e+001
    endloop
  endfacet
  facet normal 0.000000e+000 -1.000000e+000 -0.000000e+000
    outer loop
      vertex   2.305772e+001 -1.722309e+001 1.000000e+001
      vertex   1.806552e+001 -1.722309e+001 0.000000e+000
      vertex   2.305772e+001 -1.722309e+001 0.000000e+000
    endloop
  endfacet
  facet normal -1.000000e+000 -0.000000e+000 -0.000000e+000
    outer loop
      vertex   2.305772e+001 -1.722309e+001 1.000000e+001
      vertex   2.305772e+001 -1.722309e+001 0.000000e+000
      vertex   2.305772e+001 -1.831513e+001 1.000000e+001
    endloop
  endfacet
  facet normal -1.000000e+000 -0.000000e+000 -0.000000e+000
    outer loop
      vertex   2.305772e+001 -1.831513e+001 1.000000e+001
      vertex   2.305772e+001 -1.722309e+001 0.000000e+000
      vertex   2.305772e+001 -1.831513e+001 0.000000e+000
    endloop
  endfacet
  facet normal -2.292555e-002 9.997372e-001 0.000000e+000
    outer loop
      vertex   1.666147e+001 -2.514821e+001 1.000000e+001
      vertex   1.699365e+001 -2.514059e+001 1.000000e+001
      vertex   1.666147e+001 -2.514821e+001 0.000000e+000
    endloop
  endfacet
  facet normal -3.870491e-002 9.992505e-001 5.245352e-004
    outer loop
      vertex   1.666147e+001 -2.514821e+001 0.000000e+000
      vertex   1.699365e+001 -2.514059e+001 1.000000e+001
      vertex   1.713876e+001 -2.513234e+001 5.000000e+000
    endloop
  endfacet
  facet normal -6.998699e-002 9.975478e-001 3.861703e-004
    outer loop
      vertex   1.699365e+001 -2.514059e+001 0.000000e+000
      vertex   1.713876e+001 -2.513234e+001 5.000000e+000
      vertex   1.731937e+001 -2.511774e+001 0.000000e+000
    endloop
  endfacet
  facet normal -2.292553e-002 9.997367e-001 -9.833006e-004
    outer loop
      vertex   1.699365e+001 -2.514059e+001 0.000000e+000
      vertex   1.666147e+001 -2.514821e+001 0.000000e+000
      vertex   1.713876e+001 -2.513234e+001 5.000000e+000
    endloop
  endfacet
  facet normal -6.998699e-002 9.975478e-001 -3.861703e-004
    outer loop
      vertex   1.699365e+001 -2.514059e+001 1.000000e+001
      vertex   1.731937e+001 -2.511774e+001 1.000000e+001
      vertex   1.713876e+001 -2.513234e+001 5.000000e+000
    endloop
  endfacet
  facet normal -1.020607e-001 9.947779e-001 7.804829e-004
    outer loop
      vertex   1.713876e+001 -2.513234e+001 5.000000e+000
      vertex   1.731937e+001 -2.511774e+001 1.000000e+001
      vertex   1.760261e+001 -2.508475e+001 5.000000e+000
    endloop
  endfacet
  facet normal -1.184576e-001 9.929591e-001 1.603593e-004
    outer loop
      vertex   1.731937e+001 -2.511774e+001 0.000000e+000
      vertex   1.760261e+001 -2.508475e+001 5.000000e+000
      vertex   1.763864e+001 -2.507965e+001 0.000000e+000
    endloop
  endfacet
  facet normal -1.020607e-001 9.947779e-001 -7.804829e-004
    outer loop
      vertex   1.731937e+001 -2.511774e+001 0.000000e+000
      vertex   1.713876e+001 -2.513234e+001 5.000000e+000
      vertex   1.760261e+001 -2.508475e+001 5.000000e+000
    endloop
  endfacet
  facet normal -1.184576e-001 9.929591e-001 -1.603593e-004
    outer loop
      vertex   1.731937e+001 -2.511774e+001 1.000000e+001
      vertex   1.763864e+001 -2.507965e+001 1.000000e+001
      vertex   1.760261e+001 -2.508475e+001 5.000000e+000
    endloop
  endfacet
  facet normal -1.680416e-001 9.857799e-001 2.042457e-004
    outer loop
      vertex   1.760261e+001 -2.508475e+001 5.000000e+000
      vertex   1.763864e+001 -2.507965e+001 1.000000e+001
      vertex   1.795144e+001 -2.502633e+001 1.000000e+001
    endloop
  endfacet
  facet normal -2.183896e-001 9.758616e-001 -3.594629e-004
    outer loop
      vertex   1.805301e+001 -2.500544e+001 5.000000e+000
      vertex   1.795144e+001 -2.502633e+001 1.000000e+001
      vertex   1.825779e+001 -2.495777e+001 1.000000e+001
    endloop
  endfacet
  facet normal -2.691072e-001 9.631102e-001 -2.886244e-004
    outer loop
      vertex   1.848995e+001 -2.489440e+001 5.000000e+000
      vertex   1.825779e+001 -2.495777e+001 1.000000e+001
      vertex   1.855767e+001 -2.487398e+001 1.000000e+001
    endloop
  endfacet
  facet normal -3.197676e-001 9.474959e-001 4.318340e-004
    outer loop
      vertex   1.891344e+001 -2.475163e+001 5.000000e+000
      vertex   1.855767e+001 -2.487398e+001 1.000000e+001
      vertex   1.885110e+001 -2.477495e+001 1.000000e+001
    endloop
  endfacet
  facet normal -3.699275e-001 9.290606e-001 -2.795359e-004
    outer loop
      vertex   1.913807e+001 -2.466069e+001 1.000000e+001
      vertex   1.891344e+001 -2.475163e+001 5.000000e+000
      vertex   1.885110e+001 -2.477495e+001 1.000000e+001
    endloop
  endfacet
  facet normal -3.915706e-001 9.201476e-001 8.549036e-004
    outer loop
      vertex   1.913807e+001 -2.466069e+001 1.000000e+001
      vertex   1.932348e+001 -2.457714e+001 5.000000e+000
      vertex   1.891344e+001 -2.475163e+001 5.000000e+000
    endloop
  endfacet
  facet normal -4.191457e-001 9.079189e-001 -3.719902e-004
    outer loop
      vertex   1.913807e+001 -2.466069e+001 1.000000e+001
      vertex   1.941857e+001 -2.453119e+001 1.000000e+001
      vertex   1.932348e+001 -2.457714e+001 5.000000e+000
    endloop
  endfacet
  facet normal -4.613413e-001 8.872225e-001 6.207096e-004
    outer loop
      vertex   1.932348e+001 -2.457714e+001 5.000000e+000
      vertex   1.941857e+001 -2.453119e+001 1.000000e+001
      vertex   1.972007e+001 -2.437092e+001 5.000000e+000
    endloop
  endfacet
  facet normal -4.670021e-001 8.842562e-001 -1.842868e-004
    outer loop
      vertex   1.941857e+001 -2.453119e+001 0.000000e+000
      vertex   1.972007e+001 -2.437092e+001 5.000000e+000
      vertex   1.969262e+001 -2.438646e+001 0.000000e+000
    endloop
  endfacet
  facet normal -4.613413e-001 8.872225e-001 -6.207096e-004
    outer loop
      vertex   1.941857e+001 -2.453119e+001 0.000000e+000
      vertex   1.932348e+001 -2.457714e+001 5.000000e+000
      vertex   1.972007e+001 -2.437092e+001 5.000000e+000
    endloop
  endfacet
  facet normal -4.191457e-001 9.079189e-001 3.719902e-004
    outer loop
      vertex   1.941857e+001 -2.453119e+001 0.000000e+000
      vertex   1.913807e+001 -2.466069e+001 0.000000e+000
      vertex   1.932348e+001 -2.457714e+001 5.000000e+000
    endloop
  endfacet
  facet normal -3.915706e-001 9.201476e-001 -8.549036e-004
    outer loop
      vertex   1.932348e+001 -2.457714e+001 5.000000e+000
      vertex   1.913807e+001 -2.466069e+001 0.000000e+000
      vertex   1.891344e+001 -2.475163e+001 5.000000e+000
    endloop
  endfacet
  facet normal -3.699275e-001 9.290606e-001 2.795359e-004
    outer loop
      vertex   1.891344e+001 -2.475163e+001 5.000000e+000
      vertex   1.913807e+001 -2.466069e+001 0.000000e+000
      vertex   1.885110e+001 -2.477495e+001 0.000000e+000
    endloop
  endfacet
  facet normal -3.197676e-001 9.474959e-001 -4.318340e-004
    outer loop
      vertex   1.855767e+001 -2.487398e+001 0.000000e+000
      vertex   1.891344e+001 -2.475163e+001 5.000000e+000
      vertex   1.885110e+001 -2.477495e+001 0.000000e+000
    endloop
  endfacet
  facet normal -3.194547e-001 9.476014e-001 -4.566762e-004
    outer loop
      vertex   1.855767e+001 -2.487398e+001 0.000000e+000
      vertex   1.848995e+001 -2.489440e+001 5.000000e+000
      vertex   1.891344e+001 -2.475163e+001 5.000000e+000
    endloop
  endfacet
  facet normal -2.691072e-001 9.631102e-001 2.886244e-004
    outer loop
      vertex   1.855767e+001 -2.487398e+001 0.000000e+000
      vertex   1.825779e+001 -2.495777e+001 0.000000e+000
      vertex   1.848995e+001 -2.489440e+001 5.000000e+000
    endloop
  endfacet
  facet normal -2.463025e-001 9.691926e-001 -8.473350e-004
    outer loop
      vertex   1.848995e+001 -2.489440e+001 5.000000e+000
      vertex   1.825779e+001 -2.495777e+001 0.000000e+000
      vertex   1.805301e+001 -2.500544e+001 5.000000e+000
    endloop
  endfacet
  facet normal -2.463025e-001 9.691926e-001 8.473350e-004
    outer loop
      vertex   1.825779e+001 -2.495777e+001 1.000000e+001
      vertex   1.848995e+001 -2.489440e+001 5.000000e+000
      vertex   1.805301e+001 -2.500544e+001 5.000000e+000
    endloop
  endfacet
  facet normal -1.734324e-001 9.848456e-001 5.912612e-004
    outer loop
      vertex   1.760261e+001 -2.508475e+001 5.000000e+000
      vertex   1.795144e+001 -2.502633e+001 1.000000e+001
      vertex   1.805301e+001 -2.500544e+001 5.000000e+000
    endloop
  endfacet
  facet normal -2.183896e-001 9.758616e-001 3.594629e-004
    outer loop
      vertex   1.795144e+001 -2.502633e+001 0.000000e+000
      vertex   1.805301e+001 -2.500544e+001 5.000000e+000
      vertex   1.825779e+001 -2.495777e+001 0.000000e+000
    endloop
  endfacet
  facet normal -1.734324e-001 9.848456e-001 -5.912612e-004
    outer loop
      vertex   1.795144e+001 -2.502633e+001 0.000000e+000
      vertex   1.760261e+001 -2.508475e+001 5.000000e+000
      vertex   1.805301e+001 -2.500544e+001 5.000000e+000
    endloop
  endfacet
  facet normal -1.680416e-001 9.857799e-001 -2.042457e-004
    outer loop
      vertex   1.795144e+001 -2.502633e+001 0.000000e+000
      vertex   1.763864e+001 -2.507965e+001 0.000000e+000
      vertex   1.760261e+001 -2.508475e+001 5.000000e+000
    endloop
  endfacet
  facet normal -3.194547e-001 9.476014e-001 4.566762e-004
    outer loop
      vertex   1.848995e+001 -2.489440e+001 5.000000e+000
      vertex   1.855767e+001 -2.487398e+001 1.000000e+001
      vertex   1.891344e+001 -2.475163e+001 5.000000e+000
    endloop
  endfacet
  facet normal -4.670021e-001 8.842562e-001 1.842868e-004
    outer loop
      vertex   1.941857e+001 -2.453119e+001 1.000000e+001
      vertex   1.969262e+001 -2.438646e+001 1.000000e+001
      vertex   1.972007e+001 -2.437092e+001 5.000000e+000
    endloop
  endfacet
  facet normal -5.131153e-001 8.583197e-001 -1.494456e-004
    outer loop
      vertex   1.972007e+001 -2.437092e+001 5.000000e+000
      vertex   1.969262e+001 -2.438646e+001 1.000000e+001
      vertex   1.996021e+001 -2.422649e+001 1.000000e+001
    endloop
  endfacet
  facet normal -5.571574e-001 8.304068e-001 -4.030331e-004
    outer loop
      vertex   2.010320e+001 -2.413297e+001 5.000000e+000
      vertex   1.996021e+001 -2.422649e+001 1.000000e+001
      vertex   2.022133e+001 -2.405129e+001 1.000000e+001
    endloop
  endfacet
  facet normal -5.988649e-001 8.008500e-001 -2.340787e-004
    outer loop
      vertex   2.043140e+001 -2.389567e+001 5.000000e+000
      vertex   2.022133e+001 -2.405129e+001 1.000000e+001
      vertex   2.047600e+001 -2.386085e+001 1.000000e+001
    endloop
  endfacet
  facet normal -6.380435e-001 7.700003e-001 1.771803e-004
    outer loop
      vertex   2.074904e+001 -2.363346e+001 5.000000e+000
      vertex   2.047600e+001 -2.386085e+001 1.000000e+001
      vertex   2.072421e+001 -2.365518e+001 1.000000e+001
    endloop
  endfacet
  facet normal -6.745693e-001 7.382115e-001 -1.422709e-004
    outer loop
      vertex   2.096596e+001 -2.343427e+001 1.000000e+001
      vertex   2.074904e+001 -2.363346e+001 5.000000e+000
      vertex   2.072421e+001 -2.365518e+001 1.000000e+001
    endloop
  endfacet
  facet normal -6.829574e-001 7.304580e-001 5.305182e-004
    outer loop
      vertex   2.096596e+001 -2.343427e+001 1.000000e+001
      vertex   2.105612e+001 -2.334635e+001 5.000000e+000
      vertex   2.074904e+001 -2.363346e+001 5.000000e+000
    endloop
  endfacet
  facet normal -7.083852e-001 7.058259e-001 -3.611321e-004
    outer loop
      vertex   2.096596e+001 -2.343427e+001 1.000000e+001
      vertex   2.120125e+001 -2.319813e+001 1.000000e+001
      vertex   2.105612e+001 -2.334635e+001 5.000000e+000
    endloop
  endfacet
  facet normal -7.250895e-001 6.886543e-001 6.327608e-004
    outer loop
      vertex   2.105612e+001 -2.334635e+001 5.000000e+000
      vertex   2.120125e+001 -2.319813e+001 1.000000e+001
      vertex   2.135089e+001 -2.303597e+001 5.000000e+000
    endloop
  endfacet
  facet normal -7.403604e-001 6.722101e-001 3.575923e-004
    outer loop
      vertex   2.120125e+001 -2.319813e+001 0.000000e+000
      vertex   2.135089e+001 -2.303597e+001 5.000000e+000
      vertex   2.142606e+001 -2.295053e+001 0.000000e+000
    endloop
  endfacet
  facet normal -7.250895e-001 6.886543e-001 -6.327608e-004
    outer loop
      vertex   2.120125e+001 -2.319813e+001 0.000000e+000
      vertex   2.105612e+001 -2.334635e+001 5.000000e+000
      vertex   2.135089e+001 -2.303597e+001 5.000000e+000
    endloop
  endfacet
  facet normal -7.083852e-001 7.058259e-001 3.611321e-004
    outer loop
      vertex   2.120125e+001 -2.319813e+001 0.000000e+000
      vertex   2.096596e+001 -2.343427e+001 0.000000e+000
      vertex   2.105612e+001 -2.334635e+001 5.000000e+000
    endloop
  endfacet
  facet normal -6.829574e-001 7.304580e-001 -5.305182e-004
    outer loop
      vertex   2.105612e+001 -2.334635e+001 5.000000e+000
      vertex   2.096596e+001 -2.343427e+001 0.000000e+000
      vertex   2.074904e+001 -2.363346e+001 5.000000e+000
    endloop
  endfacet
  facet normal -6.745693e-001 7.382115e-001 1.422709e-004
    outer loop
      vertex   2.074904e+001 -2.363346e+001 5.000000e+000
      vertex   2.096596e+001 -2.343427e+001 0.000000e+000
      vertex   2.072421e+001 -2.365518e+001 0.000000e+000
    endloop
  endfacet
  facet normal -6.380435e-001 7.700003e-001 -1.771803e-004
    outer loop
      vertex   2.047600e+001 -2.386085e+001 0.000000e+000
      vertex   2.074904e+001 -2.363346e+001 5.000000e+000
      vertex   2.072421e+001 -2.365518e+001 0.000000e+000
    endloop
  endfacet
  facet normal -6.366116e-001 7.711845e-001 -3.092224e-004
    outer loop
      vertex   2.047600e+001 -2.386085e+001 0.000000e+000
      vertex   2.043140e+001 -2.389567e+001 5.000000e+000
      vertex   2.074904e+001 -2.363346e+001 5.000000e+000
    endloop
  endfacet
  facet normal -5.988649e-001 8.008500e-001 2.340787e-004
    outer loop
      vertex   2.047600e+001 -2.386085e+001 0.000000e+000
      vertex   2.022133e+001 -2.405129e+001 0.000000e+000
      vertex   2.043140e+001 -2.389567e+001 5.000000e+000
    endloop
  endfacet
  facet normal -5.859414e-001 8.103532e-001 -6.046535e-004
    outer loop
      vertex   2.043140e+001 -2.389567e+001 5.000000e+000
      vertex   2.022133e+001 -2.405129e+001 0.000000e+000
      vertex   2.010320e+001 -2.413297e+001 5.000000e+000
    endloop
  endfacet
  facet normal -5.859414e-001 8.103532e-001 6.046535e-004
    outer loop
      vertex   2.022133e+001 -2.405129e+001 1.000000e+001
      vertex   2.043140e+001 -2.389567e+001 5.000000e+000
      vertex   2.010320e+001 -2.413297e+001 5.000000e+000
    endloop
  endfacet
  facet normal -5.275815e-001 8.495040e-001 7.999870e-004
    outer loop
      vertex   1.972007e+001 -2.437092e+001 5.000000e+000
      vertex   1.996021e+001 -2.422649e+001 1.000000e+001
      vertex   2.010320e+001 -2.413297e+001 5.000000e+000
    endloop
  endfacet
  facet normal -5.571574e-001 8.304068e-001 4.030331e-004
    outer loop
      vertex   1.996021e+001 -2.422649e+001 0.000000e+000
      vertex   2.010320e+001 -2.413297e+001 5.000000e+000
      vertex   2.022133e+001 -2.405129e+001 0.000000e+000
    endloop
  endfacet
  facet normal -5.275815e-001 8.495040e-001 -7.999870e-004
    outer loop
      vertex   1.996021e+001 -2.422649e+001 0.000000e+000
      vertex   1.972007e+001 -2.437092e+001 5.000000e+000
      vertex   2.010320e+001 -2.413297e+001 5.000000e+000
    endloop
  endfacet
  facet normal -5.131153e-001 8.583197e-001 1.494456e-004
    outer loop
      vertex   1.996021e+001 -2.422649e+001 0.000000e+000
      vertex   1.969262e+001 -2.438646e+001 0.000000e+000
      vertex   1.972007e+001 -2.437092e+001 5.000000e+000
    endloop
  endfacet
  facet normal -6.366116e-001 7.711845e-001 3.092224e-004
    outer loop
      vertex   2.043140e+001 -2.389567e+001 5.000000e+000
      vertex   2.047600e+001 -2.386085e+001 1.000000e+001
      vertex   2.074904e+001 -2.363346e+001 5.000000e+000
    endloop
  endfacet
  facet normal -7.403604e-001 6.722101e-001 -3.575923e-004
    outer loop
      vertex   2.120125e+001 -2.319813e+001 1.000000e+001
      vertex   2.142606e+001 -2.295053e+001 1.000000e+001
      vertex   2.135089e+001 -2.303597e+001 5.000000e+000
    endloop
  endfacet
  facet normal -7.655399e-001 6.433882e-001 5.134377e-004
    outer loop
      vertex   2.135089e+001 -2.303597e+001 5.000000e+000
      vertex   2.142606e+001 -2.295053e+001 1.000000e+001
      vertex   2.162351e+001 -2.271159e+001 5.000000e+000
    endloop
  endfacet
  facet normal -7.718185e-001 6.358429e-001 9.508291e-005
    outer loop
      vertex   2.142606e+001 -2.295053e+001 0.000000e+000
      vertex   2.162351e+001 -2.271159e+001 5.000000e+000
      vertex   2.163636e+001 -2.269525e+001 0.000000e+000
    endloop
  endfacet
  facet normal -7.655399e-001 6.433882e-001 -5.134377e-004
    outer loop
      vertex   2.142606e+001 -2.295053e+001 0.000000e+000
      vertex   2.135089e+001 -2.303597e+001 5.000000e+000
      vertex   2.162351e+001 -2.271159e+001 5.000000e+000
    endloop
  endfacet
  facet normal -7.718185e-001 6.358429e-001 -9.508291e-005
    outer loop
      vertex   2.142606e+001 -2.295053e+001 1.000000e+001
      vertex   2.163636e+001 -2.269525e+001 1.000000e+001
      vertex   2.162351e+001 -2.271159e+001 5.000000e+000
    endloop
  endfacet
  facet normal -8.020696e-001 5.972305e-001 1.088517e-004
    outer loop
      vertex   2.162351e+001 -2.271159e+001 5.000000e+000
      vertex   2.163636e+001 -2.269525e+001 1.000000e+001
      vertex   2.183216e+001 -2.243230e+001 1.000000e+001
    endloop
  endfacet
  facet normal -8.308106e-001 5.565552e-001 -2.758099e-004
    outer loop
      vertex   2.187242e+001 -2.237467e+001 5.000000e+000
      vertex   2.183216e+001 -2.243230e+001 1.000000e+001
      vertex   2.201346e+001 -2.216166e+001 1.000000e+001
    endloop
  endfacet
  facet normal -8.577579e-001 5.140537e-001 -4.096319e-004
    outer loop
      vertex   2.209763e+001 -2.202519e+001 5.000000e+000
      vertex   2.201346e+001 -2.216166e+001 1.000000e+001
      vertex   2.218025e+001 -2.188335e+001 1.000000e+001
    endloop
  endfacet
  facet normal -8.826599e-001 4.700122e-001 -2.886155e-004
    outer loop
      vertex   2.229913e+001 -2.166316e+001 5.000000e+000
      vertex   2.218025e+001 -2.188335e+001 1.000000e+001
      vertex   2.233254e+001 -2.159736e+001 1.000000e+001
    endloop
  endfacet
  facet normal -9.053077e-001 4.247563e-001 8.738459e-005
    outer loop
      vertex   2.247693e+001 -2.128858e+001 5.000000e+000
      vertex   2.233254e+001 -2.159736e+001 1.000000e+001
      vertex   2.247032e+001 -2.130369e+001 1.000000e+001
    endloop
  endfacet
  facet normal -9.255440e-001 3.786401e-001 -7.865382e-005
    outer loop
      vertex   2.259360e+001 -2.100234e+001 1.000000e+001
      vertex   2.247693e+001 -2.128858e+001 5.000000e+000
      vertex   2.247032e+001 -2.130369e+001 1.000000e+001
    endloop
  endfacet
  facet normal -9.291063e-001 3.698125e-001 5.098454e-004
    outer loop
      vertex   2.259360e+001 -2.100234e+001 1.000000e+001
      vertex   2.263102e+001 -2.090146e+001 5.000000e+000
      vertex   2.247693e+001 -2.128858e+001 5.000000e+000
    endloop
  endfacet
  facet normal -9.432681e-001 3.320319e-001 -3.584121e-004
    outer loop
      vertex   2.259360e+001 -2.100234e+001 1.000000e+001
      vertex   2.270238e+001 -2.069331e+001 1.000000e+001
      vertex   2.263102e+001 -2.090146e+001 5.000000e+000
    endloop
  endfacet
  facet normal -9.506925e-001 3.101342e-001 6.591222e-004
    outer loop
      vertex   2.263102e+001 -2.090146e+001 5.000000e+000
      vertex   2.270238e+001 -2.069331e+001 1.000000e+001
      vertex   2.276140e+001 -2.050178e+001 5.000000e+000
    endloop
  endfacet
  facet normal -9.584382e-001 2.853000e-001 3.836349e-004
    outer loop
      vertex   2.270238e+001 -2.069331e+001 0.000000e+000
      vertex   2.276140e+001 -2.050178e+001 5.000000e+000
      vertex   2.279666e+001 -2.037661e+001 0.000000e+000
    endloop
  endfacet
  facet normal -9.506925e-001 3.101342e-001 -6.591222e-004
    outer loop
      vertex   2.270238e+001 -2.069331e+001 0.000000e+000
      vertex   2.263102e+001 -2.090146e+001 5.000000e+000
      vertex   2.276140e+001 -2.050178e+001 5.000000e+000
    endloop
  endfacet
  facet normal -9.432681e-001 3.320319e-001 3.584121e-004
    outer loop
      vertex   2.270238e+001 -2.069331e+001 0.000000e+000
      vertex   2.259360e+001 -2.100234e+001 0.000000e+000
      vertex   2.263102e+001 -2.090146e+001 5.000000e+000
    endloop
  endfacet
  facet normal -9.291063e-001 3.698125e-001 -5.098454e-004
    outer loop
      vertex   2.263102e+001 -2.090146e+001 5.000000e+000
      vertex   2.259360e+001 -2.100234e+001 0.000000e+000
      vertex   2.247693e+001 -2.128858e+001 5.000000e+000
    endloop
  endfacet
  facet normal -9.255440e-001 3.786401e-001 7.865382e-005
    outer loop
      vertex   2.247693e+001 -2.128858e+001 5.000000e+000
      vertex   2.259360e+001 -2.100234e+001 0.000000e+000
      vertex   2.247032e+001 -2.130369e+001 0.000000e+000
    endloop
  endfacet
  facet normal -9.053077e-001 4.247563e-001 -8.738459e-005
    outer loop
      vertex   2.233254e+001 -2.159736e+001 0.000000e+000
      vertex   2.247693e+001 -2.128858e+001 5.000000e+000
      vertex   2.247032e+001 -2.130369e+001 0.000000e+000
    endloop
  endfacet
  facet normal -9.033987e-001 4.288013e-001 -3.923106e-004
    outer loop
      vertex   2.233254e+001 -2.159736e+001 0.000000e+000
      vertex   2.229913e+001 -2.166316e+001 5.000000e+000
      vertex   2.247693e+001 -2.128858e+001 5.000000e+000
    endloop
  endfacet
  facet normal -8.826599e-001 4.700122e-001 2.886155e-004
    outer loop
      vertex   2.233254e+001 -2.159736e+001 0.000000e+000
      vertex   2.218025e+001 -2.188335e+001 0.000000e+000
      vertex   2.229913e+001 -2.166316e+001 5.000000e+000
    endloop
  endfacet
  facet normal -8.737734e-001 4.863328e-001 -6.413918e-004
    outer loop
      vertex   2.229913e+001 -2.166316e+001 5.000000e+000
      vertex   2.218025e+001 -2.188335e+001 0.000000e+000
      vertex   2.209763e+001 -2.202519e+001 5.000000e+000
    endloop
  endfacet
  facet normal -8.737734e-001 4.863328e-001 6.413918e-004
    outer loop
      vertex   2.218025e+001 -2.188335e+001 1.000000e+001
      vertex   2.229913e+001 -2.166316e+001 5.000000e+000
      vertex   2.209763e+001 -2.202519e+001 5.000000e+000
    endloop
  endfacet
  facet normal -8.043137e-001 5.942048e-001 3.715114e-004
    outer loop
      vertex   2.162351e+001 -2.271159e+001 5.000000e+000
      vertex   2.183216e+001 -2.243230e+001 1.000000e+001
      vertex   2.187242e+001 -2.237467e+001 5.000000e+000
    endloop
  endfacet
  facet normal -8.308106e-001 5.565552e-001 2.758099e-004
    outer loop
      vertex   2.183216e+001 -2.243230e+001 0.000000e+000
      vertex   2.187242e+001 -2.237467e+001 5.000000e+000
      vertex   2.201346e+001 -2.216166e+001 0.000000e+000
    endloop
  endfacet
  facet normal -8.043137e-001 5.942048e-001 -3.715114e-004
    outer loop
      vertex   2.183216e+001 -2.243230e+001 0.000000e+000
      vertex   2.162351e+001 -2.271159e+001 5.000000e+000
      vertex   2.187242e+001 -2.237467e+001 5.000000e+000
    endloop
  endfacet
  facet normal -8.020696e-001 5.972305e-001 -1.088517e-004
    outer loop
      vertex   2.183216e+001 -2.243230e+001 0.000000e+000
      vertex   2.163636e+001 -2.269525e+001 0.000000e+000
      vertex   2.162351e+001 -2.271159e+001 5.000000e+000
    endloop
  endfacet
  facet normal -8.405842e-001 5.416805e-001 6.335447e-004
    outer loop
      vertex   2.187242e+001 -2.237467e+001 5.000000e+000
      vertex   2.201346e+001 -2.216166e+001 1.000000e+001
      vertex   2.209763e+001 -2.202519e+001 5.000000e+000
    endloop
  endfacet
  facet normal -8.577579e-001 5.140537e-001 4.096319e-004
    outer loop
      vertex   2.201346e+001 -2.216166e+001 0.000000e+000
      vertex   2.209763e+001 -2.202519e+001 5.000000e+000
      vertex   2.218025e+001 -2.188335e+001 0.000000e+000
    endloop
  endfacet
  facet normal -8.405842e-001 5.416805e-001 -6.335447e-004
    outer loop
      vertex   2.201346e+001 -2.216166e+001 0.000000e+000
      vertex   2.187242e+001 -2.237467e+001 5.000000e+000
      vertex   2.209763e+001 -2.202519e+001 5.000000e+000
    endloop
  endfacet
  facet normal -9.033987e-001 4.288013e-001 3.923106e-004
    outer loop
      vertex   2.229913e+001 -2.166316e+001 5.000000e+000
      vertex   2.233254e+001 -2.159736e+001 1.000000e+001
      vertex   2.247693e+001 -2.128858e+001 5.000000e+000
    endloop
  endfacet
  facet normal -9.584382e-001 2.853000e-001 -3.836349e-004
    outer loop
      vertex   2.270238e+001 -2.069331e+001 1.000000e+001
      vertex   2.279666e+001 -2.037661e+001 1.000000e+001
      vertex   2.276140e+001 -2.050178e+001 5.000000e+000
    endloop
  endfacet
  facet normal -9.681092e-001 2.505280e-001 5.550311e-004
    outer loop
      vertex   2.276140e+001 -2.050178e+001 5.000000e+000
      vertex   2.279666e+001 -2.037661e+001 1.000000e+001
      vertex   2.286807e+001 -2.008955e+001 5.000000e+000
    endloop
  endfacet
  facet normal -9.710689e-001 2.387994e-001 1.606095e-004
    outer loop
      vertex   2.279666e+001 -2.037661e+001 0.000000e+000
      vertex   2.286807e+001 -2.008955e+001 5.000000e+000
      vertex   2.287643e+001 -2.005223e+001 0.000000e+000
    endloop
  endfacet
  facet normal -9.681092e-001 2.505280e-001 -5.550311e-004
    outer loop
      vertex   2.279666e+001 -2.037661e+001 0.000000e+000
      vertex   2.276140e+001 -2.050178e+001 5.000000e+000
      vertex   2.286807e+001 -2.008955e+001 5.000000e+000
    endloop
  endfacet
  facet normal -9.710689e-001 2.387994e-001 -1.606095e-004
    outer loop
      vertex   2.279666e+001 -2.037661e+001 1.000000e+001
      vertex   2.287643e+001 -2.005223e+001 1.000000e+001
      vertex   2.286807e+001 -2.008955e+001 5.000000e+000
    endloop
  endfacet
  facet normal -9.812263e-001 1.928599e-001 1.992796e-004
    outer loop
      vertex   2.286807e+001 -2.008955e+001 5.000000e+000
      vertex   2.287643e+001 -2.005223e+001 1.000000e+001
      vertex   2.294169e+001 -1.972016e+001 1.000000e+001
    endloop
  endfacet
  facet normal -9.890208e-001 1.477766e-001 -2.128501e-004
    outer loop
      vertex   2.295105e+001 -1.966477e+001 5.000000e+000
      vertex   2.294169e+001 -1.972016e+001 1.000000e+001
      vertex   2.299246e+001 -1.938042e+001 1.000000e+001
    endloop
  endfacet
  facet normal -9.945977e-001 1.038038e-001 -3.756260e-004
    outer loop
      vertex   2.301031e+001 -1.922744e+001 5.000000e+000
      vertex   2.299246e+001 -1.938042e+001 1.000000e+001
      vertex   2.302871e+001 -1.903301e+001 1.000000e+001
    endloop
  endfacet
  facet normal -9.981284e-001 6.115185e-002 -3.003015e-004
    outer loop
      vertex   2.304587e+001 -1.877756e+001 5.000000e+000
      vertex   2.302871e+001 -1.903301e+001 1.000000e+001
      vertex   2.305047e+001 -1.867791e+001 1.000000e+001
    endloop
  endfacet
  facet normal -9.998001e-001 1.998593e-002 5.217062e-004
    outer loop
      vertex   2.305772e+001 -1.831513e+001 1.000000e+001
      vertex   2.304587e+001 -1.877756e+001 5.000000e+000
      vertex   2.305047e+001 -1.867791e+001 1.000000e+001
    endloop
  endfacet
  facet normal -9.995718e-001 2.926089e-002 -3.366387e-004
    outer loop
      vertex   2.305772e+001 -1.831513e+001 1.000000e+001
      vertex   2.305047e+001 -1.867791e+001 0.000000e+000
      vertex   2.304587e+001 -1.877756e+001 5.000000e+000
    endloop
  endfacet
  facet normal -9.998003e-001 1.998593e-002 0.000000e+000
    outer loop
      vertex   2.305772e+001 -1.831513e+001 1.000000e+001
      vertex   2.305772e+001 -1.831513e+001 0.000000e+000
      vertex   2.305047e+001 -1.867791e+001 0.000000e+000
    endloop
  endfacet
  facet normal -9.814527e-001 1.917044e-001 2.879718e-004
    outer loop
      vertex   2.286807e+001 -2.008955e+001 5.000000e+000
      vertex   2.294169e+001 -1.972016e+001 1.000000e+001
      vertex   2.295105e+001 -1.966477e+001 5.000000e+000
    endloop
  endfacet
  facet normal -9.890208e-001 1.477766e-001 2.128501e-004
    outer loop
      vertex   2.294169e+001 -1.972016e+001 0.000000e+000
      vertex   2.295105e+001 -1.966477e+001 5.000000e+000
      vertex   2.299246e+001 -1.938042e+001 0.000000e+000
    endloop
  endfacet
  facet normal -9.814527e-001 1.917044e-001 -2.879718e-004
    outer loop
      vertex   2.294169e+001 -1.972016e+001 0.000000e+000
      vertex   2.286807e+001 -2.008955e+001 5.000000e+000
      vertex   2.295105e+001 -1.966477e+001 5.000000e+000
    endloop
  endfacet
  facet normal -9.812263e-001 1.928599e-001 -1.992796e-004
    outer loop
      vertex   2.294169e+001 -1.972016e+001 0.000000e+000
      vertex   2.287643e+001 -2.005223e+001 0.000000e+000
      vertex   2.286807e+001 -2.008955e+001 5.000000e+000
    endloop
  endfacet
  facet normal -9.909422e-001 1.342881e-001 5.701404e-004
    outer loop
      vertex   2.295105e+001 -1.966477e+001 5.000000e+000
      vertex   2.299246e+001 -1.938042e+001 1.000000e+001
      vertex   2.301031e+001 -1.922744e+001 5.000000e+000
    endloop
  endfacet
  facet normal -9.945977e-001 1.038038e-001 3.756260e-004
    outer loop
      vertex   2.299246e+001 -1.938042e+001 0.000000e+000
      vertex   2.301031e+001 -1.922744e+001 5.000000e+000
      vertex   2.302871e+001 -1.903301e+001 0.000000e+000
    endloop
  endfacet
  facet normal -9.909422e-001 1.342881e-001 -5.701404e-004
    outer loop
      vertex   2.299246e+001 -1.938042e+001 0.000000e+000
      vertex   2.295105e+001 -1.966477e+001 5.000000e+000
      vertex   2.301031e+001 -1.922744e+001 5.000000e+000
    endloop
  endfacet
  facet normal -9.968906e-001 7.879532e-002 6.053255e-004
    outer loop
      vertex   2.301031e+001 -1.922744e+001 5.000000e+000
      vertex   2.302871e+001 -1.903301e+001 1.000000e+001
      vertex   2.304587e+001 -1.877756e+001 5.000000e+000
    endloop
  endfacet
  facet normal -9.981284e-001 6.115185e-002 3.003015e-004
    outer loop
      vertex   2.302871e+001 -1.903301e+001 0.000000e+000
      vertex   2.304587e+001 -1.877756e+001 5.000000e+000
      vertex   2.305047e+001 -1.867791e+001 0.000000e+000
    endloop
  endfacet
  facet normal -9.968906e-001 7.879532e-002 -6.053255e-004
    outer loop
      vertex   2.302871e+001 -1.903301e+001 0.000000e+000
      vertex   2.301031e+001 -1.922744e+001 5.000000e+000
      vertex   2.304587e+001 -1.877756e+001 5.000000e+000
    endloop
  endfacet
  facet normal 9.995034e-001 3.150987e-002 -0.000000e+000
    outer loop
      vertex   1.204368e+001 -2.124805e+001 0.000000e+000
      vertex   1.204368e+001 -2.124805e+001 1.000000e+001
      vertex   1.205430e+001 -2.158492e+001 5.000000e+000
    endloop
  endfacet
  facet normal 9.951618e-001 9.824879e-002 -5.041099e-004
    outer loop
      vertex   1.206270e+001 -2.169559e+001 0.000000e+000
      vertex   1.205430e+001 -2.158492e+001 5.000000e+000
      vertex   1.208616e+001 -2.190764e+001 5.000000e+000
    endloop
  endfacet
  facet normal 9.855125e-001 1.696021e-001 -5.110378e-004
    outer loop
      vertex   1.211973e+001 -2.211779e+001 0.000000e+000
      vertex   1.208616e+001 -2.190764e+001 5.000000e+000
      vertex   1.213926e+001 -2.221619e+001 5.000000e+000
    endloop
  endfacet
  facet normal 9.695644e-001 2.448366e-001 3.431980e-005
    outer loop
      vertex   1.221480e+001 -2.251463e+001 0.000000e+000
      vertex   1.213926e+001 -2.221619e+001 5.000000e+000
      vertex   1.221360e+001 -2.251059e+001 5.000000e+000
    endloop
  endfacet
  facet normal 9.464616e-001 3.228164e-001 3.421852e-005
    outer loop
      vertex   1.230919e+001 -2.279082e+001 5.000000e+000
      vertex   1.221360e+001 -2.251059e+001 5.000000e+000
      vertex   1.221480e+001 -2.251463e+001 1.000000e+001
    endloop
  endfacet
  facet normal 9.414057e-001 3.372753e-001 -8.599099e-004
    outer loop
      vertex   1.234789e+001 -2.288612e+001 1.000000e+001
      vertex   1.230919e+001 -2.279082e+001 5.000000e+000
      vertex   1.221480e+001 -2.251463e+001 1.000000e+001
    endloop
  endfacet
  facet normal 9.156327e-001 4.020155e-001 5.735193e-004
    outer loop
      vertex   1.234789e+001 -2.288612e+001 1.000000e+001
      vertex   1.242601e+001 -2.305689e+001 5.000000e+000
      vertex   1.230919e+001 -2.279082e+001 5.000000e+000
    endloop
  endfacet
  facet normal 8.964376e-001 4.431685e-001 -1.131952e-003
    outer loop
      vertex   1.234789e+001 -2.288612e+001 1.000000e+001
      vertex   1.251901e+001 -2.323226e+001 1.000000e+001
      vertex   1.242601e+001 -2.305689e+001 5.000000e+000
    endloop
  endfacet
  facet normal 8.769357e-001 4.806074e-001 5.438808e-004
    outer loop
      vertex   1.242601e+001 -2.305689e+001 5.000000e+000
      vertex   1.251901e+001 -2.323226e+001 1.000000e+001
      vertex   1.256407e+001 -2.330881e+001 5.000000e+000
    endloop
  endfacet
  facet normal 8.376863e-001 5.461511e-001 8.132875e-004
    outer loop
      vertex   1.251901e+001 -2.323226e+001 0.000000e+000
      vertex   1.256407e+001 -2.330881e+001 5.000000e+000
      vertex   1.272816e+001 -2.355304e+001 0.000000e+000
    endloop
  endfacet
  facet normal 8.769357e-001 4.806074e-001 -5.438808e-004
    outer loop
      vertex   1.251901e+001 -2.323226e+001 0.000000e+000
      vertex   1.242601e+001 -2.305689e+001 5.000000e+000
      vertex   1.256407e+001 -2.330881e+001 5.000000e+000
    endloop
  endfacet
  facet normal 8.964376e-001 4.431685e-001 1.131952e-003
    outer loop
      vertex   1.251901e+001 -2.323226e+001 0.000000e+000
      vertex   1.234789e+001 -2.288612e+001 0.000000e+000
      vertex   1.242601e+001 -2.305689e+001 5.000000e+000
    endloop
  endfacet
  facet normal 9.156327e-001 4.020155e-001 -5.735193e-004
    outer loop
      vertex   1.242601e+001 -2.305689e+001 5.000000e+000
      vertex   1.234789e+001 -2.288612e+001 0.000000e+000
      vertex   1.230919e+001 -2.279082e+001 5.000000e+000
    endloop
  endfacet
  facet normal 9.414057e-001 3.372753e-001 8.599099e-004
    outer loop
      vertex   1.230919e+001 -2.279082e+001 5.000000e+000
      vertex   1.234789e+001 -2.288612e+001 0.000000e+000
      vertex   1.221480e+001 -2.251463e+001 0.000000e+000
    endloop
  endfacet
  facet normal 9.464616e-001 3.228164e-001 -3.421852e-005
    outer loop
      vertex   1.221360e+001 -2.251059e+001 5.000000e+000
      vertex   1.230919e+001 -2.279082e+001 5.000000e+000
      vertex   1.221480e+001 -2.251463e+001 0.000000e+000
    endloop
  endfacet
  facet normal 9.909960e-001 1.338875e-001 -1.026844e-003
    outer loop
      vertex   1.211973e+001 -2.211779e+001 1.000000e+001
      vertex   1.208616e+001 -2.190764e+001 5.000000e+000
      vertex   1.206270e+001 -2.169559e+001 1.000000e+001
    endloop
  endfacet
  facet normal 9.855125e-001 1.696021e-001 5.110378e-004
    outer loop
      vertex   1.211973e+001 -2.211779e+001 1.000000e+001
      vertex   1.213926e+001 -2.221619e+001 5.000000e+000
      vertex   1.208616e+001 -2.190764e+001 5.000000e+000
    endloop
  endfacet
  facet normal 9.724845e-001 2.329662e-001 -7.869419e-004
    outer loop
      vertex   1.211973e+001 -2.211779e+001 1.000000e+001
      vertex   1.221480e+001 -2.251463e+001 1.000000e+001
      vertex   1.213926e+001 -2.221619e+001 5.000000e+000
    endloop
  endfacet
  facet normal 9.695644e-001 2.448366e-001 -3.431980e-005
    outer loop
      vertex   1.213926e+001 -2.221619e+001 5.000000e+000
      vertex   1.221480e+001 -2.251463e+001 1.000000e+001
      vertex   1.221360e+001 -2.251059e+001 5.000000e+000
    endloop
  endfacet
  facet normal 8.376863e-001 5.461511e-001 -8.132875e-004
    outer loop
      vertex   1.251901e+001 -2.323226e+001 1.000000e+001
      vertex   1.272816e+001 -2.355304e+001 1.000000e+001
      vertex   1.256407e+001 -2.330881e+001 5.000000e+000
    endloop
  endfacet
  facet normal 8.307577e-001 5.566342e-001 -7.383423e-005
    outer loop
      vertex   1.256407e+001 -2.330881e+001 5.000000e+000
      vertex   1.272816e+001 -2.355304e+001 1.000000e+001
      vertex   1.272337e+001 -2.354656e+001 5.000000e+000
    endloop
  endfacet
  facet normal 7.825129e-001 6.226344e-001 -5.795600e-005
    outer loop
      vertex   1.272816e+001 -2.355304e+001 0.000000e+000
      vertex   1.272337e+001 -2.354656e+001 5.000000e+000
      vertex   1.287323e+001 -2.373490e+001 5.000000e+000
    endloop
  endfacet
  facet normal 7.345905e-001 6.785106e-001 -4.126061e-004
    outer loop
      vertex   1.297533e+001 -2.384848e+001 0.000000e+000
      vertex   1.287323e+001 -2.373490e+001 5.000000e+000
      vertex   1.303800e+001 -2.391329e+001 5.000000e+000
    endloop
  endfacet
  facet normal 6.839159e-001 7.295607e-001 4.858555e-004
    outer loop
      vertex   1.326053e+001 -2.411857e+001 0.000000e+000
      vertex   1.303800e+001 -2.391329e+001 5.000000e+000
      vertex   1.321769e+001 -2.408174e+001 5.000000e+000
    endloop
  endfacet
  facet normal 6.313839e-001 7.754703e-001 3.023984e-004
    outer loop
      vertex   1.341138e+001 -2.423944e+001 5.000000e+000
      vertex   1.321769e+001 -2.408174e+001 5.000000e+000
      vertex   1.326053e+001 -2.411857e+001 1.000000e+001
    endloop
  endfacet
  facet normal 6.029189e-001 7.978017e-001 -1.096265e-003
    outer loop
      vertex   1.357986e+001 -2.435989e+001 1.000000e+001
      vertex   1.341138e+001 -2.423944e+001 5.000000e+000
      vertex   1.326053e+001 -2.411857e+001 1.000000e+001
    endloop
  endfacet
  facet normal 5.766867e-001 8.169654e-001 2.492615e-004
    outer loop
      vertex   1.357986e+001 -2.435989e+001 1.000000e+001
      vertex   1.361701e+001 -2.438459e+001 5.000000e+000
      vertex   1.341138e+001 -2.423944e+001 5.000000e+000
    endloop
  endfacet
  facet normal 5.203670e-001 8.539427e-001 -3.519356e-004
    outer loop
      vertex   1.357986e+001 -2.435989e+001 1.000000e+001
      vertex   1.383450e+001 -2.451712e+001 5.000000e+000
      vertex   1.361701e+001 -2.438459e+001 5.000000e+000
    endloop
  endfacet
  facet normal 5.134392e-001 8.581256e-001 -8.362924e-004
    outer loop
      vertex   1.357986e+001 -2.435989e+001 1.000000e+001
      vertex   1.392941e+001 -2.456903e+001 1.000000e+001
      vertex   1.383450e+001 -2.451712e+001 5.000000e+000
    endloop
  endfacet
  facet normal 4.633264e-001 8.861876e-001 4.063341e-004
    outer loop
      vertex   1.383450e+001 -2.451712e+001 5.000000e+000
      vertex   1.392941e+001 -2.456903e+001 1.000000e+001
      vertex   1.406384e+001 -2.463703e+001 5.000000e+000
    endloop
  endfacet
  facet normal 4.223756e-001 9.064204e-001 9.697983e-004
    outer loop
      vertex   1.392941e+001 -2.456903e+001 0.000000e+000
      vertex   1.406384e+001 -2.463703e+001 5.000000e+000
      vertex   1.430918e+001 -2.474600e+001 0.000000e+000
    endloop
  endfacet
  facet normal 4.633264e-001 8.861876e-001 -4.063341e-004
    outer loop
      vertex   1.392941e+001 -2.456903e+001 0.000000e+000
      vertex   1.383450e+001 -2.451712e+001 5.000000e+000
      vertex   1.406384e+001 -2.463703e+001 5.000000e+000
    endloop
  endfacet
  facet normal 5.134392e-001 8.581256e-001 8.362924e-004
    outer loop
      vertex   1.392941e+001 -2.456903e+001 0.000000e+000
      vertex   1.357986e+001 -2.435989e+001 0.000000e+000
      vertex   1.383450e+001 -2.451712e+001 5.000000e+000
    endloop
  endfacet
  facet normal 5.203670e-001 8.539427e-001 3.519356e-004
    outer loop
      vertex   1.383450e+001 -2.451712e+001 5.000000e+000
      vertex   1.357986e+001 -2.435989e+001 0.000000e+000
      vertex   1.361701e+001 -2.438459e+001 5.000000e+000
    endloop
  endfacet
  facet normal 5.766867e-001 8.169654e-001 -2.492615e-004
    outer loop
      vertex   1.361701e+001 -2.438459e+001 5.000000e+000
      vertex   1.357986e+001 -2.435989e+001 0.000000e+000
      vertex   1.341138e+001 -2.423944e+001 5.000000e+000
    endloop
  endfacet
  facet normal 6.029189e-001 7.978017e-001 1.096265e-003
    outer loop
      vertex   1.341138e+001 -2.423944e+001 5.000000e+000
      vertex   1.357986e+001 -2.435989e+001 0.000000e+000
      vertex   1.326053e+001 -2.411857e+001 0.000000e+000
    endloop
  endfacet
  facet normal 6.313839e-001 7.754703e-001 -3.023984e-004
    outer loop
      vertex   1.321769e+001 -2.408174e+001 5.000000e+000
      vertex   1.341138e+001 -2.423944e+001 5.000000e+000
      vertex   1.326053e+001 -2.411857e+001 0.000000e+000
    endloop
  endfacet
  facet normal 7.825129e-001 6.226344e-001 5.795600e-005
    outer loop
      vertex   1.272337e+001 -2.354656e+001 5.000000e+000
      vertex   1.272816e+001 -2.355304e+001 1.000000e+001
      vertex   1.287323e+001 -2.373490e+001 5.000000e+000
    endloop
  endfacet
  facet normal 7.669745e-001 6.416767e-001 -1.085448e-003
    outer loop
      vertex   1.287323e+001 -2.373490e+001 5.000000e+000
      vertex   1.272816e+001 -2.355304e+001 1.000000e+001
      vertex   1.297533e+001 -2.384848e+001 1.000000e+001
    endloop
  endfacet
  facet normal 6.876067e-001 7.260829e-001 -7.929009e-004
    outer loop
      vertex   1.303800e+001 -2.391329e+001 5.000000e+000
      vertex   1.297533e+001 -2.384848e+001 1.000000e+001
      vertex   1.326053e+001 -2.411857e+001 1.000000e+001
    endloop
  endfacet
  facet normal 6.839159e-001 7.295607e-001 -4.858555e-004
    outer loop
      vertex   1.321769e+001 -2.408174e+001 5.000000e+000
      vertex   1.303800e+001 -2.391329e+001 5.000000e+000
      vertex   1.326053e+001 -2.411857e+001 1.000000e+001
    endloop
  endfacet
  facet normal 7.345905e-001 6.785106e-001 4.126061e-004
    outer loop
      vertex   1.287323e+001 -2.373490e+001 5.000000e+000
      vertex   1.297533e+001 -2.384848e+001 1.000000e+001
      vertex   1.303800e+001 -2.391329e+001 5.000000e+000
    endloop
  endfacet
  facet normal 4.223756e-001 9.064204e-001 -9.697983e-004
    outer loop
      vertex   1.392941e+001 -2.456903e+001 1.000000e+001
      vertex   1.430918e+001 -2.474600e+001 1.000000e+001
      vertex   1.406384e+001 -2.463703e+001 5.000000e+000
    endloop
  endfacet
  facet normal 4.064099e-001 9.136908e-001 -2.790556e-005
    outer loop
      vertex   1.406384e+001 -2.463703e+001 5.000000e+000
      vertex   1.430918e+001 -2.474600e+001 1.000000e+001
      vertex   1.430504e+001 -2.474431e+001 5.000000e+000
    endloop
  endfacet
  facet normal 3.503693e-001 9.366116e-001 -2.636512e-005
    outer loop
      vertex   1.430918e+001 -2.474600e+001 0.000000e+000
      vertex   1.430504e+001 -2.474431e+001 5.000000e+000
      vertex   1.455809e+001 -2.483897e+001 5.000000e+000
    endloop
  endfacet
  facet normal 2.958317e-001 9.552400e-001 -3.690860e-004
    outer loop
      vertex   1.471919e+001 -2.489080e+001 0.000000e+000
      vertex   1.455809e+001 -2.483897e+001 5.000000e+000
      vertex   1.482300e+001 -2.492101e+001 5.000000e+000
    endloop
  endfacet
  facet normal 2.432861e-001 9.699545e-001 3.845328e-004
    outer loop
      vertex   1.515942e+001 -2.500341e+001 0.000000e+000
      vertex   1.482300e+001 -2.492101e+001 5.000000e+000
      vertex   1.509977e+001 -2.499043e+001 5.000000e+000
    endloop
  endfacet
  facet normal 1.930846e-001 9.811821e-001 2.434957e-004
    outer loop
      vertex   1.538840e+001 -2.504723e+001 5.000000e+000
      vertex   1.509977e+001 -2.499043e+001 5.000000e+000
      vertex   1.515942e+001 -2.500341e+001 1.000000e+001
    endloop
  endfacet
  facet normal 1.685385e-001 9.856946e-001 -9.201551e-004
    outer loop
      vertex   1.562988e+001 -2.508385e+001 1.000000e+001
      vertex   1.538840e+001 -2.504723e+001 5.000000e+000
      vertex   1.515942e+001 -2.500341e+001 1.000000e+001
    endloop
  endfacet
  facet normal 1.454541e-001 9.893650e-001 2.216054e-004
    outer loop
      vertex   1.562988e+001 -2.508385e+001 1.000000e+001
      vertex   1.568888e+001 -2.509141e+001 5.000000e+000
      vertex   1.538840e+001 -2.504723e+001 5.000000e+000
    endloop
  endfacet
  facet normal 1.005145e-001 9.949355e-001 -3.171292e-004
    outer loop
      vertex   1.562988e+001 -2.508385e+001 1.000000e+001
      vertex   1.600122e+001 -2.512296e+001 5.000000e+000
      vertex   1.568888e+001 -2.509141e+001 5.000000e+000
    endloop
  endfacet
  facet normal 9.595247e-002 9.953857e-001 -6.594674e-004
    outer loop
      vertex   1.562988e+001 -2.508385e+001 1.000000e+001
      vertex   1.613056e+001 -2.513212e+001 1.000000e+001
      vertex   1.600122e+001 -2.512296e+001 5.000000e+000
    endloop
  endfacet
  facet normal 5.829947e-002 9.982991e-001 3.198745e-004
    outer loop
      vertex   1.600122e+001 -2.512296e+001 5.000000e+000
      vertex   1.613056e+001 -2.513212e+001 1.000000e+001
      vertex   1.632541e+001 -2.514190e+001 5.000000e+000
    endloop
  endfacet
  facet normal 3.028912e-002 9.995409e-001 7.741508e-004
    outer loop
      vertex   1.613056e+001 -2.513212e+001 0.000000e+000
      vertex   1.632541e+001 -2.514190e+001 5.000000e+000
      vertex   1.666147e+001 -2.514821e+001 0.000000e+000
    endloop
  endfacet
  facet normal 5.829947e-002 9.982991e-001 -3.198745e-004
    outer loop
      vertex   1.613056e+001 -2.513212e+001 0.000000e+000
      vertex   1.600122e+001 -2.512296e+001 5.000000e+000
      vertex   1.632541e+001 -2.514190e+001 5.000000e+000
    endloop
  endfacet
  facet normal 9.595247e-002 9.953857e-001 6.594674e-004
    outer loop
      vertex   1.613056e+001 -2.513212e+001 0.000000e+000
      vertex   1.562988e+001 -2.508385e+001 0.000000e+000
      vertex   1.600122e+001 -2.512296e+001 5.000000e+000
    endloop
  endfacet
  facet normal 1.005145e-001 9.949355e-001 3.171292e-004
    outer loop
      vertex   1.600122e+001 -2.512296e+001 5.000000e+000
      vertex   1.562988e+001 -2.508385e+001 0.000000e+000
      vertex   1.568888e+001 -2.509141e+001 5.000000e+000
    endloop
  endfacet
  facet normal 1.454541e-001 9.893650e-001 -2.216054e-004
    outer loop
      vertex   1.568888e+001 -2.509141e+001 5.000000e+000
      vertex   1.562988e+001 -2.508385e+001 0.000000e+000
      vertex   1.538840e+001 -2.504723e+001 5.000000e+000
    endloop
  endfacet
  facet normal 1.685385e-001 9.856946e-001 9.201551e-004
    outer loop
      vertex   1.538840e+001 -2.504723e+001 5.000000e+000
      vertex   1.562988e+001 -2.508385e+001 0.000000e+000
      vertex   1.515942e+001 -2.500341e+001 0.000000e+000
    endloop
  endfacet
  facet normal 1.930846e-001 9.811821e-001 -2.434957e-004
    outer loop
      vertex   1.509977e+001 -2.499043e+001 5.000000e+000
      vertex   1.538840e+001 -2.504723e+001 5.000000e+000
      vertex   1.515942e+001 -2.500341e+001 0.000000e+000
    endloop
  endfacet
  facet normal 3.503693e-001 9.366116e-001 2.636512e-005
    outer loop
      vertex   1.430504e+001 -2.474431e+001 5.000000e+000
      vertex   1.430918e+001 -2.474600e+001 1.000000e+001
      vertex   1.455809e+001 -2.483897e+001 5.000000e+000
    endloop
  endfacet
  facet normal 3.329959e-001 9.429278e-001 -9.559447e-004
    outer loop
      vertex   1.455809e+001 -2.483897e+001 5.000000e+000
      vertex   1.430918e+001 -2.474600e+001 1.000000e+001
      vertex   1.471919e+001 -2.489080e+001 1.000000e+001
    endloop
  endfacet
  facet normal 2.478332e-001 9.688025e-001 -7.094588e-004
    outer loop
      vertex   1.482300e+001 -2.492101e+001 5.000000e+000
      vertex   1.471919e+001 -2.489080e+001 1.000000e+001
      vertex   1.515942e+001 -2.500341e+001 1.000000e+001
    endloop
  endfacet
  facet normal 2.432861e-001 9.699545e-001 -3.845328e-004
    outer loop
      vertex   1.509977e+001 -2.499043e+001 5.000000e+000
      vertex   1.482300e+001 -2.492101e+001 5.000000e+000
      vertex   1.515942e+001 -2.500341e+001 1.000000e+001
    endloop
  endfacet
  facet normal 2.958317e-001 9.552400e-001 3.690860e-004
    outer loop
      vertex   1.455809e+001 -2.483897e+001 5.000000e+000
      vertex   1.471919e+001 -2.489080e+001 1.000000e+001
      vertex   1.482300e+001 -2.492101e+001 5.000000e+000
    endloop
  endfacet
  facet normal 3.028912e-002 9.995409e-001 -7.741508e-004
    outer loop
      vertex   1.613056e+001 -2.513212e+001 1.000000e+001
      vertex   1.666147e+001 -2.514821e+001 1.000000e+001
      vertex   1.632541e+001 -2.514190e+001 5.000000e+000
    endloop
  endfacet
  facet normal 1.877614e-002 9.998237e-001 0.000000e+000
    outer loop
      vertex   1.632541e+001 -2.514190e+001 5.000000e+000
      vertex   1.666147e+001 -2.514821e+001 1.000000e+001
      vertex   1.666147e+001 -2.514821e+001 0.000000e+000
    endloop
  endfacet
  facet normal 2.478332e-001 9.688025e-001 7.094588e-004
    outer loop
      vertex   1.515942e+001 -2.500341e+001 0.000000e+000
      vertex   1.471919e+001 -2.489080e+001 0.000000e+000
      vertex   1.482300e+001 -2.492101e+001 5.000000e+000
    endloop
  endfacet
  facet normal 3.329959e-001 9.429278e-001 9.559447e-004
    outer loop
      vertex   1.471919e+001 -2.489080e+001 0.000000e+000
      vertex   1.430918e+001 -2.474600e+001 0.000000e+000
      vertex   1.455809e+001 -2.483897e+001 5.000000e+000
    endloop
  endfacet
  facet normal 4.064099e-001 9.136908e-001 2.790556e-005
    outer loop
      vertex   1.430504e+001 -2.474431e+001 5.000000e+000
      vertex   1.430918e+001 -2.474600e+001 0.000000e+000
      vertex   1.406384e+001 -2.463703e+001 5.000000e+000
    endloop
  endfacet
  facet normal 6.876067e-001 7.260829e-001 7.929009e-004
    outer loop
      vertex   1.326053e+001 -2.411857e+001 0.000000e+000
      vertex   1.297533e+001 -2.384848e+001 0.000000e+000
      vertex   1.303800e+001 -2.391329e+001 5.000000e+000
    endloop
  endfacet
  facet normal 7.669745e-001 6.416767e-001 1.085448e-003
    outer loop
      vertex   1.297533e+001 -2.384848e+001 0.000000e+000
      vertex   1.272816e+001 -2.355304e+001 0.000000e+000
      vertex   1.287323e+001 -2.373490e+001 5.000000e+000
    endloop
  endfacet
  facet normal 8.307577e-001 5.566342e-001 7.383423e-005
    outer loop
      vertex   1.272337e+001 -2.354656e+001 5.000000e+000
      vertex   1.272816e+001 -2.355304e+001 0.000000e+000
      vertex   1.256407e+001 -2.330881e+001 5.000000e+000
    endloop
  endfacet
  facet normal 9.724845e-001 2.329662e-001 7.869419e-004
    outer loop
      vertex   1.221480e+001 -2.251463e+001 0.000000e+000
      vertex   1.211973e+001 -2.211779e+001 0.000000e+000
      vertex   1.213926e+001 -2.221619e+001 5.000000e+000
    endloop
  endfacet
  facet normal 9.909960e-001 1.338875e-001 1.026844e-003
    outer loop
      vertex   1.211973e+001 -2.211779e+001 0.000000e+000
      vertex   1.206270e+001 -2.169559e+001 0.000000e+000
      vertex   1.208616e+001 -2.190764e+001 5.000000e+000
    endloop
  endfacet
  facet normal 9.990985e-001 4.244536e-002 7.376370e-004
    outer loop
      vertex   1.206270e+001 -2.169559e+001 0.000000e+000
      vertex   1.204368e+001 -2.124805e+001 0.000000e+000
      vertex   1.205430e+001 -2.158492e+001 5.000000e+000
    endloop
  endfacet
  facet normal 9.990985e-001 4.244536e-002 -7.376370e-004
    outer loop
      vertex   1.204368e+001 -2.124805e+001 1.000000e+001
      vertex   1.206270e+001 -2.169559e+001 1.000000e+001
      vertex   1.205430e+001 -2.158492e+001 5.000000e+000
    endloop
  endfacet
  facet normal 9.951618e-001 9.824879e-002 5.041099e-004
    outer loop
      vertex   1.205430e+001 -2.158492e+001 5.000000e+000
      vertex   1.206270e+001 -2.169559e+001 1.000000e+001
      vertex   1.208616e+001 -2.190764e+001 5.000000e+000
    endloop
  endfacet
  facet normal 1.900666e-002 -9.998194e-001 0.000000e+000
    outer loop
      vertex   1.806552e+001 -1.722309e+001 0.000000e+000
      vertex   1.806552e+001 -1.722309e+001 1.000000e+001
      vertex   1.742862e+001 -1.723520e+001 5.000000e+000
    endloop
  endfacet
  facet normal 6.027601e-002 -9.981817e-001 -3.241565e-004
    outer loop
      vertex   1.733985e+001 -1.723893e+001 0.000000e+000
      vertex   1.742862e+001 -1.723520e+001 5.000000e+000
      vertex   1.682711e+001 -1.727152e+001 5.000000e+000
    endloop
  endfacet
  facet normal 1.063286e-001 -9.943309e-001 -5.707928e-004
    outer loop
      vertex   1.666049e+001 -1.728647e+001 0.000000e+000
      vertex   1.682711e+001 -1.727152e+001 5.000000e+000
      vertex   1.626099e+001 -1.733206e+001 5.000000e+000
    endloop
  endfacet
  facet normal 1.576939e-001 -9.874878e-001 -7.236377e-004
    outer loop
      vertex   1.602745e+001 -1.736569e+001 0.000000e+000
      vertex   1.626099e+001 -1.733206e+001 5.000000e+000
      vertex   1.573027e+001 -1.741681e+001 5.000000e+000
    endloop
  endfacet
  facet normal 2.148506e-001 -9.766466e-001 -7.633655e-004
    outer loop
      vertex   1.544072e+001 -1.747660e+001 0.000000e+000
      vertex   1.573027e+001 -1.741681e+001 5.000000e+000
      vertex   1.523493e+001 -1.752578e+001 5.000000e+000
    endloop
  endfacet
  facet normal 2.781375e-001 -9.605411e-001 -6.676752e-004
    outer loop
      vertex   1.490030e+001 -1.761920e+001 0.000000e+000
      vertex   1.523493e+001 -1.752578e+001 5.000000e+000
      vertex   1.477499e+001 -1.765896e+001 5.000000e+000
    endloop
  endfacet
  facet normal 3.476177e-001 -9.376363e-001 -4.120128e-004
    outer loop
      vertex   1.440620e+001 -1.779349e+001 0.000000e+000
      vertex   1.477499e+001 -1.765896e+001 5.000000e+000
      vertex   1.435043e+001 -1.781636e+001 5.000000e+000
    endloop
  endfacet
  facet normal 4.228938e-001 -9.061792e-001 2.863161e-005
    outer loop
      vertex   1.395841e+001 -1.799946e+001 0.000000e+000
      vertex   1.435043e+001 -1.781636e+001 5.000000e+000
      vertex   1.396127e+001 -1.799797e+001 5.000000e+000
    endloop
  endfacet
  facet normal 4.883779e-001 -8.726323e-001 1.881519e-005
    outer loop
      vertex   1.372940e+001 -1.812774e+001 5.000000e+000
      vertex   1.396127e+001 -1.799797e+001 5.000000e+000
      vertex   1.395841e+001 -1.799946e+001 1.000000e+001
    endloop
  endfacet
  facet normal 5.094153e-001 -8.605199e-001 -1.255492e-003
    outer loop
      vertex   1.355694e+001 -1.823713e+001 1.000000e+001
      vertex   1.372940e+001 -1.812774e+001 5.000000e+000
      vertex   1.395841e+001 -1.799946e+001 1.000000e+001
    endloop
  endfacet
  facet normal 5.412585e-001 -8.408562e-001 2.730471e-004
    outer loop
      vertex   1.355694e+001 -1.823713e+001 1.000000e+001
      vertex   1.351222e+001 -1.826754e+001 5.000000e+000
      vertex   1.372940e+001 -1.812774e+001 5.000000e+000
    endloop
  endfacet
  facet normal 5.946661e-001 -8.039726e-001 -4.290549e-004
    outer loop
      vertex   1.355694e+001 -1.823713e+001 1.000000e+001
      vertex   1.330992e+001 -1.841718e+001 5.000000e+000
      vertex   1.351222e+001 -1.826754e+001 5.000000e+000
    endloop
  endfacet
  facet normal 6.041103e-001 -7.968999e-001 -1.150329e-003
    outer loop
      vertex   1.355694e+001 -1.823713e+001 1.000000e+001
      vertex   1.320227e+001 -1.850600e+001 1.000000e+001
      vertex   1.330992e+001 -1.841718e+001 5.000000e+000
    endloop
  endfacet
  facet normal 6.479981e-001 -7.616418e-001 4.208732e-004
    outer loop
      vertex   1.330992e+001 -1.841718e+001 5.000000e+000
      vertex   1.320227e+001 -1.850600e+001 1.000000e+001
      vertex   1.312260e+001 -1.857654e+001 5.000000e+000
    endloop
  endfacet
  facet normal 6.979615e-001 -7.161346e-001 1.017256e-003
    outer loop
      vertex   1.320227e+001 -1.850600e+001 0.000000e+000
      vertex   1.312260e+001 -1.857654e+001 5.000000e+000
      vertex   1.289489e+001 -1.880558e+001 0.000000e+000
    endloop
  endfacet
  facet normal 6.479981e-001 -7.616418e-001 -4.208732e-004
    outer loop
      vertex   1.320227e+001 -1.850600e+001 0.000000e+000
      vertex   1.330992e+001 -1.841718e+001 5.000000e+000
      vertex   1.312260e+001 -1.857654e+001 5.000000e+000
    endloop
  endfacet
  facet normal 6.041103e-001 -7.968999e-001 1.150329e-003
    outer loop
      vertex   1.320227e+001 -1.850600e+001 0.000000e+000
      vertex   1.355694e+001 -1.823713e+001 0.000000e+000
      vertex   1.330992e+001 -1.841718e+001 5.000000e+000
    endloop
  endfacet
  facet normal 5.946661e-001 -8.039726e-001 4.290549e-004
    outer loop
      vertex   1.330992e+001 -1.841718e+001 5.000000e+000
      vertex   1.355694e+001 -1.823713e+001 0.000000e+000
      vertex   1.351222e+001 -1.826754e+001 5.000000e+000
    endloop
  endfacet
  facet normal 5.412585e-001 -8.408562e-001 -2.730471e-004
    outer loop
      vertex   1.351222e+001 -1.826754e+001 5.000000e+000
      vertex   1.355694e+001 -1.823713e+001 0.000000e+000
      vertex   1.372940e+001 -1.812774e+001 5.000000e+000
    endloop
  endfacet
  facet normal 5.094153e-001 -8.605199e-001 1.255492e-003
    outer loop
      vertex   1.372940e+001 -1.812774e+001 5.000000e+000
      vertex   1.355694e+001 -1.823713e+001 0.000000e+000
      vertex   1.395841e+001 -1.799946e+001 0.000000e+000
    endloop
  endfacet
  facet normal 4.883779e-001 -8.726323e-001 -1.881519e-005
    outer loop
      vertex   1.396127e+001 -1.799797e+001 5.000000e+000
      vertex   1.372940e+001 -1.812774e+001 5.000000e+000
      vertex   1.395841e+001 -1.799946e+001 0.000000e+000
    endloop
  endfacet
  facet normal 6.979706e-002 -9.975610e-001 -6.562476e-004
    outer loop
      vertex   1.666049e+001 -1.728647e+001 1.000000e+001
      vertex   1.682711e+001 -1.727152e+001 5.000000e+000
      vertex   1.733985e+001 -1.723893e+001 1.000000e+001
    endloop
  endfacet
  facet normal 1.063286e-001 -9.943309e-001 5.707928e-004
    outer loop
      vertex   1.666049e+001 -1.728647e+001 1.000000e+001
      vertex   1.626099e+001 -1.733206e+001 5.000000e+000
      vertex   1.682711e+001 -1.727152e+001 5.000000e+000
    endloop
  endfacet
  facet normal 1.241758e-001 -9.922599e-001 -8.740715e-004
    outer loop
      vertex   1.666049e+001 -1.728647e+001 1.000000e+001
      vertex   1.602745e+001 -1.736569e+001 1.000000e+001
      vertex   1.626099e+001 -1.733206e+001 5.000000e+000
    endloop
  endfacet
  facet normal 1.576939e-001 -9.874878e-001 7.236377e-004
    outer loop
      vertex   1.626099e+001 -1.733206e+001 5.000000e+000
      vertex   1.602745e+001 -1.736569e+001 1.000000e+001
      vertex   1.573027e+001 -1.741681e+001 5.000000e+000
    endloop
  endfacet
  facet normal 1.857424e-001 -9.825980e-001 -9.934515e-004
    outer loop
      vertex   1.573027e+001 -1.741681e+001 5.000000e+000
      vertex   1.602745e+001 -1.736569e+001 1.000000e+001
      vertex   1.544072e+001 -1.747660e+001 1.000000e+001
    endloop
  endfacet
  facet normal 2.551371e-001 -9.669044e-001 -9.905356e-004
    outer loop
      vertex   1.523493e+001 -1.752578e+001 5.000000e+000
      vertex   1.544072e+001 -1.747660e+001 1.000000e+001
      vertex   1.490030e+001 -1.761920e+001 1.000000e+001
    endloop
  endfacet
  facet normal 3.326496e-001 -9.430501e-001 -8.376536e-004
    outer loop
      vertex   1.477499e+001 -1.765896e+001 5.000000e+000
      vertex   1.490030e+001 -1.761920e+001 1.000000e+001
      vertex   1.440620e+001 -1.779349e+001 1.000000e+001
    endloop
  endfacet
  facet normal 4.178974e-001 -9.084941e-001 -5.051445e-004
    outer loop
      vertex   1.435043e+001 -1.781636e+001 5.000000e+000
      vertex   1.440620e+001 -1.779349e+001 1.000000e+001
      vertex   1.395841e+001 -1.799946e+001 1.000000e+001
    endloop
  endfacet
  facet normal 4.228938e-001 -9.061792e-001 -2.863161e-005
    outer loop
      vertex   1.396127e+001 -1.799797e+001 5.000000e+000
      vertex   1.435043e+001 -1.781636e+001 5.000000e+000
      vertex   1.395841e+001 -1.799946e+001 1.000000e+001
    endloop
  endfacet
  facet normal 2.148506e-001 -9.766466e-001 7.633655e-004
    outer loop
      vertex   1.573027e+001 -1.741681e+001 5.000000e+000
      vertex   1.544072e+001 -1.747660e+001 1.000000e+001
      vertex   1.523493e+001 -1.752578e+001 5.000000e+000
    endloop
  endfacet
  facet normal 2.781375e-001 -9.605411e-001 6.676752e-004
    outer loop
      vertex   1.523493e+001 -1.752578e+001 5.000000e+000
      vertex   1.490030e+001 -1.761920e+001 1.000000e+001
      vertex   1.477499e+001 -1.765896e+001 5.000000e+000
    endloop
  endfacet
  facet normal 3.476177e-001 -9.376363e-001 4.120128e-004
    outer loop
      vertex   1.477499e+001 -1.765896e+001 5.000000e+000
      vertex   1.440620e+001 -1.779349e+001 1.000000e+001
      vertex   1.435043e+001 -1.781636e+001 5.000000e+000
    endloop
  endfacet
  facet normal 6.979615e-001 -7.161346e-001 -1.017256e-003
    outer loop
      vertex   1.320227e+001 -1.850600e+001 1.000000e+001
      vertex   1.289489e+001 -1.880558e+001 1.000000e+001
      vertex   1.312260e+001 -1.857654e+001 5.000000e+000
    endloop
  endfacet
  facet normal 7.003833e-001 -7.137665e-001 -7.984797e-004
    outer loop
      vertex   1.312260e+001 -1.857654e+001 5.000000e+000
      vertex   1.289489e+001 -1.880558e+001 1.000000e+001
      vertex   1.295028e+001 -1.874564e+001 5.000000e+000
    endloop
  endfacet
  facet normal 7.507695e-001 -6.605642e-001 -3.974572e-004
    outer loop
      vertex   1.289489e+001 -1.880558e+001 0.000000e+000
      vertex   1.295028e+001 -1.874564e+001 5.000000e+000
      vertex   1.279293e+001 -1.892447e+001 5.000000e+000
    endloop
  endfacet
  facet normal 7.980935e-001 -6.025336e-001 2.345911e-004
    outer loop
      vertex   1.263480e+001 -1.913587e+001 0.000000e+000
      vertex   1.279293e+001 -1.892447e+001 5.000000e+000
      vertex   1.265058e+001 -1.911303e+001 5.000000e+000
    endloop
  endfacet
  facet normal 8.413756e-001 -5.404508e-001 1.856248e-004
    outer loop
      vertex   1.252320e+001 -1.931132e+001 5.000000e+000
      vertex   1.265058e+001 -1.911303e+001 5.000000e+000
      vertex   1.263480e+001 -1.913587e+001 1.000000e+001
    endloop
  endfacet
  facet normal 8.614694e-001 -5.078074e-001 -1.408312e-003
    outer loop
      vertex   1.242200e+001 -1.949688e+001 1.000000e+001
      vertex   1.252320e+001 -1.931132e+001 5.000000e+000
      vertex   1.263480e+001 -1.913587e+001 1.000000e+001
    endloop
  endfacet
  facet normal 8.798113e-001 -4.753231e-001 1.684925e-004
    outer loop
      vertex   1.242200e+001 -1.949688e+001 1.000000e+001
      vertex   1.241082e+001 -1.951935e+001 5.000000e+000
      vertex   1.252320e+001 -1.931132e+001 5.000000e+000
    endloop
  endfacet
  facet normal 9.128432e-001 -4.083102e-001 -2.065238e-004
    outer loop
      vertex   1.242200e+001 -1.949688e+001 1.000000e+001
      vertex   1.231341e+001 -1.973711e+001 5.000000e+000
      vertex   1.241082e+001 -1.951935e+001 5.000000e+000
    endloop
  endfacet
  facet normal 9.211483e-001 -3.892095e-001 -1.304591e-003
    outer loop
      vertex   1.242200e+001 -1.949688e+001 1.000000e+001
      vertex   1.225648e+001 -1.988860e+001 1.000000e+001
      vertex   1.231341e+001 -1.973711e+001 5.000000e+000
    endloop
  endfacet
  facet normal 9.401998e-001 -3.406233e-001 3.844178e-004
    outer loop
      vertex   1.231341e+001 -1.973711e+001 5.000000e+000
      vertex   1.225648e+001 -1.988860e+001 1.000000e+001
      vertex   1.223099e+001 -1.996460e+001 5.000000e+000
    endloop
  endfacet
  facet normal 9.618932e-001 -2.734245e-001 7.475819e-004
    outer loop
      vertex   1.225648e+001 -1.988860e+001 0.000000e+000
      vertex   1.223099e+001 -1.996460e+001 5.000000e+000
      vertex   1.216356e+001 -2.020183e+001 5.000000e+000
    endloop
  endfacet
  facet normal 9.781835e-001 -2.077421e-001 -4.123320e-004
    outer loop
      vertex   1.213826e+001 -2.031104e+001 0.000000e+000
      vertex   1.216356e+001 -2.020183e+001 5.000000e+000
      vertex   1.211111e+001 -2.044878e+001 5.000000e+000
    endloop
  endfacet
  facet normal 9.895171e-001 -1.444151e-001 4.440268e-004
    outer loop
      vertex   1.206733e+001 -2.076419e+001 0.000000e+000
      vertex   1.211111e+001 -2.044878e+001 5.000000e+000
      vertex   1.207365e+001 -2.070547e+001 5.000000e+000
    endloop
  endfacet
  facet normal 9.964599e-001 -8.406948e-002 2.733852e-004
    outer loop
      vertex   1.205117e+001 -2.097190e+001 5.000000e+000
      vertex   1.207365e+001 -2.070547e+001 5.000000e+000
      vertex   1.206733e+001 -2.076419e+001 1.000000e+001
    endloop
  endfacet
  facet normal 9.988074e-001 -4.880822e-002 -1.199009e-003
    outer loop
      vertex   1.204368e+001 -2.124805e+001 1.000000e+001
      vertex   1.205117e+001 -2.097190e+001 5.000000e+000
      vertex   1.206733e+001 -2.076419e+001 1.000000e+001
    endloop
  endfacet
  facet normal 9.996321e-001 -2.712161e-002 0.000000e+000
    outer loop
      vertex   1.204368e+001 -2.124805e+001 1.000000e+001
      vertex   1.204368e+001 -2.124805e+001 0.000000e+000
      vertex   1.205117e+001 -2.097190e+001 5.000000e+000
    endloop
  endfacet
  facet normal 9.988074e-001 -4.880822e-002 1.199009e-003
    outer loop
      vertex   1.205117e+001 -2.097190e+001 5.000000e+000
      vertex   1.204368e+001 -2.124805e+001 0.000000e+000
      vertex   1.206733e+001 -2.076419e+001 0.000000e+000
    endloop
  endfacet
  facet normal 9.964599e-001 -8.406948e-002 -2.733852e-004
    outer loop
      vertex   1.207365e+001 -2.070547e+001 5.000000e+000
      vertex   1.205117e+001 -2.097190e+001 5.000000e+000
      vertex   1.206733e+001 -2.076419e+001 0.000000e+000
    endloop
  endfacet
  facet normal 7.507695e-001 -6.605642e-001 3.974572e-004
    outer loop
      vertex   1.295028e+001 -1.874564e+001 5.000000e+000
      vertex   1.289489e+001 -1.880558e+001 1.000000e+001
      vertex   1.279293e+001 -1.892447e+001 5.000000e+000
    endloop
  endfacet
  facet normal 7.856533e-001 -6.186657e-001 -1.310120e-003
    outer loop
      vertex   1.279293e+001 -1.892447e+001 5.000000e+000
      vertex   1.289489e+001 -1.880558e+001 1.000000e+001
      vertex   1.263480e+001 -1.913587e+001 1.000000e+001
    endloop
  endfacet
  facet normal 7.980935e-001 -6.025336e-001 -2.345911e-004
    outer loop
      vertex   1.265058e+001 -1.911303e+001 5.000000e+000
      vertex   1.279293e+001 -1.892447e+001 5.000000e+000
      vertex   1.263480e+001 -1.913587e+001 1.000000e+001
    endloop
  endfacet
  facet normal 9.618932e-001 -2.734245e-001 -7.475819e-004
    outer loop
      vertex   1.223099e+001 -1.996460e+001 5.000000e+000
      vertex   1.225648e+001 -1.988860e+001 1.000000e+001
      vertex   1.216356e+001 -2.020183e+001 5.000000e+000
    endloop
  endfacet
  facet normal 9.629981e-001 -2.695061e-001 -1.013583e-003
    outer loop
      vertex   1.216356e+001 -2.020183e+001 5.000000e+000
      vertex   1.225648e+001 -1.988860e+001 1.000000e+001
      vertex   1.213826e+001 -2.031104e+001 1.000000e+001
    endloop
  endfacet
  facet normal 9.879683e-001 -1.546524e-001 -1.103365e-003
    outer loop
      vertex   1.211111e+001 -2.044878e+001 5.000000e+000
      vertex   1.213826e+001 -2.031104e+001 1.000000e+001
      vertex   1.206733e+001 -2.076419e+001 1.000000e+001
    endloop
  endfacet
  facet normal 9.895171e-001 -1.444151e-001 -4.440268e-004
    outer loop
      vertex   1.207365e+001 -2.070547e+001 5.000000e+000
      vertex   1.211111e+001 -2.044878e+001 5.000000e+000
      vertex   1.206733e+001 -2.076419e+001 1.000000e+001
    endloop
  endfacet
  facet normal 9.781835e-001 -2.077421e-001 4.123320e-004
    outer loop
      vertex   1.216356e+001 -2.020183e+001 5.000000e+000
      vertex   1.213826e+001 -2.031104e+001 1.000000e+001
      vertex   1.211111e+001 -2.044878e+001 5.000000e+000
    endloop
  endfacet
  facet normal 9.879683e-001 -1.546524e-001 1.103365e-003
    outer loop
      vertex   1.206733e+001 -2.076419e+001 0.000000e+000
      vertex   1.213826e+001 -2.031104e+001 0.000000e+000
      vertex   1.211111e+001 -2.044878e+001 5.000000e+000
    endloop
  endfacet
  facet normal 9.629981e-001 -2.695061e-001 1.013583e-003
    outer loop
      vertex   1.213826e+001 -2.031104e+001 0.000000e+000
      vertex   1.225648e+001 -1.988860e+001 0.000000e+000
      vertex   1.216356e+001 -2.020183e+001 5.000000e+000
    endloop
  endfacet
  facet normal 9.401998e-001 -3.406233e-001 -3.844178e-004
    outer loop
      vertex   1.223099e+001 -1.996460e+001 5.000000e+000
      vertex   1.225648e+001 -1.988860e+001 0.000000e+000
      vertex   1.231341e+001 -1.973711e+001 5.000000e+000
    endloop
  endfacet
  facet normal 9.211483e-001 -3.892095e-001 1.304591e-003
    outer loop
      vertex   1.231341e+001 -1.973711e+001 5.000000e+000
      vertex   1.225648e+001 -1.988860e+001 0.000000e+000
      vertex   1.242200e+001 -1.949688e+001 0.000000e+000
    endloop
  endfacet
  facet normal 8.798113e-001 -4.753231e-001 -1.684925e-004
    outer loop
      vertex   1.241082e+001 -1.951935e+001 5.000000e+000
      vertex   1.242200e+001 -1.949688e+001 0.000000e+000
      vertex   1.252320e+001 -1.931132e+001 5.000000e+000
    endloop
  endfacet
  facet normal 9.128432e-001 -4.083102e-001 2.065238e-004
    outer loop
      vertex   1.241082e+001 -1.951935e+001 5.000000e+000
      vertex   1.231341e+001 -1.973711e+001 5.000000e+000
      vertex   1.242200e+001 -1.949688e+001 0.000000e+000
    endloop
  endfacet
  facet normal 8.614694e-001 -5.078074e-001 1.408312e-003
    outer loop
      vertex   1.242200e+001 -1.949688e+001 0.000000e+000
      vertex   1.263480e+001 -1.913587e+001 0.000000e+000
      vertex   1.252320e+001 -1.931132e+001 5.000000e+000
    endloop
  endfacet
  facet normal 8.413756e-001 -5.404508e-001 -1.856248e-004
    outer loop
      vertex   1.252320e+001 -1.931132e+001 5.000000e+000
      vertex   1.263480e+001 -1.913587e+001 0.000000e+000
      vertex   1.265058e+001 -1.911303e+001 5.000000e+000
    endloop
  endfacet
  facet normal 7.856533e-001 -6.186657e-001 1.310120e-003
    outer loop
      vertex   1.263480e+001 -1.913587e+001 0.000000e+000
      vertex   1.289489e+001 -1.880558e+001 0.000000e+000
      vertex   1.279293e+001 -1.892447e+001 5.000000e+000
    endloop
  endfacet
  facet normal 7.003833e-001 -7.137665e-001 7.984797e-004
    outer loop
      vertex   1.295028e+001 -1.874564e+001 5.000000e+000
      vertex   1.289489e+001 -1.880558e+001 0.000000e+000
      vertex   1.312260e+001 -1.857654e+001 5.000000e+000
    endloop
  endfacet
  facet normal 4.178974e-001 -9.084941e-001 5.051445e-004
    outer loop
      vertex   1.395841e+001 -1.799946e+001 0.000000e+000
      vertex   1.440620e+001 -1.779349e+001 0.000000e+000
      vertex   1.435043e+001 -1.781636e+001 5.000000e+000
    endloop
  endfacet
  facet normal 3.326496e-001 -9.430501e-001 8.376536e-004
    outer loop
      vertex   1.440620e+001 -1.779349e+001 0.000000e+000
      vertex   1.490030e+001 -1.761920e+001 0.000000e+000
      vertex   1.477499e+001 -1.765896e+001 5.000000e+000
    endloop
  endfacet
  facet normal 2.551371e-001 -9.669044e-001 9.905356e-004
    outer loop
      vertex   1.490030e+001 -1.761920e+001 0.000000e+000
      vertex   1.544072e+001 -1.747660e+001 0.000000e+000
      vertex   1.523493e+001 -1.752578e+001 5.000000e+000
    endloop
  endfacet
  facet normal 1.857424e-001 -9.825980e-001 9.934515e-004
    outer loop
      vertex   1.544072e+001 -1.747660e+001 0.000000e+000
      vertex   1.602745e+001 -1.736569e+001 0.000000e+000
      vertex   1.573027e+001 -1.741681e+001 5.000000e+000
    endloop
  endfacet
  facet normal 1.241758e-001 -9.922599e-001 8.740715e-004
    outer loop
      vertex   1.602745e+001 -1.736569e+001 0.000000e+000
      vertex   1.666049e+001 -1.728647e+001 0.000000e+000
      vertex   1.626099e+001 -1.733206e+001 5.000000e+000
    endloop
  endfacet
  facet normal 6.979706e-002 -9.975610e-001 6.562476e-004
    outer loop
      vertex   1.666049e+001 -1.728647e+001 0.000000e+000
      vertex   1.733985e+001 -1.723893e+001 0.000000e+000
      vertex   1.682711e+001 -1.727152e+001 5.000000e+000
    endloop
  endfacet
  facet normal 2.182886e-002 -9.997617e-001 3.596311e-004
    outer loop
      vertex   1.733985e+001 -1.723893e+001 0.000000e+000
      vertex   1.806552e+001 -1.722309e+001 0.000000e+000
      vertex   1.742862e+001 -1.723520e+001 5.000000e+000
    endloop
  endfacet
  facet normal 2.182886e-002 -9.997617e-001 -3.596311e-004
    outer loop
      vertex   1.806552e+001 -1.722309e+001 1.000000e+001
      vertex   1.733985e+001 -1.723893e+001 1.000000e+001
      vertex   1.742862e+001 -1.723520e+001 5.000000e+000
    endloop
  endfacet
  facet normal 6.027601e-002 -9.981817e-001 3.241565e-004
    outer loop
      vertex   1.742862e+001 -1.723520e+001 5.000000e+000
      vertex   1.733985e+001 -1.723893e+001 1.000000e+001
      vertex   1.682711e+001 -1.727152e+001 5.000000e+000
    endloop
  endfacet
  facet normal 0.000000e+000 -1.000000e+000 0.000000e+000
    outer loop
      vertex   2.305772e+001 -3.073323e+001 1.000000e+001
      vertex   2.305772e+001 -3.073323e+001 0.000000e+000
      vertex   3.273011e+001 -3.073323e+001 1.000000e+001
    endloop
  endfacet
  facet normal 0.000000e+000 -1.000000e+000 -0.000000e+000
    outer loop
      vertex   3.273011e+001 -3.073323e+001 1.000000e+001
      vertex   2.305772e+001 -3.073323e+001 0.000000e+000
      vertex   3.273011e+001 -3.073323e+001 0.000000e+000
    endloop
  endfacet
  facet normal -1.000000e+000 -0.000000e+000 -0.000000e+000
    outer loop
      vertex   2.305772e+001 -2.630265e+001 1.000000e+001
      vertex   2.305772e+001 -2.630265e+001 0.000000e+000
      vertex   2.305772e+001 -3.073323e+001 1.000000e+001
    endloop
  endfacet
  facet normal -1.000000e+000 -0.000000e+000 -0.000000e+000
    outer loop
      vertex   2.305772e+001 -3.073323e+001 1.000000e+001
      vertex   2.305772e+001 -2.630265e+001 0.000000e+000
      vertex   2.305772e+001 -3.073323e+001 0.000000e+000
    endloop
  endfacet
  facet normal 8.059385e-001 -5.919993e-001 0.000000e+000
    outer loop
      vertex   2.305772e+001 -2.630265e+001 0.000000e+000
      vertex   2.305772e+001 -2.630265e+001 1.000000e+001
      vertex   2.275722e+001 -2.671176e+001 5.000000e+000
    endloop
  endfacet
  facet normal 7.880184e-001 -6.156516e-001 3.532535e-004
    outer loop
      vertex   2.256679e+001 -2.695837e+001 0.000000e+000
      vertex   2.275722e+001 -2.671176e+001 5.000000e+000
      vertex   2.245117e+001 -2.710349e+001 5.000000e+000
    endloop
  endfacet
  facet normal 7.686042e-001 -6.397244e-001 -4.772761e-004
    outer loop
      vertex   2.206123e+001 -2.756825e+001 0.000000e+000
      vertex   2.245117e+001 -2.710349e+001 5.000000e+000
      vertex   2.213957e+001 -2.747786e+001 5.000000e+000
    endloop
  endfacet
  facet normal 7.476124e-001 -6.641352e-001 -2.929346e-004
    outer loop
      vertex   2.182244e+001 -2.783486e+001 5.000000e+000
      vertex   2.213957e+001 -2.747786e+001 5.000000e+000
      vertex   2.206123e+001 -2.756825e+001 1.000000e+001
    endloop
  endfacet
  facet normal 7.351196e-001 -6.779366e-001 1.039618e-003
    outer loop
      vertex   2.154105e+001 -2.813231e+001 1.000000e+001
      vertex   2.182244e+001 -2.783486e+001 5.000000e+000
      vertex   2.206123e+001 -2.756825e+001 1.000000e+001
    endloop
  endfacet
  facet normal 7.249656e-001 -6.887851e-001 -1.772138e-004
    outer loop
      vertex   2.154105e+001 -2.813231e+001 1.000000e+001
      vertex   2.149976e+001 -2.817449e+001 5.000000e+000
      vertex   2.182244e+001 -2.783486e+001 5.000000e+000
    endloop
  endfacet
  facet normal 7.005958e-001 -7.135583e-001 2.330071e-004
    outer loop
      vertex   2.154105e+001 -2.813231e+001 1.000000e+001
      vertex   2.117153e+001 -2.849675e+001 5.000000e+000
      vertex   2.149976e+001 -2.817449e+001 5.000000e+000
    endloop
  endfacet
  facet normal 6.958899e-001 -7.181479e-001 9.153151e-004
    outer loop
      vertex   2.154105e+001 -2.813231e+001 1.000000e+001
      vertex   2.100624e+001 -2.865055e+001 1.000000e+001
      vertex   2.117153e+001 -2.849675e+001 5.000000e+000
    endloop
  endfacet
  facet normal 6.744485e-001 -7.383218e-001 -4.140501e-004
    outer loop
      vertex   2.117153e+001 -2.849675e+001 5.000000e+000
      vertex   2.100624e+001 -2.865055e+001 1.000000e+001
      vertex   2.083777e+001 -2.880164e+001 5.000000e+000
    endloop
  endfacet
  facet normal 6.519539e-001 -7.582580e-001 -9.463434e-004
    outer loop
      vertex   2.100624e+001 -2.865055e+001 0.000000e+000
      vertex   2.083777e+001 -2.880164e+001 5.000000e+000
      vertex   2.045681e+001 -2.912295e+001 0.000000e+000
    endloop
  endfacet
  facet normal 6.744485e-001 -7.383218e-001 4.140501e-004
    outer loop
      vertex   2.100624e+001 -2.865055e+001 0.000000e+000
      vertex   2.117153e+001 -2.849675e+001 5.000000e+000
      vertex   2.083777e+001 -2.880164e+001 5.000000e+000
    endloop
  endfacet
  facet normal 6.958899e-001 -7.181479e-001 -9.153151e-004
    outer loop
      vertex   2.100624e+001 -2.865055e+001 0.000000e+000
      vertex   2.154105e+001 -2.813231e+001 0.000000e+000
      vertex   2.117153e+001 -2.849675e+001 5.000000e+000
    endloop
  endfacet
  facet normal 7.005958e-001 -7.135583e-001 -2.330071e-004
    outer loop
      vertex   2.117153e+001 -2.849675e+001 5.000000e+000
      vertex   2.154105e+001 -2.813231e+001 0.000000e+000
      vertex   2.149976e+001 -2.817449e+001 5.000000e+000
    endloop
  endfacet
  facet normal 7.249656e-001 -6.887851e-001 1.772138e-004
    outer loop
      vertex   2.149976e+001 -2.817449e+001 5.000000e+000
      vertex   2.154105e+001 -2.813231e+001 0.000000e+000
      vertex   2.182244e+001 -2.783486e+001 5.000000e+000
    endloop
  endfacet
  facet normal 7.351196e-001 -6.779366e-001 -1.039618e-003
    outer loop
      vertex   2.182244e+001 -2.783486e+001 5.000000e+000
      vertex   2.154105e+001 -2.813231e+001 0.000000e+000
      vertex   2.206123e+001 -2.756825e+001 0.000000e+000
    endloop
  endfacet
  facet normal 7.476124e-001 -6.641352e-001 2.929346e-004
    outer loop
      vertex   2.213957e+001 -2.747786e+001 5.000000e+000
      vertex   2.182244e+001 -2.783486e+001 5.000000e+000
      vertex   2.206123e+001 -2.756825e+001 0.000000e+000
    endloop
  endfacet
  facet normal 7.698831e-001 -6.381845e-001 7.201500e-004
    outer loop
      vertex   2.206123e+001 -2.756825e+001 1.000000e+001
      vertex   2.245117e+001 -2.710349e+001 5.000000e+000
      vertex   2.256679e+001 -2.695837e+001 1.000000e+001
    endloop
  endfacet
  facet normal 7.686042e-001 -6.397244e-001 4.772761e-004
    outer loop
      vertex   2.206123e+001 -2.756825e+001 1.000000e+001
      vertex   2.213957e+001 -2.747786e+001 5.000000e+000
      vertex   2.245117e+001 -2.710349e+001 5.000000e+000
    endloop
  endfacet
  facet normal 6.519539e-001 -7.582580e-001 9.463434e-004
    outer loop
      vertex   2.100624e+001 -2.865055e+001 1.000000e+001
      vertex   2.045681e+001 -2.912295e+001 1.000000e+001
      vertex   2.083777e+001 -2.880164e+001 5.000000e+000
    endloop
  endfacet
  facet normal 6.464854e-001 -7.629263e-001 2.296900e-004
    outer loop
      vertex   2.083777e+001 -2.880164e+001 5.000000e+000
      vertex   2.045681e+001 -2.912295e+001 1.000000e+001
      vertex   2.049846e+001 -2.908916e+001 5.000000e+000
    endloop
  endfacet
  facet normal 6.166890e-001 -7.872068e-001 1.826119e-004
    outer loop
      vertex   2.045681e+001 -2.912295e+001 0.000000e+000
      vertex   2.049846e+001 -2.908916e+001 5.000000e+000
      vertex   2.015361e+001 -2.935932e+001 5.000000e+000
    endloop
  endfacet
  facet normal 5.850662e-001 -8.109855e-001 3.283851e-004
    outer loop
      vertex   1.989275e+001 -2.954953e+001 0.000000e+000
      vertex   2.015361e+001 -2.935932e+001 5.000000e+000
      vertex   1.980321e+001 -2.961210e+001 5.000000e+000
    endloop
  endfacet
  facet normal 5.516516e-001 -8.340745e-001 5.589152e-004
    outer loop
      vertex   1.944727e+001 -2.984752e+001 5.000000e+000
      vertex   1.980321e+001 -2.961210e+001 5.000000e+000
      vertex   1.989275e+001 -2.954953e+001 1.000000e+001
    endloop
  endfacet
  facet normal 5.496551e-001 -8.353913e-001 8.152708e-004
    outer loop
      vertex   1.931406e+001 -2.993029e+001 1.000000e+001
      vertex   1.944727e+001 -2.984752e+001 5.000000e+000
      vertex   1.989275e+001 -2.954953e+001 1.000000e+001
    endloop
  endfacet
  facet normal 5.165105e-001 -8.562808e-001 -4.135586e-004
    outer loop
      vertex   1.931406e+001 -2.993029e+001 1.000000e+001
      vertex   1.908579e+001 -3.006557e+001 5.000000e+000
      vertex   1.944727e+001 -2.984752e+001 5.000000e+000
    endloop
  endfacet
  facet normal 4.915853e-001 -8.708287e-001 1.117999e-003
    outer loop
      vertex   1.931406e+001 -2.993029e+001 1.000000e+001
      vertex   1.872075e+001 -3.026521e+001 1.000000e+001
      vertex   1.908579e+001 -3.006557e+001 5.000000e+000
    endloop
  endfacet
  facet normal 4.797404e-001 -8.774105e-001 -9.571422e-006
    outer loop
      vertex   1.908579e+001 -3.006557e+001 5.000000e+000
      vertex   1.872075e+001 -3.026521e+001 1.000000e+001
      vertex   1.871876e+001 -3.026624e+001 5.000000e+000
    endloop
  endfacet
  facet normal 4.406291e-001 -8.976892e-001 -1.016181e-005
    outer loop
      vertex   1.872075e+001 -3.026521e+001 0.000000e+000
      vertex   1.871876e+001 -3.026624e+001 5.000000e+000
      vertex   1.834264e+001 -3.045086e+001 5.000000e+000
    endloop
  endfacet
  facet normal 4.003955e-001 -9.163423e-001 4.381215e-004
    outer loop
      vertex   1.810355e+001 -3.055772e+001 0.000000e+000
      vertex   1.834264e+001 -3.045086e+001 5.000000e+000
      vertex   1.795396e+001 -3.062069e+001 5.000000e+000
    endloop
  endfacet
  facet normal 3.604504e-001 -9.327782e-001 -5.540402e-004
    outer loop
      vertex   1.745320e+001 -3.081123e+001 0.000000e+000
      vertex   1.795396e+001 -3.062069e+001 5.000000e+000
      vertex   1.755271e+001 -3.077575e+001 5.000000e+000
    endloop
  endfacet
  facet normal 3.161757e-001 -9.487005e-001 -4.401726e-004
    outer loop
      vertex   1.703406e+001 -3.094860e+001 5.000000e+000
      vertex   1.755271e+001 -3.077575e+001 5.000000e+000
      vertex   1.745320e+001 -3.081123e+001 1.000000e+001
    endloop
  endfacet
  facet normal 2.994371e-001 -9.541154e-001 1.111773e-003
    outer loop
      vertex   1.676970e+001 -3.102574e+001 1.000000e+001
      vertex   1.703406e+001 -3.094860e+001 5.000000e+000
      vertex   1.745320e+001 -3.081123e+001 1.000000e+001
    endloop
  endfacet
  facet normal 2.681319e-001 -9.633820e-001 -6.863523e-004
    outer loop
      vertex   1.676970e+001 -3.102574e+001 1.000000e+001
      vertex   1.649581e+001 -3.109841e+001 5.000000e+000
      vertex   1.703406e+001 -3.094860e+001 5.000000e+000
    endloop
  endfacet
  facet normal 2.378686e-001 -9.712967e-001 1.086443e-003
    outer loop
      vertex   1.676970e+001 -3.102574e+001 1.000000e+001
      vertex   1.605304e+001 -3.120125e+001 1.000000e+001
      vertex   1.649581e+001 -3.109841e+001 5.000000e+000
    endloop
  endfacet
  facet normal 2.215853e-001 -9.751409e-001 -4.345529e-004
    outer loop
      vertex   1.649581e+001 -3.109841e+001 5.000000e+000
      vertex   1.605304e+001 -3.120125e+001 1.000000e+001
      vertex   1.593797e+001 -3.122517e+001 5.000000e+000
    endloop
  endfacet
  facet normal 1.791106e-001 -9.838288e-001 -5.845773e-004
    outer loop
      vertex   1.605304e+001 -3.120125e+001 0.000000e+000
      vertex   1.593797e+001 -3.122517e+001 5.000000e+000
      vertex   1.530324e+001 -3.133775e+001 0.000000e+000
    endloop
  endfacet
  facet normal 2.215853e-001 -9.751409e-001 4.345529e-004
    outer loop
      vertex   1.605304e+001 -3.120125e+001 0.000000e+000
      vertex   1.649581e+001 -3.109841e+001 5.000000e+000
      vertex   1.593797e+001 -3.122517e+001 5.000000e+000
    endloop
  endfacet
  facet normal 2.378686e-001 -9.712967e-001 -1.086443e-003
    outer loop
      vertex   1.605304e+001 -3.120125e+001 0.000000e+000
      vertex   1.676970e+001 -3.102574e+001 0.000000e+000
      vertex   1.649581e+001 -3.109841e+001 5.000000e+000
    endloop
  endfacet
  facet normal 2.681319e-001 -9.633820e-001 6.863523e-004
    outer loop
      vertex   1.649581e+001 -3.109841e+001 5.000000e+000
      vertex   1.676970e+001 -3.102574e+001 0.000000e+000
      vertex   1.703406e+001 -3.094860e+001 5.000000e+000
    endloop
  endfacet
  facet normal 2.994371e-001 -9.541154e-001 -1.111773e-003
    outer loop
      vertex   1.703406e+001 -3.094860e+001 5.000000e+000
      vertex   1.676970e+001 -3.102574e+001 0.000000e+000
      vertex   1.745320e+001 -3.081123e+001 0.000000e+000
    endloop
  endfacet
  facet normal 3.161757e-001 -9.487005e-001 4.401726e-004
    outer loop
      vertex   1.755271e+001 -3.077575e+001 5.000000e+000
      vertex   1.703406e+001 -3.094860e+001 5.000000e+000
      vertex   1.745320e+001 -3.081123e+001 0.000000e+000
    endloop
  endfacet
  facet normal 6.166890e-001 -7.872068e-001 -1.826119e-004
    outer loop
      vertex   2.049846e+001 -2.908916e+001 5.000000e+000
      vertex   2.045681e+001 -2.912295e+001 1.000000e+001
      vertex   2.015361e+001 -2.935932e+001 5.000000e+000
    endloop
  endfacet
  facet normal 6.031935e-001 -7.975941e-001 1.126796e-003
    outer loop
      vertex   2.015361e+001 -2.935932e+001 5.000000e+000
      vertex   2.045681e+001 -2.912295e+001 1.000000e+001
      vertex   1.989275e+001 -2.954953e+001 1.000000e+001
    endloop
  endfacet
  facet normal 5.850662e-001 -8.109855e-001 -3.283851e-004
    outer loop
      vertex   1.980321e+001 -2.961210e+001 5.000000e+000
      vertex   2.015361e+001 -2.935932e+001 5.000000e+000
      vertex   1.989275e+001 -2.954953e+001 1.000000e+001
    endloop
  endfacet
  facet normal 4.406291e-001 -8.976892e-001 1.016181e-005
    outer loop
      vertex   1.871876e+001 -3.026624e+001 5.000000e+000
      vertex   1.872075e+001 -3.026521e+001 1.000000e+001
      vertex   1.834264e+001 -3.045086e+001 5.000000e+000
    endloop
  endfacet
  facet normal 4.282701e-001 -9.036500e-001 1.166084e-003
    outer loop
      vertex   1.834264e+001 -3.045086e+001 5.000000e+000
      vertex   1.872075e+001 -3.026521e+001 1.000000e+001
      vertex   1.810355e+001 -3.055772e+001 1.000000e+001
    endloop
  endfacet
  facet normal 3.631875e-001 -9.317157e-001 8.686651e-004
    outer loop
      vertex   1.795396e+001 -3.062069e+001 5.000000e+000
      vertex   1.810355e+001 -3.055772e+001 1.000000e+001
      vertex   1.745320e+001 -3.081123e+001 1.000000e+001
    endloop
  endfacet
  facet normal 3.604504e-001 -9.327782e-001 5.540402e-004
    outer loop
      vertex   1.755271e+001 -3.077575e+001 5.000000e+000
      vertex   1.795396e+001 -3.062069e+001 5.000000e+000
      vertex   1.745320e+001 -3.081123e+001 1.000000e+001
    endloop
  endfacet
  facet normal 4.003955e-001 -9.163423e-001 -4.381215e-004
    outer loop
      vertex   1.834264e+001 -3.045086e+001 5.000000e+000
      vertex   1.810355e+001 -3.055772e+001 1.000000e+001
      vertex   1.795396e+001 -3.062069e+001 5.000000e+000
    endloop
  endfacet
  facet normal 1.791106e-001 -9.838288e-001 5.845773e-004
    outer loop
      vertex   1.605304e+001 -3.120125e+001 1.000000e+001
      vertex   1.530324e+001 -3.133775e+001 1.000000e+001
      vertex   1.593797e+001 -3.122517e+001 5.000000e+000
    endloop
  endfacet
  facet normal 1.767824e-001 -9.842499e-001 2.795368e-004
    outer loop
      vertex   1.593797e+001 -3.122517e+001 5.000000e+000
      vertex   1.530324e+001 -3.133775e+001 1.000000e+001
      vertex   1.536054e+001 -3.132888e+001 5.000000e+000
    endloop
  endfacet
  facet normal 1.338970e-001 -9.909952e-001 2.238879e-004
    outer loop
      vertex   1.530324e+001 -3.133775e+001 0.000000e+000
      vertex   1.536054e+001 -3.132888e+001 5.000000e+000
      vertex   1.476352e+001 -3.140955e+001 5.000000e+000
    endloop
  endfacet
  facet normal 9.303826e-002 -9.956624e-001 5.936193e-004
    outer loop
      vertex   1.452028e+001 -3.143526e+001 0.000000e+000
      vertex   1.476352e+001 -3.140955e+001 5.000000e+000
      vertex   1.414691e+001 -3.146717e+001 5.000000e+000
    endloop
  endfacet
  facet normal 5.425967e-002 -9.985267e-001 5.064299e-004
    outer loop
      vertex   1.370417e+001 -3.149376e+001 0.000000e+000
      vertex   1.414691e+001 -3.146717e+001 5.000000e+000
      vertex   1.351070e+001 -3.150174e+001 5.000000e+000
    endloop
  endfacet
  facet normal 1.756944e-002 -9.998456e-001 0.000000e+000
    outer loop
      vertex   1.285491e+001 -3.151326e+001 0.000000e+000
      vertex   1.351070e+001 -3.150174e+001 5.000000e+000
      vertex   1.285491e+001 -3.151326e+001 1.000000e+001
    endloop
  endfacet
  facet normal 2.295606e-002 -9.997362e-001 -7.067507e-004
    outer loop
      vertex   1.285491e+001 -3.151326e+001 0.000000e+000
      vertex   1.370417e+001 -3.149376e+001 0.000000e+000
      vertex   1.351070e+001 -3.150174e+001 5.000000e+000
    endloop
  endfacet
  facet normal 1.338970e-001 -9.909952e-001 -2.238879e-004
    outer loop
      vertex   1.536054e+001 -3.132888e+001 5.000000e+000
      vertex   1.530324e+001 -3.133775e+001 1.000000e+001
      vertex   1.476352e+001 -3.140955e+001 5.000000e+000
    endloop
  endfacet
  facet normal 1.235784e-001 -9.923344e-001 9.091788e-004
    outer loop
      vertex   1.476352e+001 -3.140955e+001 5.000000e+000
      vertex   1.530324e+001 -3.133775e+001 1.000000e+001
      vertex   1.452028e+001 -3.143526e+001 1.000000e+001
    endloop
  endfacet
  facet normal 7.150107e-002 -9.974400e-001 1.026015e-003
    outer loop
      vertex   1.414691e+001 -3.146717e+001 5.000000e+000
      vertex   1.452028e+001 -3.143526e+001 1.000000e+001
      vertex   1.370417e+001 -3.149376e+001 1.000000e+001
    endloop
  endfacet
  facet normal 2.295606e-002 -9.997362e-001 7.067507e-004
    outer loop
      vertex   1.351070e+001 -3.150174e+001 5.000000e+000
      vertex   1.370417e+001 -3.149376e+001 1.000000e+001
      vertex   1.285491e+001 -3.151326e+001 1.000000e+001
    endloop
  endfacet
  facet normal 5.425967e-002 -9.985267e-001 -5.064299e-004
    outer loop
      vertex   1.351070e+001 -3.150174e+001 5.000000e+000
      vertex   1.414691e+001 -3.146717e+001 5.000000e+000
      vertex   1.370417e+001 -3.149376e+001 1.000000e+001
    endloop
  endfacet
  facet normal 9.303826e-002 -9.956624e-001 -5.936193e-004
    outer loop
      vertex   1.476352e+001 -3.140955e+001 5.000000e+000
      vertex   1.452028e+001 -3.143526e+001 1.000000e+001
      vertex   1.414691e+001 -3.146717e+001 5.000000e+000
    endloop
  endfacet
  facet normal 7.150107e-002 -9.974400e-001 -1.026015e-003
    outer loop
      vertex   1.370417e+001 -3.149376e+001 0.000000e+000
      vertex   1.452028e+001 -3.143526e+001 0.000000e+000
      vertex   1.414691e+001 -3.146717e+001 5.000000e+000
    endloop
  endfacet
  facet normal 1.235784e-001 -9.923344e-001 -9.091788e-004
    outer loop
      vertex   1.452028e+001 -3.143526e+001 0.000000e+000
      vertex   1.530324e+001 -3.133775e+001 0.000000e+000
      vertex   1.476352e+001 -3.140955e+001 5.000000e+000
    endloop
  endfacet
  facet normal 1.767824e-001 -9.842499e-001 -2.795368e-004
    outer loop
      vertex   1.536054e+001 -3.132888e+001 5.000000e+000
      vertex   1.530324e+001 -3.133775e+001 0.000000e+000
      vertex   1.593797e+001 -3.122517e+001 5.000000e+000
    endloop
  endfacet
  facet normal 3.631875e-001 -9.317157e-001 -8.686651e-004
    outer loop
      vertex   1.745320e+001 -3.081123e+001 0.000000e+000
      vertex   1.810355e+001 -3.055772e+001 0.000000e+000
      vertex   1.795396e+001 -3.062069e+001 5.000000e+000
    endloop
  endfacet
  facet normal 4.282701e-001 -9.036500e-001 -1.166084e-003
    outer loop
      vertex   1.810355e+001 -3.055772e+001 0.000000e+000
      vertex   1.872075e+001 -3.026521e+001 0.000000e+000
      vertex   1.834264e+001 -3.045086e+001 5.000000e+000
    endloop
  endfacet
  facet normal 4.797404e-001 -8.774105e-001 9.571422e-006
    outer loop
      vertex   1.871876e+001 -3.026624e+001 5.000000e+000
      vertex   1.872075e+001 -3.026521e+001 0.000000e+000
      vertex   1.908579e+001 -3.006557e+001 5.000000e+000
    endloop
  endfacet
  facet normal 4.915853e-001 -8.708287e-001 -1.117999e-003
    outer loop
      vertex   1.908579e+001 -3.006557e+001 5.000000e+000
      vertex   1.872075e+001 -3.026521e+001 0.000000e+000
      vertex   1.931406e+001 -2.993029e+001 0.000000e+000
    endloop
  endfacet
  facet normal 5.496551e-001 -8.353913e-001 -8.152708e-004
    outer loop
      vertex   1.944727e+001 -2.984752e+001 5.000000e+000
      vertex   1.931406e+001 -2.993029e+001 0.000000e+000
      vertex   1.989275e+001 -2.954953e+001 0.000000e+000
    endloop
  endfacet
  facet normal 5.516516e-001 -8.340745e-001 -5.589152e-004
    outer loop
      vertex   1.980321e+001 -2.961210e+001 5.000000e+000
      vertex   1.944727e+001 -2.984752e+001 5.000000e+000
      vertex   1.989275e+001 -2.954953e+001 0.000000e+000
    endloop
  endfacet
  facet normal 5.165105e-001 -8.562808e-001 4.135586e-004
    outer loop
      vertex   1.908579e+001 -3.006557e+001 5.000000e+000
      vertex   1.931406e+001 -2.993029e+001 0.000000e+000
      vertex   1.944727e+001 -2.984752e+001 5.000000e+000
    endloop
  endfacet
  facet normal 6.031935e-001 -7.975941e-001 -1.126796e-003
    outer loop
      vertex   1.989275e+001 -2.954953e+001 0.000000e+000
      vertex   2.045681e+001 -2.912295e+001 0.000000e+000
      vertex   2.015361e+001 -2.935932e+001 5.000000e+000
    endloop
  endfacet
  facet normal 6.464854e-001 -7.629263e-001 -2.296900e-004
    outer loop
      vertex   2.049846e+001 -2.908916e+001 5.000000e+000
      vertex   2.045681e+001 -2.912295e+001 0.000000e+000
      vertex   2.083777e+001 -2.880164e+001 5.000000e+000
    endloop
  endfacet
  facet normal 7.698831e-001 -6.381845e-001 -7.201500e-004
    outer loop
      vertex   2.206123e+001 -2.756825e+001 0.000000e+000
      vertex   2.256679e+001 -2.695837e+001 0.000000e+000
      vertex   2.245117e+001 -2.710349e+001 5.000000e+000
    endloop
  endfacet
  facet normal 8.004993e-001 -5.993329e-001 -9.269484e-004
    outer loop
      vertex   2.256679e+001 -2.695837e+001 0.000000e+000
      vertex   2.305772e+001 -2.630265e+001 0.000000e+000
      vertex   2.275722e+001 -2.671176e+001 5.000000e+000
    endloop
  endfacet
  facet normal 8.004993e-001 -5.993329e-001 9.269484e-004
    outer loop
      vertex   2.305772e+001 -2.630265e+001 1.000000e+001
      vertex   2.256679e+001 -2.695837e+001 1.000000e+001
      vertex   2.275722e+001 -2.671176e+001 5.000000e+000
    endloop
  endfacet
  facet normal 7.880184e-001 -6.156516e-001 -3.532535e-004
    outer loop
      vertex   2.275722e+001 -2.671176e+001 5.000000e+000
      vertex   2.256679e+001 -2.695837e+001 1.000000e+001
      vertex   2.245117e+001 -2.710349e+001 5.000000e+000
    endloop
  endfacet
  facet normal -1.833974e-002 -9.998318e-001 0.000000e+000
    outer loop
      vertex   1.285491e+001 -3.151326e+001 1.000000e+001
      vertex   1.227684e+001 -3.150266e+001 1.000000e+001
      vertex   1.285491e+001 -3.151326e+001 0.000000e+000
    endloop
  endfacet
  facet normal -2.646398e-002 -9.996497e-001 -4.698367e-004
    outer loop
      vertex   1.285491e+001 -3.151326e+001 0.000000e+000
      vertex   1.227684e+001 -3.150266e+001 1.000000e+001
      vertex   1.212697e+001 -3.149634e+001 5.000000e+000
    endloop
  endfacet
  facet normal -5.629425e-002 -9.984141e-001 -4.258202e-004
    outer loop
      vertex   1.227684e+001 -3.150266e+001 0.000000e+000
      vertex   1.212697e+001 -3.149634e+001 5.000000e+000
      vertex   1.171266e+001 -3.147085e+001 0.000000e+000
    endloop
  endfacet
  facet normal -1.833973e-002 -9.998316e-001 7.135729e-004
    outer loop
      vertex   1.227684e+001 -3.150266e+001 0.000000e+000
      vertex   1.285491e+001 -3.151326e+001 0.000000e+000
      vertex   1.212697e+001 -3.149634e+001 5.000000e+000
    endloop
  endfacet
  facet normal -5.629425e-002 -9.984141e-001 4.258202e-004
    outer loop
      vertex   1.227684e+001 -3.150266e+001 1.000000e+001
      vertex   1.171266e+001 -3.147085e+001 1.000000e+001
      vertex   1.212697e+001 -3.149634e+001 5.000000e+000
    endloop
  endfacet
  facet normal -7.174031e-002 -9.974230e-001 -8.591497e-004
    outer loop
      vertex   1.212697e+001 -3.149634e+001 5.000000e+000
      vertex   1.171266e+001 -3.147085e+001 1.000000e+001
      vertex   1.142121e+001 -3.144558e+001 5.000000e+000
    endloop
  endfacet
  facet normal -9.590143e-002 -9.953907e-001 -5.594717e-004
    outer loop
      vertex   1.171266e+001 -3.147085e+001 0.000000e+000
      vertex   1.142121e+001 -3.144558e+001 5.000000e+000
      vertex   1.116237e+001 -3.141783e+001 0.000000e+000
    endloop
  endfacet
  facet normal -7.174031e-002 -9.974230e-001 8.591497e-004
    outer loop
      vertex   1.171266e+001 -3.147085e+001 0.000000e+000
      vertex   1.212697e+001 -3.149634e+001 5.000000e+000
      vertex   1.142121e+001 -3.144558e+001 5.000000e+000
    endloop
  endfacet
  facet normal -9.590143e-002 -9.953907e-001 5.594717e-004
    outer loop
      vertex   1.171266e+001 -3.147085e+001 1.000000e+001
      vertex   1.116237e+001 -3.141783e+001 1.000000e+001
      vertex   1.142121e+001 -3.144558e+001 5.000000e+000
    endloop
  endfacet
  facet normal -1.228271e-001 -9.924277e-001 -8.508477e-004
    outer loop
      vertex   1.142121e+001 -3.144558e+001 5.000000e+000
      vertex   1.116237e+001 -3.141783e+001 1.000000e+001
      vertex   1.073761e+001 -3.136097e+001 5.000000e+000
    endloop
  endfacet
  facet normal -1.370715e-001 -9.905611e-001 -3.804639e-004
    outer loop
      vertex   1.116237e+001 -3.141783e+001 0.000000e+000
      vertex   1.073761e+001 -3.136097e+001 5.000000e+000
      vertex   1.062598e+001 -3.134360e+001 0.000000e+000
    endloop
  endfacet
  facet normal -1.228271e-001 -9.924277e-001 8.508477e-004
    outer loop
      vertex   1.116237e+001 -3.141783e+001 0.000000e+000
      vertex   1.142121e+001 -3.144558e+001 5.000000e+000
      vertex   1.073761e+001 -3.136097e+001 5.000000e+000
    endloop
  endfacet
  facet normal -1.370715e-001 -9.905611e-001 3.804639e-004
    outer loop
      vertex   1.116237e+001 -3.141783e+001 1.000000e+001
      vertex   1.062598e+001 -3.134360e+001 1.000000e+001
      vertex   1.073761e+001 -3.136097e+001 5.000000e+000
    endloop
  endfacet
  facet normal -1.762741e-001 -9.843410e-001 -5.164247e-004
    outer loop
      vertex   1.073761e+001 -3.136097e+001 5.000000e+000
      vertex   1.062598e+001 -3.134360e+001 1.000000e+001
      vertex   1.007619e+001 -3.124253e+001 5.000000e+000
    endloop
  endfacet
  facet normal -1.796729e-001 -9.837264e-001 1.302804e-004
    outer loop
      vertex   1.062598e+001 -3.134360e+001 0.000000e+000
      vertex   1.007619e+001 -3.124253e+001 5.000000e+000
      vertex   1.010348e+001 -3.124817e+001 0.000000e+000
    endloop
  endfacet
  facet normal -1.762741e-001 -9.843410e-001 5.164247e-004
    outer loop
      vertex   1.062598e+001 -3.134360e+001 0.000000e+000
      vertex   1.073761e+001 -3.136097e+001 5.000000e+000
      vertex   1.007619e+001 -3.124253e+001 5.000000e+000
    endloop
  endfacet
  facet normal -1.796729e-001 -9.837264e-001 -1.302804e-004
    outer loop
      vertex   1.062598e+001 -3.134360e+001 1.000000e+001
      vertex   1.010348e+001 -3.124817e+001 1.000000e+001
      vertex   1.007619e+001 -3.124253e+001 5.000000e+000
    endloop
  endfacet
  facet normal -2.235287e-001 -9.746973e-001 1.192692e-004
    outer loop
      vertex   1.007619e+001 -3.124253e+001 5.000000e+000
      vertex   1.010348e+001 -3.124817e+001 1.000000e+001
      vertex   9.594871e+000 -3.113153e+001 1.000000e+001
    endloop
  endfacet
  facet normal -2.684149e-001 -9.633033e-001 5.223548e-004
    outer loop
      vertex   9.436936e+000 -3.109024e+001 5.000000e+000
      vertex   9.594871e+000 -3.113153e+001 1.000000e+001
      vertex   9.100161e+000 -3.099369e+001 1.000000e+001
    endloop
  endfacet
  facet normal -3.140609e-001 -9.494026e-001 5.969784e-004
    outer loop
      vertex   8.819858e+000 -3.090411e+001 5.000000e+000
      vertex   9.100161e+000 -3.099369e+001 1.000000e+001
      vertex   8.619345e+000 -3.083463e+001 1.000000e+001
    endloop
  endfacet
  facet normal -3.601537e-001 -9.328929e-001 3.285899e-004
    outer loop
      vertex   8.224951e+000 -3.068414e+001 5.000000e+000
      vertex   8.619345e+000 -3.083463e+001 1.000000e+001
      vertex   8.152423e+000 -3.065437e+001 1.000000e+001
    endloop
  endfacet
  facet normal -4.063437e-001 -9.137203e-001 -2.931730e-004
    outer loop
      vertex   7.652217e+000 -3.043032e+001 5.000000e+000
      vertex   8.152423e+000 -3.065437e+001 1.000000e+001
      vertex   7.699395e+000 -3.045291e+001 1.000000e+001
    endloop
  endfacet
  facet normal -4.522563e-001 -8.918880e-001 2.386638e-004
    outer loop
      vertex   7.260262e+000 -3.023023e+001 1.000000e+001
      vertex   7.652217e+000 -3.043032e+001 5.000000e+000
      vertex   7.699395e+000 -3.045291e+001 1.000000e+001
    endloop
  endfacet
  facet normal -4.630799e-001 -8.863162e-001 -8.327782e-004
    outer loop
      vertex   7.260262e+000 -3.023023e+001 1.000000e+001
      vertex   7.101655e+000 -3.014267e+001 5.000000e+000
      vertex   7.652217e+000 -3.043032e+001 5.000000e+000
    endloop
  endfacet
  facet normal -4.975038e-001 -8.674616e-001 5.894070e-004
    outer loop
      vertex   7.260262e+000 -3.023023e+001 1.000000e+001
      vertex   6.835023e+000 -2.998635e+001 1.000000e+001
      vertex   7.101655e+000 -3.014267e+001 5.000000e+000
    endloop
  endfacet
  facet normal -5.197926e-001 -8.542919e-001 -1.010894e-003
    outer loop
      vertex   7.101655e+000 -3.014267e+001 5.000000e+000
      vertex   6.835023e+000 -2.998635e+001 1.000000e+001
      vertex   6.573265e+000 -2.982117e+001 5.000000e+000
    endloop
  endfacet
  facet normal -5.417012e-001 -8.405709e-001 -5.893585e-004
    outer loop
      vertex   6.835023e+000 -2.998635e+001 0.000000e+000
      vertex   6.573265e+000 -2.982117e+001 5.000000e+000
      vertex   6.423679e+000 -2.972126e+001 0.000000e+000
    endloop
  endfacet
  facet normal -5.197926e-001 -8.542919e-001 1.010894e-003
    outer loop
      vertex   6.835023e+000 -2.998635e+001 0.000000e+000
      vertex   7.101655e+000 -3.014267e+001 5.000000e+000
      vertex   6.573265e+000 -2.982117e+001 5.000000e+000
    endloop
  endfacet
  facet normal -4.975038e-001 -8.674616e-001 -5.894070e-004
    outer loop
      vertex   6.835023e+000 -2.998635e+001 0.000000e+000
      vertex   7.260262e+000 -3.023023e+001 0.000000e+000
      vertex   7.101655e+000 -3.014267e+001 5.000000e+000
    endloop
  endfacet
  facet normal -4.630799e-001 -8.863162e-001 8.327782e-004
    outer loop
      vertex   7.101655e+000 -3.014267e+001 5.000000e+000
      vertex   7.260262e+000 -3.023023e+001 0.000000e+000
      vertex   7.652217e+000 -3.043032e+001 5.000000e+000
    endloop
  endfacet
  facet normal -4.522563e-001 -8.918880e-001 -2.386638e-004
    outer loop
      vertex   7.652217e+000 -3.043032e+001 5.000000e+000
      vertex   7.260262e+000 -3.023023e+001 0.000000e+000
      vertex   7.699395e+000 -3.045291e+001 0.000000e+000
    endloop
  endfacet
  facet normal -4.063437e-001 -9.137203e-001 2.931730e-004
    outer loop
      vertex   8.152423e+000 -3.065437e+001 0.000000e+000
      vertex   7.652217e+000 -3.043032e+001 5.000000e+000
      vertex   7.699395e+000 -3.045291e+001 0.000000e+000
    endloop
  endfacet
  facet normal -4.051592e-001 -9.142460e-001 4.352343e-004
    outer loop
      vertex   8.152423e+000 -3.065437e+001 0.000000e+000
      vertex   8.224951e+000 -3.068414e+001 5.000000e+000
      vertex   7.652217e+000 -3.043032e+001 5.000000e+000
    endloop
  endfacet
  facet normal -3.601537e-001 -9.328929e-001 -3.285899e-004
    outer loop
      vertex   8.152423e+000 -3.065437e+001 0.000000e+000
      vertex   8.619345e+000 -3.083463e+001 0.000000e+000
      vertex   8.224951e+000 -3.068414e+001 5.000000e+000
    endloop
  endfacet
  facet normal -3.468102e-001 -9.379349e-001 8.756893e-004
    outer loop
      vertex   8.224951e+000 -3.068414e+001 5.000000e+000
      vertex   8.619345e+000 -3.083463e+001 0.000000e+000
      vertex   8.819858e+000 -3.090411e+001 5.000000e+000
    endloop
  endfacet
  facet normal -3.468102e-001 -9.379349e-001 -8.756893e-004
    outer loop
      vertex   8.619345e+000 -3.083463e+001 1.000000e+001
      vertex   8.224951e+000 -3.068414e+001 5.000000e+000
      vertex   8.819858e+000 -3.090411e+001 5.000000e+000
    endloop
  endfacet
  facet normal -2.317441e-001 -9.727765e-001 -7.142069e-004
    outer loop
      vertex   1.007619e+001 -3.124253e+001 5.000000e+000
      vertex   9.594871e+000 -3.113153e+001 1.000000e+001
      vertex   9.436936e+000 -3.109024e+001 5.000000e+000
    endloop
  endfacet
  facet normal -2.684149e-001 -9.633033e-001 -5.223548e-004
    outer loop
      vertex   9.594871e+000 -3.113153e+001 0.000000e+000
      vertex   9.436936e+000 -3.109024e+001 5.000000e+000
      vertex   9.100161e+000 -3.099369e+001 0.000000e+000
    endloop
  endfacet
  facet normal -2.317441e-001 -9.727765e-001 7.142069e-004
    outer loop
      vertex   9.594871e+000 -3.113153e+001 0.000000e+000
      vertex   1.007619e+001 -3.124253e+001 5.000000e+000
      vertex   9.436936e+000 -3.109024e+001 5.000000e+000
    endloop
  endfacet
  facet normal -2.235287e-001 -9.746973e-001 -1.192692e-004
    outer loop
      vertex   9.594871e+000 -3.113153e+001 0.000000e+000
      vertex   1.010348e+001 -3.124817e+001 0.000000e+000
      vertex   1.007619e+001 -3.124253e+001 5.000000e+000
    endloop
  endfacet
  facet normal -2.887804e-001 -9.573949e-001 -9.634564e-004
    outer loop
      vertex   9.436936e+000 -3.109024e+001 5.000000e+000
      vertex   9.100161e+000 -3.099369e+001 1.000000e+001
      vertex   8.819858e+000 -3.090411e+001 5.000000e+000
    endloop
  endfacet
  facet normal -3.140609e-001 -9.494026e-001 -5.969784e-004
    outer loop
      vertex   9.100161e+000 -3.099369e+001 0.000000e+000
      vertex   8.819858e+000 -3.090411e+001 5.000000e+000
      vertex   8.619345e+000 -3.083463e+001 0.000000e+000
    endloop
  endfacet
  facet normal -2.887804e-001 -9.573949e-001 9.634564e-004
    outer loop
      vertex   9.100161e+000 -3.099369e+001 0.000000e+000
      vertex   9.436936e+000 -3.109024e+001 5.000000e+000
      vertex   8.819858e+000 -3.090411e+001 5.000000e+000
    endloop
  endfacet
  facet normal -4.051592e-001 -9.142460e-001 -4.352343e-004
    outer loop
      vertex   8.224951e+000 -3.068414e+001 5.000000e+000
      vertex   8.152423e+000 -3.065437e+001 1.000000e+001
      vertex   7.652217e+000 -3.043032e+001 5.000000e+000
    endloop
  endfacet
  facet normal -5.417012e-001 -8.405709e-001 5.893585e-004
    outer loop
      vertex   6.835023e+000 -2.998635e+001 1.000000e+001
      vertex   6.423679e+000 -2.972126e+001 1.000000e+001
      vertex   6.573265e+000 -2.982117e+001 5.000000e+000
    endloop
  endfacet
  facet normal -5.745333e-001 -8.184808e-001 -8.342711e-004
    outer loop
      vertex   6.573265e+000 -2.982117e+001 5.000000e+000
      vertex   6.423679e+000 -2.972126e+001 1.000000e+001
      vertex   6.067048e+000 -2.946583e+001 5.000000e+000
    endloop
  endfacet
  facet normal -5.844817e-001 -8.114069e-001 -2.366949e-004
    outer loop
      vertex   6.423679e+000 -2.972126e+001 0.000000e+000
      vertex   6.067048e+000 -2.946583e+001 5.000000e+000
      vertex   6.026229e+000 -2.943497e+001 0.000000e+000
    endloop
  endfacet
  facet normal -5.745333e-001 -8.184808e-001 8.342711e-004
    outer loop
      vertex   6.423679e+000 -2.972126e+001 0.000000e+000
      vertex   6.573265e+000 -2.982117e+001 5.000000e+000
      vertex   6.067048e+000 -2.946583e+001 5.000000e+000
    endloop
  endfacet
  facet normal -5.844817e-001 -8.114069e-001 2.366949e-004
    outer loop
      vertex   6.423679e+000 -2.972126e+001 1.000000e+001
      vertex   6.026229e+000 -2.943497e+001 1.000000e+001
      vertex   6.067048e+000 -2.946583e+001 5.000000e+000
    endloop
  endfacet
  facet normal -6.255110e-001 -7.802153e-001 -2.907868e-004
    outer loop
      vertex   6.067048e+000 -2.946583e+001 5.000000e+000
      vertex   6.026229e+000 -2.943497e+001 1.000000e+001
      vertex   5.642673e+000 -2.912746e+001 1.000000e+001
    endloop
  endfacet
  facet normal -6.645014e-001 -7.472869e-001 3.352148e-004
    outer loop
      vertex   5.583002e+000 -2.907665e+001 5.000000e+000
      vertex   5.642673e+000 -2.912746e+001 1.000000e+001
      vertex   5.273011e+000 -2.879875e+001 1.000000e+001
    endloop
  endfacet
  facet normal -7.013974e-001 -7.127701e-001 6.125046e-004
    outer loop
      vertex   5.121911e+000 -2.865436e+001 5.000000e+000
      vertex   5.273011e+000 -2.879875e+001 1.000000e+001
      vertex   4.921631e+000 -2.845298e+001 1.000000e+001
    endloop
  endfacet
  facet normal -7.372476e-001 -6.756224e-001 5.485999e-004
    outer loop
      vertex   4.693892e+000 -2.820853e+001 5.000000e+000
      vertex   4.921631e+000 -2.845298e+001 1.000000e+001
      vertex   4.592921e+000 -2.809429e+001 1.000000e+001
    endloop
  endfacet
  facet normal -7.719229e-001 -6.357161e-001 1.252915e-004
    outer loop
      vertex   4.302049e+000 -2.774208e+001 5.000000e+000
      vertex   4.592921e+000 -2.809429e+001 1.000000e+001
      vertex   4.286881e+000 -2.772268e+001 1.000000e+001
    endloop
  endfacet
  facet normal -8.050238e-001 -5.932426e-001 -1.399493e-004
    outer loop
      vertex   4.003510e+000 -2.733814e+001 1.000000e+001
      vertex   4.302049e+000 -2.774208e+001 5.000000e+000
      vertex   4.286881e+000 -2.772268e+001 1.000000e+001
    endloop
  endfacet
  facet normal -8.076002e-001 -5.897301e-001 -5.775440e-004
    outer loop
      vertex   4.003510e+000 -2.733814e+001 1.000000e+001
      vertex   3.946381e+000 -2.725501e+001 5.000000e+000
      vertex   4.302049e+000 -2.774208e+001 5.000000e+000
    endloop
  endfacet
  facet normal -8.361691e-001 -5.484715e-001 4.348520e-004
    outer loop
      vertex   4.003510e+000 -2.733814e+001 1.000000e+001
      vertex   3.742809e+000 -2.694069e+001 1.000000e+001
      vertex   3.946381e+000 -2.725501e+001 5.000000e+000
    endloop
  endfacet
  facet normal -8.494128e-001 -5.277271e-001 -1.408435e-003
    outer loop
      vertex   3.946381e+000 -2.725501e+001 5.000000e+000
      vertex   3.742809e+000 -2.694069e+001 1.000000e+001
      vertex   3.577220e+000 -2.666082e+001 5.000000e+000
    endloop
  endfacet
  facet normal -8.650154e-001 -5.017449e-001 -5.626177e-004
    outer loop
      vertex   3.742809e+000 -2.694069e+001 0.000000e+000
      vertex   3.577220e+000 -2.666082e+001 5.000000e+000
      vertex   3.504778e+000 -2.653032e+001 0.000000e+000
    endloop
  endfacet
  facet normal -8.494128e-001 -5.277271e-001 1.408435e-003
    outer loop
      vertex   3.742809e+000 -2.694069e+001 0.000000e+000
      vertex   3.946381e+000 -2.725501e+001 5.000000e+000
      vertex   3.577220e+000 -2.666082e+001 5.000000e+000
    endloop
  endfacet
  facet normal -8.361691e-001 -5.484715e-001 -4.348520e-004
    outer loop
      vertex   3.742809e+000 -2.694069e+001 0.000000e+000
      vertex   4.003510e+000 -2.733814e+001 0.000000e+000
      vertex   3.946381e+000 -2.725501e+001 5.000000e+000
    endloop
  endfacet
  facet normal -8.076002e-001 -5.897301e-001 5.775440e-004
    outer loop
      vertex   3.946381e+000 -2.725501e+001 5.000000e+000
      vertex   4.003510e+000 -2.733814e+001 0.000000e+000
      vertex   4.302049e+000 -2.774208e+001 5.000000e+000
    endloop
  endfacet
  facet normal -8.050238e-001 -5.932426e-001 1.399493e-004
    outer loop
      vertex   4.302049e+000 -2.774208e+001 5.000000e+000
      vertex   4.003510e+000 -2.733814e+001 0.000000e+000
      vertex   4.286881e+000 -2.772268e+001 0.000000e+000
    endloop
  endfacet
  facet normal -7.719229e-001 -6.357161e-001 -1.252915e-004
    outer loop
      vertex   4.592921e+000 -2.809429e+001 0.000000e+000
      vertex   4.302049e+000 -2.774208e+001 5.000000e+000
      vertex   4.286881e+000 -2.772268e+001 0.000000e+000
    endloop
  endfacet
  facet normal -7.656836e-001 -6.432169e-001 7.660483e-004
    outer loop
      vertex   4.592921e+000 -2.809429e+001 0.000000e+000
      vertex   4.693892e+000 -2.820853e+001 5.000000e+000
      vertex   4.302049e+000 -2.774208e+001 5.000000e+000
    endloop
  endfacet
  facet normal -7.372476e-001 -6.756224e-001 -5.485999e-004
    outer loop
      vertex   4.592921e+000 -2.809429e+001 0.000000e+000
      vertex   4.921631e+000 -2.845298e+001 0.000000e+000
      vertex   4.693892e+000 -2.820853e+001 5.000000e+000
    endloop
  endfacet
  facet normal -7.213711e-001 -6.925480e-001 1.002034e-003
    outer loop
      vertex   4.693892e+000 -2.820853e+001 5.000000e+000
      vertex   4.921631e+000 -2.845298e+001 0.000000e+000
      vertex   5.121911e+000 -2.865436e+001 5.000000e+000
    endloop
  endfacet
  facet normal -7.213711e-001 -6.925480e-001 -1.002034e-003
    outer loop
      vertex   4.921631e+000 -2.845298e+001 1.000000e+001
      vertex   4.693892e+000 -2.820853e+001 5.000000e+000
      vertex   5.121911e+000 -2.865436e+001 5.000000e+000
    endloop
  endfacet
  facet normal -6.266031e-001 -7.793384e-001 -4.428166e-004
    outer loop
      vertex   6.067048e+000 -2.946583e+001 5.000000e+000
      vertex   5.642673e+000 -2.912746e+001 1.000000e+001
      vertex   5.583002e+000 -2.907665e+001 5.000000e+000
    endloop
  endfacet
  facet normal -6.645014e-001 -7.472869e-001 -3.352148e-004
    outer loop
      vertex   5.642673e+000 -2.912746e+001 0.000000e+000
      vertex   5.583002e+000 -2.907665e+001 5.000000e+000
      vertex   5.273011e+000 -2.879875e+001 0.000000e+000
    endloop
  endfacet
  facet normal -6.266031e-001 -7.793384e-001 4.428166e-004
    outer loop
      vertex   5.642673e+000 -2.912746e+001 0.000000e+000
      vertex   6.067048e+000 -2.946583e+001 5.000000e+000
      vertex   5.583002e+000 -2.907665e+001 5.000000e+000
    endloop
  endfacet
  facet normal -6.255110e-001 -7.802153e-001 2.907868e-004
    outer loop
      vertex   5.642673e+000 -2.912746e+001 0.000000e+000
      vertex   6.026229e+000 -2.943497e+001 0.000000e+000
      vertex   6.067048e+000 -2.946583e+001 5.000000e+000
    endloop
  endfacet
  facet normal -6.753926e-001 -7.374579e-001 -8.863024e-004
    outer loop
      vertex   5.583002e+000 -2.907665e+001 5.000000e+000
      vertex   5.273011e+000 -2.879875e+001 1.000000e+001
      vertex   5.121911e+000 -2.865436e+001 5.000000e+000
    endloop
  endfacet
  facet normal -7.013974e-001 -7.127701e-001 -6.125046e-004
    outer loop
      vertex   5.273011e+000 -2.879875e+001 0.000000e+000
      vertex   5.121911e+000 -2.865436e+001 5.000000e+000
      vertex   4.921631e+000 -2.845298e+001 0.000000e+000
    endloop
  endfacet
  facet normal -6.753926e-001 -7.374579e-001 8.863024e-004
    outer loop
      vertex   5.273011e+000 -2.879875e+001 0.000000e+000
      vertex   5.583002e+000 -2.907665e+001 5.000000e+000
      vertex   5.121911e+000 -2.865436e+001 5.000000e+000
    endloop
  endfacet
  facet normal -7.656836e-001 -6.432169e-001 -7.660483e-004
    outer loop
      vertex   4.693892e+000 -2.820853e+001 5.000000e+000
      vertex   4.592921e+000 -2.809429e+001 1.000000e+001
      vertex   4.302049e+000 -2.774208e+001 5.000000e+000
    endloop
  endfacet
  facet normal -8.650154e-001 -5.017449e-001 5.626177e-004
    outer loop
      vertex   3.742809e+000 -2.694069e+001 1.000000e+001
      vertex   3.504778e+000 -2.653032e+001 1.000000e+001
      vertex   3.577220e+000 -2.666082e+001 5.000000e+000
    endloop
  endfacet
  facet normal -8.893281e-001 -4.572687e-001 -9.504584e-004
    outer loop
      vertex   3.577220e+000 -2.666082e+001 5.000000e+000
      vertex   3.504778e+000 -2.653032e+001 1.000000e+001
      vertex   3.257281e+000 -2.603858e+001 5.000000e+000
    endloop
  endfacet
  facet normal -8.912743e-001 -4.534643e-001 4.799758e-004
    outer loop
      vertex   3.504778e+000 -2.653032e+001 0.000000e+000
      vertex   3.257281e+000 -2.603858e+001 5.000000e+000
      vertex   3.289416e+000 -2.610704e+001 0.000000e+000
    endloop
  endfacet
  facet normal -8.893281e-001 -4.572687e-001 9.504584e-004
    outer loop
      vertex   3.504778e+000 -2.653032e+001 0.000000e+000
      vertex   3.577220e+000 -2.666082e+001 5.000000e+000
      vertex   3.257281e+000 -2.603858e+001 5.000000e+000
    endloop
  endfacet
  facet normal -8.912743e-001 -4.534643e-001 -4.799758e-004
    outer loop
      vertex   3.504778e+000 -2.653032e+001 1.000000e+001
      vertex   3.289416e+000 -2.610704e+001 1.000000e+001
      vertex   3.257281e+000 -2.603858e+001 5.000000e+000
    endloop
  endfacet
  facet normal -9.147261e-001 -4.040743e-001 3.469270e-004
    outer loop
      vertex   3.257281e+000 -2.603858e+001 5.000000e+000
      vertex   3.289416e+000 -2.610704e+001 1.000000e+001
      vertex   3.096724e+000 -2.567083e+001 1.000000e+001
    endloop
  endfacet
  facet normal -9.352293e-001 -3.540420e-001 5.991838e-004
    outer loop
      vertex   2.986563e+000 -2.538829e+001 5.000000e+000
      vertex   3.096724e+000 -2.567083e+001 1.000000e+001
      vertex   2.926701e+000 -2.522170e+001 1.000000e+001
    endloop
  endfacet
  facet normal -9.527242e-001 -3.038363e-001 -2.990317e-004
    outer loop
      vertex   2.765066e+000 -2.470995e+001 5.000000e+000
      vertex   2.926701e+000 -2.522170e+001 1.000000e+001
      vertex   2.779349e+000 -2.475965e+001 1.000000e+001
    endloop
  endfacet
  facet normal -9.672287e-001 -2.539068e-001 2.387480e-004
    outer loop
      vertex   2.654666e+000 -2.428469e+001 1.000000e+001
      vertex   2.765066e+000 -2.470995e+001 5.000000e+000
      vertex   2.779349e+000 -2.475965e+001 1.000000e+001
    endloop
  endfacet
  facet normal -9.715246e-001 -2.369352e-001 -1.299580e-003
    outer loop
      vertex   2.654666e+000 -2.428469e+001 1.000000e+001
      vertex   2.592791e+000 -2.400356e+001 5.000000e+000
      vertex   2.765066e+000 -2.470995e+001 5.000000e+000
    endloop
  endfacet
  facet normal -9.788315e-001 -2.046670e-001 6.051708e-004
    outer loop
      vertex   2.654666e+000 -2.428469e+001 1.000000e+001
      vertex   2.552652e+000 -2.379680e+001 1.000000e+001
      vertex   2.592791e+000 -2.400356e+001 5.000000e+000
    endloop
  endfacet
  facet normal -9.862523e-001 -1.652432e-001 -1.084598e-003
    outer loop
      vertex   2.592791e+000 -2.400356e+001 5.000000e+000
      vertex   2.552652e+000 -2.379680e+001 1.000000e+001
      vertex   2.469738e+000 -2.326911e+001 5.000000e+000
    endloop
  endfacet
  facet normal -9.876810e-001 -1.564810e-001 1.361568e-004
    outer loop
      vertex   2.552652e+000 -2.379680e+001 0.000000e+000
      vertex   2.469738e+000 -2.326911e+001 5.000000e+000
      vertex   2.473308e+000 -2.329600e+001 0.000000e+000
    endloop
  endfacet
  facet normal -9.862523e-001 -1.652432e-001 1.084598e-003
    outer loop
      vertex   2.552652e+000 -2.379680e+001 0.000000e+000
      vertex   2.592791e+000 -2.400356e+001 5.000000e+000
      vertex   2.469738e+000 -2.326911e+001 5.000000e+000
    endloop
  endfacet
  facet normal -9.788315e-001 -2.046670e-001 -6.051708e-004
    outer loop
      vertex   2.552652e+000 -2.379680e+001 0.000000e+000
      vertex   2.654666e+000 -2.428469e+001 0.000000e+000
      vertex   2.592791e+000 -2.400356e+001 5.000000e+000
    endloop
  endfacet
  facet normal -9.715246e-001 -2.369352e-001 1.299580e-003
    outer loop
      vertex   2.592791e+000 -2.400356e+001 5.000000e+000
      vertex   2.654666e+000 -2.428469e+001 0.000000e+000
      vertex   2.765066e+000 -2.470995e+001 5.000000e+000
    endloop
  endfacet
  facet normal -9.672287e-001 -2.539068e-001 -2.387480e-004
    outer loop
      vertex   2.765066e+000 -2.470995e+001 5.000000e+000
      vertex   2.654666e+000 -2.428469e+001 0.000000e+000
      vertex   2.779349e+000 -2.475965e+001 0.000000e+000
    endloop
  endfacet
  facet normal -9.527242e-001 -3.038363e-001 2.990317e-004
    outer loop
      vertex   2.926701e+000 -2.522170e+001 0.000000e+000
      vertex   2.765066e+000 -2.470995e+001 5.000000e+000
      vertex   2.779349e+000 -2.475965e+001 0.000000e+000
    endloop
  endfacet
  facet normal -9.506062e-001 -3.103977e-001 1.039062e-003
    outer loop
      vertex   2.926701e+000 -2.522170e+001 0.000000e+000
      vertex   2.986563e+000 -2.538829e+001 5.000000e+000
      vertex   2.765066e+000 -2.470995e+001 5.000000e+000
    endloop
  endfacet
  facet normal -9.352293e-001 -3.540420e-001 -5.991838e-004
    outer loop
      vertex   2.926701e+000 -2.522170e+001 0.000000e+000
      vertex   3.096724e+000 -2.567083e+001 0.000000e+000
      vertex   2.986563e+000 -2.538829e+001 5.000000e+000
    endloop
  endfacet
  facet normal -9.231954e-001 -3.843285e-001 1.377357e-003
    outer loop
      vertex   2.986563e+000 -2.538829e+001 5.000000e+000
      vertex   3.096724e+000 -2.567083e+001 0.000000e+000
      vertex   3.257281e+000 -2.603858e+001 5.000000e+000
    endloop
  endfacet
  facet normal -9.231954e-001 -3.843285e-001 -1.377357e-003
    outer loop
      vertex   3.096724e+000 -2.567083e+001 1.000000e+001
      vertex   2.986563e+000 -2.538829e+001 5.000000e+000
      vertex   3.257281e+000 -2.603858e+001 5.000000e+000
    endloop
  endfacet
  facet normal -9.506062e-001 -3.103977e-001 -1.039062e-003
    outer loop
      vertex   2.986563e+000 -2.538829e+001 5.000000e+000
      vertex   2.926701e+000 -2.522170e+001 1.000000e+001
      vertex   2.765066e+000 -2.470995e+001 5.000000e+000
    endloop
  endfacet
  facet normal -9.876810e-001 -1.564810e-001 -1.361568e-004
    outer loop
      vertex   2.552652e+000 -2.379680e+001 1.000000e+001
      vertex   2.473308e+000 -2.329600e+001 1.000000e+001
      vertex   2.469738e+000 -2.326911e+001 5.000000e+000
    endloop
  endfacet
  facet normal -9.939697e-001 -1.096550e-001 1.201387e-004
    outer loop
      vertex   2.469738e+000 -2.326911e+001 5.000000e+000
      vertex   2.473308e+000 -2.329600e+001 1.000000e+001
      vertex   2.416634e+000 -2.278227e+001 1.000000e+001
    endloop
  endfacet
  facet normal -9.979218e-001 -6.443420e-002 5.847295e-004
    outer loop
      vertex   2.395906e+000 -2.250662e+001 5.000000e+000
      vertex   2.416634e+000 -2.278227e+001 1.000000e+001
      vertex   2.382630e+000 -2.225563e+001 1.000000e+001
    endloop
  endfacet
  facet normal -9.997781e-001 -2.100279e-002 -1.600317e-003
    outer loop
      vertex   2.371295e+000 -2.171607e+001 1.000000e+001
      vertex   2.395906e+000 -2.250662e+001 5.000000e+000
      vertex   2.382630e+000 -2.225563e+001 1.000000e+001
    endloop
  endfacet
  facet normal -9.993387e-001 -3.635187e-002 8.286761e-004
    outer loop
      vertex   2.371295e+000 -2.171607e+001 1.000000e+001
      vertex   2.382630e+000 -2.225563e+001 0.000000e+000
      vertex   2.395906e+000 -2.250662e+001 5.000000e+000
    endloop
  endfacet
  facet normal -9.997794e-001 -2.100282e-002 -0.000000e+000
    outer loop
      vertex   2.371295e+000 -2.171607e+001 1.000000e+001
      vertex   2.371295e+000 -2.171607e+001 0.000000e+000
      vertex   2.382630e+000 -2.225563e+001 0.000000e+000
    endloop
  endfacet
  facet normal -9.953440e-001 -9.637885e-002 -1.187122e-003
    outer loop
      vertex   2.469738e+000 -2.326911e+001 5.000000e+000
      vertex   2.416634e+000 -2.278227e+001 1.000000e+001
      vertex   2.395906e+000 -2.250662e+001 5.000000e+000
    endloop
  endfacet
  facet normal -9.979218e-001 -6.443420e-002 -5.847295e-004
    outer loop
      vertex   2.416634e+000 -2.278227e+001 0.000000e+000
      vertex   2.395906e+000 -2.250662e+001 5.000000e+000
      vertex   2.382630e+000 -2.225563e+001 0.000000e+000
    endloop
  endfacet
  facet normal -9.953440e-001 -9.637885e-002 1.187122e-003
    outer loop
      vertex   2.416634e+000 -2.278227e+001 0.000000e+000
      vertex   2.469738e+000 -2.326911e+001 5.000000e+000
      vertex   2.395906e+000 -2.250662e+001 5.000000e+000
    endloop
  endfacet
  facet normal -9.939697e-001 -1.096550e-001 -1.201387e-004
    outer loop
      vertex   2.416634e+000 -2.278227e+001 0.000000e+000
      vertex   2.473308e+000 -2.329600e+001 0.000000e+000
      vertex   2.469738e+000 -2.326911e+001 5.000000e+000
    endloop
  endfacet
  facet normal -9.147261e-001 -4.040743e-001 -3.469270e-004
    outer loop
      vertex   3.096724e+000 -2.567083e+001 0.000000e+000
      vertex   3.289416e+000 -2.610704e+001 0.000000e+000
      vertex   3.257281e+000 -2.603858e+001 5.000000e+000
    endloop
  endfacet
  facet normal -9.997601e-001 2.190148e-002 0.000000e+000
    outer loop
      vertex   2.371295e+000 -2.171607e+001 1.000000e+001
      vertex   2.385494e+000 -2.106791e+001 1.000000e+001
      vertex   2.371295e+000 -2.171607e+001 0.000000e+000
    endloop
  endfacet
  facet normal -9.996786e-001 2.535240e-002 -2.237901e-004
    outer loop
      vertex   2.371295e+000 -2.171607e+001 0.000000e+000
      vertex   2.385494e+000 -2.106791e+001 1.000000e+001
      vertex   2.387957e+000 -2.101494e+001 5.000000e+000
    endloop
  endfacet
  facet normal -9.976944e-001 6.786575e-002 -2.276146e-004
    outer loop
      vertex   2.385494e+000 -2.106791e+001 0.000000e+000
      vertex   2.387957e+000 -2.101494e+001 5.000000e+000
      vertex   2.428091e+000 -2.044169e+001 0.000000e+000
    endloop
  endfacet
  facet normal -9.997601e-001 2.190148e-002 2.603927e-004
    outer loop
      vertex   2.385494e+000 -2.106791e+001 0.000000e+000
      vertex   2.371295e+000 -2.171607e+001 0.000000e+000
      vertex   2.387957e+000 -2.101494e+001 5.000000e+000
    endloop
  endfacet
  facet normal -9.976944e-001 6.786575e-002 2.276146e-004
    outer loop
      vertex   2.385494e+000 -2.106791e+001 1.000000e+001
      vertex   2.428091e+000 -2.044169e+001 1.000000e+001
      vertex   2.387957e+000 -2.101494e+001 5.000000e+000
    endloop
  endfacet
  facet normal -9.972724e-001 7.380792e-002 -4.570363e-004
    outer loop
      vertex   2.387957e+000 -2.101494e+001 5.000000e+000
      vertex   2.428091e+000 -2.044169e+001 1.000000e+001
      vertex   2.437942e+000 -2.033955e+001 5.000000e+000
    endloop
  endfacet
  facet normal -9.931690e-001 1.166843e-001 -4.269663e-004
    outer loop
      vertex   2.428091e+000 -2.044169e+001 0.000000e+000
      vertex   2.437942e+000 -2.033955e+001 5.000000e+000
      vertex   2.499086e+000 -1.983741e+001 0.000000e+000
    endloop
  endfacet
  facet normal -9.972724e-001 7.380792e-002 4.570363e-004
    outer loop
      vertex   2.428091e+000 -2.044169e+001 0.000000e+000
      vertex   2.387957e+000 -2.101494e+001 5.000000e+000
      vertex   2.437942e+000 -2.033955e+001 5.000000e+000
    endloop
  endfacet
  facet normal -9.931690e-001 1.166843e-001 4.269663e-004
    outer loop
      vertex   2.428091e+000 -2.044169e+001 1.000000e+001
      vertex   2.499086e+000 -1.983741e+001 1.000000e+001
      vertex   2.437942e+000 -2.033955e+001 5.000000e+000
    endloop
  endfacet
  facet normal -9.918774e-001 1.271960e-001 -6.444867e-004
    outer loop
      vertex   2.437942e+000 -2.033955e+001 5.000000e+000
      vertex   2.499086e+000 -1.983741e+001 1.000000e+001
      vertex   2.521251e+000 -1.968990e+001 5.000000e+000
    endloop
  endfacet
  facet normal -9.857450e-001 1.682451e-001 -5.937199e-004
    outer loop
      vertex   2.499086e+000 -1.983741e+001 0.000000e+000
      vertex   2.521251e+000 -1.968990e+001 5.000000e+000
      vertex   2.598479e+000 -1.925507e+001 0.000000e+000
    endloop
  endfacet
  facet normal -9.918774e-001 1.271960e-001 6.444867e-004
    outer loop
      vertex   2.499086e+000 -1.983741e+001 0.000000e+000
      vertex   2.437942e+000 -2.033955e+001 5.000000e+000
      vertex   2.521251e+000 -1.968990e+001 5.000000e+000
    endloop
  endfacet
  facet normal -9.857450e-001 1.682451e-001 5.937199e-004
    outer loop
      vertex   2.499086e+000 -1.983741e+001 1.000000e+001
      vertex   2.598479e+000 -1.925507e+001 1.000000e+001
      vertex   2.521251e+000 -1.968990e+001 5.000000e+000
    endloop
  endfacet
  facet normal -9.829713e-001 1.837573e-001 -7.981613e-004
    outer loop
      vertex   2.521251e+000 -1.968990e+001 5.000000e+000
      vertex   2.598479e+000 -1.925507e+001 1.000000e+001
      vertex   2.637883e+000 -1.906600e+001 5.000000e+000
    endloop
  endfacet
  facet normal -9.749720e-001 2.223267e-001 -7.233328e-004
    outer loop
      vertex   2.598479e+000 -1.925507e+001 0.000000e+000
      vertex   2.637883e+000 -1.906600e+001 5.000000e+000
      vertex   2.726270e+000 -1.869467e+001 0.000000e+000
    endloop
  endfacet
  facet normal -9.829713e-001 1.837573e-001 7.981613e-004
    outer loop
      vertex   2.598479e+000 -1.925507e+001 0.000000e+000
      vertex   2.521251e+000 -1.968990e+001 5.000000e+000
      vertex   2.637883e+000 -1.906600e+001 5.000000e+000
    endloop
  endfacet
  facet normal -9.749720e-001 2.223267e-001 7.233328e-004
    outer loop
      vertex   2.598479e+000 -1.925507e+001 1.000000e+001
      vertex   2.726270e+000 -1.869467e+001 1.000000e+001
      vertex   2.637883e+000 -1.906600e+001 5.000000e+000
    endloop
  endfacet
  facet normal -9.699829e-001 2.431713e-001 -9.129292e-004
    outer loop
      vertex   2.637883e+000 -1.906600e+001 5.000000e+000
      vertex   2.726270e+000 -1.869467e+001 1.000000e+001
      vertex   2.787840e+000 -1.846784e+001 5.000000e+000
    endloop
  endfacet
  facet normal -9.604125e-001 2.785805e-001 -8.112403e-004
    outer loop
      vertex   2.726270e+000 -1.869467e+001 0.000000e+000
      vertex   2.787840e+000 -1.846784e+001 5.000000e+000
      vertex   2.882459e+000 -1.815620e+001 0.000000e+000
    endloop
  endfacet
  facet normal -9.699829e-001 2.431713e-001 9.129292e-004
    outer loop
      vertex   2.726270e+000 -1.869467e+001 0.000000e+000
      vertex   2.637883e+000 -1.906600e+001 5.000000e+000
      vertex   2.787840e+000 -1.846784e+001 5.000000e+000
    endloop
  endfacet
  facet normal -9.604125e-001 2.785805e-001 8.112403e-004
    outer loop
      vertex   2.726270e+000 -1.869467e+001 1.000000e+001
      vertex   2.882459e+000 -1.815620e+001 1.000000e+001
      vertex   2.787840e+000 -1.846784e+001 5.000000e+000
    endloop
  endfacet
  facet normal -9.523720e-001 3.049372e-001 -9.836907e-004
    outer loop
      vertex   2.787840e+000 -1.846784e+001 5.000000e+000
      vertex   2.882459e+000 -1.815620e+001 1.000000e+001
      vertex   2.971119e+000 -1.789543e+001 5.000000e+000
    endloop
  endfacet
  facet normal -9.416762e-001 3.365193e-001 -8.531097e-004
    outer loop
      vertex   2.882459e+000 -1.815620e+001 0.000000e+000
      vertex   2.971119e+000 -1.789543e+001 5.000000e+000
      vertex   3.067046e+000 -1.763968e+001 0.000000e+000
    endloop
  endfacet
  facet normal -9.523720e-001 3.049372e-001 9.836907e-004
    outer loop
      vertex   2.882459e+000 -1.815620e+001 0.000000e+000
      vertex   2.787840e+000 -1.846784e+001 5.000000e+000
      vertex   2.971119e+000 -1.789543e+001 5.000000e+000
    endloop
  endfacet
  facet normal -9.416762e-001 3.365193e-001 8.531097e-004
    outer loop
      vertex   2.882459e+000 -1.815620e+001 1.000000e+001
      vertex   3.067046e+000 -1.763968e+001 1.000000e+001
      vertex   2.971119e+000 -1.789543e+001 5.000000e+000
    endloop
  endfacet
  facet normal -9.296823e-001 3.683610e-001 -1.005735e-003
    outer loop
      vertex   2.971119e+000 -1.789543e+001 5.000000e+000
      vertex   3.067046e+000 -1.763968e+001 1.000000e+001
      vertex   3.187722e+000 -1.734876e+001 5.000000e+000
    endloop
  endfacet
  facet normal -9.184585e-001 3.955166e-001 -8.451516e-004
    outer loop
      vertex   3.067046e+000 -1.763968e+001 0.000000e+000
      vertex   3.187722e+000 -1.734876e+001 5.000000e+000
      vertex   3.280031e+000 -1.714509e+001 0.000000e+000
    endloop
  endfacet
  facet normal -9.296823e-001 3.683610e-001 1.005735e-003
    outer loop
      vertex   3.067046e+000 -1.763968e+001 0.000000e+000
      vertex   2.971119e+000 -1.789543e+001 5.000000e+000
      vertex   3.187722e+000 -1.734876e+001 5.000000e+000
    endloop
  endfacet
  facet normal -9.184585e-001 3.955166e-001 8.451516e-004
    outer loop
      vertex   3.067046e+000 -1.763968e+001 1.000000e+001
      vertex   3.280031e+000 -1.714509e+001 1.000000e+001
      vertex   3.187722e+000 -1.734876e+001 5.000000e+000
    endloop
  endfacet
  facet normal -9.016025e-001 4.325645e-001 -9.751713e-004
    outer loop
      vertex   3.187722e+000 -1.734876e+001 5.000000e+000
      vertex   3.280031e+000 -1.714509e+001 1.000000e+001
      vertex   3.437649e+000 -1.682783e+001 5.000000e+000
    endloop
  endfacet
  facet normal -8.905822e-001 4.548216e-001 -7.844606e-004
    outer loop
      vertex   3.280031e+000 -1.714509e+001 0.000000e+000
      vertex   3.437649e+000 -1.682783e+001 5.000000e+000
      vertex   3.521414e+000 -1.667244e+001 0.000000e+000
    endloop
  endfacet
  facet normal -9.016025e-001 4.325645e-001 9.751713e-004
    outer loop
      vertex   3.280031e+000 -1.714509e+001 0.000000e+000
      vertex   3.187722e+000 -1.734876e+001 5.000000e+000
      vertex   3.437649e+000 -1.682783e+001 5.000000e+000
    endloop
  endfacet
  facet normal -8.905822e-001 4.548216e-001 7.844606e-004
    outer loop
      vertex   3.280031e+000 -1.714509e+001 1.000000e+001
      vertex   3.521414e+000 -1.667244e+001 1.000000e+001
      vertex   3.437649e+000 -1.682783e+001 5.000000e+000
    endloop
  endfacet
  facet normal -8.680251e-001 4.965196e-001 -8.893796e-004
    outer loop
      vertex   3.437649e+000 -1.682783e+001 5.000000e+000
      vertex   3.521414e+000 -1.667244e+001 1.000000e+001
      vertex   3.720900e+000 -1.633265e+001 5.000000e+000
    endloop
  endfacet
  facet normal -8.580348e-001 5.135911e-001 -6.693442e-004
    outer loop
      vertex   3.521414e+000 -1.667244e+001 0.000000e+000
      vertex   3.720900e+000 -1.633265e+001 5.000000e+000
      vertex   3.791195e+000 -1.622172e+001 0.000000e+000
    endloop
  endfacet
  facet normal -8.680251e-001 4.965196e-001 8.893796e-004
    outer loop
      vertex   3.521414e+000 -1.667244e+001 0.000000e+000
      vertex   3.437649e+000 -1.682783e+001 5.000000e+000
      vertex   3.720900e+000 -1.633265e+001 5.000000e+000
    endloop
  endfacet
  facet normal -8.580348e-001 5.135911e-001 6.693442e-004
    outer loop
      vertex   3.521414e+000 -1.667244e+001 1.000000e+001
      vertex   3.791195e+000 -1.622172e+001 1.000000e+001
      vertex   3.720900e+000 -1.633265e+001 5.000000e+000
    endloop
  endfacet
  facet normal -8.290926e-001 5.591108e-001 -7.474043e-004
    outer loop
      vertex   3.720900e+000 -1.633265e+001 5.000000e+000
      vertex   3.791195e+000 -1.622172e+001 1.000000e+001
      vertex   4.037473e+000 -1.586321e+001 5.000000e+000
    endloop
  endfacet
  facet normal -8.209931e-001 5.709379e-001 -4.995812e-004
    outer loop
      vertex   3.791195e+000 -1.622172e+001 0.000000e+000
      vertex   4.037473e+000 -1.586321e+001 5.000000e+000
      vertex   4.089375e+000 -1.579295e+001 0.000000e+000
    endloop
  endfacet
  facet normal -8.290926e-001 5.591108e-001 7.474043e-004
    outer loop
      vertex   3.791195e+000 -1.622172e+001 0.000000e+000
      vertex   3.720900e+000 -1.633265e+001 5.000000e+000
      vertex   4.037473e+000 -1.586321e+001 5.000000e+000
    endloop
  endfacet
  facet normal -8.209931e-001 5.709379e-001 4.995812e-004
    outer loop
      vertex   3.791195e+000 -1.622172e+001 1.000000e+001
      vertex   4.089375e+000 -1.579295e+001 1.000000e+001
      vertex   4.037473e+000 -1.586321e+001 5.000000e+000
    endloop
  endfacet
  facet normal -7.852176e-001 6.192196e-001 -5.502028e-004
    outer loop
      vertex   4.037473e+000 -1.586321e+001 5.000000e+000
      vertex   4.089375e+000 -1.579295e+001 1.000000e+001
      vertex   4.387371e+000 -1.541951e+001 5.000000e+000
    endloop
  endfacet
  facet normal -7.798306e-001 6.259905e-001 -2.765568e-004
    outer loop
      vertex   4.089375e+000 -1.579295e+001 0.000000e+000
      vertex   4.387371e+000 -1.541951e+001 5.000000e+000
      vertex   4.415952e+000 -1.538612e+001 0.000000e+000
    endloop
  endfacet
  facet normal -7.852176e-001 6.192196e-001 5.502028e-004
    outer loop
      vertex   4.089375e+000 -1.579295e+001 0.000000e+000
      vertex   4.037473e+000 -1.586321e+001 5.000000e+000
      vertex   4.387371e+000 -1.541951e+001 5.000000e+000
    endloop
  endfacet
  facet normal -7.798306e-001 6.259905e-001 2.765568e-004
    outer loop
      vertex   4.089375e+000 -1.579295e+001 1.000000e+001
      vertex   4.415952e+000 -1.538612e+001 1.000000e+001
      vertex   4.387371e+000 -1.541951e+001 5.000000e+000
    endloop
  endfacet
  facet normal -7.370686e-001 6.758179e-001 -3.006790e-004
    outer loop
      vertex   4.387371e+000 -1.541951e+001 5.000000e+000
      vertex   4.415952e+000 -1.538612e+001 1.000000e+001
      vertex   4.770592e+000 -1.500156e+001 5.000000e+000
    endloop
  endfacet
  facet normal -7.351023e-001 6.779562e-001 -3.237990e-006
    outer loop
      vertex   4.415952e+000 -1.538612e+001 0.000000e+000
      vertex   4.770592e+000 -1.500156e+001 5.000000e+000
      vertex   4.770927e+000 -1.500122e+001 0.000000e+000
    endloop
  endfacet
  facet normal -7.370686e-001 6.758179e-001 3.006790e-004
    outer loop
      vertex   4.415952e+000 -1.538612e+001 0.000000e+000
      vertex   4.387371e+000 -1.541951e+001 5.000000e+000
      vertex   4.770592e+000 -1.500156e+001 5.000000e+000
    endloop
  endfacet
  facet normal -7.351023e-001 6.779562e-001 3.237990e-006
    outer loop
      vertex   4.415952e+000 -1.538612e+001 1.000000e+001
      vertex   4.770927e+000 -1.500122e+001 1.000000e+001
      vertex   4.770592e+000 -1.500156e+001 5.000000e+000
    endloop
  endfacet
  facet normal -6.875077e-001 7.261771e-001 -3.217216e-006
    outer loop
      vertex   4.770592e+000 -1.500156e+001 5.000000e+000
      vertex   4.770927e+000 -1.500122e+001 1.000000e+001
      vertex   5.154300e+000 -1.463826e+001 1.000000e+001
    endloop
  endfacet
  facet normal -6.378382e-001 7.701703e-001 2.645659e-004
    outer loop
      vertex   5.187137e+000 -1.460935e+001 5.000000e+000
      vertex   5.154300e+000 -1.463826e+001 1.000000e+001
      vertex   5.566071e+000 -1.429724e+001 1.000000e+001
    endloop
  endfacet
  facet normal -5.869179e-001 8.096463e-001 4.757577e-004
    outer loop
      vertex   5.637005e+000 -1.424288e+001 5.000000e+000
      vertex   5.566071e+000 -1.429724e+001 1.000000e+001
      vertex   6.006240e+000 -1.397816e+001 1.000000e+001
    endloop
  endfacet
  facet normal -5.356789e-001 8.444215e-001 6.273906e-004
    outer loop
      vertex   6.120318e+000 -1.390208e+001 5.000000e+000
      vertex   6.006240e+000 -1.397816e+001 1.000000e+001
      vertex   6.476758e+000 -1.367968e+001 1.000000e+001
    endloop
  endfacet
  facet normal -4.854899e-001 8.742420e-001 7.212568e-004
    outer loop
      vertex   6.640173e+000 -1.358480e+001 5.000000e+000
      vertex   6.476758e+000 -1.367968e+001 1.000000e+001
      vertex   6.979573e+000 -1.340045e+001 1.000000e+001
    endloop
  endfacet
  facet normal -4.369820e-001 8.994700e-001 5.876179e-004
    outer loop
      vertex   7.109726e+000 -1.333395e+001 5.000000e+000
      vertex   6.979573e+000 -1.340045e+001 1.000000e+001
      vertex   7.514687e+000 -1.314048e+001 1.000000e+001
    endloop
  endfacet
  facet normal -3.905397e-001 9.205860e-001 4.192663e-004
    outer loop
      vertex   7.606423e+000 -1.309928e+001 5.000000e+000
      vertex   7.514687e+000 -1.314048e+001 1.000000e+001
      vertex   8.082098e+000 -1.289977e+001 1.000000e+001
    endloop
  endfacet
  facet normal -3.464076e-001 9.380841e-001 2.210637e-004
    outer loop
      vertex   8.130265e+000 -1.288080e+001 5.000000e+000
      vertex   8.082098e+000 -1.289977e+001 1.000000e+001
      vertex   8.681808e+000 -1.267831e+001 1.000000e+001
    endloop
  endfacet
  facet normal -3.064386e-001 9.518904e-001 -2.343724e-006
    outer loop
      vertex   8.681250e+000 -1.267850e+001 5.000000e+000
      vertex   8.681808e+000 -1.267831e+001 1.000000e+001
      vertex   9.259379e+000 -1.249239e+001 5.000000e+000
    endloop
  endfacet
  facet normal -3.047157e-001 9.524433e-001 -2.172365e-004
    outer loop
      vertex   8.681808e+000 -1.267831e+001 0.000000e+000
      vertex   9.259379e+000 -1.249239e+001 5.000000e+000
      vertex   9.313816e+000 -1.247611e+001 0.000000e+000
    endloop
  endfacet
  facet normal -3.064386e-001 9.518904e-001 2.343724e-006
    outer loop
      vertex   8.681808e+000 -1.267831e+001 0.000000e+000
      vertex   8.681250e+000 -1.267850e+001 5.000000e+000
      vertex   9.259379e+000 -1.249239e+001 5.000000e+000
    endloop
  endfacet
  facet normal -3.446617e-001 9.387270e-001 -2.429980e-006
    outer loop
      vertex   8.681808e+000 -1.267831e+001 0.000000e+000
      vertex   8.130265e+000 -1.288080e+001 5.000000e+000
      vertex   8.681250e+000 -1.267850e+001 5.000000e+000
    endloop
  endfacet
  facet normal -3.464076e-001 9.380841e-001 -2.210637e-004
    outer loop
      vertex   8.681808e+000 -1.267831e+001 0.000000e+000
      vertex   8.082098e+000 -1.289977e+001 0.000000e+000
      vertex   8.130265e+000 -1.288080e+001 5.000000e+000
    endloop
  endfacet
  facet normal -3.849391e-001 9.229420e-001 2.075544e-004
    outer loop
      vertex   8.130265e+000 -1.288080e+001 5.000000e+000
      vertex   8.082098e+000 -1.289977e+001 0.000000e+000
      vertex   7.606423e+000 -1.309928e+001 5.000000e+000
    endloop
  endfacet
  facet normal -3.849391e-001 9.229420e-001 -2.075544e-004
    outer loop
      vertex   8.082098e+000 -1.289977e+001 1.000000e+001
      vertex   8.130265e+000 -1.288080e+001 5.000000e+000
      vertex   7.606423e+000 -1.309928e+001 5.000000e+000
    endloop
  endfacet
  facet normal -6.855200e-001 7.280538e-001 -2.921149e-004
    outer loop
      vertex   4.770592e+000 -1.500156e+001 5.000000e+000
      vertex   5.154300e+000 -1.463826e+001 1.000000e+001
      vertex   5.187137e+000 -1.460935e+001 5.000000e+000
    endloop
  endfacet
  facet normal -6.378382e-001 7.701703e-001 -2.645659e-004
    outer loop
      vertex   5.154300e+000 -1.463826e+001 0.000000e+000
      vertex   5.187137e+000 -1.460935e+001 5.000000e+000
      vertex   5.566071e+000 -1.429724e+001 0.000000e+000
    endloop
  endfacet
  facet normal -6.855200e-001 7.280538e-001 2.921149e-004
    outer loop
      vertex   5.154300e+000 -1.463826e+001 0.000000e+000
      vertex   4.770592e+000 -1.500156e+001 5.000000e+000
      vertex   5.187137e+000 -1.460935e+001 5.000000e+000
    endloop
  endfacet
  facet normal -6.875077e-001 7.261771e-001 3.217216e-006
    outer loop
      vertex   5.154300e+000 -1.463826e+001 0.000000e+000
      vertex   4.770927e+000 -1.500122e+001 0.000000e+000
      vertex   4.770592e+000 -1.500156e+001 5.000000e+000
    endloop
  endfacet
  facet normal -6.315763e-001 7.753135e-001 -5.310567e-004
    outer loop
      vertex   5.187137e+000 -1.460935e+001 5.000000e+000
      vertex   5.566071e+000 -1.429724e+001 1.000000e+001
      vertex   5.637005e+000 -1.424288e+001 5.000000e+000
    endloop
  endfacet
  facet normal -5.869179e-001 8.096463e-001 -4.757577e-004
    outer loop
      vertex   5.566071e+000 -1.429724e+001 0.000000e+000
      vertex   5.637005e+000 -1.424288e+001 5.000000e+000
      vertex   6.006240e+000 -1.397816e+001 0.000000e+000
    endloop
  endfacet
  facet normal -6.315763e-001 7.753135e-001 5.310567e-004
    outer loop
      vertex   5.566071e+000 -1.429724e+001 0.000000e+000
      vertex   5.187137e+000 -1.460935e+001 5.000000e+000
      vertex   5.637005e+000 -1.424288e+001 5.000000e+000
    endloop
  endfacet
  facet normal -5.762809e-001 8.172514e-001 -7.123991e-004
    outer loop
      vertex   5.637005e+000 -1.424288e+001 5.000000e+000
      vertex   6.006240e+000 -1.397816e+001 1.000000e+001
      vertex   6.120318e+000 -1.390208e+001 5.000000e+000
    endloop
  endfacet
  facet normal -5.356789e-001 8.444215e-001 -6.273906e-004
    outer loop
      vertex   6.006240e+000 -1.397816e+001 0.000000e+000
      vertex   6.120318e+000 -1.390208e+001 5.000000e+000
      vertex   6.476758e+000 -1.367968e+001 0.000000e+000
    endloop
  endfacet
  facet normal -5.762809e-001 8.172514e-001 7.123991e-004
    outer loop
      vertex   6.006240e+000 -1.397816e+001 0.000000e+000
      vertex   5.637005e+000 -1.424288e+001 5.000000e+000
      vertex   6.120318e+000 -1.390208e+001 5.000000e+000
    endloop
  endfacet
  facet normal -5.209546e-001 8.535840e-001 -8.298204e-004
    outer loop
      vertex   6.120318e+000 -1.390208e+001 5.000000e+000
      vertex   6.476758e+000 -1.367968e+001 1.000000e+001
      vertex   6.640173e+000 -1.358480e+001 5.000000e+000
    endloop
  endfacet
  facet normal -4.854899e-001 8.742420e-001 -7.212568e-004
    outer loop
      vertex   6.476758e+000 -1.367968e+001 0.000000e+000
      vertex   6.640173e+000 -1.358480e+001 5.000000e+000
      vertex   6.979573e+000 -1.340045e+001 0.000000e+000
    endloop
  endfacet
  facet normal -5.209546e-001 8.535840e-001 8.298204e-004
    outer loop
      vertex   6.476758e+000 -1.367968e+001 0.000000e+000
      vertex   6.120318e+000 -1.390208e+001 5.000000e+000
      vertex   6.640173e+000 -1.358480e+001 5.000000e+000
    endloop
  endfacet
  facet normal -4.712054e-001 8.820233e-001 -5.352727e-004
    outer loop
      vertex   6.640173e+000 -1.358480e+001 5.000000e+000
      vertex   6.979573e+000 -1.340045e+001 1.000000e+001
      vertex   7.109726e+000 -1.333395e+001 5.000000e+000
    endloop
  endfacet
  facet normal -4.369820e-001 8.994700e-001 -5.876179e-004
    outer loop
      vertex   6.979573e+000 -1.340045e+001 0.000000e+000
      vertex   7.109726e+000 -1.333395e+001 5.000000e+000
      vertex   7.514687e+000 -1.314048e+001 0.000000e+000
    endloop
  endfacet
  facet normal -4.712054e-001 8.820233e-001 5.352727e-004
    outer loop
      vertex   6.979573e+000 -1.340045e+001 0.000000e+000
      vertex   6.640173e+000 -1.358480e+001 5.000000e+000
      vertex   7.109726e+000 -1.333395e+001 5.000000e+000
    endloop
  endfacet
  facet normal -4.271778e-001 9.041676e-001 -3.882179e-004
    outer loop
      vertex   7.109726e+000 -1.333395e+001 5.000000e+000
      vertex   7.514687e+000 -1.314048e+001 1.000000e+001
      vertex   7.606423e+000 -1.309928e+001 5.000000e+000
    endloop
  endfacet
  facet normal -3.905397e-001 9.205860e-001 -4.192663e-004
    outer loop
      vertex   7.514687e+000 -1.314048e+001 0.000000e+000
      vertex   7.606423e+000 -1.309928e+001 5.000000e+000
      vertex   8.082098e+000 -1.289977e+001 0.000000e+000
    endloop
  endfacet
  facet normal -4.271778e-001 9.041676e-001 3.882179e-004
    outer loop
      vertex   7.514687e+000 -1.314048e+001 0.000000e+000
      vertex   7.109726e+000 -1.333395e+001 5.000000e+000
      vertex   7.606423e+000 -1.309928e+001 5.000000e+000
    endloop
  endfacet
  facet normal -3.047157e-001 9.524433e-001 2.172365e-004
    outer loop
      vertex   8.681808e+000 -1.267831e+001 1.000000e+001
      vertex   9.313816e+000 -1.247611e+001 1.000000e+001
      vertex   9.259379e+000 -1.249239e+001 5.000000e+000
    endloop
  endfacet
  facet normal -2.703005e-001 9.627760e-001 -1.910930e-004
    outer loop
      vertex   9.259379e+000 -1.249239e+001 5.000000e+000
      vertex   9.313816e+000 -1.247611e+001 1.000000e+001
      vertex   9.864652e+000 -1.232246e+001 5.000000e+000
    endloop
  endfacet
  facet normal -2.655038e-001 9.641097e-001 -3.783261e-004
    outer loop
      vertex   9.313816e+000 -1.247611e+001 0.000000e+000
      vertex   9.864652e+000 -1.232246e+001 5.000000e+000
      vertex   9.978123e+000 -1.229317e+001 0.000000e+000
    endloop
  endfacet
  facet normal -2.703005e-001 9.627760e-001 1.910930e-004
    outer loop
      vertex   9.313816e+000 -1.247611e+001 0.000000e+000
      vertex   9.259379e+000 -1.249239e+001 5.000000e+000
      vertex   9.864652e+000 -1.232246e+001 5.000000e+000
    endloop
  endfacet
  facet normal -2.655038e-001 9.641097e-001 3.783261e-004
    outer loop
      vertex   9.313816e+000 -1.247611e+001 1.000000e+001
      vertex   9.978123e+000 -1.229317e+001 1.000000e+001
      vertex   9.864652e+000 -1.232246e+001 5.000000e+000
    endloop
  endfacet
  facet normal -2.362298e-001 9.716972e-001 -3.304650e-004
    outer loop
      vertex   9.864652e+000 -1.232246e+001 5.000000e+000
      vertex   9.978123e+000 -1.229317e+001 1.000000e+001
      vertex   1.049707e+001 -1.216871e+001 5.000000e+000
    endloop
  endfacet
  facet normal -2.287450e-001 9.734863e-001 -4.909089e-004
    outer loop
      vertex   9.978123e+000 -1.229317e+001 0.000000e+000
      vertex   1.049707e+001 -1.216871e+001 5.000000e+000
      vertex   1.067473e+001 -1.212949e+001 0.000000e+000
    endloop
  endfacet
  facet normal -2.362298e-001 9.716972e-001 3.304650e-004
    outer loop
      vertex   9.978123e+000 -1.229317e+001 0.000000e+000
      vertex   9.864652e+000 -1.232246e+001 5.000000e+000
      vertex   1.049707e+001 -1.216871e+001 5.000000e+000
    endloop
  endfacet
  facet normal -2.287450e-001 9.734863e-001 4.909089e-004
    outer loop
      vertex   9.978123e+000 -1.229317e+001 1.000000e+001
      vertex   1.067473e+001 -1.212949e+001 1.000000e+001
      vertex   1.049707e+001 -1.216871e+001 5.000000e+000
    endloop
  endfacet
  facet normal -2.041744e-001 9.789344e-001 -4.248649e-004
    outer loop
      vertex   1.049707e+001 -1.216871e+001 5.000000e+000
      vertex   1.067473e+001 -1.212949e+001 1.000000e+001
      vertex   1.115663e+001 -1.203115e+001 5.000000e+000
    endloop
  endfacet
  facet normal -1.943652e-001 9.809291e-001 -5.597819e-004
    outer loop
      vertex   1.067473e+001 -1.212949e+001 0.000000e+000
      vertex   1.115663e+001 -1.203115e+001 5.000000e+000
      vertex   1.140363e+001 -1.198506e+001 0.000000e+000
    endloop
  endfacet
  facet normal -2.041744e-001 9.789344e-001 4.248649e-004
    outer loop
      vertex   1.067473e+001 -1.212949e+001 0.000000e+000
      vertex   1.049707e+001 -1.216871e+001 5.000000e+000
      vertex   1.115663e+001 -1.203115e+001 5.000000e+000
    endloop
  endfacet
  facet normal -1.943652e-001 9.809291e-001 5.597819e-004
    outer loop
      vertex   1.067473e+001 -1.212949e+001 1.000000e+001
      vertex   1.140363e+001 -1.198506e+001 1.000000e+001
      vertex   1.115663e+001 -1.203115e+001 5.000000e+000
    endloop
  endfacet
  facet normal -1.740581e-001 9.847353e-001 -4.784709e-004
    outer loop
      vertex   1.115663e+001 -1.203115e+001 5.000000e+000
      vertex   1.140363e+001 -1.198506e+001 1.000000e+001
      vertex   1.184333e+001 -1.190977e+001 5.000000e+000
    endloop
  endfacet
  facet normal -1.622593e-001 9.867480e-001 -5.894405e-004
    outer loop
      vertex   1.140363e+001 -1.198506e+001 0.000000e+000
      vertex   1.184333e+001 -1.190977e+001 5.000000e+000
      vertex   1.216483e+001 -1.185989e+001 0.000000e+000
    endloop
  endfacet
  facet normal -1.740581e-001 9.847353e-001 4.784709e-004
    outer loop
      vertex   1.140363e+001 -1.198506e+001 0.000000e+000
      vertex   1.115663e+001 -1.203115e+001 5.000000e+000
      vertex   1.184333e+001 -1.190977e+001 5.000000e+000
    endloop
  endfacet
  facet normal -1.622593e-001 9.867480e-001 5.894405e-004
    outer loop
      vertex   1.140363e+001 -1.198506e+001 1.000000e+001
      vertex   1.216483e+001 -1.185989e+001 1.000000e+001
      vertex   1.184333e+001 -1.190977e+001 5.000000e+000
    endloop
  endfacet
  facet normal -1.457893e-001 9.893155e-001 -4.951789e-004
    outer loop
      vertex   1.184333e+001 -1.190977e+001 5.000000e+000
      vertex   1.216483e+001 -1.185989e+001 1.000000e+001
      vertex   1.255718e+001 -1.180457e+001 5.000000e+000
    endloop
  endfacet
  facet normal -1.323033e-001 9.912091e-001 -5.840217e-004
    outer loop
      vertex   1.216483e+001 -1.185989e+001 0.000000e+000
      vertex   1.255718e+001 -1.180457e+001 5.000000e+000
      vertex   1.295833e+001 -1.175397e+001 0.000000e+000
    endloop
  endfacet
  facet normal -1.457893e-001 9.893155e-001 4.951789e-004
    outer loop
      vertex   1.216483e+001 -1.185989e+001 0.000000e+000
      vertex   1.184333e+001 -1.190977e+001 5.000000e+000
      vertex   1.255718e+001 -1.180457e+001 5.000000e+000
    endloop
  endfacet
  facet normal -1.323033e-001 9.912091e-001 5.840217e-004
    outer loop
      vertex   1.216483e+001 -1.185989e+001 1.000000e+001
      vertex   1.295833e+001 -1.175397e+001 1.000000e+001
      vertex   1.255718e+001 -1.180457e+001 5.000000e+000
    endloop
  endfacet
  facet normal -1.192673e-001 9.928621e-001 -4.785763e-004
    outer loop
      vertex   1.255718e+001 -1.180457e+001 5.000000e+000
      vertex   1.295833e+001 -1.175397e+001 1.000000e+001
      vertex   1.329818e+001 -1.171556e+001 5.000000e+000
    endloop
  endfacet
  facet normal -1.043638e-001 9.945390e-001 -5.472827e-004
    outer loop
      vertex   1.295833e+001 -1.175397e+001 0.000000e+000
      vertex   1.329818e+001 -1.171556e+001 5.000000e+000
      vertex   1.378413e+001 -1.166732e+001 0.000000e+000
    endloop
  endfacet
  facet normal -1.192673e-001 9.928621e-001 4.785763e-004
    outer loop
      vertex   1.295833e+001 -1.175397e+001 0.000000e+000
      vertex   1.255718e+001 -1.180457e+001 5.000000e+000
      vertex   1.329818e+001 -1.171556e+001 5.000000e+000
    endloop
  endfacet
  facet normal -1.043638e-001 9.945390e-001 5.472827e-004
    outer loop
      vertex   1.295833e+001 -1.175397e+001 1.000000e+001
      vertex   1.378413e+001 -1.166732e+001 1.000000e+001
      vertex   1.329818e+001 -1.171556e+001 5.000000e+000
    endloop
  endfacet
  facet normal -9.438749e-002 9.955354e-001 -4.319354e-004
    outer loop
      vertex   1.329818e+001 -1.171556e+001 5.000000e+000
      vertex   1.378413e+001 -1.166732e+001 1.000000e+001
      vertex   1.406631e+001 -1.164273e+001 5.000000e+000
    endloop
  endfacet
  facet normal -7.830437e-002 9.969294e-001 -4.826027e-004
    outer loop
      vertex   1.378413e+001 -1.166732e+001 0.000000e+000
      vertex   1.406631e+001 -1.164273e+001 5.000000e+000
      vertex   1.464222e+001 -1.159992e+001 0.000000e+000
    endloop
  endfacet
  facet normal -9.438749e-002 9.955354e-001 4.319354e-004
    outer loop
      vertex   1.378413e+001 -1.166732e+001 0.000000e+000
      vertex   1.329818e+001 -1.171556e+001 5.000000e+000
      vertex   1.406631e+001 -1.164273e+001 5.000000e+000
    endloop
  endfacet
  facet normal -7.830437e-002 9.969294e-001 4.826027e-004
    outer loop
      vertex   1.378413e+001 -1.166732e+001 1.000000e+001
      vertex   1.464222e+001 -1.159992e+001 1.000000e+001
      vertex   1.406631e+001 -1.164273e+001 5.000000e+000
    endloop
  endfacet
  facet normal -7.104484e-002 9.974731e-001 -3.582204e-004
    outer loop
      vertex   1.406631e+001 -1.164273e+001 5.000000e+000
      vertex   1.464222e+001 -1.159992e+001 1.000000e+001
      vertex   1.486159e+001 -1.158609e+001 5.000000e+000
    endloop
  endfacet
  facet normal -5.398999e-002 9.985414e-001 -3.930005e-004
    outer loop
      vertex   1.464222e+001 -1.159992e+001 0.000000e+000
      vertex   1.486159e+001 -1.158609e+001 5.000000e+000
      vertex   1.553262e+001 -1.155178e+001 0.000000e+000
    endloop
  endfacet
  facet normal -7.104484e-002 9.974731e-001 3.582204e-004
    outer loop
      vertex   1.464222e+001 -1.159992e+001 0.000000e+000
      vertex   1.406631e+001 -1.164273e+001 5.000000e+000
      vertex   1.486159e+001 -1.158609e+001 5.000000e+000
    endloop
  endfacet
  facet normal -5.398999e-002 9.985414e-001 3.930005e-004
    outer loop
      vertex   1.464222e+001 -1.159992e+001 1.000000e+001
      vertex   1.553262e+001 -1.155178e+001 1.000000e+001
      vertex   1.486159e+001 -1.158609e+001 5.000000e+000
    endloop
  endfacet
  facet normal -4.913633e-002 9.987920e-001 -2.601023e-004
    outer loop
      vertex   1.486159e+001 -1.158609e+001 5.000000e+000
      vertex   1.553262e+001 -1.155178e+001 1.000000e+001
      vertex   1.568402e+001 -1.154563e+001 5.000000e+000
    endloop
  endfacet
  facet normal -3.129040e-002 9.995103e-001 -2.811600e-004
    outer loop
      vertex   1.553262e+001 -1.155178e+001 0.000000e+000
      vertex   1.568402e+001 -1.154563e+001 5.000000e+000
      vertex   1.645531e+001 -1.152289e+001 0.000000e+000
    endloop
  endfacet
  facet normal -4.913633e-002 9.987920e-001 2.601023e-004
    outer loop
      vertex   1.553262e+001 -1.155178e+001 0.000000e+000
      vertex   1.486159e+001 -1.158609e+001 5.000000e+000
      vertex   1.568402e+001 -1.154563e+001 5.000000e+000
    endloop
  endfacet
  facet normal -3.129040e-002 9.995103e-001 2.811600e-004
    outer loop
      vertex   1.553262e+001 -1.155178e+001 1.000000e+001
      vertex   1.645531e+001 -1.152289e+001 1.000000e+001
      vertex   1.568402e+001 -1.154563e+001 5.000000e+000
    endloop
  endfacet
  facet normal -2.856271e-002 9.995920e-001 -1.399795e-004
    outer loop
      vertex   1.568402e+001 -1.154563e+001 5.000000e+000
      vertex   1.645531e+001 -1.152289e+001 1.000000e+001
      vertex   1.653358e+001 -1.152135e+001 5.000000e+000
    endloop
  endfacet
  facet normal -1.008181e-002 9.999492e-001 -1.494589e-004
    outer loop
      vertex   1.645531e+001 -1.152289e+001 0.000000e+000
      vertex   1.653358e+001 -1.152135e+001 5.000000e+000
      vertex   1.741030e+001 -1.151326e+001 0.000000e+000
    endloop
  endfacet
  facet normal -2.856271e-002 9.995920e-001 1.399795e-004
    outer loop
      vertex   1.645531e+001 -1.152289e+001 0.000000e+000
      vertex   1.568402e+001 -1.154563e+001 5.000000e+000
      vertex   1.653358e+001 -1.152135e+001 5.000000e+000
    endloop
  endfacet
  facet normal -1.008181e-002 9.999492e-001 1.494589e-004
    outer loop
      vertex   1.645531e+001 -1.152289e+001 1.000000e+001
      vertex   1.741030e+001 -1.151326e+001 1.000000e+001
      vertex   1.653358e+001 -1.152135e+001 5.000000e+000
    endloop
  endfacet
  facet normal -9.229498e-003 9.999574e-001 0.000000e+000
    outer loop
      vertex   1.653358e+001 -1.152135e+001 5.000000e+000
      vertex   1.741030e+001 -1.151326e+001 1.000000e+001
      vertex   1.741030e+001 -1.151326e+001 0.000000e+000
    endloop
  endfacet
  facet normal -3.446617e-001 9.387270e-001 2.429980e-006
    outer loop
      vertex   8.130265e+000 -1.288080e+001 5.000000e+000
      vertex   8.681808e+000 -1.267831e+001 1.000000e+001
      vertex   8.681250e+000 -1.267850e+001 5.000000e+000
    endloop
  endfacet
  facet normal 0.000000e+000 1.000000e+000 0.000000e+000
    outer loop
      vertex   2.305772e+001 -1.151326e+001 1.000000e+001
      vertex   2.305772e+001 -1.151326e+001 0.000000e+000
      vertex   1.741030e+001 -1.151326e+001 1.000000e+001
    endloop
  endfacet
  facet normal 0.000000e+000 1.000000e+000 0.000000e+000
    outer loop
      vertex   1.741030e+001 -1.151326e+001 1.000000e+001
      vertex   2.305772e+001 -1.151326e+001 0.000000e+000
      vertex   1.741030e+001 -1.151326e+001 0.000000e+000
    endloop
  endfacet
  facet normal -1.000000e+000 -0.000000e+000 -0.000000e+000
    outer loop
      vertex   2.305772e+001 -1.076443e+001 1.000000e+001
      vertex   2.305772e+001 -1.076443e+001 0.000000e+000
      vertex   2.305772e+001 -1.151326e+001 1.000000e+001
    endloop
  endfacet
  facet normal -1.000000e+000 -0.000000e+000 -0.000000e+000
    outer loop
      vertex   2.305772e+001 -1.151326e+001 1.000000e+001
      vertex   2.305772e+001 -1.076443e+001 0.000000e+000
      vertex   2.305772e+001 -1.151326e+001 0.000000e+000
    endloop
  endfacet
  facet normal -9.996868e-001 -2.502481e-002 0.000000e+000
    outer loop
      vertex   2.305772e+001 -1.076443e+001 1.000000e+001
      vertex   2.305071e+001 -1.048447e+001 1.000000e+001
      vertex   2.305772e+001 -1.076443e+001 0.000000e+000
    endloop
  endfacet
  facet normal -9.996091e-001 -2.795751e-002 8.215760e-005
    outer loop
      vertex   2.305772e+001 -1.076443e+001 0.000000e+000
      vertex   2.305071e+001 -1.048447e+001 1.000000e+001
      vertex   2.304984e+001 -1.046775e+001 5.000000e+000
    endloop
  endfacet
  facet normal -9.969920e-001 -7.750389e-002 8.406618e-005
    outer loop
      vertex   2.305071e+001 -1.048447e+001 0.000000e+000
      vertex   2.304984e+001 -1.046775e+001 5.000000e+000
      vertex   2.302969e+001 -1.021402e+001 0.000000e+000
    endloop
  endfacet
  facet normal -9.996868e-001 -2.502481e-002 -9.198297e-005
    outer loop
      vertex   2.305071e+001 -1.048447e+001 0.000000e+000
      vertex   2.305772e+001 -1.076443e+001 0.000000e+000
      vertex   2.304984e+001 -1.046775e+001 5.000000e+000
    endloop
  endfacet
  facet normal -9.969920e-001 -7.750389e-002 -8.406618e-005
    outer loop
      vertex   2.305071e+001 -1.048447e+001 1.000000e+001
      vertex   2.302969e+001 -1.021402e+001 1.000000e+001
      vertex   2.304984e+001 -1.046775e+001 5.000000e+000
    endloop
  endfacet
  facet normal -9.965951e-001 -8.245166e-002 1.686063e-004
    outer loop
      vertex   2.304984e+001 -1.046775e+001 5.000000e+000
      vertex   2.302969e+001 -1.021402e+001 1.000000e+001
      vertex   2.302617e+001 -1.018176e+001 5.000000e+000
    endloop
  endfacet
  facet normal -9.911041e-001 -1.330885e-001 1.620050e-004
    outer loop
      vertex   2.302969e+001 -1.021402e+001 0.000000e+000
      vertex   2.302617e+001 -1.018176e+001 5.000000e+000
      vertex   2.299465e+001 -9.953077e+000 0.000000e+000
    endloop
  endfacet
  facet normal -9.965951e-001 -8.245166e-002 -1.686063e-004
    outer loop
      vertex   2.302969e+001 -1.021402e+001 0.000000e+000
      vertex   2.304984e+001 -1.046775e+001 5.000000e+000
      vertex   2.302617e+001 -1.018176e+001 5.000000e+000
    endloop
  endfacet
  facet normal -9.911041e-001 -1.330885e-001 -1.620050e-004
    outer loop
      vertex   2.302969e+001 -1.021402e+001 1.000000e+001
      vertex   2.299465e+001 -9.953077e+000 1.000000e+001
      vertex   2.302617e+001 -1.018176e+001 5.000000e+000
    endloop
  endfacet
  facet normal -9.898952e-001 -1.418003e-001 2.440636e-004
    outer loop
      vertex   2.302617e+001 -1.018176e+001 5.000000e+000
      vertex   2.299465e+001 -9.953077e+000 1.000000e+001
      vertex   2.298674e+001 -9.906469e+000 5.000000e+000
    endloop
  endfacet
  facet normal -9.814938e-001 -1.914936e-001 2.324474e-004
    outer loop
      vertex   2.299465e+001 -9.953077e+000 0.000000e+000
      vertex   2.298674e+001 -9.906469e+000 5.000000e+000
      vertex   2.294559e+001 -9.701639e+000 0.000000e+000
    endloop
  endfacet
  facet normal -9.898952e-001 -1.418003e-001 -2.440636e-004
    outer loop
      vertex   2.299465e+001 -9.953077e+000 0.000000e+000
      vertex   2.302617e+001 -1.018176e+001 5.000000e+000
      vertex   2.298674e+001 -9.906469e+000 5.000000e+000
    endloop
  endfacet
  facet normal -9.814938e-001 -1.914936e-001 -2.324474e-004
    outer loop
      vertex   2.299465e+001 -9.953077e+000 1.000000e+001
      vertex   2.294559e+001 -9.701639e+000 1.000000e+001
      vertex   2.298674e+001 -9.906469e+000 5.000000e+000
    endloop
  endfacet
  facet normal -9.789172e-001 -2.042571e-001 3.116255e-004
    outer loop
      vertex   2.298674e+001 -9.906469e+000 5.000000e+000
      vertex   2.294559e+001 -9.701639e+000 1.000000e+001
      vertex   2.293153e+001 -9.641879e+000 5.000000e+000
    endloop
  endfacet
  facet normal -9.676560e-001 -2.522730e-001 2.939286e-004
    outer loop
      vertex   2.294559e+001 -9.701639e+000 0.000000e+000
      vertex   2.293153e+001 -9.641879e+000 5.000000e+000
      vertex   2.288252e+001 -9.459707e+000 0.000000e+000
    endloop
  endfacet
  facet normal -9.789172e-001 -2.042571e-001 -3.116255e-004
    outer loop
      vertex   2.294559e+001 -9.701639e+000 0.000000e+000
      vertex   2.298674e+001 -9.906469e+000 5.000000e+000
      vertex   2.293153e+001 -9.641879e+000 5.000000e+000
    endloop
  endfacet
  facet normal -9.676560e-001 -2.522730e-001 -2.939286e-004
    outer loop
      vertex   2.294559e+001 -9.701639e+000 1.000000e+001
      vertex   2.288252e+001 -9.459707e+000 1.000000e+001
      vertex   2.293153e+001 -9.641879e+000 5.000000e+000
    endloop
  endfacet
  facet normal -9.630697e-001 -2.692520e-001 3.696466e-004
    outer loop
      vertex   2.293153e+001 -9.641879e+000 5.000000e+000
      vertex   2.288252e+001 -9.459707e+000 1.000000e+001
      vertex   2.286055e+001 -9.387988e+000 5.000000e+000
    endloop
  endfacet
  facet normal -9.491550e-001 -3.148089e-001 3.449579e-004
    outer loop
      vertex   2.288252e+001 -9.459707e+000 0.000000e+000
      vertex   2.286055e+001 -9.387988e+000 5.000000e+000
      vertex   2.280543e+001 -9.227282e+000 0.000000e+000
    endloop
  endfacet
  facet normal -9.630697e-001 -2.692520e-001 -3.696466e-004
    outer loop
      vertex   2.288252e+001 -9.459707e+000 0.000000e+000
      vertex   2.293153e+001 -9.641879e+000 5.000000e+000
      vertex   2.286055e+001 -9.387988e+000 5.000000e+000
    endloop
  endfacet
  facet normal -9.491550e-001 -3.148089e-001 -3.449579e-004
    outer loop
      vertex   2.288252e+001 -9.459707e+000 1.000000e+001
      vertex   2.280543e+001 -9.227282e+000 1.000000e+001
      vertex   2.286055e+001 -9.387988e+000 5.000000e+000
    endloop
  endfacet
  facet normal -9.418626e-001 -3.359979e-001 4.164700e-004
    outer loop
      vertex   2.286055e+001 -9.387988e+000 5.000000e+000
      vertex   2.280543e+001 -9.227282e+000 1.000000e+001
      vertex   2.277379e+001 -9.144795e+000 5.000000e+000
    endloop
  endfacet
  facet normal -9.256758e-001 -3.783175e-001 3.841138e-004
    outer loop
      vertex   2.280543e+001 -9.227282e+000 0.000000e+000
      vertex   2.277379e+001 -9.144795e+000 5.000000e+000
      vertex   2.271433e+001 -9.004364e+000 0.000000e+000
    endloop
  endfacet
  facet normal -9.418626e-001 -3.359979e-001 -4.164700e-004
    outer loop
      vertex   2.280543e+001 -9.227282e+000 0.000000e+000
      vertex   2.286055e+001 -9.387988e+000 5.000000e+000
      vertex   2.277379e+001 -9.144795e+000 5.000000e+000
    endloop
  endfacet
  facet normal -9.256758e-001 -3.783175e-001 -3.841138e-004
    outer loop
      vertex   2.280543e+001 -9.227282e+000 1.000000e+001
      vertex   2.271433e+001 -9.004364e+000 1.000000e+001
      vertex   2.277379e+001 -9.144795e+000 5.000000e+000
    endloop
  endfacet
  facet normal -9.149773e-001 -4.035050e-001 4.505530e-004
    outer loop
      vertex   2.277379e+001 -9.144795e+000 5.000000e+000
      vertex   2.271433e+001 -9.004364e+000 1.000000e+001
      vertex   2.267126e+001 -8.912302e+000 5.000000e+000
    endloop
  endfacet
  facet normal -8.970753e-001 -4.418775e-001 4.101575e-004
    outer loop
      vertex   2.271433e+001 -9.004364e+000 0.000000e+000
      vertex   2.267126e+001 -8.912302e+000 5.000000e+000
      vertex   2.260920e+001 -8.790952e+000 0.000000e+000
    endloop
  endfacet
  facet normal -9.149773e-001 -4.035050e-001 -4.505530e-004
    outer loop
      vertex   2.271433e+001 -9.004364e+000 0.000000e+000
      vertex   2.277379e+001 -9.144795e+000 5.000000e+000
      vertex   2.267126e+001 -8.912302e+000 5.000000e+000
    endloop
  endfacet
  facet normal -8.970753e-001 -4.418775e-001 -4.101575e-004
    outer loop
      vertex   2.271433e+001 -9.004364e+000 1.000000e+001
      vertex   2.260920e+001 -8.790952e+000 1.000000e+001
      vertex   2.267126e+001 -8.912302e+000 5.000000e+000
    endloop
  endfacet
  facet normal -8.823316e-001 -4.706281e-001 4.706145e-004
    outer loop
      vertex   2.267126e+001 -8.912302e+000 5.000000e+000
      vertex   2.260920e+001 -8.790952e+000 1.000000e+001
      vertex   2.255296e+001 -8.690507e+000 5.000000e+000
    endloop
  endfacet
  facet normal -8.634230e-001 -5.044805e-001 4.221501e-004
    outer loop
      vertex   2.260920e+001 -8.790952e+000 0.000000e+000
      vertex   2.255296e+001 -8.690507e+000 5.000000e+000
      vertex   2.249007e+001 -8.587047e+000 0.000000e+000
    endloop
  endfacet
  facet normal -8.823316e-001 -4.706281e-001 -4.706145e-004
    outer loop
      vertex   2.260920e+001 -8.790952e+000 0.000000e+000
      vertex   2.267126e+001 -8.912302e+000 5.000000e+000
      vertex   2.255296e+001 -8.690507e+000 5.000000e+000
    endloop
  endfacet
  facet normal -8.634230e-001 -5.044805e-001 -4.221501e-004
    outer loop
      vertex   2.260920e+001 -8.790952e+000 1.000000e+001
      vertex   2.249007e+001 -8.587047e+000 1.000000e+001
      vertex   2.255296e+001 -8.690507e+000 5.000000e+000
    endloop
  endfacet
  facet normal -8.441259e-001 -5.361449e-001 4.757775e-004
    outer loop
      vertex   2.255296e+001 -8.690507e+000 5.000000e+000
      vertex   2.249007e+001 -8.587047e+000 1.000000e+001
      vertex   2.241888e+001 -8.479411e+000 5.000000e+000
    endloop
  endfacet
  facet normal -8.250216e-001 -5.651010e-001 4.195537e-004
    outer loop
      vertex   2.249007e+001 -8.587047e+000 0.000000e+000
      vertex   2.241888e+001 -8.479411e+000 5.000000e+000
      vertex   2.235691e+001 -8.392649e+000 0.000000e+000
    endloop
  endfacet
  facet normal -8.441259e-001 -5.361449e-001 -4.757775e-004
    outer loop
      vertex   2.249007e+001 -8.587047e+000 0.000000e+000
      vertex   2.255296e+001 -8.690507e+000 5.000000e+000
      vertex   2.241888e+001 -8.479411e+000 5.000000e+000
    endloop
  endfacet
  facet normal -8.250216e-001 -5.651010e-001 -4.195537e-004
    outer loop
      vertex   2.249007e+001 -8.587047e+000 1.000000e+001
      vertex   2.235691e+001 -8.392649e+000 1.000000e+001
      vertex   2.241888e+001 -8.479411e+000 5.000000e+000
    endloop
  endfacet
  facet normal -8.008565e-001 -5.988562e-001 4.656807e-004
    outer loop
      vertex   2.241888e+001 -8.479411e+000 5.000000e+000
      vertex   2.235691e+001 -8.392649e+000 1.000000e+001
      vertex   2.226903e+001 -8.279013e+000 5.000000e+000
    endloop
  endfacet
  facet normal -7.824011e-001 -6.227748e-001 4.022959e-004
    outer loop
      vertex   2.235691e+001 -8.392649e+000 0.000000e+000
      vertex   2.226903e+001 -8.279013e+000 5.000000e+000
      vertex   2.220974e+001 -8.207757e+000 0.000000e+000
    endloop
  endfacet
  facet normal -8.008565e-001 -5.988562e-001 -4.656807e-004
    outer loop
      vertex   2.235691e+001 -8.392649e+000 0.000000e+000
      vertex   2.241888e+001 -8.479411e+000 5.000000e+000
      vertex   2.226903e+001 -8.279013e+000 5.000000e+000
    endloop
  endfacet
  facet normal -7.824011e-001 -6.227748e-001 -4.022959e-004
    outer loop
      vertex   2.235691e+001 -8.392649e+000 1.000000e+001
      vertex   2.220974e+001 -8.207757e+000 1.000000e+001
      vertex   2.226903e+001 -8.279013e+000 5.000000e+000
    endloop
  endfacet
  facet normal -7.532874e-001 -6.576913e-001 4.405306e-004
    outer loop
      vertex   2.226903e+001 -8.279013e+000 5.000000e+000
      vertex   2.220974e+001 -8.207757e+000 1.000000e+001
      vertex   2.210341e+001 -8.089314e+000 5.000000e+000
    endloop
  endfacet
  facet normal -7.362827e-001 -6.766740e-001 3.707837e-004
    outer loop
      vertex   2.220974e+001 -8.207757e+000 0.000000e+000
      vertex   2.210341e+001 -8.089314e+000 5.000000e+000
      vertex   2.204856e+001 -8.032372e+000 0.000000e+000
    endloop
  endfacet
  facet normal -7.532874e-001 -6.576913e-001 -4.405306e-004
    outer loop
      vertex   2.220974e+001 -8.207757e+000 0.000000e+000
      vertex   2.226903e+001 -8.279013e+000 5.000000e+000
      vertex   2.210341e+001 -8.089314e+000 5.000000e+000
    endloop
  endfacet
  facet normal -7.362827e-001 -6.766740e-001 -3.707837e-004
    outer loop
      vertex   2.220974e+001 -8.207757e+000 1.000000e+001
      vertex   2.204856e+001 -8.032372e+000 1.000000e+001
      vertex   2.210341e+001 -8.089314e+000 5.000000e+000
    endloop
  endfacet
  facet normal -7.023847e-001 -7.117974e-001 4.010817e-004
    outer loop
      vertex   2.210341e+001 -8.089314e+000 5.000000e+000
      vertex   2.204856e+001 -8.032372e+000 1.000000e+001
      vertex   2.192201e+001 -7.910314e+000 5.000000e+000
    endloop
  endfacet
  facet normal -6.875204e-001 -7.261650e-001 3.258626e-004
    outer loop
      vertex   2.204856e+001 -8.032372e+000 0.000000e+000
      vertex   2.192201e+001 -7.910314e+000 5.000000e+000
      vertex   2.187335e+001 -7.866494e+000 0.000000e+000
    endloop
  endfacet
  facet normal -7.023847e-001 -7.117974e-001 -4.010817e-004
    outer loop
      vertex   2.204856e+001 -8.032372e+000 0.000000e+000
      vertex   2.210341e+001 -8.089314e+000 5.000000e+000
      vertex   2.192201e+001 -7.910314e+000 5.000000e+000
    endloop
  endfacet
  facet normal -6.875204e-001 -7.261650e-001 -3.258626e-004
    outer loop
      vertex   2.204856e+001 -8.032372e+000 1.000000e+001
      vertex   2.187335e+001 -7.866494e+000 1.000000e+001
      vertex   2.192201e+001 -7.910314e+000 5.000000e+000
    endloop
  endfacet
  facet normal -6.492248e-001 -7.605965e-001 3.485479e-004
    outer loop
      vertex   2.192201e+001 -7.910314e+000 5.000000e+000
      vertex   2.187335e+001 -7.866494e+000 1.000000e+001
      vertex   2.172484e+001 -7.742013e+000 5.000000e+000
    endloop
  endfacet
  facet normal -6.370290e-001 -7.708398e-001 2.687294e-004
    outer loop
      vertex   2.187335e+001 -7.866494e+000 0.000000e+000
      vertex   2.172484e+001 -7.742013e+000 5.000000e+000
      vertex   2.168414e+001 -7.710122e+000 0.000000e+000
    endloop
  endfacet
  facet normal -6.492248e-001 -7.605965e-001 -3.485479e-004
    outer loop
      vertex   2.187335e+001 -7.866494e+000 0.000000e+000
      vertex   2.192201e+001 -7.910314e+000 5.000000e+000
      vertex   2.172484e+001 -7.742013e+000 5.000000e+000
    endloop
  endfacet
  facet normal -6.370290e-001 -7.708398e-001 -2.687294e-004
    outer loop
      vertex   2.187335e+001 -7.866494e+000 1.000000e+001
      vertex   2.168414e+001 -7.710122e+000 1.000000e+001
      vertex   2.172484e+001 -7.742013e+000 5.000000e+000
    endloop
  endfacet
  facet normal -5.948970e-001 -8.038019e-001 2.844668e-004
    outer loop
      vertex   2.172484e+001 -7.742013e+000 5.000000e+000
      vertex   2.168414e+001 -7.710122e+000 1.000000e+001
      vertex   2.151189e+001 -7.584411e+000 5.000000e+000
    endloop
  endfacet
  facet normal -5.857124e-001 -8.105190e-001 2.008173e-004
    outer loop
      vertex   2.168414e+001 -7.710122e+000 0.000000e+000
      vertex   2.151189e+001 -7.584411e+000 5.000000e+000
      vertex   2.148090e+001 -7.563256e+000 0.000000e+000
    endloop
  endfacet
  facet normal -5.948970e-001 -8.038019e-001 -2.844668e-004
    outer loop
      vertex   2.168414e+001 -7.710122e+000 0.000000e+000
      vertex   2.172484e+001 -7.742013e+000 5.000000e+000
      vertex   2.151189e+001 -7.584411e+000 5.000000e+000
    endloop
  endfacet
  facet normal -5.857124e-001 -8.105190e-001 -2.008173e-004
    outer loop
      vertex   2.168414e+001 -7.710122e+000 1.000000e+001
      vertex   2.148090e+001 -7.563256e+000 1.000000e+001
      vertex   2.151189e+001 -7.584411e+000 5.000000e+000
    endloop
  endfacet
  facet normal -5.404173e-001 -8.413971e-001 2.105470e-004
    outer loop
      vertex   2.151189e+001 -7.584411e+000 5.000000e+000
      vertex   2.148090e+001 -7.563256e+000 1.000000e+001
      vertex   2.128317e+001 -7.437507e+000 5.000000e+000
    endloop
  endfacet
  facet normal -5.344033e-001 -8.452296e-001 1.236744e-004
    outer loop
      vertex   2.148090e+001 -7.563256e+000 0.000000e+000
      vertex   2.128317e+001 -7.437507e+000 5.000000e+000
      vertex   2.126365e+001 -7.425898e+000 0.000000e+000
    endloop
  endfacet
  facet normal -5.404173e-001 -8.413971e-001 -2.105470e-004
    outer loop
      vertex   2.148090e+001 -7.563256e+000 0.000000e+000
      vertex   2.151189e+001 -7.584411e+000 5.000000e+000
      vertex   2.128317e+001 -7.437507e+000 5.000000e+000
    endloop
  endfacet
  facet normal -5.344033e-001 -8.452296e-001 -1.236744e-004
    outer loop
      vertex   2.148090e+001 -7.563256e+000 1.000000e+001
      vertex   2.126365e+001 -7.425898e+000 1.000000e+001
      vertex   2.128317e+001 -7.437507e+000 5.000000e+000
    endloop
  endfacet
  facet normal -4.870117e-001 -8.733954e-001 1.267296e-004
    outer loop
      vertex   2.128317e+001 -7.437507e+000 5.000000e+000
      vertex   2.126365e+001 -7.425898e+000 1.000000e+001
      vertex   2.103787e+001 -7.300725e+000 5.000000e+000
    endloop
  endfacet
  facet normal -4.842185e-001 -8.749471e-001 3.824460e-005
    outer loop
      vertex   2.126365e+001 -7.425898e+000 0.000000e+000
      vertex   2.103787e+001 -7.300725e+000 5.000000e+000
      vertex   2.103153e+001 -7.297436e+000 0.000000e+000
    endloop
  endfacet
  facet normal -4.870117e-001 -8.733954e-001 -1.267296e-004
    outer loop
      vertex   2.126365e+001 -7.425898e+000 0.000000e+000
      vertex   2.128317e+001 -7.437507e+000 5.000000e+000
      vertex   2.103787e+001 -7.300725e+000 5.000000e+000
    endloop
  endfacet
  facet normal -4.842185e-001 -8.749471e-001 -3.824460e-005
    outer loop
      vertex   2.126365e+001 -7.425898e+000 1.000000e+001
      vertex   2.103153e+001 -7.297436e+000 1.000000e+001
      vertex   2.103787e+001 -7.300725e+000 5.000000e+000
    endloop
  endfacet
  facet normal -4.389581e-001 -8.985076e-001 3.460885e-005
    outer loop
      vertex   2.103787e+001 -7.300725e+000 5.000000e+000
      vertex   2.103153e+001 -7.297436e+000 1.000000e+001
      vertex   2.080594e+001 -7.187421e+000 5.000000e+000
    endloop
  endfacet
  facet normal -4.362952e-001 -8.998036e-001 1.140476e-004
    outer loop
      vertex   2.103153e+001 -7.297436e+000 0.000000e+000
      vertex   2.080594e+001 -7.187421e+000 5.000000e+000
      vertex   2.078369e+001 -7.177263e+000 0.000000e+000
    endloop
  endfacet
  facet normal -4.389581e-001 -8.985076e-001 -3.460885e-005
    outer loop
      vertex   2.103153e+001 -7.297436e+000 0.000000e+000
      vertex   2.103787e+001 -7.300725e+000 5.000000e+000
      vertex   2.080594e+001 -7.187421e+000 5.000000e+000
    endloop
  endfacet
  facet normal -4.362952e-001 -8.998036e-001 -1.140476e-004
    outer loop
      vertex   2.103153e+001 -7.297436e+000 1.000000e+001
      vertex   2.078369e+001 -7.177263e+000 1.000000e+001
      vertex   2.080594e+001 -7.187421e+000 5.000000e+000
    endloop
  endfacet
  facet normal -3.959866e-001 -9.182563e-001 1.028696e-004
    outer loop
      vertex   2.080594e+001 -7.187421e+000 5.000000e+000
      vertex   2.078369e+001 -7.177263e+000 1.000000e+001
      vertex   2.056015e+001 -7.081427e+000 5.000000e+000
    endloop
  endfacet
  facet normal -3.907575e-001 -9.204936e-001 1.737867e-004
    outer loop
      vertex   2.078369e+001 -7.177263e+000 0.000000e+000
      vertex   2.056015e+001 -7.081427e+000 5.000000e+000
      vertex   2.052012e+001 -7.065377e+000 0.000000e+000
    endloop
  endfacet
  facet normal -3.959866e-001 -9.182563e-001 -1.028696e-004
    outer loop
      vertex   2.078369e+001 -7.177263e+000 0.000000e+000
      vertex   2.080594e+001 -7.187421e+000 5.000000e+000
      vertex   2.056015e+001 -7.081427e+000 5.000000e+000
    endloop
  endfacet
  facet normal -3.907575e-001 -9.204936e-001 -1.737867e-004
    outer loop
      vertex   2.078369e+001 -7.177263e+000 1.000000e+001
      vertex   2.052012e+001 -7.065377e+000 1.000000e+001
      vertex   2.056015e+001 -7.081427e+000 5.000000e+000
    endloop
  endfacet
  facet normal -3.552623e-001 -9.347666e-001 1.562205e-004
    outer loop
      vertex   2.056015e+001 -7.081427e+000 5.000000e+000
      vertex   2.052012e+001 -7.065377e+000 1.000000e+001
      vertex   2.030050e+001 -6.982743e+000 5.000000e+000
    endloop
  endfacet
  facet normal -3.477807e-001 -9.375759e-001 2.188353e-004
    outer loop
      vertex   2.052012e+001 -7.065377e+000 0.000000e+000
      vertex   2.030050e+001 -6.982743e+000 5.000000e+000
      vertex   2.024083e+001 -6.961779e+000 0.000000e+000
    endloop
  endfacet
  facet normal -3.552623e-001 -9.347666e-001 -1.562205e-004
    outer loop
      vertex   2.052012e+001 -7.065377e+000 0.000000e+000
      vertex   2.056015e+001 -7.081427e+000 5.000000e+000
      vertex   2.030050e+001 -6.982743e+000 5.000000e+000
    endloop
  endfacet
  facet normal -3.477807e-001 -9.375759e-001 -2.188353e-004
    outer loop
      vertex   2.052012e+001 -7.065377e+000 1.000000e+001
      vertex   2.024083e+001 -6.961779e+000 1.000000e+001
      vertex   2.030050e+001 -6.982743e+000 5.000000e+000
    endloop
  endfacet
  facet normal -3.168491e-001 -9.484759e-001 1.959596e-004
    outer loop
      vertex   2.030050e+001 -6.982743e+000 5.000000e+000
      vertex   2.024083e+001 -6.961779e+000 1.000000e+001
      vertex   2.002697e+001 -6.891369e+000 5.000000e+000
    endloop
  endfacet
  facet normal -3.074277e-001 -9.515714e-001 2.506060e-004
    outer loop
      vertex   2.024083e+001 -6.961779e+000 0.000000e+000
      vertex   2.002697e+001 -6.891369e+000 5.000000e+000
      vertex   1.994582e+001 -6.866469e+000 0.000000e+000
    endloop
  endfacet
  facet normal -3.168491e-001 -9.484759e-001 -1.959596e-004
    outer loop
      vertex   2.024083e+001 -6.961779e+000 0.000000e+000
      vertex   2.030050e+001 -6.982743e+000 5.000000e+000
      vertex   2.002697e+001 -6.891369e+000 5.000000e+000
    endloop
  endfacet
  facet normal -3.074277e-001 -9.515714e-001 -2.506060e-004
    outer loop
      vertex   2.024083e+001 -6.961779e+000 1.000000e+001
      vertex   1.994582e+001 -6.866469e+000 1.000000e+001
      vertex   2.002697e+001 -6.891369e+000 5.000000e+000
    endloop
  endfacet
  facet normal -2.807430e-001 -9.597830e-001 2.233742e-004
    outer loop
      vertex   2.002697e+001 -6.891369e+000 5.000000e+000
      vertex   1.994582e+001 -6.866469e+000 1.000000e+001
      vertex   1.973958e+001 -6.807305e+000 5.000000e+000
    endloop
  endfacet
  facet normal -2.696789e-001 -9.629503e-001 2.704791e-004
    outer loop
      vertex   1.994582e+001 -6.866469e+000 0.000000e+000
      vertex   1.973958e+001 -6.807305e+000 5.000000e+000
      vertex   1.963509e+001 -6.779447e+000 0.000000e+000
    endloop
  endfacet
  facet normal -2.807430e-001 -9.597830e-001 -2.233742e-004
    outer loop
      vertex   1.994582e+001 -6.866469e+000 0.000000e+000
      vertex   2.002697e+001 -6.891369e+000 5.000000e+000
      vertex   1.973958e+001 -6.807305e+000 5.000000e+000
    endloop
  endfacet
  facet normal -2.696789e-001 -9.629503e-001 -2.704791e-004
    outer loop
      vertex   1.994582e+001 -6.866469e+000 1.000000e+001
      vertex   1.963509e+001 -6.779447e+000 1.000000e+001
      vertex   1.973958e+001 -6.807305e+000 5.000000e+000
    endloop
  endfacet
  facet normal -2.468906e-001 -9.690433e-001 2.396972e-004
    outer loop
      vertex   1.973958e+001 -6.807305e+000 5.000000e+000
      vertex   1.963509e+001 -6.779447e+000 1.000000e+001
      vertex   1.943832e+001 -6.730551e+000 5.000000e+000
    endloop
  endfacet
  facet normal -2.344572e-001 -9.721264e-001 2.797569e-004
    outer loop
      vertex   1.963509e+001 -6.779447e+000 0.000000e+000
      vertex   1.943832e+001 -6.730551e+000 5.000000e+000
      vertex   1.930864e+001 -6.700713e+000 0.000000e+000
    endloop
  endfacet
  facet normal -2.468906e-001 -9.690433e-001 -2.396972e-004
    outer loop
      vertex   1.963509e+001 -6.779447e+000 0.000000e+000
      vertex   1.973958e+001 -6.807305e+000 5.000000e+000
      vertex   1.943832e+001 -6.730551e+000 5.000000e+000
    endloop
  endfacet
  facet normal -2.344572e-001 -9.721264e-001 -2.797569e-004
    outer loop
      vertex   1.963509e+001 -6.779447e+000 1.000000e+001
      vertex   1.930864e+001 -6.700713e+000 1.000000e+001
      vertex   1.943832e+001 -6.730551e+000 5.000000e+000
    endloop
  endfacet
  facet normal -2.152058e-001 -9.765687e-001 2.460809e-004
    outer loop
      vertex   1.943832e+001 -6.730551e+000 5.000000e+000
      vertex   1.930864e+001 -6.700713e+000 1.000000e+001
      vertex   1.912320e+001 -6.661107e+000 5.000000e+000
    endloop
  endfacet
  facet normal -2.016480e-001 -9.794580e-001 2.796385e-004
    outer loop
      vertex   1.930864e+001 -6.700713e+000 0.000000e+000
      vertex   1.912320e+001 -6.661107e+000 5.000000e+000
      vertex   1.896646e+001 -6.630266e+000 0.000000e+000
    endloop
  endfacet
  facet normal -2.152058e-001 -9.765687e-001 -2.460809e-004
    outer loop
      vertex   1.930864e+001 -6.700713e+000 0.000000e+000
      vertex   1.943832e+001 -6.730551e+000 5.000000e+000
      vertex   1.912320e+001 -6.661107e+000 5.000000e+000
    endloop
  endfacet
  facet normal -2.016480e-001 -9.794580e-001 -2.796385e-004
    outer loop
      vertex   1.930864e+001 -6.700713e+000 1.000000e+001
      vertex   1.896646e+001 -6.630266e+000 1.000000e+001
      vertex   1.912320e+001 -6.661107e+000 5.000000e+000
    endloop
  endfacet
  facet normal -1.855808e-001 -9.826290e-001 2.435836e-004
    outer loop
      vertex   1.912320e+001 -6.661107e+000 5.000000e+000
      vertex   1.896646e+001 -6.630266e+000 1.000000e+001
      vertex   1.879420e+001 -6.598973e+000 5.000000e+000
    endloop
  endfacet
  facet normal -1.711146e-001 -9.852511e-001 2.712091e-004
    outer loop
      vertex   1.896646e+001 -6.630266e+000 0.000000e+000
      vertex   1.879420e+001 -6.598973e+000 5.000000e+000
      vertex   1.860856e+001 -6.568107e+000 0.000000e+000
    endloop
  endfacet
  facet normal -1.855808e-001 -9.826290e-001 -2.435836e-004
    outer loop
      vertex   1.896646e+001 -6.630266e+000 0.000000e+000
      vertex   1.912320e+001 -6.661107e+000 5.000000e+000
      vertex   1.879420e+001 -6.598973e+000 5.000000e+000
    endloop
  endfacet
  facet normal -1.711146e-001 -9.852511e-001 -2.712091e-004
    outer loop
      vertex   1.896646e+001 -6.630266e+000 1.000000e+001
      vertex   1.860856e+001 -6.568107e+000 1.000000e+001
      vertex   1.879420e+001 -6.598973e+000 5.000000e+000
    endloop
  endfacet
  facet normal -1.578967e-001 -9.874556e-001 2.331645e-004
    outer loop
      vertex   1.879420e+001 -6.598973e+000 5.000000e+000
      vertex   1.860856e+001 -6.568107e+000 1.000000e+001
      vertex   1.845134e+001 -6.544148e+000 5.000000e+000
    endloop
  endfacet
  facet normal -1.427095e-001 -9.897646e-001 2.554386e-004
    outer loop
      vertex   1.860856e+001 -6.568107e+000 0.000000e+000
      vertex   1.845134e+001 -6.544148e+000 5.000000e+000
      vertex   1.823494e+001 -6.514236e+000 0.000000e+000
    endloop
  endfacet
  facet normal -1.578967e-001 -9.874556e-001 -2.331645e-004
    outer loop
      vertex   1.860856e+001 -6.568107e+000 0.000000e+000
      vertex   1.879420e+001 -6.598973e+000 5.000000e+000
      vertex   1.845134e+001 -6.544148e+000 5.000000e+000
    endloop
  endfacet
  facet normal -1.427095e-001 -9.897646e-001 -2.554386e-004
    outer loop
      vertex   1.860856e+001 -6.568107e+000 1.000000e+001
      vertex   1.823494e+001 -6.514236e+000 1.000000e+001
      vertex   1.845134e+001 -6.544148e+000 5.000000e+000
    endloop
  endfacet
  facet normal -1.320290e-001 -9.912458e-001 2.156852e-004
    outer loop
      vertex   1.845134e+001 -6.544148e+000 5.000000e+000
      vertex   1.823494e+001 -6.514236e+000 1.000000e+001
      vertex   1.809461e+001 -6.496634e+000 5.000000e+000
    endloop
  endfacet
  facet normal -1.162820e-001 -9.932162e-001 2.331866e-004
    outer loop
      vertex   1.823494e+001 -6.514236e+000 0.000000e+000
      vertex   1.809461e+001 -6.496634e+000 5.000000e+000
      vertex   1.784559e+001 -6.468653e+000 0.000000e+000
    endloop
  endfacet
  facet normal -1.320290e-001 -9.912458e-001 -2.156852e-004
    outer loop
      vertex   1.823494e+001 -6.514236e+000 0.000000e+000
      vertex   1.845134e+001 -6.544148e+000 5.000000e+000
      vertex   1.809461e+001 -6.496634e+000 5.000000e+000
    endloop
  endfacet
  facet normal -1.162820e-001 -9.932162e-001 -2.331866e-004
    outer loop
      vertex   1.823494e+001 -6.514236e+000 1.000000e+001
      vertex   1.784559e+001 -6.468653e+000 1.000000e+001
      vertex   1.809461e+001 -6.496634e+000 5.000000e+000
    endloop
  endfacet
  facet normal -1.078534e-001 -9.941668e-001 1.919146e-004
    outer loop
      vertex   1.809461e+001 -6.496634e+000 5.000000e+000
      vertex   1.784559e+001 -6.468653e+000 1.000000e+001
      vertex   1.772402e+001 -6.456429e+000 5.000000e+000
    endloop
  endfacet
  facet normal -9.168382e-002 -9.957881e-001 2.052102e-004
    outer loop
      vertex   1.784559e+001 -6.468653e+000 0.000000e+000
      vertex   1.772402e+001 -6.456429e+000 5.000000e+000
      vertex   1.744052e+001 -6.431358e+000 0.000000e+000
    endloop
  endfacet
  facet normal -1.078534e-001 -9.941668e-001 -1.919146e-004
    outer loop
      vertex   1.784559e+001 -6.468653e+000 0.000000e+000
      vertex   1.809461e+001 -6.496634e+000 5.000000e+000
      vertex   1.772402e+001 -6.456429e+000 5.000000e+000
    endloop
  endfacet
  facet normal -9.168382e-002 -9.957881e-001 -2.052102e-004
    outer loop
      vertex   1.784559e+001 -6.468653e+000 1.000000e+001
      vertex   1.744052e+001 -6.431358e+000 1.000000e+001
      vertex   1.772402e+001 -6.456429e+000 5.000000e+000
    endloop
  endfacet
  facet normal -8.524841e-002 -9.963597e-001 1.625350e-004
    outer loop
      vertex   1.772402e+001 -6.456429e+000 5.000000e+000
      vertex   1.744052e+001 -6.431358e+000 1.000000e+001
      vertex   1.733955e+001 -6.423535e+000 5.000000e+000
    endloop
  endfacet
  facet normal -6.877234e-002 -9.976324e-001 1.721735e-004
    outer loop
      vertex   1.744052e+001 -6.431358e+000 0.000000e+000
      vertex   1.733955e+001 -6.423535e+000 5.000000e+000
      vertex   1.701973e+001 -6.402351e+000 0.000000e+000
    endloop
  endfacet
  facet normal -8.524841e-002 -9.963597e-001 -1.625350e-004
    outer loop
      vertex   1.744052e+001 -6.431358e+000 0.000000e+000
      vertex   1.772402e+001 -6.456429e+000 5.000000e+000
      vertex   1.733955e+001 -6.423535e+000 5.000000e+000
    endloop
  endfacet
  facet normal -6.877234e-002 -9.976324e-001 -1.721735e-004
    outer loop
      vertex   1.744052e+001 -6.431358e+000 1.000000e+001
      vertex   1.701973e+001 -6.402351e+000 1.000000e+001
      vertex   1.733955e+001 -6.423535e+000 5.000000e+000
    endloop
  endfacet
  facet normal -6.409776e-002 -9.979436e-001 1.281507e-004
    outer loop
      vertex   1.733955e+001 -6.423535e+000 5.000000e+000
      vertex   1.701973e+001 -6.402351e+000 1.000000e+001
      vertex   1.694122e+001 -6.397950e+000 5.000000e+000
    endloop
  endfacet
  facet normal -4.741276e-002 -9.988754e-001 1.346575e-004
    outer loop
      vertex   1.701973e+001 -6.402351e+000 0.000000e+000
      vertex   1.694122e+001 -6.397950e+000 5.000000e+000
      vertex   1.658322e+001 -6.381631e+000 0.000000e+000
    endloop
  endfacet
  facet normal -6.409776e-002 -9.979436e-001 -1.281507e-004
    outer loop
      vertex   1.701973e+001 -6.402351e+000 0.000000e+000
      vertex   1.733955e+001 -6.423535e+000 5.000000e+000
      vertex   1.694122e+001 -6.397950e+000 5.000000e+000
    endloop
  endfacet
  facet normal -4.741276e-002 -9.988754e-001 -1.346575e-004
    outer loop
      vertex   1.701973e+001 -6.402351e+000 1.000000e+001
      vertex   1.658322e+001 -6.381631e+000 1.000000e+001
      vertex   1.694122e+001 -6.397950e+000 5.000000e+000
    endloop
  endfacet
  facet normal -4.429148e-002 -9.990186e-001 8.929531e-005
    outer loop
      vertex   1.694122e+001 -6.397950e+000 5.000000e+000
      vertex   1.658322e+001 -6.381631e+000 1.000000e+001
      vertex   1.652902e+001 -6.379675e+000 5.000000e+000
    endloop
  endfacet
  facet normal -2.747918e-002 -9.996224e-001 9.317026e-005
    outer loop
      vertex   1.658322e+001 -6.381631e+000 0.000000e+000
      vertex   1.652902e+001 -6.379675e+000 5.000000e+000
      vertex   1.613098e+001 -6.369199e+000 0.000000e+000
    endloop
  endfacet
  facet normal -4.429148e-002 -9.990186e-001 -8.929531e-005
    outer loop
      vertex   1.658322e+001 -6.381631e+000 0.000000e+000
      vertex   1.694122e+001 -6.397950e+000 5.000000e+000
      vertex   1.652902e+001 -6.379675e+000 5.000000e+000
    endloop
  endfacet
  facet normal -2.747918e-002 -9.996224e-001 -9.317026e-005
    outer loop
      vertex   1.658322e+001 -6.381631e+000 1.000000e+001
      vertex   1.613098e+001 -6.369199e+000 1.000000e+001
      vertex   1.652902e+001 -6.379675e+000 5.000000e+000
    endloop
  endfacet
  facet normal -2.572668e-002 -9.996690e-001 4.643994e-005
    outer loop
      vertex   1.652902e+001 -6.379675e+000 5.000000e+000
      vertex   1.613098e+001 -6.369199e+000 1.000000e+001
      vertex   1.610296e+001 -6.368710e+000 5.000000e+000
    endloop
  endfacet
  facet normal -8.854973e-003 -9.999608e-001 4.815521e-005
    outer loop
      vertex   1.613098e+001 -6.369199e+000 0.000000e+000
      vertex   1.610296e+001 -6.368710e+000 5.000000e+000
      vertex   1.566303e+001 -6.365055e+000 0.000000e+000
    endloop
  endfacet
  facet normal -2.572668e-002 -9.996690e-001 -4.643994e-005
    outer loop
      vertex   1.613098e+001 -6.369199e+000 0.000000e+000
      vertex   1.652902e+001 -6.379675e+000 5.000000e+000
      vertex   1.610296e+001 -6.368710e+000 5.000000e+000
    endloop
  endfacet
  facet normal -8.854973e-003 -9.999608e-001 -4.815521e-005
    outer loop
      vertex   1.613098e+001 -6.369199e+000 1.000000e+001
      vertex   1.566303e+001 -6.365055e+000 1.000000e+001
      vertex   1.610296e+001 -6.368710e+000 5.000000e+000
    endloop
  endfacet
  facet normal -8.307709e-003 -9.999655e-001 -0.000000e+000
    outer loop
      vertex   1.610296e+001 -6.368710e+000 5.000000e+000
      vertex   1.566303e+001 -6.365055e+000 1.000000e+001
      vertex   1.566303e+001 -6.365055e+000 0.000000e+000
    endloop
  endfacet
  facet normal 1.241942e-002 -9.999229e-001 0.000000e+000
    outer loop
      vertex   1.566303e+001 -6.365055e+000 1.000000e+001
      vertex   1.489762e+001 -6.374562e+000 1.000000e+001
      vertex   1.566303e+001 -6.365055e+000 0.000000e+000
    endloop
  endfacet
  facet normal 1.833679e-002 -9.998318e-001 4.530052e-004
    outer loop
      vertex   1.566303e+001 -6.365055e+000 0.000000e+000
      vertex   1.489762e+001 -6.374562e+000 1.000000e+001
      vertex   1.467990e+001 -6.380820e+000 5.000000e+000
    endloop
  endfacet
  facet normal 3.791047e-002 -9.992811e-001 4.000091e-004
    outer loop
      vertex   1.489762e+001 -6.374562e+000 0.000000e+000
      vertex   1.467990e+001 -6.380820e+000 5.000000e+000
      vertex   1.414587e+001 -6.403082e+000 0.000000e+000
    endloop
  endfacet
  facet normal 1.241942e-002 -9.999226e-001 -7.107876e-004
    outer loop
      vertex   1.489762e+001 -6.374562e+000 0.000000e+000
      vertex   1.566303e+001 -6.365055e+000 0.000000e+000
      vertex   1.467990e+001 -6.380820e+000 5.000000e+000
    endloop
  endfacet
  facet normal 3.791047e-002 -9.992811e-001 -4.000091e-004
    outer loop
      vertex   1.489762e+001 -6.374562e+000 1.000000e+001
      vertex   1.414587e+001 -6.403082e+000 1.000000e+001
      vertex   1.467990e+001 -6.380820e+000 5.000000e+000
    endloop
  endfacet
  facet normal 4.918096e-002 -9.987896e-001 8.059415e-004
    outer loop
      vertex   1.467990e+001 -6.380820e+000 5.000000e+000
      vertex   1.414587e+001 -6.403082e+000 1.000000e+001
      vertex   1.371941e+001 -6.428116e+000 5.000000e+000
    endloop
  endfacet
  facet normal 6.426581e-002 -9.979327e-001 4.849601e-004
    outer loop
      vertex   1.414587e+001 -6.403082e+000 0.000000e+000
      vertex   1.371941e+001 -6.428116e+000 5.000000e+000
      vertex   1.340776e+001 -6.450615e+000 0.000000e+000
    endloop
  endfacet
  facet normal 4.918096e-002 -9.987896e-001 -8.059415e-004
    outer loop
      vertex   1.414587e+001 -6.403082e+000 0.000000e+000
      vertex   1.467990e+001 -6.380820e+000 5.000000e+000
      vertex   1.371941e+001 -6.428116e+000 5.000000e+000
    endloop
  endfacet
  facet normal 6.426581e-002 -9.979327e-001 -4.849601e-004
    outer loop
      vertex   1.414587e+001 -6.403082e+000 1.000000e+001
      vertex   1.340776e+001 -6.450615e+000 1.000000e+001
      vertex   1.371941e+001 -6.428116e+000 5.000000e+000
    endloop
  endfacet
  facet normal 8.375314e-002 -9.964863e-001 7.361802e-004
    outer loop
      vertex   1.371941e+001 -6.428116e+000 5.000000e+000
      vertex   1.340776e+001 -6.450615e+000 1.000000e+001
      vertex   1.278155e+001 -6.506941e+000 5.000000e+000
    endloop
  endfacet
  facet normal 9.147223e-002 -9.958076e-001 2.382153e-004
    outer loop
      vertex   1.340776e+001 -6.450615e+000 0.000000e+000
      vertex   1.278155e+001 -6.506941e+000 5.000000e+000
      vertex   1.268331e+001 -6.517161e+000 0.000000e+000
    endloop
  endfacet
  facet normal 8.375314e-002 -9.964863e-001 -7.361802e-004
    outer loop
      vertex   1.340776e+001 -6.450615e+000 0.000000e+000
      vertex   1.371941e+001 -6.428116e+000 5.000000e+000
      vertex   1.278155e+001 -6.506941e+000 5.000000e+000
    endloop
  endfacet
  facet normal 9.147223e-002 -9.958076e-001 -2.382153e-004
    outer loop
      vertex   1.340776e+001 -6.450615e+000 1.000000e+001
      vertex   1.268331e+001 -6.517161e+000 1.000000e+001
      vertex   1.278155e+001 -6.506941e+000 5.000000e+000
    endloop
  endfacet
  facet normal 1.195077e-001 -9.928332e-001 3.187420e-004
    outer loop
      vertex   1.278155e+001 -6.506941e+000 5.000000e+000
      vertex   1.268331e+001 -6.517161e+000 1.000000e+001
      vertex   1.197250e+001 -6.602721e+000 1.000000e+001
    endloop
  endfacet
  facet normal 1.483404e-001 -9.889363e-001 -2.670562e-004
    outer loop
      vertex   1.186634e+001 -6.617296e+000 5.000000e+000
      vertex   1.197250e+001 -6.602721e+000 1.000000e+001
      vertex   1.127535e+001 -6.707294e+000 1.000000e+001
    endloop
  endfacet
  facet normal 1.779280e-001 -9.840434e-001 -5.205470e-004
    outer loop
      vertex   1.097376e+001 -6.759181e+000 5.000000e+000
      vertex   1.127535e+001 -6.707294e+000 1.000000e+001
      vertex   1.059185e+001 -6.830880e+000 1.000000e+001
    endloop
  endfacet
  facet normal 2.082163e-001 -9.780827e-001 -4.259387e-004
    outer loop
      vertex   1.010381e+001 -6.932597e+000 5.000000e+000
      vertex   1.059185e+001 -6.830880e+000 1.000000e+001
      vertex   9.921997e+000 -6.973480e+000 1.000000e+001
    endloop
  endfacet
  facet normal 2.394839e-001 -9.709003e-001 3.222349e-005
    outer loop
      vertex   9.255505e+000 -7.138044e+000 5.000000e+000
      vertex   9.921997e+000 -6.973480e+000 1.000000e+001
      vertex   9.264821e+000 -7.135580e+000 1.000000e+001
    endloop
  endfacet
  facet normal 2.715033e-001 -9.624375e-001 -3.160433e-005
    outer loop
      vertex   8.619345e+000 -7.317668e+000 1.000000e+001
      vertex   9.255505e+000 -7.138044e+000 5.000000e+000
      vertex   9.264821e+000 -7.135580e+000 1.000000e+001
    endloop
  endfacet
  facet normal 2.765944e-001 -9.609865e-001 6.682743e-004
    outer loop
      vertex   8.619345e+000 -7.317668e+000 1.000000e+001
      vertex   8.426672e+000 -7.376601e+000 5.000000e+000
      vertex   9.255505e+000 -7.138044e+000 5.000000e+000
    endloop
  endfacet
  facet normal 3.037783e-001 -9.527426e-001 -4.764139e-004
    outer loop
      vertex   8.619345e+000 -7.317668e+000 1.000000e+001
      vertex   7.985569e+000 -7.519745e+000 1.000000e+001
      vertex   8.426672e+000 -7.376601e+000 5.000000e+000
    endloop
  endfacet
  facet normal 3.204403e-001 -9.472680e-001 1.150249e-003
    outer loop
      vertex   8.426672e+000 -7.376601e+000 5.000000e+000
      vertex   7.985569e+000 -7.519745e+000 1.000000e+001
      vertex   7.532441e+000 -7.679100e+000 5.000000e+000
    endloop
  endfacet
  facet normal 3.361961e-001 -9.417919e-001 4.521573e-004
    outer loop
      vertex   7.985569e+000 -7.519745e+000 0.000000e+000
      vertex   7.532441e+000 -7.679100e+000 5.000000e+000
      vertex   7.363495e+000 -7.741810e+000 0.000000e+000
    endloop
  endfacet
  facet normal 3.204403e-001 -9.472680e-001 -1.150249e-003
    outer loop
      vertex   7.985569e+000 -7.519745e+000 0.000000e+000
      vertex   8.426672e+000 -7.376601e+000 5.000000e+000
      vertex   7.532441e+000 -7.679100e+000 5.000000e+000
    endloop
  endfacet
  facet normal 3.037783e-001 -9.527426e-001 4.764139e-004
    outer loop
      vertex   7.985569e+000 -7.519745e+000 0.000000e+000
      vertex   8.619345e+000 -7.317668e+000 0.000000e+000
      vertex   8.426672e+000 -7.376601e+000 5.000000e+000
    endloop
  endfacet
  facet normal 2.765944e-001 -9.609865e-001 -6.682743e-004
    outer loop
      vertex   8.426672e+000 -7.376601e+000 5.000000e+000
      vertex   8.619345e+000 -7.317668e+000 0.000000e+000
      vertex   9.255505e+000 -7.138044e+000 5.000000e+000
    endloop
  endfacet
  facet normal 2.715033e-001 -9.624375e-001 3.160433e-005
    outer loop
      vertex   9.255505e+000 -7.138044e+000 5.000000e+000
      vertex   8.619345e+000 -7.317668e+000 0.000000e+000
      vertex   9.264821e+000 -7.135580e+000 0.000000e+000
    endloop
  endfacet
  facet normal 2.394839e-001 -9.709003e-001 -3.222349e-005
    outer loop
      vertex   9.921997e+000 -6.973480e+000 0.000000e+000
      vertex   9.255505e+000 -7.138044e+000 5.000000e+000
      vertex   9.264821e+000 -7.135580e+000 0.000000e+000
    endloop
  endfacet
  facet normal 2.353796e-001 -9.719033e-001 -6.123377e-004
    outer loop
      vertex   9.921997e+000 -6.973480e+000 0.000000e+000
      vertex   1.010381e+001 -6.932597e+000 5.000000e+000
      vertex   9.255505e+000 -7.138044e+000 5.000000e+000
    endloop
  endfacet
  facet normal 2.082163e-001 -9.780827e-001 4.259387e-004
    outer loop
      vertex   9.921997e+000 -6.973480e+000 0.000000e+000
      vertex   1.059185e+001 -6.830880e+000 0.000000e+000
      vertex   1.010381e+001 -6.932597e+000 5.000000e+000
    endloop
  endfacet
  facet normal 1.954947e-001 -9.807044e-001 -8.691106e-004
    outer loop
      vertex   1.010381e+001 -6.932597e+000 5.000000e+000
      vertex   1.059185e+001 -6.830880e+000 0.000000e+000
      vertex   1.097376e+001 -6.759181e+000 5.000000e+000
    endloop
  endfacet
  facet normal 1.954947e-001 -9.807044e-001 8.691106e-004
    outer loop
      vertex   1.059185e+001 -6.830880e+000 1.000000e+001
      vertex   1.010381e+001 -6.932597e+000 5.000000e+000
      vertex   1.097376e+001 -6.759181e+000 5.000000e+000
    endloop
  endfacet
  facet normal 1.197111e-001 -9.928087e-001 3.521295e-004
    outer loop
      vertex   1.278155e+001 -6.506941e+000 5.000000e+000
      vertex   1.197250e+001 -6.602721e+000 1.000000e+001
      vertex   1.186634e+001 -6.617296e+000 5.000000e+000
    endloop
  endfacet
  facet normal 1.483404e-001 -9.889363e-001 2.670562e-004
    outer loop
      vertex   1.197250e+001 -6.602721e+000 0.000000e+000
      vertex   1.186634e+001 -6.617296e+000 5.000000e+000
      vertex   1.127535e+001 -6.707294e+000 0.000000e+000
    endloop
  endfacet
  facet normal 1.197111e-001 -9.928087e-001 -3.521295e-004
    outer loop
      vertex   1.197250e+001 -6.602721e+000 0.000000e+000
      vertex   1.278155e+001 -6.506941e+000 5.000000e+000
      vertex   1.186634e+001 -6.617296e+000 5.000000e+000
    endloop
  endfacet
  facet normal 1.195077e-001 -9.928332e-001 -3.187420e-004
    outer loop
      vertex   1.197250e+001 -6.602721e+000 0.000000e+000
      vertex   1.268331e+001 -6.517161e+000 0.000000e+000
      vertex   1.278155e+001 -6.506941e+000 5.000000e+000
    endloop
  endfacet
  facet normal 1.569898e-001 -9.875999e-001 7.793264e-004
    outer loop
      vertex   1.186634e+001 -6.617296e+000 5.000000e+000
      vertex   1.127535e+001 -6.707294e+000 1.000000e+001
      vertex   1.097376e+001 -6.759181e+000 5.000000e+000
    endloop
  endfacet
  facet normal 1.779280e-001 -9.840434e-001 5.205470e-004
    outer loop
      vertex   1.127535e+001 -6.707294e+000 0.000000e+000
      vertex   1.097376e+001 -6.759181e+000 5.000000e+000
      vertex   1.059185e+001 -6.830880e+000 0.000000e+000
    endloop
  endfacet
  facet normal 1.569898e-001 -9.875999e-001 -7.793264e-004
    outer loop
      vertex   1.127535e+001 -6.707294e+000 0.000000e+000
      vertex   1.186634e+001 -6.617296e+000 5.000000e+000
      vertex   1.097376e+001 -6.759181e+000 5.000000e+000
    endloop
  endfacet
  facet normal 2.353796e-001 -9.719033e-001 6.123377e-004
    outer loop
      vertex   1.010381e+001 -6.932597e+000 5.000000e+000
      vertex   9.921997e+000 -6.973480e+000 1.000000e+001
      vertex   9.255505e+000 -7.138044e+000 5.000000e+000
    endloop
  endfacet
  facet normal 3.361961e-001 -9.417919e-001 -4.521573e-004
    outer loop
      vertex   7.985569e+000 -7.519745e+000 1.000000e+001
      vertex   7.363495e+000 -7.741810e+000 1.000000e+001
      vertex   7.532441e+000 -7.679100e+000 5.000000e+000
    endloop
  endfacet
  facet normal 3.666526e-001 -9.303576e-001 7.203524e-004
    outer loop
      vertex   7.532441e+000 -7.679100e+000 5.000000e+000
      vertex   7.363495e+000 -7.741810e+000 1.000000e+001
      vertex   6.661952e+000 -8.022159e+000 5.000000e+000
    endloop
  endfacet
  facet normal 3.686368e-001 -9.295734e-001 -3.979901e-004
    outer loop
      vertex   7.363495e+000 -7.741810e+000 0.000000e+000
      vertex   6.661952e+000 -8.022159e+000 5.000000e+000
      vertex   6.753120e+000 -7.983864e+000 0.000000e+000
    endloop
  endfacet
  facet normal 3.666526e-001 -9.303576e-001 -7.203524e-004
    outer loop
      vertex   7.363495e+000 -7.741810e+000 0.000000e+000
      vertex   7.532441e+000 -7.679100e+000 5.000000e+000
      vertex   6.661952e+000 -8.022159e+000 5.000000e+000
    endloop
  endfacet
  facet normal 3.686368e-001 -9.295734e-001 3.979901e-004
    outer loop
      vertex   7.363495e+000 -7.741810e+000 1.000000e+001
      vertex   6.753120e+000 -7.983864e+000 1.000000e+001
      vertex   6.661952e+000 -8.022159e+000 5.000000e+000
    endloop
  endfacet
  facet normal 4.009753e-001 -9.160888e-001 -2.949420e-004
    outer loop
      vertex   6.661952e+000 -8.022159e+000 5.000000e+000
      vertex   6.753120e+000 -7.983864e+000 1.000000e+001
      vertex   6.154446e+000 -8.245906e+000 1.000000e+001
    endloop
  endfacet
  facet normal 4.330839e-001 -9.013535e-001 -5.639314e-004
    outer loop
      vertex   5.815205e+000 -8.405777e+000 5.000000e+000
      vertex   6.154446e+000 -8.245906e+000 1.000000e+001
      vertex   5.567473e+000 -8.527936e+000 1.000000e+001
    endloop
  endfacet
  facet normal 4.648334e-001 -8.853970e-001 1.398989e-003
    outer loop
      vertex   4.992200e+000 -8.829954e+000 1.000000e+001
      vertex   5.815205e+000 -8.405777e+000 5.000000e+000
      vertex   5.567473e+000 -8.527936e+000 1.000000e+001
    endloop
  endfacet
  facet normal 4.544978e-001 -8.907475e-001 -7.561746e-004
    outer loop
      vertex   4.992200e+000 -8.829954e+000 1.000000e+001
      vertex   5.567473e+000 -8.527936e+000 0.000000e+000
      vertex   5.815205e+000 -8.405777e+000 5.000000e+000
    endloop
  endfacet
  facet normal 4.648339e-001 -8.853979e-001 0.000000e+000
    outer loop
      vertex   4.992200e+000 -8.829954e+000 1.000000e+001
      vertex   4.992200e+000 -8.829954e+000 0.000000e+000
      vertex   5.567473e+000 -8.527936e+000 0.000000e+000
    endloop
  endfacet
  facet normal 4.126727e-001 -9.108787e-001 1.125497e-003
    outer loop
      vertex   6.661952e+000 -8.022159e+000 5.000000e+000
      vertex   6.154446e+000 -8.245906e+000 1.000000e+001
      vertex   5.815205e+000 -8.405777e+000 5.000000e+000
    endloop
  endfacet
  facet normal 4.330839e-001 -9.013535e-001 5.639314e-004
    outer loop
      vertex   6.154446e+000 -8.245906e+000 0.000000e+000
      vertex   5.815205e+000 -8.405777e+000 5.000000e+000
      vertex   5.567473e+000 -8.527936e+000 0.000000e+000
    endloop
  endfacet
  facet normal 4.126727e-001 -9.108787e-001 -1.125497e-003
    outer loop
      vertex   6.154446e+000 -8.245906e+000 0.000000e+000
      vertex   6.661952e+000 -8.022159e+000 5.000000e+000
      vertex   5.815205e+000 -8.405777e+000 5.000000e+000
    endloop
  endfacet
  facet normal 4.009753e-001 -9.160888e-001 2.949420e-004
    outer loop
      vertex   6.154446e+000 -8.245906e+000 0.000000e+000
      vertex   6.753120e+000 -7.983864e+000 0.000000e+000
      vertex   6.661952e+000 -8.022159e+000 5.000000e+000
    endloop
  endfacet
  facet normal -1.000000e+000 -0.000000e+000 -0.000000e+000
    outer loop
      vertex   4.992200e+000 -1.528862e+000 1.000000e+001
      vertex   4.992200e+000 -1.528862e+000 0.000000e+000
      vertex   4.992200e+000 -8.829954e+000 1.000000e+001
    endloop
  endfacet
  facet normal -1.000000e+000 -0.000000e+000 -0.000000e+000
    outer loop
      vertex   4.992200e+000 -8.829954e+000 1.000000e+001
      vertex   4.992200e+000 -1.528862e+000 0.000000e+000
      vertex   4.992200e+000 -8.829954e+000 0.000000e+000
    endloop
  endfacet
  facet normal -2.269257e-001 9.739121e-001 0.000000e+000
    outer loop
      vertex   4.992200e+000 -1.528862e+000 0.000000e+000
      vertex   4.992200e+000 -1.528862e+000 1.000000e+001
      vertex   5.984523e+000 -1.297646e+000 5.000000e+000
    endloop
  endfacet
  facet normal -2.094369e-001 9.778221e-001 4.505220e-004
    outer loop
      vertex   6.537637e+000 -1.176873e+000 0.000000e+000
      vertex   5.984523e+000 -1.297646e+000 5.000000e+000
      vertex   6.977651e+000 -1.084931e+000 5.000000e+000
    endloop
  endfacet
  facet normal -1.917738e-001 9.814391e-001 -2.327291e-004
    outer loop
      vertex   8.085023e+000 -8.697356e-001 0.000000e+000
      vertex   6.977651e+000 -1.084931e+000 5.000000e+000
      vertex   7.971583e+000 -8.907163e-001 5.000000e+000
    endloop
  endfacet
  facet normal -1.739512e-001 9.847542e-001 -1.855412e-004
    outer loop
      vertex   8.966319e+000 -7.150018e-001 5.000000e+000
      vertex   7.971583e+000 -8.907163e-001 5.000000e+000
      vertex   8.085023e+000 -8.697356e-001 1.000000e+001
    endloop
  endfacet
  facet normal -1.669139e-001 9.859709e-001 1.092507e-003
    outer loop
      vertex   9.634360e+000 -6.074501e-001 1.000000e+001
      vertex   8.966319e+000 -7.150018e-001 5.000000e+000
      vertex   8.085023e+000 -8.697356e-001 1.000000e+001
    endloop
  endfacet
  facet normal -1.559853e-001 9.877593e-001 -4.061051e-004
    outer loop
      vertex   9.634360e+000 -6.074501e-001 1.000000e+001
      vertex   9.961860e+000 -5.577876e-001 5.000000e+000
      vertex   8.966319e+000 -7.150018e-001 5.000000e+000
    endloop
  endfacet
  facet normal -1.388065e-001 9.903192e-001 7.445326e-004
    outer loop
      vertex   9.634360e+000 -6.074501e-001 1.000000e+001
      vertex   1.118565e+001 -3.900164e-001 1.000000e+001
      vertex   9.961860e+000 -5.577876e-001 5.000000e+000
    endloop
  endfacet
  facet normal -1.378927e-001 9.904470e-001 5.165763e-004
    outer loop
      vertex   9.961860e+000 -5.577876e-001 5.000000e+000
      vertex   1.118565e+001 -3.900164e-001 1.000000e+001
      vertex   1.095821e+001 -4.190737e-001 5.000000e+000
    endloop
  endfacet
  facet normal -1.192202e-001 9.928678e-001 3.468758e-004
    outer loop
      vertex   1.118565e+001 -3.900164e-001 0.000000e+000
      vertex   1.095821e+001 -4.190737e-001 5.000000e+000
      vertex   1.195535e+001 -2.993394e-001 5.000000e+000
    endloop
  endfacet
  facet normal -9.937709e-002 9.950498e-001 3.388256e-004
    outer loop
      vertex   1.273888e+001 -2.193846e-001 0.000000e+000
      vertex   1.195535e+001 -2.993394e-001 5.000000e+000
      vertex   1.295331e+001 -1.996723e-001 5.000000e+000
    endloop
  endfacet
  facet normal -7.826408e-002 9.969325e-001 5.740232e-004
    outer loop
      vertex   1.406606e+001 -1.123160e-001 5.000000e+000
      vertex   1.295331e+001 -1.996723e-001 5.000000e+000
      vertex   1.273888e+001 -2.193846e-001 1.000000e+001
    endloop
  endfacet
  facet normal -7.813033e-002 9.969430e-001 6.097514e-004
    outer loop
      vertex   1.429407e+001 -9.750468e-002 1.000000e+001
      vertex   1.406606e+001 -1.123160e-001 5.000000e+000
      vertex   1.273888e+001 -2.193846e-001 1.000000e+001
    endloop
  endfacet
  facet normal -5.593694e-002 9.984342e-001 -4.067462e-004
    outer loop
      vertex   1.429407e+001 -9.750468e-002 1.000000e+001
      vertex   1.517981e+001 -4.991866e-002 5.000000e+000
      vertex   1.406606e+001 -1.123160e-001 5.000000e+000
    endloop
  endfacet
  facet normal -4.691132e-002 9.988983e-001 1.196531e-003
    outer loop
      vertex   1.429407e+001 -9.750468e-002 1.000000e+001
      vertex   1.585121e+001 -2.437676e-002 1.000000e+001
      vertex   1.517981e+001 -4.991866e-002 5.000000e+000
    endloop
  endfacet
  facet normal -3.356576e-002 9.994363e-001 -5.982679e-004
    outer loop
      vertex   1.517981e+001 -4.991866e-002 5.000000e+000
      vertex   1.585121e+001 -2.437676e-002 1.000000e+001
      vertex   1.629455e+001 -1.248025e-002 5.000000e+000
    endloop
  endfacet
  facet normal -1.563285e-002 9.998773e-001 -9.928666e-004
    outer loop
      vertex   1.585121e+001 -2.437676e-002 0.000000e+000
      vertex   1.629455e+001 -1.248025e-002 5.000000e+000
      vertex   1.741030e+001 -7.848100e-007 0.000000e+000
    endloop
  endfacet
  facet normal -3.356576e-002 9.994363e-001 5.982679e-004
    outer loop
      vertex   1.585121e+001 -2.437676e-002 0.000000e+000
      vertex   1.517981e+001 -4.991866e-002 5.000000e+000
      vertex   1.629455e+001 -1.248025e-002 5.000000e+000
    endloop
  endfacet
  facet normal -4.691132e-002 9.988983e-001 -1.196531e-003
    outer loop
      vertex   1.585121e+001 -2.437676e-002 0.000000e+000
      vertex   1.429407e+001 -9.750468e-002 0.000000e+000
      vertex   1.517981e+001 -4.991866e-002 5.000000e+000
    endloop
  endfacet
  facet normal -5.593694e-002 9.984342e-001 4.067462e-004
    outer loop
      vertex   1.517981e+001 -4.991866e-002 5.000000e+000
      vertex   1.429407e+001 -9.750468e-002 0.000000e+000
      vertex   1.406606e+001 -1.123160e-001 5.000000e+000
    endloop
  endfacet
  facet normal -7.813033e-002 9.969430e-001 -6.097514e-004
    outer loop
      vertex   1.406606e+001 -1.123160e-001 5.000000e+000
      vertex   1.429407e+001 -9.750468e-002 0.000000e+000
      vertex   1.273888e+001 -2.193846e-001 0.000000e+000
    endloop
  endfacet
  facet normal -7.826408e-002 9.969325e-001 -5.740232e-004
    outer loop
      vertex   1.295331e+001 -1.996723e-001 5.000000e+000
      vertex   1.406606e+001 -1.123160e-001 5.000000e+000
      vertex   1.273888e+001 -2.193846e-001 0.000000e+000
    endloop
  endfacet
  facet normal -1.946896e-001 9.808645e-001 9.032362e-004
    outer loop
      vertex   8.085023e+000 -8.697356e-001 1.000000e+001
      vertex   6.977651e+000 -1.084931e+000 5.000000e+000
      vertex   6.537637e+000 -1.176873e+000 1.000000e+001
    endloop
  endfacet
  facet normal -1.917738e-001 9.814391e-001 2.327291e-004
    outer loop
      vertex   8.085023e+000 -8.697356e-001 1.000000e+001
      vertex   7.971583e+000 -8.907163e-001 5.000000e+000
      vertex   6.977651e+000 -1.084931e+000 5.000000e+000
    endloop
  endfacet
  facet normal -1.192202e-001 9.928678e-001 -3.468758e-004
    outer loop
      vertex   1.095821e+001 -4.190737e-001 5.000000e+000
      vertex   1.118565e+001 -3.900164e-001 1.000000e+001
      vertex   1.195535e+001 -2.993394e-001 5.000000e+000
    endloop
  endfacet
  facet normal -1.091986e-001 9.940192e-001 1.216743e-003
    outer loop
      vertex   1.195535e+001 -2.993394e-001 5.000000e+000
      vertex   1.118565e+001 -3.900164e-001 1.000000e+001
      vertex   1.273888e+001 -2.193846e-001 1.000000e+001
    endloop
  endfacet
  facet normal -9.937709e-002 9.950498e-001 -3.388256e-004
    outer loop
      vertex   1.295331e+001 -1.996723e-001 5.000000e+000
      vertex   1.195535e+001 -2.993394e-001 5.000000e+000
      vertex   1.273888e+001 -2.193846e-001 1.000000e+001
    endloop
  endfacet
  facet normal -1.563285e-002 9.998773e-001 9.928666e-004
    outer loop
      vertex   1.585121e+001 -2.437676e-002 1.000000e+001
      vertex   1.741030e+001 -7.848100e-007 1.000000e+001
      vertex   1.629455e+001 -1.248025e-002 5.000000e+000
    endloop
  endfacet
  facet normal -1.118418e-002 9.999375e-001 0.000000e+000
    outer loop
      vertex   1.629455e+001 -1.248025e-002 5.000000e+000
      vertex   1.741030e+001 -7.848100e-007 1.000000e+001
      vertex   1.741030e+001 -7.848100e-007 0.000000e+000
    endloop
  endfacet
  facet normal -1.091986e-001 9.940192e-001 -1.216743e-003
    outer loop
      vertex   1.273888e+001 -2.193846e-001 0.000000e+000
      vertex   1.118565e+001 -3.900164e-001 0.000000e+000
      vertex   1.195535e+001 -2.993394e-001 5.000000e+000
    endloop
  endfacet
  facet normal -1.378927e-001 9.904470e-001 -5.165763e-004
    outer loop
      vertex   1.095821e+001 -4.190737e-001 5.000000e+000
      vertex   1.118565e+001 -3.900164e-001 0.000000e+000
      vertex   9.961860e+000 -5.577876e-001 5.000000e+000
    endloop
  endfacet
  facet normal -1.388065e-001 9.903192e-001 -7.445326e-004
    outer loop
      vertex   9.961860e+000 -5.577876e-001 5.000000e+000
      vertex   1.118565e+001 -3.900164e-001 0.000000e+000
      vertex   9.634360e+000 -6.074501e-001 0.000000e+000
    endloop
  endfacet
  facet normal -1.669139e-001 9.859709e-001 -1.092507e-003
    outer loop
      vertex   8.966319e+000 -7.150018e-001 5.000000e+000
      vertex   9.634360e+000 -6.074501e-001 0.000000e+000
      vertex   8.085023e+000 -8.697356e-001 0.000000e+000
    endloop
  endfacet
  facet normal -1.739512e-001 9.847542e-001 1.855412e-004
    outer loop
      vertex   7.971583e+000 -8.907163e-001 5.000000e+000
      vertex   8.966319e+000 -7.150018e-001 5.000000e+000
      vertex   8.085023e+000 -8.697356e-001 0.000000e+000
    endloop
  endfacet
  facet normal -1.559853e-001 9.877593e-001 4.061051e-004
    outer loop
      vertex   9.961860e+000 -5.577876e-001 5.000000e+000
      vertex   9.634360e+000 -6.074501e-001 0.000000e+000
      vertex   8.966319e+000 -7.150018e-001 5.000000e+000
    endloop
  endfacet
  facet normal -1.946896e-001 9.808645e-001 -9.032362e-004
    outer loop
      vertex   8.085023e+000 -8.697356e-001 0.000000e+000
      vertex   6.537637e+000 -1.176873e+000 0.000000e+000
      vertex   6.977651e+000 -1.084931e+000 5.000000e+000
    endloop
  endfacet
  facet normal -2.220730e-001 9.750295e-001 -1.014762e-003
    outer loop
      vertex   6.537637e+000 -1.176873e+000 0.000000e+000
      vertex   4.992200e+000 -1.528862e+000 0.000000e+000
      vertex   5.984523e+000 -1.297646e+000 5.000000e+000
    endloop
  endfacet
  facet normal -2.220730e-001 9.750295e-001 1.014762e-003
    outer loop
      vertex   4.992200e+000 -1.528862e+000 1.000000e+001
      vertex   6.537637e+000 -1.176873e+000 1.000000e+001
      vertex   5.984523e+000 -1.297646e+000 5.000000e+000
    endloop
  endfacet
  facet normal -2.094369e-001 9.778221e-001 -4.505220e-004
    outer loop
      vertex   5.984523e+000 -1.297646e+000 5.000000e+000
      vertex   6.537637e+000 -1.176873e+000 1.000000e+001
      vertex   6.977651e+000 -1.084931e+000 5.000000e+000
    endloop
  endfacet
  facet normal 7.282676e-003 9.999735e-001 -0.000000e+000
    outer loop
      vertex   1.741030e+001 -7.848100e-007 0.000000e+000
      vertex   1.741030e+001 -7.848100e-007 1.000000e+001
      vertex   1.799763e+001 -4.278259e-003 5.000000e+000
    endloop
  endfacet
  facet normal 2.230111e-002 9.997513e-001 1.820215e-004
    outer loop
      vertex   1.840673e+001 -1.249347e-002 0.000000e+000
      vertex   1.799763e+001 -4.278259e-003 5.000000e+000
      vertex   1.857290e+001 -1.711068e-002 5.000000e+000
    endloop
  endfacet
  facet normal 3.794651e-002 9.992797e-001 3.383986e-004
    outer loop
      vertex   1.913612e+001 -3.849805e-002 5.000000e+000
      vertex   1.857290e+001 -1.711068e-002 5.000000e+000
      vertex   1.840673e+001 -1.249347e-002 1.000000e+001
    endloop
  endfacet
  facet normal 3.896107e-002 9.992406e-001 4.866036e-004
    outer loop
      vertex   1.936793e+001 -4.997153e-002 1.000000e+001
      vertex   1.913612e+001 -3.849805e-002 5.000000e+000
      vertex   1.840673e+001 -1.249347e-002 1.000000e+001
    endloop
  endfacet
  facet normal 5.424675e-002 9.985275e-001 -2.237216e-004
    outer loop
      vertex   1.936793e+001 -4.997153e-002 1.000000e+001
      vertex   1.968727e+001 -6.844037e-002 5.000000e+000
      vertex   1.913612e+001 -3.849805e-002 5.000000e+000
    endloop
  endfacet
  facet normal 6.730343e-002 9.977324e-001 6.131142e-004
    outer loop
      vertex   1.936793e+001 -4.997153e-002 1.000000e+001
      vertex   2.029391e+001 -1.124350e-001 1.000000e+001
      vertex   1.968727e+001 -6.844037e-002 5.000000e+000
    endloop
  endfacet
  facet normal 7.122991e-002 9.974599e-001 1.343219e-004
    outer loop
      vertex   1.968727e+001 -6.844037e-002 5.000000e+000
      vertex   2.029391e+001 -1.124350e-001 1.000000e+001
      vertex   2.022636e+001 -1.069376e-001 5.000000e+000
    endloop
  endfacet
  facet normal 8.892409e-002 9.960384e-001 1.062981e-004
    outer loop
      vertex   2.029391e+001 -1.124350e-001 0.000000e+000
      vertex   2.022636e+001 -1.069376e-001 5.000000e+000
      vertex   2.075339e+001 -1.539899e-001 5.000000e+000
    endloop
  endfacet
  facet normal 1.073570e-001 9.942205e-001 1.344468e-004
    outer loop
      vertex   2.118467e+001 -1.998838e-001 0.000000e+000
      vertex   2.075339e+001 -1.539899e-001 5.000000e+000
      vertex   2.126836e+001 -2.095970e-001 5.000000e+000
    endloop
  endfacet
  facet normal 1.265556e-001 9.919595e-001 1.912980e-004
    outer loop
      vertex   2.177127e+001 -2.737591e-001 5.000000e+000
      vertex   2.126836e+001 -2.095970e-001 5.000000e+000
      vertex   2.118467e+001 -1.998838e-001 1.000000e+001
    endloop
  endfacet
  facet normal 1.302992e-001 9.914745e-001 6.376594e-004
    outer loop
      vertex   2.204021e+001 -3.123180e-001 1.000000e+001
      vertex   2.177127e+001 -2.737591e-001 5.000000e+000
      vertex   2.118467e+001 -1.998838e-001 1.000000e+001
    endloop
  endfacet
  facet normal 1.465456e-001 9.892039e-001 -2.536922e-004
    outer loop
      vertex   2.204021e+001 -3.123180e-001 1.000000e+001
      vertex   2.226213e+001 -3.464762e-001 5.000000e+000
      vertex   2.177127e+001 -2.737591e-001 5.000000e+000
    endloop
  endfacet
  facet normal 1.652187e-001 9.862568e-001 5.952170e-004
    outer loop
      vertex   2.204021e+001 -3.123180e-001 1.000000e+001
      vertex   2.286052e+001 -4.497375e-001 1.000000e+001
      vertex   2.226213e+001 -3.464762e-001 5.000000e+000
    endloop
  endfacet
  facet normal 1.673507e-001 9.858974e-001 3.326411e-004
    outer loop
      vertex   2.226213e+001 -3.464762e-001 5.000000e+000
      vertex   2.286052e+001 -4.497375e-001 1.000000e+001
      vertex   2.274092e+001 -4.277482e-001 5.000000e+000
    endloop
  endfacet
  facet normal 1.889919e-001 9.819786e-001 2.022735e-004
    outer loop
      vertex   2.286052e+001 -4.497375e-001 0.000000e+000
      vertex   2.274092e+001 -4.277482e-001 5.000000e+000
      vertex   2.320765e+001 -5.175752e-001 5.000000e+000
    endloop
  endfacet
  facet normal 2.114868e-001 9.773808e-001 3.909870e-005
    outer loop
      vertex   2.364561e+001 -6.121425e-001 0.000000e+000
      vertex   2.320765e+001 -5.175752e-001 5.000000e+000
      vertex   2.366231e+001 -6.159571e-001 5.000000e+000
    endloop
  endfacet
  facet normal 2.348485e-001 9.720320e-001 4.303231e-005
    outer loop
      vertex   2.410492e+001 -7.228939e-001 5.000000e+000
      vertex   2.366231e+001 -6.159571e-001 5.000000e+000
      vertex   2.364561e+001 -6.121425e-001 1.000000e+001
    endloop
  endfacet
  facet normal 2.424428e-001 9.701654e-001 7.820128e-004
    outer loop
      vertex   2.439548e+001 -7.995328e-001 1.000000e+001
      vertex   2.410492e+001 -7.228939e-001 5.000000e+000
      vertex   2.364561e+001 -6.121425e-001 1.000000e+001
    endloop
  endfacet
  facet normal 2.590841e-001 9.658547e-001 -2.510951e-004
    outer loop
      vertex   2.439548e+001 -7.995328e-001 1.000000e+001
      vertex   2.453547e+001 -8.383857e-001 5.000000e+000
      vertex   2.410492e+001 -7.228939e-001 5.000000e+000
    endloop
  endfacet
  facet normal 2.841941e-001 9.587666e-001 5.070457e-004
    outer loop
      vertex   2.439548e+001 -7.995328e-001 1.000000e+001
      vertex   2.495396e+001 -9.624325e-001 5.000000e+000
      vertex   2.453547e+001 -8.383857e-001 5.000000e+000
    endloop
  endfacet
  facet normal 2.848647e-001 9.585676e-001 5.884288e-004
    outer loop
      vertex   2.439548e+001 -7.995328e-001 1.000000e+001
      vertex   2.511012e+001 -1.011908e+000 1.000000e+001
      vertex   2.495396e+001 -9.624325e-001 5.000000e+000
    endloop
  endfacet
  facet normal 3.101705e-001 9.506809e-001 -2.799521e-004
    outer loop
      vertex   2.495396e+001 -9.624325e-001 5.000000e+000
      vertex   2.511012e+001 -1.011908e+000 1.000000e+001
      vertex   2.536039e+001 -1.095034e+000 5.000000e+000
    endloop
  endfacet
  facet normal 3.298109e-001 9.440467e-001 -8.134244e-004
    outer loop
      vertex   2.511012e+001 -1.011908e+000 0.000000e+000
      vertex   2.536039e+001 -1.095034e+000 5.000000e+000
      vertex   2.578954e+001 -1.249270e+000 0.000000e+000
    endloop
  endfacet
  facet normal 3.101705e-001 9.506809e-001 2.799521e-004
    outer loop
      vertex   2.511012e+001 -1.011908e+000 0.000000e+000
      vertex   2.495396e+001 -9.624325e-001 5.000000e+000
      vertex   2.536039e+001 -1.095034e+000 5.000000e+000
    endloop
  endfacet
  facet normal 2.848647e-001 9.585676e-001 -5.884288e-004
    outer loop
      vertex   2.511012e+001 -1.011908e+000 0.000000e+000
      vertex   2.439548e+001 -7.995328e-001 0.000000e+000
      vertex   2.495396e+001 -9.624325e-001 5.000000e+000
    endloop
  endfacet
  facet normal 2.841941e-001 9.587666e-001 -5.070457e-004
    outer loop
      vertex   2.495396e+001 -9.624325e-001 5.000000e+000
      vertex   2.439548e+001 -7.995328e-001 0.000000e+000
      vertex   2.453547e+001 -8.383857e-001 5.000000e+000
    endloop
  endfacet
  facet normal 2.590841e-001 9.658547e-001 2.510951e-004
    outer loop
      vertex   2.453547e+001 -8.383857e-001 5.000000e+000
      vertex   2.439548e+001 -7.995328e-001 0.000000e+000
      vertex   2.410492e+001 -7.228939e-001 5.000000e+000
    endloop
  endfacet
  facet normal 2.424428e-001 9.701654e-001 -7.820128e-004
    outer loop
      vertex   2.410492e+001 -7.228939e-001 5.000000e+000
      vertex   2.439548e+001 -7.995328e-001 0.000000e+000
      vertex   2.364561e+001 -6.121425e-001 0.000000e+000
    endloop
  endfacet
  facet normal 2.348485e-001 9.720320e-001 -4.303231e-005
    outer loop
      vertex   2.366231e+001 -6.159571e-001 5.000000e+000
      vertex   2.410492e+001 -7.228939e-001 5.000000e+000
      vertex   2.364561e+001 -6.121425e-001 0.000000e+000
    endloop
  endfacet
  facet normal 8.892409e-002 9.960384e-001 -1.062981e-004
    outer loop
      vertex   2.022636e+001 -1.069376e-001 5.000000e+000
      vertex   2.029391e+001 -1.124350e-001 1.000000e+001
      vertex   2.075339e+001 -1.539899e-001 5.000000e+000
    endloop
  endfacet
  facet normal 9.770363e-002 9.952153e-001 7.073461e-004
    outer loop
      vertex   2.075339e+001 -1.539899e-001 5.000000e+000
      vertex   2.029391e+001 -1.124350e-001 1.000000e+001
      vertex   2.118467e+001 -1.998838e-001 1.000000e+001
    endloop
  endfacet
  facet normal 1.073570e-001 9.942205e-001 -1.344468e-004
    outer loop
      vertex   2.126836e+001 -2.095970e-001 5.000000e+000
      vertex   2.075339e+001 -1.539899e-001 5.000000e+000
      vertex   2.118467e+001 -1.998838e-001 1.000000e+001
    endloop
  endfacet
  facet normal 1.889919e-001 9.819786e-001 -2.022735e-004
    outer loop
      vertex   2.274092e+001 -4.277482e-001 5.000000e+000
      vertex   2.286052e+001 -4.497375e-001 1.000000e+001
      vertex   2.320765e+001 -5.175752e-001 5.000000e+000
    endloop
  endfacet
  facet normal 2.025729e-001 9.792669e-001 7.773744e-004
    outer loop
      vertex   2.320765e+001 -5.175752e-001 5.000000e+000
      vertex   2.286052e+001 -4.497375e-001 1.000000e+001
      vertex   2.364561e+001 -6.121425e-001 1.000000e+001
    endloop
  endfacet
  facet normal 2.114868e-001 9.773808e-001 -3.909870e-005
    outer loop
      vertex   2.366231e+001 -6.159571e-001 5.000000e+000
      vertex   2.320765e+001 -5.175752e-001 5.000000e+000
      vertex   2.364561e+001 -6.121425e-001 1.000000e+001
    endloop
  endfacet
  facet normal 3.298109e-001 9.440467e-001 8.134244e-004
    outer loop
      vertex   2.511012e+001 -1.011908e+000 1.000000e+001
      vertex   2.578954e+001 -1.249270e+000 1.000000e+001
      vertex   2.536039e+001 -1.095034e+000 5.000000e+000
    endloop
  endfacet
  facet normal 3.369951e-001 9.415064e-001 1.184451e-004
    outer loop
      vertex   2.536039e+001 -1.095034e+000 5.000000e+000
      vertex   2.578954e+001 -1.249270e+000 1.000000e+001
      vertex   2.575476e+001 -1.236191e+000 5.000000e+000
    endloop
  endfacet
  facet normal 3.646384e-001 9.311492e-001 1.009454e-004
    outer loop
      vertex   2.578954e+001 -1.249270e+000 0.000000e+000
      vertex   2.575476e+001 -1.236191e+000 5.000000e+000
      vertex   2.613706e+001 -1.385902e+000 5.000000e+000
    endloop
  endfacet
  facet normal 3.930577e-001 9.195138e-001 2.027197e-004
    outer loop
      vertex   2.643373e+001 -1.511616e+000 0.000000e+000
      vertex   2.613706e+001 -1.385902e+000 5.000000e+000
      vertex   2.650731e+001 -1.544169e+000 5.000000e+000
    endloop
  endfacet
  facet normal 4.221952e-001 9.065049e-001 3.107372e-004
    outer loop
      vertex   2.686550e+001 -1.710990e+000 5.000000e+000
      vertex   2.650731e+001 -1.544169e+000 5.000000e+000
      vertex   2.643373e+001 -1.511616e+000 1.000000e+001
    endloop
  endfacet
  facet normal 4.267163e-001 9.043852e-001 7.856720e-004
    outer loop
      vertex   2.704271e+001 -1.798948e+000 1.000000e+001
      vertex   2.686550e+001 -1.710990e+000 5.000000e+000
      vertex   2.643373e+001 -1.511616e+000 1.000000e+001
    endloop
  endfacet
  facet normal 4.519771e-001 8.920295e-001 -3.269810e-004
    outer loop
      vertex   2.704271e+001 -1.798948e+000 1.000000e+001
      vertex   2.721162e+001 -1.886367e+000 5.000000e+000
      vertex   2.686550e+001 -1.710990e+000 5.000000e+000
    endloop
  endfacet
  facet normal 4.781002e-001 8.783050e-001 7.954901e-004
    outer loop
      vertex   2.704271e+001 -1.798948e+000 1.000000e+001
      vertex   2.761646e+001 -2.111265e+000 1.000000e+001
      vertex   2.721162e+001 -1.886367e+000 5.000000e+000
    endloop
  endfacet
  facet normal 4.823120e-001 8.759994e-001 3.507643e-004
    outer loop
      vertex   2.721162e+001 -1.886367e+000 5.000000e+000
      vertex   2.761646e+001 -2.111265e+000 1.000000e+001
      vertex   2.754569e+001 -2.070298e+000 5.000000e+000
    endloop
  endfacet
  facet normal 5.130903e-001 8.583346e-001 2.296008e-004
    outer loop
      vertex   2.761646e+001 -2.111265e+000 0.000000e+000
      vertex   2.754569e+001 -2.070298e+000 5.000000e+000
      vertex   2.786769e+001 -2.262785e+000 5.000000e+000
    endloop
  endfacet
  facet normal 5.441837e-001 8.389661e-001 9.465945e-005
    outer loop
      vertex   2.815498e+001 -2.448567e+000 0.000000e+000
      vertex   2.786769e+001 -2.262785e+000 5.000000e+000
      vertex   2.817764e+001 -2.463826e+000 5.000000e+000
    endloop
  endfacet
  facet normal 5.754456e-001 8.178401e-001 1.114538e-004
    outer loop
      vertex   2.847552e+001 -2.673422e+000 5.000000e+000
      vertex   2.817764e+001 -2.463826e+000 5.000000e+000
      vertex   2.815498e+001 -2.448567e+000 1.000000e+001
    endloop
  endfacet
  facet normal 5.842087e-001 8.116029e-001 9.537247e-004
    outer loop
      vertex   2.865829e+001 -2.810855e+000 1.000000e+001
      vertex   2.847552e+001 -2.673422e+000 5.000000e+000
      vertex   2.815498e+001 -2.448567e+000 1.000000e+001
    endloop
  endfacet
  facet normal 6.067127e-001 7.949211e-001 -3.273889e-004
    outer loop
      vertex   2.865829e+001 -2.810855e+000 1.000000e+001
      vertex   2.876134e+001 -2.891573e+000 5.000000e+000
      vertex   2.847552e+001 -2.673422e+000 5.000000e+000
    endloop
  endfacet
  facet normal 6.374670e-001 7.704774e-001 7.011248e-004
    outer loop
      vertex   2.865829e+001 -2.810855e+000 1.000000e+001
      vertex   2.912637e+001 -3.198129e+000 1.000000e+001
      vertex   2.876134e+001 -2.891573e+000 5.000000e+000
    endloop
  endfacet
  facet normal 6.378067e-001 7.701962e-001 6.590823e-004
    outer loop
      vertex   2.876134e+001 -2.891573e+000 5.000000e+000
      vertex   2.912637e+001 -3.198129e+000 1.000000e+001
      vertex   2.903511e+001 -3.118280e+000 5.000000e+000
    endloop
  endfacet
  facet normal 6.685360e-001 7.436797e-001 3.252327e-004
    outer loop
      vertex   2.912637e+001 -3.198129e+000 0.000000e+000
      vertex   2.903511e+001 -3.118280e+000 5.000000e+000
      vertex   2.929733e+001 -3.354008e+000 5.000000e+000
    endloop
  endfacet
  facet normal 6.983832e-001 7.157240e-001 -7.957795e-005
    outer loop
      vertex   2.956276e+001 -3.613556e+000 0.000000e+000
      vertex   2.929733e+001 -3.354008e+000 5.000000e+000
      vertex   2.954977e+001 -3.600334e+000 5.000000e+000
    endloop
  endfacet
  facet normal 7.269681e-001 6.866712e-001 -7.146333e-005
    outer loop
      vertex   2.979258e+001 -3.857385e+000 5.000000e+000
      vertex   2.954977e+001 -3.600334e+000 5.000000e+000
      vertex   2.956276e+001 -3.613556e+000 1.000000e+001
    endloop
  endfacet
  facet normal 7.382104e-001 6.745698e-001 1.035412e-003
    outer loop
      vertex   2.997099e+001 -4.060307e+000 1.000000e+001
      vertex   2.979258e+001 -3.857385e+000 5.000000e+000
      vertex   2.956276e+001 -3.613556e+000 1.000000e+001
    endloop
  endfacet
  facet normal 7.541680e-001 6.566815e-001 -2.599914e-004
    outer loop
      vertex   2.997099e+001 -4.060307e+000 1.000000e+001
      vertex   3.002574e+001 -4.125160e+000 5.000000e+000
      vertex   2.979258e+001 -3.857385e+000 5.000000e+000
    endloop
  endfacet
  facet normal 7.798821e-001 6.259262e-001 4.204762e-004
    outer loop
      vertex   2.997099e+001 -4.060307e+000 1.000000e+001
      vertex   3.024926e+001 -4.403661e+000 5.000000e+000
      vertex   3.002574e+001 -4.125160e+000 5.000000e+000
    endloop
  endfacet
  facet normal 7.827632e-001 6.223192e-001 8.285157e-004
    outer loop
      vertex   2.997099e+001 -4.060307e+000 1.000000e+001
      vertex   3.035107e+001 -4.538381e+000 1.000000e+001
      vertex   3.024926e+001 -4.403661e+000 5.000000e+000
    endloop
  endfacet
  facet normal 8.088788e-001 5.879751e-001 -6.286377e-004
    outer loop
      vertex   3.024926e+001 -4.403661e+000 5.000000e+000
      vertex   3.035107e+001 -4.538381e+000 1.000000e+001
      vertex   3.054968e+001 -4.816943e+000 5.000000e+000
    endloop
  endfacet
  facet normal 8.227441e-001 5.684110e-001 -1.012061e-003
    outer loop
      vertex   3.035107e+001 -4.538381e+000 0.000000e+000
      vertex   3.054968e+001 -4.816943e+000 5.000000e+000
      vertex   3.070300e+001 -5.047778e+000 0.000000e+000
    endloop
  endfacet
  facet normal 8.088788e-001 5.879751e-001 6.286377e-004
    outer loop
      vertex   3.035107e+001 -4.538381e+000 0.000000e+000
      vertex   3.024926e+001 -4.403661e+000 5.000000e+000
      vertex   3.054968e+001 -4.816943e+000 5.000000e+000
    endloop
  endfacet
  facet normal 7.827632e-001 6.223192e-001 -8.285157e-004
    outer loop
      vertex   3.035107e+001 -4.538381e+000 0.000000e+000
      vertex   2.997099e+001 -4.060307e+000 0.000000e+000
      vertex   3.024926e+001 -4.403661e+000 5.000000e+000
    endloop
  endfacet
  facet normal 7.798821e-001 6.259262e-001 -4.204762e-004
    outer loop
      vertex   3.024926e+001 -4.403661e+000 5.000000e+000
      vertex   2.997099e+001 -4.060307e+000 0.000000e+000
      vertex   3.002574e+001 -4.125160e+000 5.000000e+000
    endloop
  endfacet
  facet normal 7.541680e-001 6.566815e-001 2.599914e-004
    outer loop
      vertex   3.002574e+001 -4.125160e+000 5.000000e+000
      vertex   2.997099e+001 -4.060307e+000 0.000000e+000
      vertex   2.979258e+001 -3.857385e+000 5.000000e+000
    endloop
  endfacet
  facet normal 7.382104e-001 6.745698e-001 -1.035412e-003
    outer loop
      vertex   2.979258e+001 -3.857385e+000 5.000000e+000
      vertex   2.997099e+001 -4.060307e+000 0.000000e+000
      vertex   2.956276e+001 -3.613556e+000 0.000000e+000
    endloop
  endfacet
  facet normal 7.269681e-001 6.866712e-001 7.146333e-005
    outer loop
      vertex   2.954977e+001 -3.600334e+000 5.000000e+000
      vertex   2.979258e+001 -3.857385e+000 5.000000e+000
      vertex   2.956276e+001 -3.613556e+000 0.000000e+000
    endloop
  endfacet
  facet normal 3.646384e-001 9.311492e-001 -1.009454e-004
    outer loop
      vertex   2.575476e+001 -1.236191e+000 5.000000e+000
      vertex   2.578954e+001 -1.249270e+000 1.000000e+001
      vertex   2.613706e+001 -1.385902e+000 5.000000e+000
    endloop
  endfacet
  facet normal 3.771687e-001 9.261441e-001 9.067429e-004
    outer loop
      vertex   2.613706e+001 -1.385902e+000 5.000000e+000
      vertex   2.578954e+001 -1.249270e+000 1.000000e+001
      vertex   2.643373e+001 -1.511616e+000 1.000000e+001
    endloop
  endfacet
  facet normal 3.930577e-001 9.195138e-001 -2.027197e-004
    outer loop
      vertex   2.650731e+001 -1.544169e+000 5.000000e+000
      vertex   2.613706e+001 -1.385902e+000 5.000000e+000
      vertex   2.643373e+001 -1.511616e+000 1.000000e+001
    endloop
  endfacet
  facet normal 5.130903e-001 8.583346e-001 -2.296008e-004
    outer loop
      vertex   2.754569e+001 -2.070298e+000 5.000000e+000
      vertex   2.761646e+001 -2.111265e+000 1.000000e+001
      vertex   2.786769e+001 -2.262785e+000 5.000000e+000
    endloop
  endfacet
  facet normal 5.308174e-001 8.474857e-001 9.898987e-004
    outer loop
      vertex   2.786769e+001 -2.262785e+000 5.000000e+000
      vertex   2.761646e+001 -2.111265e+000 1.000000e+001
      vertex   2.815498e+001 -2.448567e+000 1.000000e+001
    endloop
  endfacet
  facet normal 5.441837e-001 8.389661e-001 -9.465945e-005
    outer loop
      vertex   2.817764e+001 -2.463826e+000 5.000000e+000
      vertex   2.786769e+001 -2.262785e+000 5.000000e+000
      vertex   2.815498e+001 -2.448567e+000 1.000000e+001
    endloop
  endfacet
  facet normal 6.685360e-001 7.436797e-001 -3.252327e-004
    outer loop
      vertex   2.903511e+001 -3.118280e+000 5.000000e+000
      vertex   2.912637e+001 -3.198129e+000 1.000000e+001
      vertex   2.929733e+001 -3.354008e+000 5.000000e+000
    endloop
  endfacet
  facet normal 6.894957e-001 7.242891e-001 9.959743e-004
    outer loop
      vertex   2.929733e+001 -3.354008e+000 5.000000e+000
      vertex   2.912637e+001 -3.198129e+000 1.000000e+001
      vertex   2.956276e+001 -3.613556e+000 1.000000e+001
    endloop
  endfacet
  facet normal 6.983832e-001 7.157240e-001 7.957795e-005
    outer loop
      vertex   2.954977e+001 -3.600334e+000 5.000000e+000
      vertex   2.929733e+001 -3.354008e+000 5.000000e+000
      vertex   2.956276e+001 -3.613556e+000 1.000000e+001
    endloop
  endfacet
  facet normal 8.227441e-001 5.684110e-001 1.012061e-003
    outer loop
      vertex   3.035107e+001 -4.538381e+000 1.000000e+001
      vertex   3.070300e+001 -5.047778e+000 1.000000e+001
      vertex   3.054968e+001 -4.816943e+000 5.000000e+000
    endloop
  endfacet
  facet normal 8.398665e-001 5.427926e-001 -6.957243e-004
    outer loop
      vertex   3.054968e+001 -4.816943e+000 5.000000e+000
      vertex   3.070300e+001 -5.047778e+000 1.000000e+001
      vertex   3.083071e+001 -5.251788e+000 5.000000e+000
    endloop
  endfacet
  facet normal 8.579529e-001 5.137275e-001 -9.521445e-004
    outer loop
      vertex   3.070300e+001 -5.047778e+000 0.000000e+000
      vertex   3.083071e+001 -5.251788e+000 5.000000e+000
      vertex   3.102678e+001 -5.588498e+000 0.000000e+000
    endloop
  endfacet
  facet normal 8.398665e-001 5.427926e-001 6.957243e-004
    outer loop
      vertex   3.070300e+001 -5.047778e+000 0.000000e+000
      vertex   3.054968e+001 -4.816943e+000 5.000000e+000
      vertex   3.083071e+001 -5.251788e+000 5.000000e+000
    endloop
  endfacet
  facet normal 8.579529e-001 5.137275e-001 9.521445e-004
    outer loop
      vertex   3.070300e+001 -5.047778e+000 1.000000e+001
      vertex   3.102678e+001 -5.588498e+000 1.000000e+001
      vertex   3.083071e+001 -5.251788e+000 5.000000e+000
    endloop
  endfacet
  facet normal 8.675484e-001 4.973525e-001 -5.268509e-004
    outer loop
      vertex   3.083071e+001 -5.251788e+000 5.000000e+000
      vertex   3.102678e+001 -5.588498e+000 1.000000e+001
      vertex   3.109236e+001 -5.708196e+000 5.000000e+000
    endloop
  endfacet
  facet normal 8.883852e-001 4.590984e-001 -6.622538e-004
    outer loop
      vertex   3.102678e+001 -5.588498e+000 0.000000e+000
      vertex   3.109236e+001 -5.708196e+000 5.000000e+000
      vertex   3.132240e+001 -6.160541e+000 0.000000e+000
    endloop
  endfacet
  facet normal 8.675484e-001 4.973525e-001 5.268509e-004
    outer loop
      vertex   3.102678e+001 -5.588498e+000 0.000000e+000
      vertex   3.083071e+001 -5.251788e+000 5.000000e+000
      vertex   3.109236e+001 -5.708196e+000 5.000000e+000
    endloop
  endfacet
  facet normal 8.883852e-001 4.590984e-001 6.622538e-004
    outer loop
      vertex   3.102678e+001 -5.588498e+000 1.000000e+001
      vertex   3.132240e+001 -6.160541e+000 1.000000e+001
      vertex   3.109236e+001 -5.708196e+000 5.000000e+000
    endloop
  endfacet
  facet normal 8.919619e-001 4.521106e-001 -1.344726e-004
    outer loop
      vertex   3.109236e+001 -5.708196e+000 5.000000e+000
      vertex   3.132240e+001 -6.160541e+000 1.000000e+001
      vertex   3.133463e+001 -6.186167e+000 5.000000e+000
    endloop
  endfacet
  facet normal 9.132180e-001 4.074714e-001 -1.463305e-004
    outer loop
      vertex   3.132240e+001 -6.160541e+000 0.000000e+000
      vertex   3.133463e+001 -6.186167e+000 5.000000e+000
      vertex   3.155752e+001 -6.685702e+000 5.000000e+000
    endloop
  endfacet
  facet normal 9.314855e-001 3.637782e-001 3.351756e-004
    outer loop
      vertex   3.158986e+001 -6.763907e+000 0.000000e+000
      vertex   3.155752e+001 -6.685702e+000 5.000000e+000
      vertex   3.176103e+001 -7.206799e+000 5.000000e+000
    endloop
  endfacet
  facet normal 9.469740e-001 3.213095e-001 5.810831e-004
    outer loop
      vertex   3.182917e+001 -7.398597e+000 0.000000e+000
      vertex   3.176103e+001 -7.206799e+000 5.000000e+000
      vertex   3.194515e+001 -7.749460e+000 5.000000e+000
    endloop
  endfacet
  facet normal 9.599181e-001 2.802799e-001 6.063497e-004
    outer loop
      vertex   3.204033e+001 -8.064609e+000 0.000000e+000
      vertex   3.194515e+001 -7.749460e+000 5.000000e+000
      vertex   3.210990e+001 -8.313683e+000 5.000000e+000
    endloop
  endfacet
  facet normal 9.705637e-001 2.408441e-001 4.270522e-004
    outer loop
      vertex   3.222333e+001 -8.761945e+000 0.000000e+000
      vertex   3.210990e+001 -8.313683e+000 5.000000e+000
      vertex   3.225526e+001 -8.899470e+000 5.000000e+000
    endloop
  endfacet
  facet normal 9.791573e-001 2.031033e-001 5.969517e-005
    outer loop
      vertex   3.237818e+001 -9.490604e+000 0.000000e+000
      vertex   3.225526e+001 -8.899470e+000 5.000000e+000
      vertex   3.238124e+001 -9.506820e+000 5.000000e+000
    endloop
  endfacet
  facet normal 9.859376e-001 1.671136e-001 6.117685e-005
    outer loop
      vertex   3.248784e+001 -1.013573e+001 5.000000e+000
      vertex   3.238124e+001 -9.506820e+000 5.000000e+000
      vertex   3.237818e+001 -9.490604e+000 1.000000e+001
    endloop
  endfacet
  facet normal 9.863874e-001 1.644375e-001 4.163323e-004
    outer loop
      vertex   3.250488e+001 -1.025059e+001 1.000000e+001
      vertex   3.248784e+001 -1.013573e+001 5.000000e+000
      vertex   3.237818e+001 -9.490604e+000 1.000000e+001
    endloop
  endfacet
  facet normal 9.911303e-001 1.328930e-001 -3.244206e-004
    outer loop
      vertex   3.250488e+001 -1.025059e+001 1.000000e+001
      vertex   3.257506e+001 -1.078621e+001 5.000000e+000
      vertex   3.248784e+001 -1.013573e+001 5.000000e+000
    endloop
  endfacet
  facet normal 9.923351e-001 1.235738e-001 6.908067e-004
    outer loop
      vertex   3.250488e+001 -1.025059e+001 1.000000e+001
      vertex   3.260342e+001 -1.104189e+001 1.000000e+001
      vertex   3.257506e+001 -1.078621e+001 5.000000e+000
    endloop
  endfacet
  facet normal 9.949440e-001 1.004297e-001 -5.074936e-004
    outer loop
      vertex   3.257506e+001 -1.078621e+001 5.000000e+000
      vertex   3.260342e+001 -1.104189e+001 1.000000e+001
      vertex   3.264289e+001 -1.145825e+001 5.000000e+000
    endloop
  endfacet
  facet normal 9.963593e-001 8.525039e-002 -7.676872e-004
    outer loop
      vertex   3.260342e+001 -1.104189e+001 0.000000e+000
      vertex   3.264289e+001 -1.145825e+001 5.000000e+000
      vertex   3.267380e+001 -1.186452e+001 0.000000e+000
    endloop
  endfacet
  facet normal 9.949440e-001 1.004297e-001 5.074936e-004
    outer loop
      vertex   3.260342e+001 -1.104189e+001 0.000000e+000
      vertex   3.257506e+001 -1.078621e+001 5.000000e+000
      vertex   3.264289e+001 -1.145825e+001 5.000000e+000
    endloop
  endfacet
  facet normal 9.923351e-001 1.235738e-001 -6.908067e-004
    outer loop
      vertex   3.260342e+001 -1.104189e+001 0.000000e+000
      vertex   3.250488e+001 -1.025059e+001 0.000000e+000
      vertex   3.257506e+001 -1.078621e+001 5.000000e+000
    endloop
  endfacet
  facet normal 9.911303e-001 1.328930e-001 3.244206e-004
    outer loop
      vertex   3.257506e+001 -1.078621e+001 5.000000e+000
      vertex   3.250488e+001 -1.025059e+001 0.000000e+000
      vertex   3.248784e+001 -1.013573e+001 5.000000e+000
    endloop
  endfacet
  facet normal 9.863874e-001 1.644375e-001 -4.163323e-004
    outer loop
      vertex   3.248784e+001 -1.013573e+001 5.000000e+000
      vertex   3.250488e+001 -1.025059e+001 0.000000e+000
      vertex   3.237818e+001 -9.490604e+000 0.000000e+000
    endloop
  endfacet
  facet normal 9.859376e-001 1.671136e-001 -6.117685e-005
    outer loop
      vertex   3.238124e+001 -9.506820e+000 5.000000e+000
      vertex   3.248784e+001 -1.013573e+001 5.000000e+000
      vertex   3.237818e+001 -9.490604e+000 0.000000e+000
    endloop
  endfacet
  facet normal 9.132180e-001 4.074714e-001 1.463305e-004
    outer loop
      vertex   3.133463e+001 -6.186167e+000 5.000000e+000
      vertex   3.132240e+001 -6.160541e+000 1.000000e+001
      vertex   3.155752e+001 -6.685702e+000 5.000000e+000
    endloop
  endfacet
  facet normal 9.142032e-001 4.052558e-001 4.253679e-004
    outer loop
      vertex   3.155752e+001 -6.685702e+000 5.000000e+000
      vertex   3.132240e+001 -6.160541e+000 1.000000e+001
      vertex   3.158986e+001 -6.763907e+000 1.000000e+001
    endloop
  endfacet
  facet normal 9.356960e-001 3.528064e-001 7.808291e-004
    outer loop
      vertex   3.176103e+001 -7.206799e+000 5.000000e+000
      vertex   3.158986e+001 -6.763907e+000 1.000000e+001
      vertex   3.182917e+001 -7.398597e+000 1.000000e+001
    endloop
  endfacet
  facet normal 9.532376e-001 3.022205e-001 9.037309e-004
    outer loop
      vertex   3.194515e+001 -7.749460e+000 5.000000e+000
      vertex   3.182917e+001 -7.398597e+000 1.000000e+001
      vertex   3.204033e+001 -8.064609e+000 1.000000e+001
    endloop
  endfacet
  facet normal 9.672470e-001 2.538358e-001 8.129313e-004
    outer loop
      vertex   3.210990e+001 -8.313683e+000 5.000000e+000
      vertex   3.204033e+001 -8.064609e+000 1.000000e+001
      vertex   3.222333e+001 -8.761945e+000 1.000000e+001
    endloop
  endfacet
  facet normal 9.781564e-001 2.078695e-001 5.283968e-004
    outer loop
      vertex   3.225526e+001 -8.899470e+000 5.000000e+000
      vertex   3.222333e+001 -8.761945e+000 1.000000e+001
      vertex   3.237818e+001 -9.490604e+000 1.000000e+001
    endloop
  endfacet
  facet normal 9.791573e-001 2.031033e-001 -5.969517e-005
    outer loop
      vertex   3.238124e+001 -9.506820e+000 5.000000e+000
      vertex   3.225526e+001 -8.899470e+000 5.000000e+000
      vertex   3.237818e+001 -9.490604e+000 1.000000e+001
    endloop
  endfacet
  facet normal 9.314855e-001 3.637782e-001 -3.351756e-004
    outer loop
      vertex   3.155752e+001 -6.685702e+000 5.000000e+000
      vertex   3.158986e+001 -6.763907e+000 1.000000e+001
      vertex   3.176103e+001 -7.206799e+000 5.000000e+000
    endloop
  endfacet
  facet normal 9.469740e-001 3.213095e-001 -5.810831e-004
    outer loop
      vertex   3.176103e+001 -7.206799e+000 5.000000e+000
      vertex   3.182917e+001 -7.398597e+000 1.000000e+001
      vertex   3.194515e+001 -7.749460e+000 5.000000e+000
    endloop
  endfacet
  facet normal 9.599181e-001 2.802799e-001 -6.063497e-004
    outer loop
      vertex   3.194515e+001 -7.749460e+000 5.000000e+000
      vertex   3.204033e+001 -8.064609e+000 1.000000e+001
      vertex   3.210990e+001 -8.313683e+000 5.000000e+000
    endloop
  endfacet
  facet normal 9.705637e-001 2.408441e-001 -4.270522e-004
    outer loop
      vertex   3.210990e+001 -8.313683e+000 5.000000e+000
      vertex   3.222333e+001 -8.761945e+000 1.000000e+001
      vertex   3.225526e+001 -8.899470e+000 5.000000e+000
    endloop
  endfacet
  facet normal 9.963593e-001 8.525039e-002 7.676872e-004
    outer loop
      vertex   3.260342e+001 -1.104189e+001 1.000000e+001
      vertex   3.267380e+001 -1.186452e+001 1.000000e+001
      vertex   3.264289e+001 -1.145825e+001 5.000000e+000
    endloop
  endfacet
  facet normal 9.975687e-001 6.968872e-002 -5.042385e-004
    outer loop
      vertex   3.264289e+001 -1.145825e+001 5.000000e+000
      vertex   3.267380e+001 -1.186452e+001 1.000000e+001
      vertex   3.269135e+001 -1.215185e+001 5.000000e+000
    endloop
  endfacet
  facet normal 9.987792e-001 4.939370e-002 -6.662897e-004
    outer loop
      vertex   3.267380e+001 -1.186452e+001 0.000000e+000
      vertex   3.269135e+001 -1.215185e+001 5.000000e+000
      vertex   3.271603e+001 -1.271847e+001 0.000000e+000
    endloop
  endfacet
  facet normal 9.975687e-001 6.968872e-002 5.042385e-004
    outer loop
      vertex   3.267380e+001 -1.186452e+001 0.000000e+000
      vertex   3.264289e+001 -1.145825e+001 5.000000e+000
      vertex   3.269135e+001 -1.215185e+001 5.000000e+000
    endloop
  endfacet
  facet normal 9.987792e-001 4.939370e-002 6.662897e-004
    outer loop
      vertex   3.267380e+001 -1.186452e+001 1.000000e+001
      vertex   3.271603e+001 -1.271847e+001 1.000000e+001
      vertex   3.269135e+001 -1.215185e+001 5.000000e+000
    endloop
  endfacet
  facet normal 9.991747e-001 4.061780e-002 -3.301830e-004
    outer loop
      vertex   3.269135e+001 -1.215185e+001 5.000000e+000
      vertex   3.271603e+001 -1.271847e+001 1.000000e+001
      vertex   3.272042e+001 -1.286702e+001 5.000000e+000
    endloop
  endfacet
  facet normal 9.998735e-001 1.589941e-002 -4.047929e-004
    outer loop
      vertex   3.271603e+001 -1.271847e+001 0.000000e+000
      vertex   3.272042e+001 -1.286702e+001 5.000000e+000
      vertex   3.273011e+001 -1.360374e+001 0.000000e+000
    endloop
  endfacet
  facet normal 9.991747e-001 4.061780e-002 3.301830e-004
    outer loop
      vertex   3.271603e+001 -1.271847e+001 0.000000e+000
      vertex   3.269135e+001 -1.215185e+001 5.000000e+000
      vertex   3.272042e+001 -1.286702e+001 5.000000e+000
    endloop
  endfacet
  facet normal 9.998735e-001 1.589941e-002 4.047929e-004
    outer loop
      vertex   3.271603e+001 -1.271847e+001 1.000000e+001
      vertex   3.273011e+001 -1.360374e+001 1.000000e+001
      vertex   3.272042e+001 -1.286702e+001 5.000000e+000
    endloop
  endfacet
  facet normal 9.999135e-001 1.315271e-002 0.000000e+000
    outer loop
      vertex   3.272042e+001 -1.286702e+001 5.000000e+000
      vertex   3.273011e+001 -1.360374e+001 1.000000e+001
      vertex   3.273011e+001 -1.360374e+001 0.000000e+000
    endloop
  endfacet
  facet normal 9.781564e-001 2.078695e-001 -5.283968e-004
    outer loop
      vertex   3.237818e+001 -9.490604e+000 0.000000e+000
      vertex   3.222333e+001 -8.761945e+000 0.000000e+000
      vertex   3.225526e+001 -8.899470e+000 5.000000e+000
    endloop
  endfacet
  facet normal 9.672470e-001 2.538358e-001 -8.129313e-004
    outer loop
      vertex   3.222333e+001 -8.761945e+000 0.000000e+000
      vertex   3.204033e+001 -8.064609e+000 0.000000e+000
      vertex   3.210990e+001 -8.313683e+000 5.000000e+000
    endloop
  endfacet
  facet normal 9.532376e-001 3.022205e-001 -9.037309e-004
    outer loop
      vertex   3.204033e+001 -8.064609e+000 0.000000e+000
      vertex   3.182917e+001 -7.398597e+000 0.000000e+000
      vertex   3.194515e+001 -7.749460e+000 5.000000e+000
    endloop
  endfacet
  facet normal 9.356960e-001 3.528064e-001 -7.808291e-004
    outer loop
      vertex   3.182917e+001 -7.398597e+000 0.000000e+000
      vertex   3.158986e+001 -6.763907e+000 0.000000e+000
      vertex   3.176103e+001 -7.206799e+000 5.000000e+000
    endloop
  endfacet
  facet normal 9.142032e-001 4.052558e-001 -4.253679e-004
    outer loop
      vertex   3.158986e+001 -6.763907e+000 0.000000e+000
      vertex   3.132240e+001 -6.160541e+000 0.000000e+000
      vertex   3.155752e+001 -6.685702e+000 5.000000e+000
    endloop
  endfacet
  facet normal 8.919619e-001 4.521106e-001 1.344726e-004
    outer loop
      vertex   3.133463e+001 -6.186167e+000 5.000000e+000
      vertex   3.132240e+001 -6.160541e+000 0.000000e+000
      vertex   3.109236e+001 -5.708196e+000 5.000000e+000
    endloop
  endfacet
  facet normal 6.894957e-001 7.242891e-001 -9.959743e-004
    outer loop
      vertex   2.956276e+001 -3.613556e+000 0.000000e+000
      vertex   2.912637e+001 -3.198129e+000 0.000000e+000
      vertex   2.929733e+001 -3.354008e+000 5.000000e+000
    endloop
  endfacet
  facet normal 6.378067e-001 7.701962e-001 -6.590823e-004
    outer loop
      vertex   2.903511e+001 -3.118280e+000 5.000000e+000
      vertex   2.912637e+001 -3.198129e+000 0.000000e+000
      vertex   2.876134e+001 -2.891573e+000 5.000000e+000
    endloop
  endfacet
  facet normal 6.374670e-001 7.704774e-001 -7.011248e-004
    outer loop
      vertex   2.876134e+001 -2.891573e+000 5.000000e+000
      vertex   2.912637e+001 -3.198129e+000 0.000000e+000
      vertex   2.865829e+001 -2.810855e+000 0.000000e+000
    endloop
  endfacet
  facet normal 5.842087e-001 8.116029e-001 -9.537247e-004
    outer loop
      vertex   2.847552e+001 -2.673422e+000 5.000000e+000
      vertex   2.865829e+001 -2.810855e+000 0.000000e+000
      vertex   2.815498e+001 -2.448567e+000 0.000000e+000
    endloop
  endfacet
  facet normal 5.754456e-001 8.178401e-001 -1.114538e-004
    outer loop
      vertex   2.817764e+001 -2.463826e+000 5.000000e+000
      vertex   2.847552e+001 -2.673422e+000 5.000000e+000
      vertex   2.815498e+001 -2.448567e+000 0.000000e+000
    endloop
  endfacet
  facet normal 6.067127e-001 7.949211e-001 3.273889e-004
    outer loop
      vertex   2.876134e+001 -2.891573e+000 5.000000e+000
      vertex   2.865829e+001 -2.810855e+000 0.000000e+000
      vertex   2.847552e+001 -2.673422e+000 5.000000e+000
    endloop
  endfacet
  facet normal 5.308174e-001 8.474857e-001 -9.898987e-004
    outer loop
      vertex   2.815498e+001 -2.448567e+000 0.000000e+000
      vertex   2.761646e+001 -2.111265e+000 0.000000e+000
      vertex   2.786769e+001 -2.262785e+000 5.000000e+000
    endloop
  endfacet
  facet normal 4.823120e-001 8.759994e-001 -3.507643e-004
    outer loop
      vertex   2.754569e+001 -2.070298e+000 5.000000e+000
      vertex   2.761646e+001 -2.111265e+000 0.000000e+000
      vertex   2.721162e+001 -1.886367e+000 5.000000e+000
    endloop
  endfacet
  facet normal 4.781002e-001 8.783050e-001 -7.954901e-004
    outer loop
      vertex   2.721162e+001 -1.886367e+000 5.000000e+000
      vertex   2.761646e+001 -2.111265e+000 0.000000e+000
      vertex   2.704271e+001 -1.798948e+000 0.000000e+000
    endloop
  endfacet
  facet normal 4.267163e-001 9.043852e-001 -7.856720e-004
    outer loop
      vertex   2.686550e+001 -1.710990e+000 5.000000e+000
      vertex   2.704271e+001 -1.798948e+000 0.000000e+000
      vertex   2.643373e+001 -1.511616e+000 0.000000e+000
    endloop
  endfacet
  facet normal 4.221952e-001 9.065049e-001 -3.107372e-004
    outer loop
      vertex   2.650731e+001 -1.544169e+000 5.000000e+000
      vertex   2.686550e+001 -1.710990e+000 5.000000e+000
      vertex   2.643373e+001 -1.511616e+000 0.000000e+000
    endloop
  endfacet
  facet normal 4.519771e-001 8.920295e-001 3.269810e-004
    outer loop
      vertex   2.721162e+001 -1.886367e+000 5.000000e+000
      vertex   2.704271e+001 -1.798948e+000 0.000000e+000
      vertex   2.686550e+001 -1.710990e+000 5.000000e+000
    endloop
  endfacet
  facet normal 3.771687e-001 9.261441e-001 -9.067429e-004
    outer loop
      vertex   2.643373e+001 -1.511616e+000 0.000000e+000
      vertex   2.578954e+001 -1.249270e+000 0.000000e+000
      vertex   2.613706e+001 -1.385902e+000 5.000000e+000
    endloop
  endfacet
  facet normal 3.369951e-001 9.415064e-001 -1.184451e-004
    outer loop
      vertex   2.575476e+001 -1.236191e+000 5.000000e+000
      vertex   2.578954e+001 -1.249270e+000 0.000000e+000
      vertex   2.536039e+001 -1.095034e+000 5.000000e+000
    endloop
  endfacet
  facet normal 2.025729e-001 9.792669e-001 -7.773744e-004
    outer loop
      vertex   2.364561e+001 -6.121425e-001 0.000000e+000
      vertex   2.286052e+001 -4.497375e-001 0.000000e+000
      vertex   2.320765e+001 -5.175752e-001 5.000000e+000
    endloop
  endfacet
  facet normal 1.673507e-001 9.858974e-001 -3.326411e-004
    outer loop
      vertex   2.274092e+001 -4.277482e-001 5.000000e+000
      vertex   2.286052e+001 -4.497375e-001 0.000000e+000
      vertex   2.226213e+001 -3.464762e-001 5.000000e+000
    endloop
  endfacet
  facet normal 1.652187e-001 9.862568e-001 -5.952170e-004
    outer loop
      vertex   2.226213e+001 -3.464762e-001 5.000000e+000
      vertex   2.286052e+001 -4.497375e-001 0.000000e+000
      vertex   2.204021e+001 -3.123180e-001 0.000000e+000
    endloop
  endfacet
  facet normal 1.302992e-001 9.914745e-001 -6.376594e-004
    outer loop
      vertex   2.177127e+001 -2.737591e-001 5.000000e+000
      vertex   2.204021e+001 -3.123180e-001 0.000000e+000
      vertex   2.118467e+001 -1.998838e-001 0.000000e+000
    endloop
  endfacet
  facet normal 1.265556e-001 9.919595e-001 -1.912980e-004
    outer loop
      vertex   2.126836e+001 -2.095970e-001 5.000000e+000
      vertex   2.177127e+001 -2.737591e-001 5.000000e+000
      vertex   2.118467e+001 -1.998838e-001 0.000000e+000
    endloop
  endfacet
  facet normal 1.465456e-001 9.892039e-001 2.536922e-004
    outer loop
      vertex   2.226213e+001 -3.464762e-001 5.000000e+000
      vertex   2.204021e+001 -3.123180e-001 0.000000e+000
      vertex   2.177127e+001 -2.737591e-001 5.000000e+000
    endloop
  endfacet
  facet normal 9.770363e-002 9.952153e-001 -7.073461e-004
    outer loop
      vertex   2.118467e+001 -1.998838e-001 0.000000e+000
      vertex   2.029391e+001 -1.124350e-001 0.000000e+000
      vertex   2.075339e+001 -1.539899e-001 5.000000e+000
    endloop
  endfacet
  facet normal 7.122991e-002 9.974599e-001 -1.343219e-004
    outer loop
      vertex   2.022636e+001 -1.069376e-001 5.000000e+000
      vertex   2.029391e+001 -1.124350e-001 0.000000e+000
      vertex   1.968727e+001 -6.844037e-002 5.000000e+000
    endloop
  endfacet
  facet normal 6.730343e-002 9.977324e-001 -6.131142e-004
    outer loop
      vertex   1.968727e+001 -6.844037e-002 5.000000e+000
      vertex   2.029391e+001 -1.124350e-001 0.000000e+000
      vertex   1.936793e+001 -4.997153e-002 0.000000e+000
    endloop
  endfacet
  facet normal 3.896107e-002 9.992406e-001 -4.866036e-004
    outer loop
      vertex   1.913612e+001 -3.849805e-002 5.000000e+000
      vertex   1.936793e+001 -4.997153e-002 0.000000e+000
      vertex   1.840673e+001 -1.249347e-002 0.000000e+000
    endloop
  endfacet
  facet normal 3.794651e-002 9.992797e-001 -3.383986e-004
    outer loop
      vertex   1.857290e+001 -1.711068e-002 5.000000e+000
      vertex   1.913612e+001 -3.849805e-002 5.000000e+000
      vertex   1.840673e+001 -1.249347e-002 0.000000e+000
    endloop
  endfacet
  facet normal 5.424675e-002 9.985275e-001 2.237216e-004
    outer loop
      vertex   1.968727e+001 -6.844037e-002 5.000000e+000
      vertex   1.936793e+001 -4.997153e-002 0.000000e+000
      vertex   1.913612e+001 -3.849805e-002 5.000000e+000
    endloop
  endfacet
  facet normal 1.253647e-002 9.999212e-001 -6.171909e-004
    outer loop
      vertex   1.840673e+001 -1.249347e-002 0.000000e+000
      vertex   1.741030e+001 -7.848100e-007 0.000000e+000
      vertex   1.799763e+001 -4.278259e-003 5.000000e+000
    endloop
  endfacet
  facet normal 1.253647e-002 9.999212e-001 6.171909e-004
    outer loop
      vertex   1.741030e+001 -7.848100e-007 1.000000e+001
      vertex   1.840673e+001 -1.249347e-002 1.000000e+001
      vertex   1.799763e+001 -4.278259e-003 5.000000e+000
    endloop
  endfacet
  facet normal 2.230111e-002 9.997513e-001 -1.820215e-004
    outer loop
      vertex   1.799763e+001 -4.278259e-003 5.000000e+000
      vertex   1.840673e+001 -1.249347e-002 1.000000e+001
      vertex   1.857290e+001 -1.711068e-002 5.000000e+000
    endloop
  endfacet
  facet normal 1.000000e+000 -0.000000e+000 0.000000e+000
    outer loop
      vertex   3.273011e+001 -3.073323e+001 1.000000e+001
      vertex   3.273011e+001 -3.073323e+001 0.000000e+000
      vertex   3.273011e+001 -1.360374e+001 1.000000e+001
    endloop
  endfacet
  facet normal 1.000000e+000 -0.000000e+000 0.000000e+000
    outer loop
      vertex   3.273011e+001 -1.360374e+001 1.000000e+001
      vertex   3.273011e+001 -3.073323e+001 0.000000e+000
      vertex   3.273011e+001 -1.360374e+001 0.000000e+000
    endloop
  endfacet
  facet normal 0.000000e+000 -0.000000e+000 1.000000e+000
    outer loop
      vertex   1.733985e+001 -1.723893e+001 1.000000e+001
      vertex   1.806552e+001 -1.722309e+001 1.000000e+001
      vertex   3.280031e+000 -1.714509e+001 1.000000e+001
    endloop
  endfacet
  facet normal 0.000000e+000 -0.000000e+000 1.000000e+000
    outer loop
      vertex   3.067046e+000 -1.763968e+001 1.000000e+001
      vertex   1.733985e+001 -1.723893e+001 1.000000e+001
      vertex   3.280031e+000 -1.714509e+001 1.000000e+001
    endloop
  endfacet
  facet normal 0.000000e+000 0.000000e+000 1.000000e+000
    outer loop
      vertex   3.067046e+000 -1.763968e+001 1.000000e+001
      vertex   1.666049e+001 -1.728647e+001 1.000000e+001
      vertex   1.733985e+001 -1.723893e+001 1.000000e+001
    endloop
  endfacet
  facet normal 0.000000e+000 0.000000e+000 1.000000e+000
    outer loop
      vertex   3.067046e+000 -1.763968e+001 1.000000e+001
      vertex   1.602745e+001 -1.736569e+001 1.000000e+001
      vertex   1.666049e+001 -1.728647e+001 1.000000e+001
    endloop
  endfacet
  facet normal 0.000000e+000 0.000000e+000 1.000000e+000
    outer loop
      vertex   3.067046e+000 -1.763968e+001 1.000000e+001
      vertex   1.544072e+001 -1.747660e+001 1.000000e+001
      vertex   1.602745e+001 -1.736569e+001 1.000000e+001
    endloop
  endfacet
  facet normal 0.000000e+000 0.000000e+000 1.000000e+000
    outer loop
      vertex   3.067046e+000 -1.763968e+001 1.000000e+001
      vertex   1.490030e+001 -1.761920e+001 1.000000e+001
      vertex   1.544072e+001 -1.747660e+001 1.000000e+001
    endloop
  endfacet
  facet normal -0.000000e+000 0.000000e+000 1.000000e+000
    outer loop
      vertex   3.067046e+000 -1.763968e+001 1.000000e+001
      vertex   1.440620e+001 -1.779349e+001 1.000000e+001
      vertex   1.490030e+001 -1.761920e+001 1.000000e+001
    endloop
  endfacet
  facet normal -0.000000e+000 0.000000e+000 1.000000e+000
    outer loop
      vertex   3.067046e+000 -1.763968e+001 1.000000e+001
      vertex   2.882459e+000 -1.815620e+001 1.000000e+001
      vertex   1.440620e+001 -1.779349e+001 1.000000e+001
    endloop
  endfacet
  facet normal -0.000000e+000 0.000000e+000 1.000000e+000
    outer loop
      vertex   1.440620e+001 -1.779349e+001 1.000000e+001
      vertex   2.882459e+000 -1.815620e+001 1.000000e+001
      vertex   1.395841e+001 -1.799946e+001 1.000000e+001
    endloop
  endfacet
  facet normal 0.000000e+000 0.000000e+000 1.000000e+000
    outer loop
      vertex   1.395841e+001 -1.799946e+001 1.000000e+001
      vertex   2.882459e+000 -1.815620e+001 1.000000e+001
      vertex   1.355694e+001 -1.823713e+001 1.000000e+001
    endloop
  endfacet
  facet normal 0.000000e+000 0.000000e+000 1.000000e+000
    outer loop
      vertex   1.355694e+001 -1.823713e+001 1.000000e+001
      vertex   2.882459e+000 -1.815620e+001 1.000000e+001
      vertex   2.726270e+000 -1.869467e+001 1.000000e+001
    endloop
  endfacet
  facet normal 0.000000e+000 0.000000e+000 1.000000e+000
    outer loop
      vertex   1.320227e+001 -1.850600e+001 1.000000e+001
      vertex   2.726270e+000 -1.869467e+001 1.000000e+001
      vertex   1.289489e+001 -1.880558e+001 1.000000e+001
    endloop
  endfacet
  facet normal 0.000000e+000 -0.000000e+000 1.000000e+000
    outer loop
      vertex   1.320227e+001 -1.850600e+001 1.000000e+001
      vertex   1.355694e+001 -1.823713e+001 1.000000e+001
      vertex   2.726270e+000 -1.869467e+001 1.000000e+001
    endloop
  endfacet
  facet normal -0.000000e+000 -0.000000e+000 1.000000e+000
    outer loop
      vertex   2.305772e+001 -1.831513e+001 1.000000e+001
      vertex   3.273011e+001 -3.073323e+001 1.000000e+001
      vertex   2.305772e+001 -1.722309e+001 1.000000e+001
    endloop
  endfacet
  facet normal 0.000000e+000 0.000000e+000 1.000000e+000
    outer loop
      vertex   2.305772e+001 -1.831513e+001 1.000000e+001
      vertex   2.305047e+001 -1.867791e+001 1.000000e+001
      vertex   3.273011e+001 -3.073323e+001 1.000000e+001
    endloop
  endfacet
  facet normal 0.000000e+000 0.000000e+000 1.000000e+000
    outer loop
      vertex   3.273011e+001 -3.073323e+001 1.000000e+001
      vertex   2.305047e+001 -1.867791e+001 1.000000e+001
      vertex   2.302871e+001 -1.903301e+001 1.000000e+001
    endloop
  endfacet
  facet normal -0.000000e+000 -0.000000e+000 1.000000e+000
    outer loop
      vertex   2.299246e+001 -1.938042e+001 1.000000e+001
      vertex   3.273011e+001 -3.073323e+001 1.000000e+001
      vertex   2.302871e+001 -1.903301e+001 1.000000e+001
    endloop
  endfacet
  facet normal 0.000000e+000 0.000000e+000 1.000000e+000
    outer loop
      vertex   2.299246e+001 -1.938042e+001 1.000000e+001
      vertex   2.294169e+001 -1.972016e+001 1.000000e+001
      vertex   3.273011e+001 -3.073323e+001 1.000000e+001
    endloop
  endfacet
  facet normal 0.000000e+000 0.000000e+000 1.000000e+000
    outer loop
      vertex   3.273011e+001 -3.073323e+001 1.000000e+001
      vertex   2.294169e+001 -1.972016e+001 1.000000e+001
      vertex   2.287643e+001 -2.005223e+001 1.000000e+001
    endloop
  endfacet
  facet normal -0.000000e+000 -0.000000e+000 1.000000e+000
    outer loop
      vertex   2.279666e+001 -2.037661e+001 1.000000e+001
      vertex   3.273011e+001 -3.073323e+001 1.000000e+001
      vertex   2.287643e+001 -2.005223e+001 1.000000e+001
    endloop
  endfacet
  facet normal 0.000000e+000 0.000000e+000 1.000000e+000
    outer loop
      vertex   2.279666e+001 -2.037661e+001 1.000000e+001
      vertex   2.270238e+001 -2.069331e+001 1.000000e+001
      vertex   3.273011e+001 -3.073323e+001 1.000000e+001
    endloop
  endfacet
  facet normal 0.000000e+000 0.000000e+000 1.000000e+000
    outer loop
      vertex   3.273011e+001 -3.073323e+001 1.000000e+001
      vertex   2.270238e+001 -2.069331e+001 1.000000e+001
      vertex   2.259360e+001 -2.100234e+001 1.000000e+001
    endloop
  endfacet
  facet normal -0.000000e+000 -0.000000e+000 1.000000e+000
    outer loop
      vertex   2.247032e+001 -2.130369e+001 1.000000e+001
      vertex   3.273011e+001 -3.073323e+001 1.000000e+001
      vertex   2.259360e+001 -2.100234e+001 1.000000e+001
    endloop
  endfacet
  facet normal 0.000000e+000 0.000000e+000 1.000000e+000
    outer loop
      vertex   2.247032e+001 -2.130369e+001 1.000000e+001
      vertex   2.233254e+001 -2.159736e+001 1.000000e+001
      vertex   3.273011e+001 -3.073323e+001 1.000000e+001
    endloop
  endfacet
  facet normal 0.000000e+000 0.000000e+000 1.000000e+000
    outer loop
      vertex   3.273011e+001 -3.073323e+001 1.000000e+001
      vertex   2.233254e+001 -2.159736e+001 1.000000e+001
      vertex   2.218025e+001 -2.188335e+001 1.000000e+001
    endloop
  endfacet
  facet normal -0.000000e+000 -0.000000e+000 1.000000e+000
    outer loop
      vertex   2.201346e+001 -2.216166e+001 1.000000e+001
      vertex   3.273011e+001 -3.073323e+001 1.000000e+001
      vertex   2.218025e+001 -2.188335e+001 1.000000e+001
    endloop
  endfacet
  facet normal 0.000000e+000 0.000000e+000 1.000000e+000
    outer loop
      vertex   2.201346e+001 -2.216166e+001 1.000000e+001
      vertex   2.183216e+001 -2.243230e+001 1.000000e+001
      vertex   3.273011e+001 -3.073323e+001 1.000000e+001
    endloop
  endfacet
  facet normal 0.000000e+000 0.000000e+000 1.000000e+000
    outer loop
      vertex   3.273011e+001 -3.073323e+001 1.000000e+001
      vertex   2.183216e+001 -2.243230e+001 1.000000e+001
      vertex   2.163636e+001 -2.269525e+001 1.000000e+001
    endloop
  endfacet
  facet normal -0.000000e+000 -0.000000e+000 1.000000e+000
    outer loop
      vertex   2.142606e+001 -2.295053e+001 1.000000e+001
      vertex   3.273011e+001 -3.073323e+001 1.000000e+001
      vertex   2.163636e+001 -2.269525e+001 1.000000e+001
    endloop
  endfacet
  facet normal 0.000000e+000 0.000000e+000 1.000000e+000
    outer loop
      vertex   2.142606e+001 -2.295053e+001 1.000000e+001
      vertex   2.120125e+001 -2.319813e+001 1.000000e+001
      vertex   3.273011e+001 -3.073323e+001 1.000000e+001
    endloop
  endfacet
  facet normal 0.000000e+000 0.000000e+000 1.000000e+000
    outer loop
      vertex   3.273011e+001 -3.073323e+001 1.000000e+001
      vertex   2.120125e+001 -2.319813e+001 1.000000e+001
      vertex   2.096596e+001 -2.343427e+001 1.000000e+001
    endloop
  endfacet
  facet normal -0.000000e+000 -0.000000e+000 1.000000e+000
    outer loop
      vertex   2.072421e+001 -2.365518e+001 1.000000e+001
      vertex   3.273011e+001 -3.073323e+001 1.000000e+001
      vertex   2.096596e+001 -2.343427e+001 1.000000e+001
    endloop
  endfacet
  facet normal 0.000000e+000 0.000000e+000 1.000000e+000
    outer loop
      vertex   2.072421e+001 -2.365518e+001 1.000000e+001
      vertex   2.047600e+001 -2.386085e+001 1.000000e+001
      vertex   3.273011e+001 -3.073323e+001 1.000000e+001
    endloop
  endfacet
  facet normal 0.000000e+000 0.000000e+000 1.000000e+000
    outer loop
      vertex   3.273011e+001 -3.073323e+001 1.000000e+001
      vertex   2.047600e+001 -2.386085e+001 1.000000e+001
      vertex   2.022133e+001 -2.405129e+001 1.000000e+001
    endloop
  endfacet
  facet normal -0.000000e+000 -0.000000e+000 1.000000e+000
    outer loop
      vertex   1.996021e+001 -2.422649e+001 1.000000e+001
      vertex   3.273011e+001 -3.073323e+001 1.000000e+001
      vertex   2.022133e+001 -2.405129e+001 1.000000e+001
    endloop
  endfacet
  facet normal 0.000000e+000 0.000000e+000 1.000000e+000
    outer loop
      vertex   1.996021e+001 -2.422649e+001 1.000000e+001
      vertex   1.969262e+001 -2.438646e+001 1.000000e+001
      vertex   3.273011e+001 -3.073323e+001 1.000000e+001
    endloop
  endfacet
  facet normal 0.000000e+000 0.000000e+000 1.000000e+000
    outer loop
      vertex   3.273011e+001 -3.073323e+001 1.000000e+001
      vertex   1.969262e+001 -2.438646e+001 1.000000e+001
      vertex   1.941857e+001 -2.453119e+001 1.000000e+001
    endloop
  endfacet
  facet normal 0.000000e+000 0.000000e+000 1.000000e+000
    outer loop
      vertex   2.305772e+001 -2.630265e+001 1.000000e+001
      vertex   1.941857e+001 -2.453119e+001 1.000000e+001
      vertex   1.913807e+001 -2.466069e+001 1.000000e+001
    endloop
  endfacet
  facet normal -0.000000e+000 -0.000000e+000 1.000000e+000
    outer loop
      vertex   1.885110e+001 -2.477495e+001 1.000000e+001
      vertex   2.305772e+001 -2.630265e+001 1.000000e+001
      vertex   1.913807e+001 -2.466069e+001 1.000000e+001
    endloop
  endfacet
  facet normal 0.000000e+000 0.000000e+000 1.000000e+000
    outer loop
      vertex   1.885110e+001 -2.477495e+001 1.000000e+001
      vertex   1.855767e+001 -2.487398e+001 1.000000e+001
      vertex   2.305772e+001 -2.630265e+001 1.000000e+001
    endloop
  endfacet
  facet normal 0.000000e+000 0.000000e+000 1.000000e+000
    outer loop
      vertex   2.305772e+001 -2.630265e+001 1.000000e+001
      vertex   1.855767e+001 -2.487398e+001 1.000000e+001
      vertex   1.825779e+001 -2.495777e+001 1.000000e+001
    endloop
  endfacet
  facet normal -0.000000e+000 -0.000000e+000 1.000000e+000
    outer loop
      vertex   1.795144e+001 -2.502633e+001 1.000000e+001
      vertex   2.305772e+001 -2.630265e+001 1.000000e+001
      vertex   1.825779e+001 -2.495777e+001 1.000000e+001
    endloop
  endfacet
  facet normal 0.000000e+000 0.000000e+000 1.000000e+000
    outer loop
      vertex   1.795144e+001 -2.502633e+001 1.000000e+001
      vertex   1.763864e+001 -2.507965e+001 1.000000e+001
      vertex   2.305772e+001 -2.630265e+001 1.000000e+001
    endloop
  endfacet
  facet normal 0.000000e+000 0.000000e+000 1.000000e+000
    outer loop
      vertex   2.305772e+001 -2.630265e+001 1.000000e+001
      vertex   1.763864e+001 -2.507965e+001 1.000000e+001
      vertex   1.731937e+001 -2.511774e+001 1.000000e+001
    endloop
  endfacet
  facet normal -0.000000e+000 -0.000000e+000 1.000000e+000
    outer loop
      vertex   1.699365e+001 -2.514059e+001 1.000000e+001
      vertex   2.305772e+001 -2.630265e+001 1.000000e+001
      vertex   1.731937e+001 -2.511774e+001 1.000000e+001
    endloop
  endfacet
  facet normal 0.000000e+000 0.000000e+000 1.000000e+000
    outer loop
      vertex   1.699365e+001 -2.514059e+001 1.000000e+001
      vertex   1.666147e+001 -2.514821e+001 1.000000e+001
      vertex   2.305772e+001 -2.630265e+001 1.000000e+001
    endloop
  endfacet
  facet normal 0.000000e+000 0.000000e+000 1.000000e+000
    outer loop
      vertex   2.305772e+001 -2.630265e+001 1.000000e+001
      vertex   1.666147e+001 -2.514821e+001 1.000000e+001
      vertex   2.926701e+000 -2.522170e+001 1.000000e+001
    endloop
  endfacet
  facet normal -0.000000e+000 -0.000000e+000 1.000000e+000
    outer loop
      vertex   3.096724e+000 -2.567083e+001 1.000000e+001
      vertex   2.305772e+001 -2.630265e+001 1.000000e+001
      vertex   2.926701e+000 -2.522170e+001 1.000000e+001
    endloop
  endfacet
  facet normal 0.000000e+000 0.000000e+000 1.000000e+000
    outer loop
      vertex   3.096724e+000 -2.567083e+001 1.000000e+001
      vertex   3.289416e+000 -2.610704e+001 1.000000e+001
      vertex   2.305772e+001 -2.630265e+001 1.000000e+001
    endloop
  endfacet
  facet normal 0.000000e+000 0.000000e+000 1.000000e+000
    outer loop
      vertex   2.305772e+001 -2.630265e+001 1.000000e+001
      vertex   3.289416e+000 -2.610704e+001 1.000000e+001
      vertex   2.256679e+001 -2.695837e+001 1.000000e+001
    endloop
  endfacet
  facet normal 0.000000e+000 0.000000e+000 1.000000e+000
    outer loop
      vertex   2.256679e+001 -2.695837e+001 1.000000e+001
      vertex   3.289416e+000 -2.610704e+001 1.000000e+001
      vertex   2.206123e+001 -2.756825e+001 1.000000e+001
    endloop
  endfacet
  facet normal 0.000000e+000 0.000000e+000 1.000000e+000
    outer loop
      vertex   2.206123e+001 -2.756825e+001 1.000000e+001
      vertex   3.289416e+000 -2.610704e+001 1.000000e+001
      vertex   2.154105e+001 -2.813231e+001 1.000000e+001
    endloop
  endfacet
  facet normal 0.000000e+000 0.000000e+000 1.000000e+000
    outer loop
      vertex   2.154105e+001 -2.813231e+001 1.000000e+001
      vertex   3.289416e+000 -2.610704e+001 1.000000e+001
      vertex   2.100624e+001 -2.865055e+001 1.000000e+001
    endloop
  endfacet
  facet normal 0.000000e+000 0.000000e+000 1.000000e+000
    outer loop
      vertex   2.100624e+001 -2.865055e+001 1.000000e+001
      vertex   3.289416e+000 -2.610704e+001 1.000000e+001
      vertex   2.045681e+001 -2.912295e+001 1.000000e+001
    endloop
  endfacet
  facet normal 0.000000e+000 0.000000e+000 1.000000e+000
    outer loop
      vertex   2.045681e+001 -2.912295e+001 1.000000e+001
      vertex   3.289416e+000 -2.610704e+001 1.000000e+001
      vertex   1.989275e+001 -2.954953e+001 1.000000e+001
    endloop
  endfacet
  facet normal 0.000000e+000 0.000000e+000 1.000000e+000
    outer loop
      vertex   1.989275e+001 -2.954953e+001 1.000000e+001
      vertex   3.289416e+000 -2.610704e+001 1.000000e+001
      vertex   1.931406e+001 -2.993029e+001 1.000000e+001
    endloop
  endfacet
  facet normal 0.000000e+000 0.000000e+000 1.000000e+000
    outer loop
      vertex   1.931406e+001 -2.993029e+001 1.000000e+001
      vertex   3.289416e+000 -2.610704e+001 1.000000e+001
      vertex   1.872075e+001 -3.026521e+001 1.000000e+001
    endloop
  endfacet
  facet normal 0.000000e+000 0.000000e+000 1.000000e+000
    outer loop
      vertex   1.872075e+001 -3.026521e+001 1.000000e+001
      vertex   3.289416e+000 -2.610704e+001 1.000000e+001
      vertex   1.810355e+001 -3.055772e+001 1.000000e+001
    endloop
  endfacet
  facet normal 0.000000e+000 0.000000e+000 1.000000e+000
    outer loop
      vertex   1.810355e+001 -3.055772e+001 1.000000e+001
      vertex   3.289416e+000 -2.610704e+001 1.000000e+001
      vertex   1.745320e+001 -3.081123e+001 1.000000e+001
    endloop
  endfacet
  facet normal 0.000000e+000 0.000000e+000 1.000000e+000
    outer loop
      vertex   1.745320e+001 -3.081123e+001 1.000000e+001
      vertex   3.289416e+000 -2.610704e+001 1.000000e+001
      vertex   1.676970e+001 -3.102574e+001 1.000000e+001
    endloop
  endfacet
  facet normal 0.000000e+000 0.000000e+000 1.000000e+000
    outer loop
      vertex   1.676970e+001 -3.102574e+001 1.000000e+001
      vertex   3.289416e+000 -2.610704e+001 1.000000e+001
      vertex   1.605304e+001 -3.120125e+001 1.000000e+001
    endloop
  endfacet
  facet normal 0.000000e+000 0.000000e+000 1.000000e+000
    outer loop
      vertex   1.605304e+001 -3.120125e+001 1.000000e+001
      vertex   3.289416e+000 -2.610704e+001 1.000000e+001
      vertex   1.530324e+001 -3.133775e+001 1.000000e+001
    endloop
  endfacet
  facet normal 0.000000e+000 0.000000e+000 1.000000e+000
    outer loop
      vertex   1.530324e+001 -3.133775e+001 1.000000e+001
      vertex   3.289416e+000 -2.610704e+001 1.000000e+001
      vertex   1.452028e+001 -3.143526e+001 1.000000e+001
    endloop
  endfacet
  facet normal 0.000000e+000 0.000000e+000 1.000000e+000
    outer loop
      vertex   1.452028e+001 -3.143526e+001 1.000000e+001
      vertex   3.289416e+000 -2.610704e+001 1.000000e+001
      vertex   1.370417e+001 -3.149376e+001 1.000000e+001
    endloop
  endfacet
  facet normal 0.000000e+000 0.000000e+000 1.000000e+000
    outer loop
      vertex   1.370417e+001 -3.149376e+001 1.000000e+001
      vertex   3.289416e+000 -2.610704e+001 1.000000e+001
      vertex   3.504778e+000 -2.653032e+001 1.000000e+001
    endloop
  endfacet
  facet normal -0.000000e+000 -0.000000e+000 1.000000e+000
    outer loop
      vertex   3.742809e+000 -2.694069e+001 1.000000e+001
      vertex   1.370417e+001 -3.149376e+001 1.000000e+001
      vertex   3.504778e+000 -2.653032e+001 1.000000e+001
    endloop
  endfacet
  facet normal 0.000000e+000 0.000000e+000 1.000000e+000
    outer loop
      vertex   3.742809e+000 -2.694069e+001 1.000000e+001
      vertex   4.003510e+000 -2.733814e+001 1.000000e+001
      vertex   1.370417e+001 -3.149376e+001 1.000000e+001
    endloop
  endfacet
  facet normal 0.000000e+000 0.000000e+000 1.000000e+000
    outer loop
      vertex   1.370417e+001 -3.149376e+001 1.000000e+001
      vertex   4.003510e+000 -2.733814e+001 1.000000e+001
      vertex   4.286881e+000 -2.772268e+001 1.000000e+001
    endloop
  endfacet
  facet normal -0.000000e+000 -0.000000e+000 1.000000e+000
    outer loop
      vertex   4.592921e+000 -2.809429e+001 1.000000e+001
      vertex   1.370417e+001 -3.149376e+001 1.000000e+001
      vertex   4.286881e+000 -2.772268e+001 1.000000e+001
    endloop
  endfacet
  facet normal 0.000000e+000 0.000000e+000 1.000000e+000
    outer loop
      vertex   4.592921e+000 -2.809429e+001 1.000000e+001
      vertex   4.921631e+000 -2.845298e+001 1.000000e+001
      vertex   1.370417e+001 -3.149376e+001 1.000000e+001
    endloop
  endfacet
  facet normal 0.000000e+000 0.000000e+000 1.000000e+000
    outer loop
      vertex   1.370417e+001 -3.149376e+001 1.000000e+001
      vertex   4.921631e+000 -2.845298e+001 1.000000e+001
      vertex   5.273011e+000 -2.879875e+001 1.000000e+001
    endloop
  endfacet
  facet normal -0.000000e+000 -0.000000e+000 1.000000e+000
    outer loop
      vertex   5.642673e+000 -2.912746e+001 1.000000e+001
      vertex   1.370417e+001 -3.149376e+001 1.000000e+001
      vertex   5.273011e+000 -2.879875e+001 1.000000e+001
    endloop
  endfacet
  facet normal 0.000000e+000 0.000000e+000 1.000000e+000
    outer loop
      vertex   5.642673e+000 -2.912746e+001 1.000000e+001
      vertex   6.026229e+000 -2.943497e+001 1.000000e+001
      vertex   1.370417e+001 -3.149376e+001 1.000000e+001
    endloop
  endfacet
  facet normal 0.000000e+000 0.000000e+000 1.000000e+000
    outer loop
      vertex   1.370417e+001 -3.149376e+001 1.000000e+001
      vertex   6.026229e+000 -2.943497e+001 1.000000e+001
      vertex   6.423679e+000 -2.972126e+001 1.000000e+001
    endloop
  endfacet
  facet normal -0.000000e+000 -0.000000e+000 1.000000e+000
    outer loop
      vertex   6.835023e+000 -2.998635e+001 1.000000e+001
      vertex   1.370417e+001 -3.149376e+001 1.000000e+001
      vertex   6.423679e+000 -2.972126e+001 1.000000e+001
    endloop
  endfacet
  facet normal 0.000000e+000 0.000000e+000 1.000000e+000
    outer loop
      vertex   6.835023e+000 -2.998635e+001 1.000000e+001
      vertex   7.260262e+000 -3.023023e+001 1.000000e+001
      vertex   1.370417e+001 -3.149376e+001 1.000000e+001
    endloop
  endfacet
  facet normal 0.000000e+000 0.000000e+000 1.000000e+000
    outer loop
      vertex   1.370417e+001 -3.149376e+001 1.000000e+001
      vertex   7.260262e+000 -3.023023e+001 1.000000e+001
      vertex   7.699395e+000 -3.045291e+001 1.000000e+001
    endloop
  endfacet
  facet normal -0.000000e+000 -0.000000e+000 1.000000e+000
    outer loop
      vertex   8.152423e+000 -3.065437e+001 1.000000e+001
      vertex   1.370417e+001 -3.149376e+001 1.000000e+001
      vertex   7.699395e+000 -3.045291e+001 1.000000e+001
    endloop
  endfacet
  facet normal 0.000000e+000 0.000000e+000 1.000000e+000
    outer loop
      vertex   8.152423e+000 -3.065437e+001 1.000000e+001
      vertex   8.619345e+000 -3.083463e+001 1.000000e+001
      vertex   1.370417e+001 -3.149376e+001 1.000000e+001
    endloop
  endfacet
  facet normal 0.000000e+000 0.000000e+000 1.000000e+000
    outer loop
      vertex   1.370417e+001 -3.149376e+001 1.000000e+001
      vertex   8.619345e+000 -3.083463e+001 1.000000e+001
      vertex   9.100161e+000 -3.099369e+001 1.000000e+001
    endloop
  endfacet
  facet normal -0.000000e+000 -0.000000e+000 1.000000e+000
    outer loop
      vertex   9.594871e+000 -3.113153e+001 1.000000e+001
      vertex   1.370417e+001 -3.149376e+001 1.000000e+001
      vertex   9.100161e+000 -3.099369e+001 1.000000e+001
    endloop
  endfacet
  facet normal 0.000000e+000 0.000000e+000 1.000000e+000
    outer loop
      vertex   9.594871e+000 -3.113153e+001 1.000000e+001
      vertex   1.010348e+001 -3.124817e+001 1.000000e+001
      vertex   1.370417e+001 -3.149376e+001 1.000000e+001
    endloop
  endfacet
  facet normal 0.000000e+000 0.000000e+000 1.000000e+000
    outer loop
      vertex   1.370417e+001 -3.149376e+001 1.000000e+001
      vertex   1.010348e+001 -3.124817e+001 1.000000e+001
      vertex   1.062598e+001 -3.134360e+001 1.000000e+001
    endloop
  endfacet
  facet normal -0.000000e+000 -0.000000e+000 1.000000e+000
    outer loop
      vertex   1.116237e+001 -3.141783e+001 1.000000e+001
      vertex   1.370417e+001 -3.149376e+001 1.000000e+001
      vertex   1.062598e+001 -3.134360e+001 1.000000e+001
    endloop
  endfacet
  facet normal 0.000000e+000 0.000000e+000 1.000000e+000
    outer loop
      vertex   1.116237e+001 -3.141783e+001 1.000000e+001
      vertex   1.171266e+001 -3.147085e+001 1.000000e+001
      vertex   1.370417e+001 -3.149376e+001 1.000000e+001
    endloop
  endfacet
  facet normal 0.000000e+000 0.000000e+000 1.000000e+000
    outer loop
      vertex   1.370417e+001 -3.149376e+001 1.000000e+001
      vertex   1.171266e+001 -3.147085e+001 1.000000e+001
      vertex   1.227684e+001 -3.150266e+001 1.000000e+001
    endloop
  endfacet
  facet normal 0.000000e+000 -0.000000e+000 1.000000e+000
    outer loop
      vertex   1.285491e+001 -3.151326e+001 1.000000e+001
      vertex   1.370417e+001 -3.149376e+001 1.000000e+001
      vertex   1.227684e+001 -3.150266e+001 1.000000e+001
    endloop
  endfacet
  facet normal 0.000000e+000 0.000000e+000 1.000000e+000
    outer loop
      vertex   3.273011e+001 -3.073323e+001 1.000000e+001
      vertex   1.941857e+001 -2.453119e+001 1.000000e+001
      vertex   2.305772e+001 -2.630265e+001 1.000000e+001
    endloop
  endfacet
  facet normal 0.000000e+000 -0.000000e+000 1.000000e+000
    outer loop
      vertex   2.305772e+001 -3.073323e+001 1.000000e+001
      vertex   3.273011e+001 -3.073323e+001 1.000000e+001
      vertex   2.305772e+001 -2.630265e+001 1.000000e+001
    endloop
  endfacet
  facet normal 0.000000e+000 0.000000e+000 1.000000e+000
    outer loop
      vertex   1.666147e+001 -2.514821e+001 1.000000e+001
      vertex   1.613056e+001 -2.513212e+001 1.000000e+001
      vertex   2.926701e+000 -2.522170e+001 1.000000e+001
    endloop
  endfacet
  facet normal 0.000000e+000 -0.000000e+000 1.000000e+000
    outer loop
      vertex   2.926701e+000 -2.522170e+001 1.000000e+001
      vertex   1.613056e+001 -2.513212e+001 1.000000e+001
      vertex   1.562988e+001 -2.508385e+001 1.000000e+001
    endloop
  endfacet
  facet normal -0.000000e+000 0.000000e+000 1.000000e+000
    outer loop
      vertex   1.515942e+001 -2.500341e+001 1.000000e+001
      vertex   2.926701e+000 -2.522170e+001 1.000000e+001
      vertex   1.562988e+001 -2.508385e+001 1.000000e+001
    endloop
  endfacet
  facet normal 0.000000e+000 0.000000e+000 1.000000e+000
    outer loop
      vertex   1.515942e+001 -2.500341e+001 1.000000e+001
      vertex   1.471919e+001 -2.489080e+001 1.000000e+001
      vertex   2.926701e+000 -2.522170e+001 1.000000e+001
    endloop
  endfacet
  facet normal 0.000000e+000 -0.000000e+000 1.000000e+000
    outer loop
      vertex   2.926701e+000 -2.522170e+001 1.000000e+001
      vertex   1.471919e+001 -2.489080e+001 1.000000e+001
      vertex   2.779349e+000 -2.475965e+001 1.000000e+001
    endloop
  endfacet
  facet normal -0.000000e+000 -0.000000e+000 1.000000e+000
    outer loop
      vertex   2.779349e+000 -2.475965e+001 1.000000e+001
      vertex   1.471919e+001 -2.489080e+001 1.000000e+001
      vertex   1.430918e+001 -2.474600e+001 1.000000e+001
    endloop
  endfacet
  facet normal -0.000000e+000 0.000000e+000 1.000000e+000
    outer loop
      vertex   1.392941e+001 -2.456903e+001 1.000000e+001
      vertex   2.779349e+000 -2.475965e+001 1.000000e+001
      vertex   1.430918e+001 -2.474600e+001 1.000000e+001
    endloop
  endfacet
  facet normal 0.000000e+000 0.000000e+000 1.000000e+000
    outer loop
      vertex   1.392941e+001 -2.456903e+001 1.000000e+001
      vertex   1.357986e+001 -2.435989e+001 1.000000e+001
      vertex   2.779349e+000 -2.475965e+001 1.000000e+001
    endloop
  endfacet
  facet normal 0.000000e+000 -0.000000e+000 1.000000e+000
    outer loop
      vertex   2.779349e+000 -2.475965e+001 1.000000e+001
      vertex   1.357986e+001 -2.435989e+001 1.000000e+001
      vertex   2.654666e+000 -2.428469e+001 1.000000e+001
    endloop
  endfacet
  facet normal -0.000000e+000 -0.000000e+000 1.000000e+000
    outer loop
      vertex   2.654666e+000 -2.428469e+001 1.000000e+001
      vertex   1.357986e+001 -2.435989e+001 1.000000e+001
      vertex   1.326053e+001 -2.411857e+001 1.000000e+001
    endloop
  endfacet
  facet normal -0.000000e+000 0.000000e+000 1.000000e+000
    outer loop
      vertex   1.297533e+001 -2.384848e+001 1.000000e+001
      vertex   2.654666e+000 -2.428469e+001 1.000000e+001
      vertex   1.326053e+001 -2.411857e+001 1.000000e+001
    endloop
  endfacet
  facet normal 0.000000e+000 0.000000e+000 1.000000e+000
    outer loop
      vertex   1.297533e+001 -2.384848e+001 1.000000e+001
      vertex   2.552652e+000 -2.379680e+001 1.000000e+001
      vertex   2.654666e+000 -2.428469e+001 1.000000e+001
    endloop
  endfacet
  facet normal 0.000000e+000 0.000000e+000 1.000000e+000
    outer loop
      vertex   1.297533e+001 -2.384848e+001 1.000000e+001
      vertex   1.272816e+001 -2.355304e+001 1.000000e+001
      vertex   2.552652e+000 -2.379680e+001 1.000000e+001
    endloop
  endfacet
  facet normal 0.000000e+000 -0.000000e+000 1.000000e+000
    outer loop
      vertex   2.552652e+000 -2.379680e+001 1.000000e+001
      vertex   1.272816e+001 -2.355304e+001 1.000000e+001
      vertex   2.473308e+000 -2.329600e+001 1.000000e+001
    endloop
  endfacet
  facet normal -0.000000e+000 -0.000000e+000 1.000000e+000
    outer loop
      vertex   2.473308e+000 -2.329600e+001 1.000000e+001
      vertex   1.272816e+001 -2.355304e+001 1.000000e+001
      vertex   1.251901e+001 -2.323226e+001 1.000000e+001
    endloop
  endfacet
  facet normal -0.000000e+000 0.000000e+000 1.000000e+000
    outer loop
      vertex   1.234789e+001 -2.288612e+001 1.000000e+001
      vertex   2.473308e+000 -2.329600e+001 1.000000e+001
      vertex   1.251901e+001 -2.323226e+001 1.000000e+001
    endloop
  endfacet
  facet normal 0.000000e+000 0.000000e+000 1.000000e+000
    outer loop
      vertex   1.234789e+001 -2.288612e+001 1.000000e+001
      vertex   2.416634e+000 -2.278227e+001 1.000000e+001
      vertex   2.473308e+000 -2.329600e+001 1.000000e+001
    endloop
  endfacet
  facet normal 0.000000e+000 0.000000e+000 1.000000e+000
    outer loop
      vertex   1.234789e+001 -2.288612e+001 1.000000e+001
      vertex   1.221480e+001 -2.251463e+001 1.000000e+001
      vertex   2.416634e+000 -2.278227e+001 1.000000e+001
    endloop
  endfacet
  facet normal 0.000000e+000 -0.000000e+000 1.000000e+000
    outer loop
      vertex   2.416634e+000 -2.278227e+001 1.000000e+001
      vertex   1.221480e+001 -2.251463e+001 1.000000e+001
      vertex   2.382630e+000 -2.225563e+001 1.000000e+001
    endloop
  endfacet
  facet normal -0.000000e+000 -0.000000e+000 1.000000e+000
    outer loop
      vertex   2.382630e+000 -2.225563e+001 1.000000e+001
      vertex   1.221480e+001 -2.251463e+001 1.000000e+001
      vertex   1.211973e+001 -2.211779e+001 1.000000e+001
    endloop
  endfacet
  facet normal -0.000000e+000 -0.000000e+000 1.000000e+000
    outer loop
      vertex   2.371295e+000 -2.171607e+001 1.000000e+001
      vertex   1.211973e+001 -2.211779e+001 1.000000e+001
      vertex   1.206270e+001 -2.169559e+001 1.000000e+001
    endloop
  endfacet
  facet normal -0.000000e+000 0.000000e+000 1.000000e+000
    outer loop
      vertex   1.204368e+001 -2.124805e+001 1.000000e+001
      vertex   2.371295e+000 -2.171607e+001 1.000000e+001
      vertex   1.206270e+001 -2.169559e+001 1.000000e+001
    endloop
  endfacet
  facet normal 0.000000e+000 0.000000e+000 1.000000e+000
    outer loop
      vertex   1.204368e+001 -2.124805e+001 1.000000e+001
      vertex   2.385494e+000 -2.106791e+001 1.000000e+001
      vertex   2.371295e+000 -2.171607e+001 1.000000e+001
    endloop
  endfacet
  facet normal 0.000000e+000 -0.000000e+000 1.000000e+000
    outer loop
      vertex   1.204368e+001 -2.124805e+001 1.000000e+001
      vertex   1.206733e+001 -2.076419e+001 1.000000e+001
      vertex   2.385494e+000 -2.106791e+001 1.000000e+001
    endloop
  endfacet
  facet normal 0.000000e+000 -0.000000e+000 1.000000e+000
    outer loop
      vertex   2.385494e+000 -2.106791e+001 1.000000e+001
      vertex   1.206733e+001 -2.076419e+001 1.000000e+001
      vertex   2.428091e+000 -2.044169e+001 1.000000e+001
    endloop
  endfacet
  facet normal -0.000000e+000 0.000000e+000 1.000000e+000
    outer loop
      vertex   2.428091e+000 -2.044169e+001 1.000000e+001
      vertex   1.206733e+001 -2.076419e+001 1.000000e+001
      vertex   1.213826e+001 -2.031104e+001 1.000000e+001
    endloop
  endfacet
  facet normal -0.000000e+000 0.000000e+000 1.000000e+000
    outer loop
      vertex   1.225648e+001 -1.988860e+001 1.000000e+001
      vertex   2.428091e+000 -2.044169e+001 1.000000e+001
      vertex   1.213826e+001 -2.031104e+001 1.000000e+001
    endloop
  endfacet
  facet normal 0.000000e+000 0.000000e+000 1.000000e+000
    outer loop
      vertex   1.225648e+001 -1.988860e+001 1.000000e+001
      vertex   2.499086e+000 -1.983741e+001 1.000000e+001
      vertex   2.428091e+000 -2.044169e+001 1.000000e+001
    endloop
  endfacet
  facet normal 0.000000e+000 -0.000000e+000 1.000000e+000
    outer loop
      vertex   1.225648e+001 -1.988860e+001 1.000000e+001
      vertex   1.242200e+001 -1.949688e+001 1.000000e+001
      vertex   2.499086e+000 -1.983741e+001 1.000000e+001
    endloop
  endfacet
  facet normal 0.000000e+000 -0.000000e+000 1.000000e+000
    outer loop
      vertex   2.499086e+000 -1.983741e+001 1.000000e+001
      vertex   1.242200e+001 -1.949688e+001 1.000000e+001
      vertex   2.598479e+000 -1.925507e+001 1.000000e+001
    endloop
  endfacet
  facet normal -0.000000e+000 0.000000e+000 1.000000e+000
    outer loop
      vertex   2.598479e+000 -1.925507e+001 1.000000e+001
      vertex   1.242200e+001 -1.949688e+001 1.000000e+001
      vertex   1.263480e+001 -1.913587e+001 1.000000e+001
    endloop
  endfacet
  facet normal -0.000000e+000 0.000000e+000 1.000000e+000
    outer loop
      vertex   1.289489e+001 -1.880558e+001 1.000000e+001
      vertex   2.598479e+000 -1.925507e+001 1.000000e+001
      vertex   1.263480e+001 -1.913587e+001 1.000000e+001
    endloop
  endfacet
  facet normal 0.000000e+000 0.000000e+000 1.000000e+000
    outer loop
      vertex   1.289489e+001 -1.880558e+001 1.000000e+001
      vertex   2.726270e+000 -1.869467e+001 1.000000e+001
      vertex   2.598479e+000 -1.925507e+001 1.000000e+001
    endloop
  endfacet
  facet normal 0.000000e+000 -0.000000e+000 1.000000e+000
    outer loop
      vertex   2.382630e+000 -2.225563e+001 1.000000e+001
      vertex   1.211973e+001 -2.211779e+001 1.000000e+001
      vertex   2.371295e+000 -2.171607e+001 1.000000e+001
    endloop
  endfacet
  facet normal 0.000000e+000 -0.000000e+000 1.000000e+000
    outer loop
      vertex   3.273011e+001 -3.073323e+001 1.000000e+001
      vertex   3.273011e+001 -1.360374e+001 1.000000e+001
      vertex   2.305772e+001 -1.722309e+001 1.000000e+001
    endloop
  endfacet
  facet normal 0.000000e+000 -0.000000e+000 1.000000e+000
    outer loop
      vertex   2.305772e+001 -1.722309e+001 1.000000e+001
      vertex   3.273011e+001 -1.360374e+001 1.000000e+001
      vertex   6.476758e+000 -1.367968e+001 1.000000e+001
    endloop
  endfacet
  facet normal -0.000000e+000 -0.000000e+000 1.000000e+000
    outer loop
      vertex   6.006240e+000 -1.397816e+001 1.000000e+001
      vertex   2.305772e+001 -1.722309e+001 1.000000e+001
      vertex   6.476758e+000 -1.367968e+001 1.000000e+001
    endloop
  endfacet
  facet normal 0.000000e+000 0.000000e+000 1.000000e+000
    outer loop
      vertex   6.006240e+000 -1.397816e+001 1.000000e+001
      vertex   5.566071e+000 -1.429724e+001 1.000000e+001
      vertex   2.305772e+001 -1.722309e+001 1.000000e+001
    endloop
  endfacet
  facet normal 0.000000e+000 0.000000e+000 1.000000e+000
    outer loop
      vertex   2.305772e+001 -1.722309e+001 1.000000e+001
      vertex   5.566071e+000 -1.429724e+001 1.000000e+001
      vertex   5.154300e+000 -1.463826e+001 1.000000e+001
    endloop
  endfacet
  facet normal -0.000000e+000 -0.000000e+000 1.000000e+000
    outer loop
      vertex   4.770927e+000 -1.500122e+001 1.000000e+001
      vertex   2.305772e+001 -1.722309e+001 1.000000e+001
      vertex   5.154300e+000 -1.463826e+001 1.000000e+001
    endloop
  endfacet
  facet normal 0.000000e+000 0.000000e+000 1.000000e+000
    outer loop
      vertex   4.770927e+000 -1.500122e+001 1.000000e+001
      vertex   4.415952e+000 -1.538612e+001 1.000000e+001
      vertex   2.305772e+001 -1.722309e+001 1.000000e+001
    endloop
  endfacet
  facet normal 0.000000e+000 0.000000e+000 1.000000e+000
    outer loop
      vertex   2.305772e+001 -1.722309e+001 1.000000e+001
      vertex   4.415952e+000 -1.538612e+001 1.000000e+001
      vertex   4.089375e+000 -1.579295e+001 1.000000e+001
    endloop
  endfacet
  facet normal -0.000000e+000 -0.000000e+000 1.000000e+000
    outer loop
      vertex   3.791195e+000 -1.622172e+001 1.000000e+001
      vertex   2.305772e+001 -1.722309e+001 1.000000e+001
      vertex   4.089375e+000 -1.579295e+001 1.000000e+001
    endloop
  endfacet
  facet normal 0.000000e+000 0.000000e+000 1.000000e+000
    outer loop
      vertex   3.791195e+000 -1.622172e+001 1.000000e+001
      vertex   3.521414e+000 -1.667244e+001 1.000000e+001
      vertex   2.305772e+001 -1.722309e+001 1.000000e+001
    endloop
  endfacet
  facet normal 0.000000e+000 0.000000e+000 1.000000e+000
    outer loop
      vertex   2.305772e+001 -1.722309e+001 1.000000e+001
      vertex   3.521414e+000 -1.667244e+001 1.000000e+001
      vertex   3.280031e+000 -1.714509e+001 1.000000e+001
    endloop
  endfacet
  facet normal 0.000000e+000 -0.000000e+000 1.000000e+000
    outer loop
      vertex   1.806552e+001 -1.722309e+001 1.000000e+001
      vertex   2.305772e+001 -1.722309e+001 1.000000e+001
      vertex   3.280031e+000 -1.714509e+001 1.000000e+001
    endloop
  endfacet
  facet normal 0.000000e+000 0.000000e+000 1.000000e+000
    outer loop
      vertex   3.271603e+001 -1.271847e+001 1.000000e+001
      vertex   8.082098e+000 -1.289977e+001 1.000000e+001
      vertex   3.273011e+001 -1.360374e+001 1.000000e+001
    endloop
  endfacet
  facet normal 0.000000e+000 0.000000e+000 1.000000e+000
    outer loop
      vertex   3.271603e+001 -1.271847e+001 1.000000e+001
      vertex   8.681808e+000 -1.267831e+001 1.000000e+001
      vertex   8.082098e+000 -1.289977e+001 1.000000e+001
    endloop
  endfacet
  facet normal 0.000000e+000 0.000000e+000 1.000000e+000
    outer loop
      vertex   3.271603e+001 -1.271847e+001 1.000000e+001
      vertex   9.313816e+000 -1.247611e+001 1.000000e+001
      vertex   8.681808e+000 -1.267831e+001 1.000000e+001
    endloop
  endfacet
  facet normal 0.000000e+000 0.000000e+000 1.000000e+000
    outer loop
      vertex   3.271603e+001 -1.271847e+001 1.000000e+001
      vertex   9.978123e+000 -1.229317e+001 1.000000e+001
      vertex   9.313816e+000 -1.247611e+001 1.000000e+001
    endloop
  endfacet
  facet normal 0.000000e+000 0.000000e+000 1.000000e+000
    outer loop
      vertex   3.271603e+001 -1.271847e+001 1.000000e+001
      vertex   1.067473e+001 -1.212949e+001 1.000000e+001
      vertex   9.978123e+000 -1.229317e+001 1.000000e+001
    endloop
  endfacet
  facet normal 0.000000e+000 0.000000e+000 1.000000e+000
    outer loop
      vertex   3.271603e+001 -1.271847e+001 1.000000e+001
      vertex   1.140363e+001 -1.198506e+001 1.000000e+001
      vertex   1.067473e+001 -1.212949e+001 1.000000e+001
    endloop
  endfacet
  facet normal 0.000000e+000 0.000000e+000 1.000000e+000
    outer loop
      vertex   3.271603e+001 -1.271847e+001 1.000000e+001
      vertex   3.267380e+001 -1.186452e+001 1.000000e+001
      vertex   1.140363e+001 -1.198506e+001 1.000000e+001
    endloop
  endfacet
  facet normal 0.000000e+000 -0.000000e+000 1.000000e+000
    outer loop
      vertex   1.140363e+001 -1.198506e+001 1.000000e+001
      vertex   3.267380e+001 -1.186452e+001 1.000000e+001
      vertex   1.216483e+001 -1.185989e+001 1.000000e+001
    endloop
  endfacet
  facet normal -0.000000e+000 -0.000000e+000 1.000000e+000
    outer loop
      vertex   1.216483e+001 -1.185989e+001 1.000000e+001
      vertex   3.267380e+001 -1.186452e+001 1.000000e+001
      vertex   1.295833e+001 -1.175397e+001 1.000000e+001
    endloop
  endfacet
  facet normal -0.000000e+000 -0.000000e+000 1.000000e+000
    outer loop
      vertex   1.295833e+001 -1.175397e+001 1.000000e+001
      vertex   3.267380e+001 -1.186452e+001 1.000000e+001
      vertex   1.378413e+001 -1.166732e+001 1.000000e+001
    endloop
  endfacet
  facet normal -0.000000e+000 -0.000000e+000 1.000000e+000
    outer loop
      vertex   1.378413e+001 -1.166732e+001 1.000000e+001
      vertex   3.267380e+001 -1.186452e+001 1.000000e+001
      vertex   1.464222e+001 -1.159992e+001 1.000000e+001
    endloop
  endfacet
  facet normal -0.000000e+000 -0.000000e+000 1.000000e+000
    outer loop
      vertex   1.464222e+001 -1.159992e+001 1.000000e+001
      vertex   3.267380e+001 -1.186452e+001 1.000000e+001
      vertex   1.553262e+001 -1.155178e+001 1.000000e+001
    endloop
  endfacet
  facet normal -0.000000e+000 -0.000000e+000 1.000000e+000
    outer loop
      vertex   1.553262e+001 -1.155178e+001 1.000000e+001
      vertex   3.267380e+001 -1.186452e+001 1.000000e+001
      vertex   1.645531e+001 -1.152289e+001 1.000000e+001
    endloop
  endfacet
  facet normal -0.000000e+000 -0.000000e+000 1.000000e+000
    outer loop
      vertex   1.645531e+001 -1.152289e+001 1.000000e+001
      vertex   3.267380e+001 -1.186452e+001 1.000000e+001
      vertex   1.741030e+001 -1.151326e+001 1.000000e+001
    endloop
  endfacet
  facet normal -0.000000e+000 -0.000000e+000 1.000000e+000
    outer loop
      vertex   1.741030e+001 -1.151326e+001 1.000000e+001
      vertex   3.267380e+001 -1.186452e+001 1.000000e+001
      vertex   2.305772e+001 -1.151326e+001 1.000000e+001
    endloop
  endfacet
  facet normal -0.000000e+000 -0.000000e+000 1.000000e+000
    outer loop
      vertex   2.305772e+001 -1.151326e+001 1.000000e+001
      vertex   3.267380e+001 -1.186452e+001 1.000000e+001
      vertex   3.260342e+001 -1.104189e+001 1.000000e+001
    endloop
  endfacet
  facet normal -0.000000e+000 -0.000000e+000 1.000000e+000
    outer loop
      vertex   2.305772e+001 -1.076443e+001 1.000000e+001
      vertex   3.260342e+001 -1.104189e+001 1.000000e+001
      vertex   2.305071e+001 -1.048447e+001 1.000000e+001
    endloop
  endfacet
  facet normal -0.000000e+000 0.000000e+000 1.000000e+000
    outer loop
      vertex   2.305772e+001 -1.076443e+001 1.000000e+001
      vertex   2.305772e+001 -1.151326e+001 1.000000e+001
      vertex   3.260342e+001 -1.104189e+001 1.000000e+001
    endloop
  endfacet
  facet normal 0.000000e+000 0.000000e+000 1.000000e+000
    outer loop
      vertex   3.260342e+001 -1.104189e+001 1.000000e+001
      vertex   3.250488e+001 -1.025059e+001 1.000000e+001
      vertex   2.305071e+001 -1.048447e+001 1.000000e+001
    endloop
  endfacet
  facet normal 0.000000e+000 -0.000000e+000 1.000000e+000
    outer loop
      vertex   2.305071e+001 -1.048447e+001 1.000000e+001
      vertex   3.250488e+001 -1.025059e+001 1.000000e+001
      vertex   2.302969e+001 -1.021402e+001 1.000000e+001
    endloop
  endfacet
  facet normal -0.000000e+000 -0.000000e+000 1.000000e+000
    outer loop
      vertex   2.302969e+001 -1.021402e+001 1.000000e+001
      vertex   3.250488e+001 -1.025059e+001 1.000000e+001
      vertex   2.299465e+001 -9.953077e+000 1.000000e+001
    endloop
  endfacet
  facet normal -0.000000e+000 -0.000000e+000 1.000000e+000
    outer loop
      vertex   2.299465e+001 -9.953077e+000 1.000000e+001
      vertex   3.250488e+001 -1.025059e+001 1.000000e+001
      vertex   2.294559e+001 -9.701639e+000 1.000000e+001
    endloop
  endfacet
  facet normal -0.000000e+000 -0.000000e+000 1.000000e+000
    outer loop
      vertex   2.294559e+001 -9.701639e+000 1.000000e+001
      vertex   3.250488e+001 -1.025059e+001 1.000000e+001
      vertex   3.237818e+001 -9.490604e+000 1.000000e+001
    endloop
  endfacet
  facet normal -0.000000e+000 -0.000000e+000 1.000000e+000
    outer loop
      vertex   2.288252e+001 -9.459707e+000 1.000000e+001
      vertex   3.237818e+001 -9.490604e+000 1.000000e+001
      vertex   2.280543e+001 -9.227282e+000 1.000000e+001
    endloop
  endfacet
  facet normal -0.000000e+000 0.000000e+000 1.000000e+000
    outer loop
      vertex   2.288252e+001 -9.459707e+000 1.000000e+001
      vertex   2.294559e+001 -9.701639e+000 1.000000e+001
      vertex   3.237818e+001 -9.490604e+000 1.000000e+001
    endloop
  endfacet
  facet normal 0.000000e+000 0.000000e+000 1.000000e+000
    outer loop
      vertex   3.222333e+001 -8.761945e+000 1.000000e+001
      vertex   2.260920e+001 -8.790952e+000 1.000000e+001
      vertex   3.237818e+001 -9.490604e+000 1.000000e+001
    endloop
  endfacet
  facet normal 0.000000e+000 0.000000e+000 1.000000e+000
    outer loop
      vertex   3.222333e+001 -8.761945e+000 1.000000e+001
      vertex   2.249007e+001 -8.587047e+000 1.000000e+001
      vertex   2.260920e+001 -8.790952e+000 1.000000e+001
    endloop
  endfacet
  facet normal 0.000000e+000 0.000000e+000 1.000000e+000
    outer loop
      vertex   3.222333e+001 -8.761945e+000 1.000000e+001
      vertex   2.235691e+001 -8.392649e+000 1.000000e+001
      vertex   2.249007e+001 -8.587047e+000 1.000000e+001
    endloop
  endfacet
  facet normal 0.000000e+000 0.000000e+000 1.000000e+000
    outer loop
      vertex   3.222333e+001 -8.761945e+000 1.000000e+001
      vertex   2.220974e+001 -8.207757e+000 1.000000e+001
      vertex   2.235691e+001 -8.392649e+000 1.000000e+001
    endloop
  endfacet
  facet normal 0.000000e+000 0.000000e+000 1.000000e+000
    outer loop
      vertex   3.222333e+001 -8.761945e+000 1.000000e+001
      vertex   3.204033e+001 -8.064609e+000 1.000000e+001
      vertex   2.220974e+001 -8.207757e+000 1.000000e+001
    endloop
  endfacet
  facet normal 0.000000e+000 -0.000000e+000 1.000000e+000
    outer loop
      vertex   2.220974e+001 -8.207757e+000 1.000000e+001
      vertex   3.204033e+001 -8.064609e+000 1.000000e+001
      vertex   2.204856e+001 -8.032372e+000 1.000000e+001
    endloop
  endfacet
  facet normal -0.000000e+000 -0.000000e+000 1.000000e+000
    outer loop
      vertex   2.204856e+001 -8.032372e+000 1.000000e+001
      vertex   3.204033e+001 -8.064609e+000 1.000000e+001
      vertex   2.187335e+001 -7.866494e+000 1.000000e+001
    endloop
  endfacet
  facet normal -0.000000e+000 -0.000000e+000 1.000000e+000
    outer loop
      vertex   2.187335e+001 -7.866494e+000 1.000000e+001
      vertex   3.204033e+001 -8.064609e+000 1.000000e+001
      vertex   2.168414e+001 -7.710122e+000 1.000000e+001
    endloop
  endfacet
  facet normal -0.000000e+000 -0.000000e+000 1.000000e+000
    outer loop
      vertex   2.168414e+001 -7.710122e+000 1.000000e+001
      vertex   3.204033e+001 -8.064609e+000 1.000000e+001
      vertex   2.148090e+001 -7.563256e+000 1.000000e+001
    endloop
  endfacet
  facet normal -0.000000e+000 -0.000000e+000 1.000000e+000
    outer loop
      vertex   2.148090e+001 -7.563256e+000 1.000000e+001
      vertex   3.204033e+001 -8.064609e+000 1.000000e+001
      vertex   2.126365e+001 -7.425898e+000 1.000000e+001
    endloop
  endfacet
  facet normal -0.000000e+000 -0.000000e+000 1.000000e+000
    outer loop
      vertex   2.126365e+001 -7.425898e+000 1.000000e+001
      vertex   3.204033e+001 -8.064609e+000 1.000000e+001
      vertex   3.182917e+001 -7.398597e+000 1.000000e+001
    endloop
  endfacet
  facet normal -0.000000e+000 -0.000000e+000 1.000000e+000
    outer loop
      vertex   2.103153e+001 -7.297436e+000 1.000000e+001
      vertex   3.182917e+001 -7.398597e+000 1.000000e+001
      vertex   2.078369e+001 -7.177263e+000 1.000000e+001
    endloop
  endfacet
  facet normal -0.000000e+000 0.000000e+000 1.000000e+000
    outer loop
      vertex   2.103153e+001 -7.297436e+000 1.000000e+001
      vertex   2.126365e+001 -7.425898e+000 1.000000e+001
      vertex   3.182917e+001 -7.398597e+000 1.000000e+001
    endloop
  endfacet
  facet normal 0.000000e+000 0.000000e+000 1.000000e+000
    outer loop
      vertex   3.158986e+001 -6.763907e+000 1.000000e+001
      vertex   1.963509e+001 -6.779447e+000 1.000000e+001
      vertex   3.182917e+001 -7.398597e+000 1.000000e+001
    endloop
  endfacet
  facet normal 0.000000e+000 0.000000e+000 1.000000e+000
    outer loop
      vertex   3.158986e+001 -6.763907e+000 1.000000e+001
      vertex   1.930864e+001 -6.700713e+000 1.000000e+001
      vertex   1.963509e+001 -6.779447e+000 1.000000e+001
    endloop
  endfacet
  facet normal 0.000000e+000 0.000000e+000 1.000000e+000
    outer loop
      vertex   3.158986e+001 -6.763907e+000 1.000000e+001
      vertex   1.896646e+001 -6.630266e+000 1.000000e+001
      vertex   1.930864e+001 -6.700713e+000 1.000000e+001
    endloop
  endfacet
  facet normal 0.000000e+000 0.000000e+000 1.000000e+000
    outer loop
      vertex   3.158986e+001 -6.763907e+000 1.000000e+001
      vertex   1.860856e+001 -6.568107e+000 1.000000e+001
      vertex   1.896646e+001 -6.630266e+000 1.000000e+001
    endloop
  endfacet
  facet normal 0.000000e+000 0.000000e+000 1.000000e+000
    outer loop
      vertex   3.158986e+001 -6.763907e+000 1.000000e+001
      vertex   1.823494e+001 -6.514236e+000 1.000000e+001
      vertex   1.860856e+001 -6.568107e+000 1.000000e+001
    endloop
  endfacet
  facet normal 0.000000e+000 0.000000e+000 1.000000e+000
    outer loop
      vertex   3.158986e+001 -6.763907e+000 1.000000e+001
      vertex   1.784559e+001 -6.468653e+000 1.000000e+001
      vertex   1.823494e+001 -6.514236e+000 1.000000e+001
    endloop
  endfacet
  facet normal 0.000000e+000 0.000000e+000 1.000000e+000
    outer loop
      vertex   3.158986e+001 -6.763907e+000 1.000000e+001
      vertex   1.744052e+001 -6.431358e+000 1.000000e+001
      vertex   1.784559e+001 -6.468653e+000 1.000000e+001
    endloop
  endfacet
  facet normal 0.000000e+000 0.000000e+000 1.000000e+000
    outer loop
      vertex   3.158986e+001 -6.763907e+000 1.000000e+001
      vertex   1.701973e+001 -6.402351e+000 1.000000e+001
      vertex   1.744052e+001 -6.431358e+000 1.000000e+001
    endloop
  endfacet
  facet normal 0.000000e+000 0.000000e+000 1.000000e+000
    outer loop
      vertex   3.158986e+001 -6.763907e+000 1.000000e+001
      vertex   1.658322e+001 -6.381631e+000 1.000000e+001
      vertex   1.701973e+001 -6.402351e+000 1.000000e+001
    endloop
  endfacet
  facet normal 0.000000e+000 0.000000e+000 1.000000e+000
    outer loop
      vertex   3.158986e+001 -6.763907e+000 1.000000e+001
      vertex   1.613098e+001 -6.369199e+000 1.000000e+001
      vertex   1.658322e+001 -6.381631e+000 1.000000e+001
    endloop
  endfacet
  facet normal 0.000000e+000 0.000000e+000 1.000000e+000
    outer loop
      vertex   3.158986e+001 -6.763907e+000 1.000000e+001
      vertex   3.132240e+001 -6.160541e+000 1.000000e+001
      vertex   1.613098e+001 -6.369199e+000 1.000000e+001
    endloop
  endfacet
  facet normal 0.000000e+000 -0.000000e+000 1.000000e+000
    outer loop
      vertex   1.613098e+001 -6.369199e+000 1.000000e+001
      vertex   3.132240e+001 -6.160541e+000 1.000000e+001
      vertex   1.566303e+001 -6.365055e+000 1.000000e+001
    endloop
  endfacet
  facet normal 0.000000e+000 -0.000000e+000 1.000000e+000
    outer loop
      vertex   1.566303e+001 -6.365055e+000 1.000000e+001
      vertex   3.132240e+001 -6.160541e+000 1.000000e+001
      vertex   3.102678e+001 -5.588498e+000 1.000000e+001
    endloop
  endfacet
  facet normal -0.000000e+000 0.000000e+000 1.000000e+000
    outer loop
      vertex   3.070300e+001 -5.047778e+000 1.000000e+001
      vertex   1.566303e+001 -6.365055e+000 1.000000e+001
      vertex   3.102678e+001 -5.588498e+000 1.000000e+001
    endloop
  endfacet
  facet normal 0.000000e+000 0.000000e+000 1.000000e+000
    outer loop
      vertex   3.070300e+001 -5.047778e+000 1.000000e+001
      vertex   3.035107e+001 -4.538381e+000 1.000000e+001
      vertex   1.566303e+001 -6.365055e+000 1.000000e+001
    endloop
  endfacet
  facet normal 0.000000e+000 -0.000000e+000 1.000000e+000
    outer loop
      vertex   1.566303e+001 -6.365055e+000 1.000000e+001
      vertex   3.035107e+001 -4.538381e+000 1.000000e+001
      vertex   2.997099e+001 -4.060307e+000 1.000000e+001
    endloop
  endfacet
  facet normal -0.000000e+000 0.000000e+000 1.000000e+000
    outer loop
      vertex   2.956276e+001 -3.613556e+000 1.000000e+001
      vertex   1.566303e+001 -6.365055e+000 1.000000e+001
      vertex   2.997099e+001 -4.060307e+000 1.000000e+001
    endloop
  endfacet
  facet normal 0.000000e+000 0.000000e+000 1.000000e+000
    outer loop
      vertex   2.956276e+001 -3.613556e+000 1.000000e+001
      vertex   2.912637e+001 -3.198129e+000 1.000000e+001
      vertex   1.566303e+001 -6.365055e+000 1.000000e+001
    endloop
  endfacet
  facet normal 0.000000e+000 -0.000000e+000 1.000000e+000
    outer loop
      vertex   1.566303e+001 -6.365055e+000 1.000000e+001
      vertex   2.912637e+001 -3.198129e+000 1.000000e+001
      vertex   2.865829e+001 -2.810855e+000 1.000000e+001
    endloop
  endfacet
  facet normal -0.000000e+000 0.000000e+000 1.000000e+000
    outer loop
      vertex   2.815498e+001 -2.448567e+000 1.000000e+001
      vertex   1.566303e+001 -6.365055e+000 1.000000e+001
      vertex   2.865829e+001 -2.810855e+000 1.000000e+001
    endloop
  endfacet
  facet normal 0.000000e+000 0.000000e+000 1.000000e+000
    outer loop
      vertex   2.815498e+001 -2.448567e+000 1.000000e+001
      vertex   2.761646e+001 -2.111265e+000 1.000000e+001
      vertex   1.566303e+001 -6.365055e+000 1.000000e+001
    endloop
  endfacet
  facet normal 0.000000e+000 -0.000000e+000 1.000000e+000
    outer loop
      vertex   1.566303e+001 -6.365055e+000 1.000000e+001
      vertex   2.761646e+001 -2.111265e+000 1.000000e+001
      vertex   2.704271e+001 -1.798948e+000 1.000000e+001
    endloop
  endfacet
  facet normal -0.000000e+000 0.000000e+000 1.000000e+000
    outer loop
      vertex   2.643373e+001 -1.511616e+000 1.000000e+001
      vertex   1.566303e+001 -6.365055e+000 1.000000e+001
      vertex   2.704271e+001 -1.798948e+000 1.000000e+001
    endloop
  endfacet
  facet normal 0.000000e+000 0.000000e+000 1.000000e+000
    outer loop
      vertex   2.643373e+001 -1.511616e+000 1.000000e+001
      vertex   2.578954e+001 -1.249270e+000 1.000000e+001
      vertex   1.566303e+001 -6.365055e+000 1.000000e+001
    endloop
  endfacet
  facet normal 0.000000e+000 -0.000000e+000 1.000000e+000
    outer loop
      vertex   1.566303e+001 -6.365055e+000 1.000000e+001
      vertex   2.578954e+001 -1.249270e+000 1.000000e+001
      vertex   2.511012e+001 -1.011908e+000 1.000000e+001
    endloop
  endfacet
  facet normal -0.000000e+000 0.000000e+000 1.000000e+000
    outer loop
      vertex   2.439548e+001 -7.995328e-001 1.000000e+001
      vertex   1.566303e+001 -6.365055e+000 1.000000e+001
      vertex   2.511012e+001 -1.011908e+000 1.000000e+001
    endloop
  endfacet
  facet normal 0.000000e+000 0.000000e+000 1.000000e+000
    outer loop
      vertex   2.439548e+001 -7.995328e-001 1.000000e+001
      vertex   2.364561e+001 -6.121425e-001 1.000000e+001
      vertex   1.566303e+001 -6.365055e+000 1.000000e+001
    endloop
  endfacet
  facet normal 0.000000e+000 -0.000000e+000 1.000000e+000
    outer loop
      vertex   1.566303e+001 -6.365055e+000 1.000000e+001
      vertex   2.364561e+001 -6.121425e-001 1.000000e+001
      vertex   2.286052e+001 -4.497375e-001 1.000000e+001
    endloop
  endfacet
  facet normal -0.000000e+000 0.000000e+000 1.000000e+000
    outer loop
      vertex   2.204021e+001 -3.123180e-001 1.000000e+001
      vertex   1.566303e+001 -6.365055e+000 1.000000e+001
      vertex   2.286052e+001 -4.497375e-001 1.000000e+001
    endloop
  endfacet
  facet normal 0.000000e+000 0.000000e+000 1.000000e+000
    outer loop
      vertex   2.204021e+001 -3.123180e-001 1.000000e+001
      vertex   2.118467e+001 -1.998838e-001 1.000000e+001
      vertex   1.566303e+001 -6.365055e+000 1.000000e+001
    endloop
  endfacet
  facet normal 0.000000e+000 -0.000000e+000 1.000000e+000
    outer loop
      vertex   1.566303e+001 -6.365055e+000 1.000000e+001
      vertex   2.118467e+001 -1.998838e-001 1.000000e+001
      vertex   2.029391e+001 -1.124350e-001 1.000000e+001
    endloop
  endfacet
  facet normal -0.000000e+000 0.000000e+000 1.000000e+000
    outer loop
      vertex   1.936793e+001 -4.997153e-002 1.000000e+001
      vertex   1.566303e+001 -6.365055e+000 1.000000e+001
      vertex   2.029391e+001 -1.124350e-001 1.000000e+001
    endloop
  endfacet
  facet normal -0.000000e+000 0.000000e+000 1.000000e+000
    outer loop
      vertex   1.936793e+001 -4.997153e-002 1.000000e+001
      vertex   1.489762e+001 -6.374562e+000 1.000000e+001
      vertex   1.566303e+001 -6.365055e+000 1.000000e+001
    endloop
  endfacet
  facet normal 0.000000e+000 0.000000e+000 1.000000e+000
    outer loop
      vertex   1.936793e+001 -4.997153e-002 1.000000e+001
      vertex   1.840673e+001 -1.249347e-002 1.000000e+001
      vertex   1.489762e+001 -6.374562e+000 1.000000e+001
    endloop
  endfacet
  facet normal 0.000000e+000 -0.000000e+000 1.000000e+000
    outer loop
      vertex   1.489762e+001 -6.374562e+000 1.000000e+001
      vertex   1.840673e+001 -1.249347e-002 1.000000e+001
      vertex   1.741030e+001 -7.848100e-007 1.000000e+001
    endloop
  endfacet
  facet normal -0.000000e+000 0.000000e+000 1.000000e+000
    outer loop
      vertex   1.585121e+001 -2.437676e-002 1.000000e+001
      vertex   1.489762e+001 -6.374562e+000 1.000000e+001
      vertex   1.741030e+001 -7.848100e-007 1.000000e+001
    endloop
  endfacet
  facet normal 0.000000e+000 0.000000e+000 1.000000e+000
    outer loop
      vertex   1.585121e+001 -2.437676e-002 1.000000e+001
      vertex   1.429407e+001 -9.750468e-002 1.000000e+001
      vertex   1.489762e+001 -6.374562e+000 1.000000e+001
    endloop
  endfacet
  facet normal 0.000000e+000 0.000000e+000 1.000000e+000
    outer loop
      vertex   1.489762e+001 -6.374562e+000 1.000000e+001
      vertex   1.429407e+001 -9.750468e-002 1.000000e+001
      vertex   1.414587e+001 -6.403082e+000 1.000000e+001
    endloop
  endfacet
  facet normal 0.000000e+000 -0.000000e+000 1.000000e+000
    outer loop
      vertex   1.414587e+001 -6.403082e+000 1.000000e+001
      vertex   1.429407e+001 -9.750468e-002 1.000000e+001
      vertex   1.273888e+001 -2.193846e-001 1.000000e+001
    endloop
  endfacet
  facet normal 0.000000e+000 0.000000e+000 1.000000e+000
    outer loop
      vertex   1.340776e+001 -6.450615e+000 1.000000e+001
      vertex   1.273888e+001 -2.193846e-001 1.000000e+001
      vertex   1.268331e+001 -6.517161e+000 1.000000e+001
    endloop
  endfacet
  facet normal 0.000000e+000 -0.000000e+000 1.000000e+000
    outer loop
      vertex   1.340776e+001 -6.450615e+000 1.000000e+001
      vertex   1.414587e+001 -6.403082e+000 1.000000e+001
      vertex   1.273888e+001 -2.193846e-001 1.000000e+001
    endloop
  endfacet
  facet normal 0.000000e+000 0.000000e+000 1.000000e+000
    outer loop
      vertex   1.273888e+001 -2.193846e-001 1.000000e+001
      vertex   1.118565e+001 -3.900164e-001 1.000000e+001
      vertex   1.268331e+001 -6.517161e+000 1.000000e+001
    endloop
  endfacet
  facet normal 0.000000e+000 0.000000e+000 1.000000e+000
    outer loop
      vertex   1.268331e+001 -6.517161e+000 1.000000e+001
      vertex   1.118565e+001 -3.900164e-001 1.000000e+001
      vertex   1.197250e+001 -6.602721e+000 1.000000e+001
    endloop
  endfacet
  facet normal 0.000000e+000 0.000000e+000 1.000000e+000
    outer loop
      vertex   1.197250e+001 -6.602721e+000 1.000000e+001
      vertex   1.118565e+001 -3.900164e-001 1.000000e+001
      vertex   1.127535e+001 -6.707294e+000 1.000000e+001
    endloop
  endfacet
  facet normal 0.000000e+000 0.000000e+000 1.000000e+000
    outer loop
      vertex   1.127535e+001 -6.707294e+000 1.000000e+001
      vertex   1.118565e+001 -3.900164e-001 1.000000e+001
      vertex   9.634360e+000 -6.074501e-001 1.000000e+001
    endloop
  endfacet
  facet normal 0.000000e+000 0.000000e+000 1.000000e+000
    outer loop
      vertex   1.059185e+001 -6.830880e+000 1.000000e+001
      vertex   9.634360e+000 -6.074501e-001 1.000000e+001
      vertex   9.921997e+000 -6.973480e+000 1.000000e+001
    endloop
  endfacet
  facet normal 0.000000e+000 -0.000000e+000 1.000000e+000
    outer loop
      vertex   1.059185e+001 -6.830880e+000 1.000000e+001
      vertex   1.127535e+001 -6.707294e+000 1.000000e+001
      vertex   9.634360e+000 -6.074501e-001 1.000000e+001
    endloop
  endfacet
  facet normal 0.000000e+000 0.000000e+000 1.000000e+000
    outer loop
      vertex   9.634360e+000 -6.074501e-001 1.000000e+001
      vertex   8.085023e+000 -8.697356e-001 1.000000e+001
      vertex   9.921997e+000 -6.973480e+000 1.000000e+001
    endloop
  endfacet
  facet normal 0.000000e+000 0.000000e+000 1.000000e+000
    outer loop
      vertex   9.921997e+000 -6.973480e+000 1.000000e+001
      vertex   8.085023e+000 -8.697356e-001 1.000000e+001
      vertex   9.264821e+000 -7.135580e+000 1.000000e+001
    endloop
  endfacet
  facet normal 0.000000e+000 0.000000e+000 1.000000e+000
    outer loop
      vertex   9.264821e+000 -7.135580e+000 1.000000e+001
      vertex   8.085023e+000 -8.697356e-001 1.000000e+001
      vertex   8.619345e+000 -7.317668e+000 1.000000e+001
    endloop
  endfacet
  facet normal 0.000000e+000 0.000000e+000 1.000000e+000
    outer loop
      vertex   8.619345e+000 -7.317668e+000 1.000000e+001
      vertex   8.085023e+000 -8.697356e-001 1.000000e+001
      vertex   6.537637e+000 -1.176873e+000 1.000000e+001
    endloop
  endfacet
  facet normal 0.000000e+000 0.000000e+000 1.000000e+000
    outer loop
      vertex   7.985569e+000 -7.519745e+000 1.000000e+001
      vertex   6.537637e+000 -1.176873e+000 1.000000e+001
      vertex   7.363495e+000 -7.741810e+000 1.000000e+001
    endloop
  endfacet
  facet normal 0.000000e+000 -0.000000e+000 1.000000e+000
    outer loop
      vertex   7.985569e+000 -7.519745e+000 1.000000e+001
      vertex   8.619345e+000 -7.317668e+000 1.000000e+001
      vertex   6.537637e+000 -1.176873e+000 1.000000e+001
    endloop
  endfacet
  facet normal 0.000000e+000 0.000000e+000 1.000000e+000
    outer loop
      vertex   6.537637e+000 -1.176873e+000 1.000000e+001
      vertex   4.992200e+000 -1.528862e+000 1.000000e+001
      vertex   7.363495e+000 -7.741810e+000 1.000000e+001
    endloop
  endfacet
  facet normal 0.000000e+000 0.000000e+000 1.000000e+000
    outer loop
      vertex   7.363495e+000 -7.741810e+000 1.000000e+001
      vertex   4.992200e+000 -1.528862e+000 1.000000e+001
      vertex   6.753120e+000 -7.983864e+000 1.000000e+001
    endloop
  endfacet
  facet normal 0.000000e+000 0.000000e+000 1.000000e+000
    outer loop
      vertex   6.753120e+000 -7.983864e+000 1.000000e+001
      vertex   4.992200e+000 -1.528862e+000 1.000000e+001
      vertex   6.154446e+000 -8.245906e+000 1.000000e+001
    endloop
  endfacet
  facet normal 0.000000e+000 0.000000e+000 1.000000e+000
    outer loop
      vertex   6.154446e+000 -8.245906e+000 1.000000e+001
      vertex   4.992200e+000 -1.528862e+000 1.000000e+001
      vertex   5.567473e+000 -8.527936e+000 1.000000e+001
    endloop
  endfacet
  facet normal 0.000000e+000 0.000000e+000 1.000000e+000
    outer loop
      vertex   5.567473e+000 -8.527936e+000 1.000000e+001
      vertex   4.992200e+000 -1.528862e+000 1.000000e+001
      vertex   4.992200e+000 -8.829954e+000 1.000000e+001
    endloop
  endfacet
  facet normal 0.000000e+000 0.000000e+000 1.000000e+000
    outer loop
      vertex   1.963509e+001 -6.779447e+000 1.000000e+001
      vertex   1.994582e+001 -6.866469e+000 1.000000e+001
      vertex   3.182917e+001 -7.398597e+000 1.000000e+001
    endloop
  endfacet
  facet normal 0.000000e+000 0.000000e+000 1.000000e+000
    outer loop
      vertex   3.182917e+001 -7.398597e+000 1.000000e+001
      vertex   1.994582e+001 -6.866469e+000 1.000000e+001
      vertex   2.024083e+001 -6.961779e+000 1.000000e+001
    endloop
  endfacet
  facet normal -0.000000e+000 -0.000000e+000 1.000000e+000
    outer loop
      vertex   2.052012e+001 -7.065377e+000 1.000000e+001
      vertex   3.182917e+001 -7.398597e+000 1.000000e+001
      vertex   2.024083e+001 -6.961779e+000 1.000000e+001
    endloop
  endfacet
  facet normal 0.000000e+000 0.000000e+000 1.000000e+000
    outer loop
      vertex   2.052012e+001 -7.065377e+000 1.000000e+001
      vertex   2.078369e+001 -7.177263e+000 1.000000e+001
      vertex   3.182917e+001 -7.398597e+000 1.000000e+001
    endloop
  endfacet
  facet normal 0.000000e+000 0.000000e+000 1.000000e+000
    outer loop
      vertex   2.260920e+001 -8.790952e+000 1.000000e+001
      vertex   2.271433e+001 -9.004364e+000 1.000000e+001
      vertex   3.237818e+001 -9.490604e+000 1.000000e+001
    endloop
  endfacet
  facet normal 0.000000e+000 0.000000e+000 1.000000e+000
    outer loop
      vertex   3.237818e+001 -9.490604e+000 1.000000e+001
      vertex   2.271433e+001 -9.004364e+000 1.000000e+001
      vertex   2.280543e+001 -9.227282e+000 1.000000e+001
    endloop
  endfacet
  facet normal 0.000000e+000 0.000000e+000 1.000000e+000
    outer loop
      vertex   8.082098e+000 -1.289977e+001 1.000000e+001
      vertex   7.514687e+000 -1.314048e+001 1.000000e+001
      vertex   3.273011e+001 -1.360374e+001 1.000000e+001
    endloop
  endfacet
  facet normal 0.000000e+000 0.000000e+000 1.000000e+000
    outer loop
      vertex   3.273011e+001 -1.360374e+001 1.000000e+001
      vertex   7.514687e+000 -1.314048e+001 1.000000e+001
      vertex   6.979573e+000 -1.340045e+001 1.000000e+001
    endloop
  endfacet
  facet normal 0.000000e+000 -0.000000e+000 1.000000e+000
    outer loop
      vertex   6.476758e+000 -1.367968e+001 1.000000e+001
      vertex   3.273011e+001 -1.360374e+001 1.000000e+001
      vertex   6.979573e+000 -1.340045e+001 1.000000e+001
    endloop
  endfacet
  facet normal 0.000000e+000 0.000000e+000 -1.000000e+000
    outer loop
      vertex   1.806552e+001 -1.722309e+001 0.000000e+000
      vertex   3.280031e+000 -1.714509e+001 0.000000e+000
      vertex   2.305772e+001 -1.722309e+001 0.000000e+000
    endloop
  endfacet
  facet normal -0.000000e+000 0.000000e+000 -1.000000e+000
    outer loop
      vertex   1.806552e+001 -1.722309e+001 0.000000e+000
      vertex   1.733985e+001 -1.723893e+001 0.000000e+000
      vertex   3.280031e+000 -1.714509e+001 0.000000e+000
    endloop
  endfacet
  facet normal 0.000000e+000 -0.000000e+000 -1.000000e+000
    outer loop
      vertex   3.280031e+000 -1.714509e+001 0.000000e+000
      vertex   1.733985e+001 -1.723893e+001 0.000000e+000
      vertex   3.067046e+000 -1.763968e+001 0.000000e+000
    endloop
  endfacet
  facet normal 0.000000e+000 -0.000000e+000 -1.000000e+000
    outer loop
      vertex   3.067046e+000 -1.763968e+001 0.000000e+000
      vertex   1.733985e+001 -1.723893e+001 0.000000e+000
      vertex   1.666049e+001 -1.728647e+001 0.000000e+000
    endloop
  endfacet
  facet normal -0.000000e+000 0.000000e+000 -1.000000e+000
    outer loop
      vertex   1.602745e+001 -1.736569e+001 0.000000e+000
      vertex   3.067046e+000 -1.763968e+001 0.000000e+000
      vertex   1.666049e+001 -1.728647e+001 0.000000e+000
    endloop
  endfacet
  facet normal 0.000000e+000 0.000000e+000 -1.000000e+000
    outer loop
      vertex   1.602745e+001 -1.736569e+001 0.000000e+000
      vertex   1.544072e+001 -1.747660e+001 0.000000e+000
      vertex   3.067046e+000 -1.763968e+001 0.000000e+000
    endloop
  endfacet
  facet normal 0.000000e+000 -0.000000e+000 -1.000000e+000
    outer loop
      vertex   3.067046e+000 -1.763968e+001 0.000000e+000
      vertex   1.544072e+001 -1.747660e+001 0.000000e+000
      vertex   1.490030e+001 -1.761920e+001 0.000000e+000
    endloop
  endfacet
  facet normal 0.000000e+000 0.000000e+000 -1.000000e+000
    outer loop
      vertex   1.440620e+001 -1.779349e+001 0.000000e+000
      vertex   3.067046e+000 -1.763968e+001 0.000000e+000
      vertex   1.490030e+001 -1.761920e+001 0.000000e+000
    endloop
  endfacet
  facet normal -0.000000e+000 0.000000e+000 -1.000000e+000
    outer loop
      vertex   1.440620e+001 -1.779349e+001 0.000000e+000
      vertex   2.882459e+000 -1.815620e+001 0.000000e+000
      vertex   3.067046e+000 -1.763968e+001 0.000000e+000
    endloop
  endfacet
  facet normal 0.000000e+000 0.000000e+000 -1.000000e+000
    outer loop
      vertex   1.440620e+001 -1.779349e+001 0.000000e+000
      vertex   1.395841e+001 -1.799946e+001 0.000000e+000
      vertex   2.882459e+000 -1.815620e+001 0.000000e+000
    endloop
  endfacet
  facet normal 0.000000e+000 -0.000000e+000 -1.000000e+000
    outer loop
      vertex   2.882459e+000 -1.815620e+001 0.000000e+000
      vertex   1.395841e+001 -1.799946e+001 0.000000e+000
      vertex   1.355694e+001 -1.823713e+001 0.000000e+000
    endloop
  endfacet
  facet normal 0.000000e+000 -0.000000e+000 -1.000000e+000
    outer loop
      vertex   2.726270e+000 -1.869467e+001 0.000000e+000
      vertex   1.355694e+001 -1.823713e+001 0.000000e+000
      vertex   1.320227e+001 -1.850600e+001 0.000000e+000
    endloop
  endfacet
  facet normal 0.000000e+000 0.000000e+000 -1.000000e+000
    outer loop
      vertex   1.289489e+001 -1.880558e+001 0.000000e+000
      vertex   2.726270e+000 -1.869467e+001 0.000000e+000
      vertex   1.320227e+001 -1.850600e+001 0.000000e+000
    endloop
  endfacet
  facet normal -0.000000e+000 0.000000e+000 -1.000000e+000
    outer loop
      vertex   1.289489e+001 -1.880558e+001 0.000000e+000
      vertex   2.598479e+000 -1.925507e+001 0.000000e+000
      vertex   2.726270e+000 -1.869467e+001 0.000000e+000
    endloop
  endfacet
  facet normal 0.000000e+000 0.000000e+000 -1.000000e+000
    outer loop
      vertex   1.289489e+001 -1.880558e+001 0.000000e+000
      vertex   1.263480e+001 -1.913587e+001 0.000000e+000
      vertex   2.598479e+000 -1.925507e+001 0.000000e+000
    endloop
  endfacet
  facet normal 0.000000e+000 -0.000000e+000 -1.000000e+000
    outer loop
      vertex   2.598479e+000 -1.925507e+001 0.000000e+000
      vertex   1.263480e+001 -1.913587e+001 0.000000e+000
      vertex   1.242200e+001 -1.949688e+001 0.000000e+000
    endloop
  endfacet
  facet normal 0.000000e+000 -0.000000e+000 -1.000000e+000
    outer loop
      vertex   2.499086e+000 -1.983741e+001 0.000000e+000
      vertex   1.242200e+001 -1.949688e+001 0.000000e+000
      vertex   1.225648e+001 -1.988860e+001 0.000000e+000
    endloop
  endfacet
  facet normal 0.000000e+000 -0.000000e+000 -1.000000e+000
    outer loop
      vertex   2.428091e+000 -2.044169e+001 0.000000e+000
      vertex   1.225648e+001 -1.988860e+001 0.000000e+000
      vertex   1.213826e+001 -2.031104e+001 0.000000e+000
    endloop
  endfacet
  facet normal 0.000000e+000 0.000000e+000 -1.000000e+000
    outer loop
      vertex   1.206733e+001 -2.076419e+001 0.000000e+000
      vertex   2.428091e+000 -2.044169e+001 0.000000e+000
      vertex   1.213826e+001 -2.031104e+001 0.000000e+000
    endloop
  endfacet
  facet normal -0.000000e+000 0.000000e+000 -1.000000e+000
    outer loop
      vertex   1.206733e+001 -2.076419e+001 0.000000e+000
      vertex   2.385494e+000 -2.106791e+001 0.000000e+000
      vertex   2.428091e+000 -2.044169e+001 0.000000e+000
    endloop
  endfacet
  facet normal -0.000000e+000 0.000000e+000 -1.000000e+000
    outer loop
      vertex   1.206733e+001 -2.076419e+001 0.000000e+000
      vertex   1.204368e+001 -2.124805e+001 0.000000e+000
      vertex   2.385494e+000 -2.106791e+001 0.000000e+000
    endloop
  endfacet
  facet normal 0.000000e+000 -0.000000e+000 -1.000000e+000
    outer loop
      vertex   2.385494e+000 -2.106791e+001 0.000000e+000
      vertex   1.204368e+001 -2.124805e+001 0.000000e+000
      vertex   2.371295e+000 -2.171607e+001 0.000000e+000
    endloop
  endfacet
  facet normal 0.000000e+000 0.000000e+000 -1.000000e+000
    outer loop
      vertex   2.371295e+000 -2.171607e+001 0.000000e+000
      vertex   1.204368e+001 -2.124805e+001 0.000000e+000
      vertex   1.206270e+001 -2.169559e+001 0.000000e+000
    endloop
  endfacet
  facet normal 0.000000e+000 0.000000e+000 -1.000000e+000
    outer loop
      vertex   1.211973e+001 -2.211779e+001 0.000000e+000
      vertex   2.371295e+000 -2.171607e+001 0.000000e+000
      vertex   1.206270e+001 -2.169559e+001 0.000000e+000
    endloop
  endfacet
  facet normal -0.000000e+000 0.000000e+000 -1.000000e+000
    outer loop
      vertex   1.211973e+001 -2.211779e+001 0.000000e+000
      vertex   2.382630e+000 -2.225563e+001 0.000000e+000
      vertex   2.371295e+000 -2.171607e+001 0.000000e+000
    endloop
  endfacet
  facet normal -0.000000e+000 -0.000000e+000 -1.000000e+000
    outer loop
      vertex   1.211973e+001 -2.211779e+001 0.000000e+000
      vertex   1.221480e+001 -2.251463e+001 0.000000e+000
      vertex   2.382630e+000 -2.225563e+001 0.000000e+000
    endloop
  endfacet
  facet normal 0.000000e+000 -0.000000e+000 -1.000000e+000
    outer loop
      vertex   2.382630e+000 -2.225563e+001 0.000000e+000
      vertex   1.221480e+001 -2.251463e+001 0.000000e+000
      vertex   2.416634e+000 -2.278227e+001 0.000000e+000
    endloop
  endfacet
  facet normal 0.000000e+000 0.000000e+000 -1.000000e+000
    outer loop
      vertex   2.416634e+000 -2.278227e+001 0.000000e+000
      vertex   1.221480e+001 -2.251463e+001 0.000000e+000
      vertex   1.234789e+001 -2.288612e+001 0.000000e+000
    endloop
  endfacet
  facet normal 0.000000e+000 0.000000e+000 -1.000000e+000
    outer loop
      vertex   2.473308e+000 -2.329600e+001 0.000000e+000
      vertex   1.234789e+001 -2.288612e+001 0.000000e+000
      vertex   1.251901e+001 -2.323226e+001 0.000000e+000
    endloop
  endfacet
  facet normal 0.000000e+000 0.000000e+000 -1.000000e+000
    outer loop
      vertex   1.272816e+001 -2.355304e+001 0.000000e+000
      vertex   2.473308e+000 -2.329600e+001 0.000000e+000
      vertex   1.251901e+001 -2.323226e+001 0.000000e+000
    endloop
  endfacet
  facet normal -0.000000e+000 0.000000e+000 -1.000000e+000
    outer loop
      vertex   1.272816e+001 -2.355304e+001 0.000000e+000
      vertex   2.552652e+000 -2.379680e+001 0.000000e+000
      vertex   2.473308e+000 -2.329600e+001 0.000000e+000
    endloop
  endfacet
  facet normal -0.000000e+000 -0.000000e+000 -1.000000e+000
    outer loop
      vertex   1.272816e+001 -2.355304e+001 0.000000e+000
      vertex   1.297533e+001 -2.384848e+001 0.000000e+000
      vertex   2.552652e+000 -2.379680e+001 0.000000e+000
    endloop
  endfacet
  facet normal 0.000000e+000 -0.000000e+000 -1.000000e+000
    outer loop
      vertex   2.552652e+000 -2.379680e+001 0.000000e+000
      vertex   1.297533e+001 -2.384848e+001 0.000000e+000
      vertex   2.654666e+000 -2.428469e+001 0.000000e+000
    endloop
  endfacet
  facet normal 0.000000e+000 0.000000e+000 -1.000000e+000
    outer loop
      vertex   2.654666e+000 -2.428469e+001 0.000000e+000
      vertex   1.297533e+001 -2.384848e+001 0.000000e+000
      vertex   1.326053e+001 -2.411857e+001 0.000000e+000
    endloop
  endfacet
  facet normal 0.000000e+000 0.000000e+000 -1.000000e+000
    outer loop
      vertex   1.357986e+001 -2.435989e+001 0.000000e+000
      vertex   2.654666e+000 -2.428469e+001 0.000000e+000
      vertex   1.326053e+001 -2.411857e+001 0.000000e+000
    endloop
  endfacet
  facet normal -0.000000e+000 0.000000e+000 -1.000000e+000
    outer loop
      vertex   1.357986e+001 -2.435989e+001 0.000000e+000
      vertex   2.779349e+000 -2.475965e+001 0.000000e+000
      vertex   2.654666e+000 -2.428469e+001 0.000000e+000
    endloop
  endfacet
  facet normal 0.000000e+000 -0.000000e+000 -1.000000e+000
    outer loop
      vertex   1.357986e+001 -2.435989e+001 0.000000e+000
      vertex   1.392941e+001 -2.456903e+001 0.000000e+000
      vertex   2.779349e+000 -2.475965e+001 0.000000e+000
    endloop
  endfacet
  facet normal 0.000000e+000 0.000000e+000 -1.000000e+000
    outer loop
      vertex   2.779349e+000 -2.475965e+001 0.000000e+000
      vertex   1.392941e+001 -2.456903e+001 0.000000e+000
      vertex   1.430918e+001 -2.474600e+001 0.000000e+000
    endloop
  endfacet
  facet normal 0.000000e+000 0.000000e+000 -1.000000e+000
    outer loop
      vertex   1.471919e+001 -2.489080e+001 0.000000e+000
      vertex   2.779349e+000 -2.475965e+001 0.000000e+000
      vertex   1.430918e+001 -2.474600e+001 0.000000e+000
    endloop
  endfacet
  facet normal -0.000000e+000 0.000000e+000 -1.000000e+000
    outer loop
      vertex   1.471919e+001 -2.489080e+001 0.000000e+000
      vertex   2.926701e+000 -2.522170e+001 0.000000e+000
      vertex   2.779349e+000 -2.475965e+001 0.000000e+000
    endloop
  endfacet
  facet normal 0.000000e+000 -0.000000e+000 -1.000000e+000
    outer loop
      vertex   1.471919e+001 -2.489080e+001 0.000000e+000
      vertex   1.515942e+001 -2.500341e+001 0.000000e+000
      vertex   2.926701e+000 -2.522170e+001 0.000000e+000
    endloop
  endfacet
  facet normal 0.000000e+000 0.000000e+000 -1.000000e+000
    outer loop
      vertex   2.926701e+000 -2.522170e+001 0.000000e+000
      vertex   1.515942e+001 -2.500341e+001 0.000000e+000
      vertex   1.562988e+001 -2.508385e+001 0.000000e+000
    endloop
  endfacet
  facet normal -0.000000e+000 0.000000e+000 -1.000000e+000
    outer loop
      vertex   1.613056e+001 -2.513212e+001 0.000000e+000
      vertex   2.926701e+000 -2.522170e+001 0.000000e+000
      vertex   1.562988e+001 -2.508385e+001 0.000000e+000
    endloop
  endfacet
  facet normal 0.000000e+000 -0.000000e+000 -1.000000e+000
    outer loop
      vertex   1.613056e+001 -2.513212e+001 0.000000e+000
      vertex   1.666147e+001 -2.514821e+001 0.000000e+000
      vertex   2.926701e+000 -2.522170e+001 0.000000e+000
    endloop
  endfacet
  facet normal 0.000000e+000 0.000000e+000 -1.000000e+000
    outer loop
      vertex   2.926701e+000 -2.522170e+001 0.000000e+000
      vertex   1.666147e+001 -2.514821e+001 0.000000e+000
      vertex   2.305772e+001 -2.630265e+001 0.000000e+000
    endloop
  endfacet
  facet normal -0.000000e+000 -0.000000e+000 -1.000000e+000
    outer loop
      vertex   3.096724e+000 -2.567083e+001 0.000000e+000
      vertex   2.305772e+001 -2.630265e+001 0.000000e+000
      vertex   3.289416e+000 -2.610704e+001 0.000000e+000
    endloop
  endfacet
  facet normal 0.000000e+000 0.000000e+000 -1.000000e+000
    outer loop
      vertex   3.096724e+000 -2.567083e+001 0.000000e+000
      vertex   2.926701e+000 -2.522170e+001 0.000000e+000
      vertex   2.305772e+001 -2.630265e+001 0.000000e+000
    endloop
  endfacet
  facet normal 0.000000e+000 -0.000000e+000 -1.000000e+000
    outer loop
      vertex   2.882459e+000 -1.815620e+001 0.000000e+000
      vertex   1.355694e+001 -1.823713e+001 0.000000e+000
      vertex   2.726270e+000 -1.869467e+001 0.000000e+000
    endloop
  endfacet
  facet normal 0.000000e+000 -0.000000e+000 -1.000000e+000
    outer loop
      vertex   2.598479e+000 -1.925507e+001 0.000000e+000
      vertex   1.242200e+001 -1.949688e+001 0.000000e+000
      vertex   2.499086e+000 -1.983741e+001 0.000000e+000
    endloop
  endfacet
  facet normal 0.000000e+000 -0.000000e+000 -1.000000e+000
    outer loop
      vertex   2.499086e+000 -1.983741e+001 0.000000e+000
      vertex   1.225648e+001 -1.988860e+001 0.000000e+000
      vertex   2.428091e+000 -2.044169e+001 0.000000e+000
    endloop
  endfacet
  facet normal 0.000000e+000 -0.000000e+000 -1.000000e+000
    outer loop
      vertex   2.416634e+000 -2.278227e+001 0.000000e+000
      vertex   1.234789e+001 -2.288612e+001 0.000000e+000
      vertex   2.473308e+000 -2.329600e+001 0.000000e+000
    endloop
  endfacet
  facet normal 0.000000e+000 0.000000e+000 -1.000000e+000
    outer loop
      vertex   1.666147e+001 -2.514821e+001 0.000000e+000
      vertex   1.699365e+001 -2.514059e+001 0.000000e+000
      vertex   2.305772e+001 -2.630265e+001 0.000000e+000
    endloop
  endfacet
  facet normal 0.000000e+000 0.000000e+000 -1.000000e+000
    outer loop
      vertex   2.305772e+001 -2.630265e+001 0.000000e+000
      vertex   1.699365e+001 -2.514059e+001 0.000000e+000
      vertex   1.731937e+001 -2.511774e+001 0.000000e+000
    endloop
  endfacet
  facet normal -0.000000e+000 -0.000000e+000 -1.000000e+000
    outer loop
      vertex   1.763864e+001 -2.507965e+001 0.000000e+000
      vertex   2.305772e+001 -2.630265e+001 0.000000e+000
      vertex   1.731937e+001 -2.511774e+001 0.000000e+000
    endloop
  endfacet
  facet normal 0.000000e+000 0.000000e+000 -1.000000e+000
    outer loop
      vertex   1.763864e+001 -2.507965e+001 0.000000e+000
      vertex   1.795144e+001 -2.502633e+001 0.000000e+000
      vertex   2.305772e+001 -2.630265e+001 0.000000e+000
    endloop
  endfacet
  facet normal 0.000000e+000 0.000000e+000 -1.000000e+000
    outer loop
      vertex   2.305772e+001 -2.630265e+001 0.000000e+000
      vertex   1.795144e+001 -2.502633e+001 0.000000e+000
      vertex   1.825779e+001 -2.495777e+001 0.000000e+000
    endloop
  endfacet
  facet normal -0.000000e+000 -0.000000e+000 -1.000000e+000
    outer loop
      vertex   1.855767e+001 -2.487398e+001 0.000000e+000
      vertex   2.305772e+001 -2.630265e+001 0.000000e+000
      vertex   1.825779e+001 -2.495777e+001 0.000000e+000
    endloop
  endfacet
  facet normal 0.000000e+000 0.000000e+000 -1.000000e+000
    outer loop
      vertex   1.855767e+001 -2.487398e+001 0.000000e+000
      vertex   1.885110e+001 -2.477495e+001 0.000000e+000
      vertex   2.305772e+001 -2.630265e+001 0.000000e+000
    endloop
  endfacet
  facet normal 0.000000e+000 0.000000e+000 -1.000000e+000
    outer loop
      vertex   2.305772e+001 -2.630265e+001 0.000000e+000
      vertex   1.885110e+001 -2.477495e+001 0.000000e+000
      vertex   1.913807e+001 -2.466069e+001 0.000000e+000
    endloop
  endfacet
  facet normal -0.000000e+000 -0.000000e+000 -1.000000e+000
    outer loop
      vertex   1.941857e+001 -2.453119e+001 0.000000e+000
      vertex   2.305772e+001 -2.630265e+001 0.000000e+000
      vertex   1.913807e+001 -2.466069e+001 0.000000e+000
    endloop
  endfacet
  facet normal -0.000000e+000 -0.000000e+000 -1.000000e+000
    outer loop
      vertex   1.941857e+001 -2.453119e+001 0.000000e+000
      vertex   3.273011e+001 -3.073323e+001 0.000000e+000
      vertex   2.305772e+001 -2.630265e+001 0.000000e+000
    endloop
  endfacet
  facet normal 0.000000e+000 0.000000e+000 -1.000000e+000
    outer loop
      vertex   1.941857e+001 -2.453119e+001 0.000000e+000
      vertex   1.969262e+001 -2.438646e+001 0.000000e+000
      vertex   3.273011e+001 -3.073323e+001 0.000000e+000
    endloop
  endfacet
  facet normal 0.000000e+000 0.000000e+000 -1.000000e+000
    outer loop
      vertex   3.273011e+001 -3.073323e+001 0.000000e+000
      vertex   1.969262e+001 -2.438646e+001 0.000000e+000
      vertex   1.996021e+001 -2.422649e+001 0.000000e+000
    endloop
  endfacet
  facet normal -0.000000e+000 -0.000000e+000 -1.000000e+000
    outer loop
      vertex   2.022133e+001 -2.405129e+001 0.000000e+000
      vertex   3.273011e+001 -3.073323e+001 0.000000e+000
      vertex   1.996021e+001 -2.422649e+001 0.000000e+000
    endloop
  endfacet
  facet normal 0.000000e+000 0.000000e+000 -1.000000e+000
    outer loop
      vertex   2.022133e+001 -2.405129e+001 0.000000e+000
      vertex   2.047600e+001 -2.386085e+001 0.000000e+000
      vertex   3.273011e+001 -3.073323e+001 0.000000e+000
    endloop
  endfacet
  facet normal 0.000000e+000 0.000000e+000 -1.000000e+000
    outer loop
      vertex   3.273011e+001 -3.073323e+001 0.000000e+000
      vertex   2.047600e+001 -2.386085e+001 0.000000e+000
      vertex   2.072421e+001 -2.365518e+001 0.000000e+000
    endloop
  endfacet
  facet normal -0.000000e+000 -0.000000e+000 -1.000000e+000
    outer loop
      vertex   2.096596e+001 -2.343427e+001 0.000000e+000
      vertex   3.273011e+001 -3.073323e+001 0.000000e+000
      vertex   2.072421e+001 -2.365518e+001 0.000000e+000
    endloop
  endfacet
  facet normal 0.000000e+000 0.000000e+000 -1.000000e+000
    outer loop
      vertex   2.096596e+001 -2.343427e+001 0.000000e+000
      vertex   2.120125e+001 -2.319813e+001 0.000000e+000
      vertex   3.273011e+001 -3.073323e+001 0.000000e+000
    endloop
  endfacet
  facet normal 0.000000e+000 0.000000e+000 -1.000000e+000
    outer loop
      vertex   3.273011e+001 -3.073323e+001 0.000000e+000
      vertex   2.120125e+001 -2.319813e+001 0.000000e+000
      vertex   2.142606e+001 -2.295053e+001 0.000000e+000
    endloop
  endfacet
  facet normal -0.000000e+000 -0.000000e+000 -1.000000e+000
    outer loop
      vertex   2.163636e+001 -2.269525e+001 0.000000e+000
      vertex   3.273011e+001 -3.073323e+001 0.000000e+000
      vertex   2.142606e+001 -2.295053e+001 0.000000e+000
    endloop
  endfacet
  facet normal 0.000000e+000 0.000000e+000 -1.000000e+000
    outer loop
      vertex   2.163636e+001 -2.269525e+001 0.000000e+000
      vertex   2.183216e+001 -2.243230e+001 0.000000e+000
      vertex   3.273011e+001 -3.073323e+001 0.000000e+000
    endloop
  endfacet
  facet normal 0.000000e+000 0.000000e+000 -1.000000e+000
    outer loop
      vertex   3.273011e+001 -3.073323e+001 0.000000e+000
      vertex   2.183216e+001 -2.243230e+001 0.000000e+000
      vertex   2.201346e+001 -2.216166e+001 0.000000e+000
    endloop
  endfacet
  facet normal -0.000000e+000 -0.000000e+000 -1.000000e+000
    outer loop
      vertex   2.218025e+001 -2.188335e+001 0.000000e+000
      vertex   3.273011e+001 -3.073323e+001 0.000000e+000
      vertex   2.201346e+001 -2.216166e+001 0.000000e+000
    endloop
  endfacet
  facet normal 0.000000e+000 0.000000e+000 -1.000000e+000
    outer loop
      vertex   2.218025e+001 -2.188335e+001 0.000000e+000
      vertex   2.233254e+001 -2.159736e+001 0.000000e+000
      vertex   3.273011e+001 -3.073323e+001 0.000000e+000
    endloop
  endfacet
  facet normal 0.000000e+000 0.000000e+000 -1.000000e+000
    outer loop
      vertex   3.273011e+001 -3.073323e+001 0.000000e+000
      vertex   2.233254e+001 -2.159736e+001 0.000000e+000
      vertex   2.247032e+001 -2.130369e+001 0.000000e+000
    endloop
  endfacet
  facet normal -0.000000e+000 -0.000000e+000 -1.000000e+000
    outer loop
      vertex   2.259360e+001 -2.100234e+001 0.000000e+000
      vertex   3.273011e+001 -3.073323e+001 0.000000e+000
      vertex   2.247032e+001 -2.130369e+001 0.000000e+000
    endloop
  endfacet
  facet normal 0.000000e+000 0.000000e+000 -1.000000e+000
    outer loop
      vertex   2.259360e+001 -2.100234e+001 0.000000e+000
      vertex   2.270238e+001 -2.069331e+001 0.000000e+000
      vertex   3.273011e+001 -3.073323e+001 0.000000e+000
    endloop
  endfacet
  facet normal 0.000000e+000 0.000000e+000 -1.000000e+000
    outer loop
      vertex   3.273011e+001 -3.073323e+001 0.000000e+000
      vertex   2.270238e+001 -2.069331e+001 0.000000e+000
      vertex   2.279666e+001 -2.037661e+001 0.000000e+000
    endloop
  endfacet
  facet normal -0.000000e+000 -0.000000e+000 -1.000000e+000
    outer loop
      vertex   2.287643e+001 -2.005223e+001 0.000000e+000
      vertex   3.273011e+001 -3.073323e+001 0.000000e+000
      vertex   2.279666e+001 -2.037661e+001 0.000000e+000
    endloop
  endfacet
  facet normal 0.000000e+000 0.000000e+000 -1.000000e+000
    outer loop
      vertex   2.287643e+001 -2.005223e+001 0.000000e+000
      vertex   2.294169e+001 -1.972016e+001 0.000000e+000
      vertex   3.273011e+001 -3.073323e+001 0.000000e+000
    endloop
  endfacet
  facet normal 0.000000e+000 0.000000e+000 -1.000000e+000
    outer loop
      vertex   3.273011e+001 -3.073323e+001 0.000000e+000
      vertex   2.294169e+001 -1.972016e+001 0.000000e+000
      vertex   2.299246e+001 -1.938042e+001 0.000000e+000
    endloop
  endfacet
  facet normal -0.000000e+000 -0.000000e+000 -1.000000e+000
    outer loop
      vertex   2.302871e+001 -1.903301e+001 0.000000e+000
      vertex   3.273011e+001 -3.073323e+001 0.000000e+000
      vertex   2.299246e+001 -1.938042e+001 0.000000e+000
    endloop
  endfacet
  facet normal 0.000000e+000 0.000000e+000 -1.000000e+000
    outer loop
      vertex   2.302871e+001 -1.903301e+001 0.000000e+000
      vertex   2.305047e+001 -1.867791e+001 0.000000e+000
      vertex   3.273011e+001 -3.073323e+001 0.000000e+000
    endloop
  endfacet
  facet normal 0.000000e+000 0.000000e+000 -1.000000e+000
    outer loop
      vertex   3.273011e+001 -3.073323e+001 0.000000e+000
      vertex   2.305047e+001 -1.867791e+001 0.000000e+000
      vertex   2.305772e+001 -1.831513e+001 0.000000e+000
    endloop
  endfacet
  facet normal -0.000000e+000 -0.000000e+000 -1.000000e+000
    outer loop
      vertex   2.305772e+001 -1.722309e+001 0.000000e+000
      vertex   3.273011e+001 -3.073323e+001 0.000000e+000
      vertex   2.305772e+001 -1.831513e+001 0.000000e+000
    endloop
  endfacet
  facet normal 0.000000e+000 0.000000e+000 -1.000000e+000
    outer loop
      vertex   2.305772e+001 -1.722309e+001 0.000000e+000
      vertex   3.273011e+001 -1.360374e+001 0.000000e+000
      vertex   3.273011e+001 -3.073323e+001 0.000000e+000
    endloop
  endfacet
  facet normal 0.000000e+000 0.000000e+000 -1.000000e+000
    outer loop
      vertex   2.305772e+001 -1.722309e+001 0.000000e+000
      vertex   6.476758e+000 -1.367968e+001 0.000000e+000
      vertex   3.273011e+001 -1.360374e+001 0.000000e+000
    endloop
  endfacet
  facet normal 0.000000e+000 0.000000e+000 -1.000000e+000
    outer loop
      vertex   2.305772e+001 -1.722309e+001 0.000000e+000
      vertex   6.006240e+000 -1.397816e+001 0.000000e+000
      vertex   6.476758e+000 -1.367968e+001 0.000000e+000
    endloop
  endfacet
  facet normal 0.000000e+000 0.000000e+000 -1.000000e+000
    outer loop
      vertex   2.305772e+001 -1.722309e+001 0.000000e+000
      vertex   5.566071e+000 -1.429724e+001 0.000000e+000
      vertex   6.006240e+000 -1.397816e+001 0.000000e+000
    endloop
  endfacet
  facet normal 0.000000e+000 0.000000e+000 -1.000000e+000
    outer loop
      vertex   2.305772e+001 -1.722309e+001 0.000000e+000
      vertex   5.154300e+000 -1.463826e+001 0.000000e+000
      vertex   5.566071e+000 -1.429724e+001 0.000000e+000
    endloop
  endfacet
  facet normal 0.000000e+000 0.000000e+000 -1.000000e+000
    outer loop
      vertex   2.305772e+001 -1.722309e+001 0.000000e+000
      vertex   4.770927e+000 -1.500122e+001 0.000000e+000
      vertex   5.154300e+000 -1.463826e+001 0.000000e+000
    endloop
  endfacet
  facet normal 0.000000e+000 0.000000e+000 -1.000000e+000
    outer loop
      vertex   2.305772e+001 -1.722309e+001 0.000000e+000
      vertex   4.415952e+000 -1.538612e+001 0.000000e+000
      vertex   4.770927e+000 -1.500122e+001 0.000000e+000
    endloop
  endfacet
  facet normal 0.000000e+000 0.000000e+000 -1.000000e+000
    outer loop
      vertex   2.305772e+001 -1.722309e+001 0.000000e+000
      vertex   4.089375e+000 -1.579295e+001 0.000000e+000
      vertex   4.415952e+000 -1.538612e+001 0.000000e+000
    endloop
  endfacet
  facet normal 0.000000e+000 0.000000e+000 -1.000000e+000
    outer loop
      vertex   2.305772e+001 -1.722309e+001 0.000000e+000
      vertex   3.791195e+000 -1.622172e+001 0.000000e+000
      vertex   4.089375e+000 -1.579295e+001 0.000000e+000
    endloop
  endfacet
  facet normal 0.000000e+000 0.000000e+000 -1.000000e+000
    outer loop
      vertex   2.305772e+001 -1.722309e+001 0.000000e+000
      vertex   3.521414e+000 -1.667244e+001 0.000000e+000
      vertex   3.791195e+000 -1.622172e+001 0.000000e+000
    endloop
  endfacet
  facet normal 0.000000e+000 0.000000e+000 -1.000000e+000
    outer loop
      vertex   2.305772e+001 -1.722309e+001 0.000000e+000
      vertex   3.280031e+000 -1.714509e+001 0.000000e+000
      vertex   3.521414e+000 -1.667244e+001 0.000000e+000
    endloop
  endfacet
  facet normal 0.000000e+000 0.000000e+000 -1.000000e+000
    outer loop
      vertex   3.273011e+001 -3.073323e+001 0.000000e+000
      vertex   2.305772e+001 -3.073323e+001 0.000000e+000
      vertex   2.305772e+001 -2.630265e+001 0.000000e+000
    endloop
  endfacet
  facet normal -0.000000e+000 0.000000e+000 -1.000000e+000
    outer loop
      vertex   2.305772e+001 -2.630265e+001 0.000000e+000
      vertex   2.256679e+001 -2.695837e+001 0.000000e+000
      vertex   3.289416e+000 -2.610704e+001 0.000000e+000
    endloop
  endfacet
  facet normal 0.000000e+000 -0.000000e+000 -1.000000e+000
    outer loop
      vertex   3.289416e+000 -2.610704e+001 0.000000e+000
      vertex   2.256679e+001 -2.695837e+001 0.000000e+000
      vertex   2.206123e+001 -2.756825e+001 0.000000e+000
    endloop
  endfacet
  facet normal 0.000000e+000 0.000000e+000 -1.000000e+000
    outer loop
      vertex   2.154105e+001 -2.813231e+001 0.000000e+000
      vertex   3.289416e+000 -2.610704e+001 0.000000e+000
      vertex   2.206123e+001 -2.756825e+001 0.000000e+000
    endloop
  endfacet
  facet normal -0.000000e+000 0.000000e+000 -1.000000e+000
    outer loop
      vertex   2.154105e+001 -2.813231e+001 0.000000e+000
      vertex   2.100624e+001 -2.865055e+001 0.000000e+000
      vertex   3.289416e+000 -2.610704e+001 0.000000e+000
    endloop
  endfacet
  facet normal 0.000000e+000 -0.000000e+000 -1.000000e+000
    outer loop
      vertex   3.289416e+000 -2.610704e+001 0.000000e+000
      vertex   2.100624e+001 -2.865055e+001 0.000000e+000
      vertex   2.045681e+001 -2.912295e+001 0.000000e+000
    endloop
  endfacet
  facet normal 0.000000e+000 0.000000e+000 -1.000000e+000
    outer loop
      vertex   1.989275e+001 -2.954953e+001 0.000000e+000
      vertex   3.289416e+000 -2.610704e+001 0.000000e+000
      vertex   2.045681e+001 -2.912295e+001 0.000000e+000
    endloop
  endfacet
  facet normal -0.000000e+000 0.000000e+000 -1.000000e+000
    outer loop
      vertex   1.989275e+001 -2.954953e+001 0.000000e+000
      vertex   1.931406e+001 -2.993029e+001 0.000000e+000
      vertex   3.289416e+000 -2.610704e+001 0.000000e+000
    endloop
  endfacet
  facet normal 0.000000e+000 -0.000000e+000 -1.000000e+000
    outer loop
      vertex   3.289416e+000 -2.610704e+001 0.000000e+000
      vertex   1.931406e+001 -2.993029e+001 0.000000e+000
      vertex   1.872075e+001 -3.026521e+001 0.000000e+000
    endloop
  endfacet
  facet normal 0.000000e+000 0.000000e+000 -1.000000e+000
    outer loop
      vertex   1.810355e+001 -3.055772e+001 0.000000e+000
      vertex   3.289416e+000 -2.610704e+001 0.000000e+000
      vertex   1.872075e+001 -3.026521e+001 0.000000e+000
    endloop
  endfacet
  facet normal -0.000000e+000 0.000000e+000 -1.000000e+000
    outer loop
      vertex   1.810355e+001 -3.055772e+001 0.000000e+000
      vertex   1.745320e+001 -3.081123e+001 0.000000e+000
      vertex   3.289416e+000 -2.610704e+001 0.000000e+000
    endloop
  endfacet
  facet normal 0.000000e+000 -0.000000e+000 -1.000000e+000
    outer loop
      vertex   3.289416e+000 -2.610704e+001 0.000000e+000
      vertex   1.745320e+001 -3.081123e+001 0.000000e+000
      vertex   1.676970e+001 -3.102574e+001 0.000000e+000
    endloop
  endfacet
  facet normal 0.000000e+000 0.000000e+000 -1.000000e+000
    outer loop
      vertex   1.605304e+001 -3.120125e+001 0.000000e+000
      vertex   3.289416e+000 -2.610704e+001 0.000000e+000
      vertex   1.676970e+001 -3.102574e+001 0.000000e+000
    endloop
  endfacet
  facet normal -0.000000e+000 0.000000e+000 -1.000000e+000
    outer loop
      vertex   1.605304e+001 -3.120125e+001 0.000000e+000
      vertex   1.530324e+001 -3.133775e+001 0.000000e+000
      vertex   3.289416e+000 -2.610704e+001 0.000000e+000
    endloop
  endfacet
  facet normal 0.000000e+000 -0.000000e+000 -1.000000e+000
    outer loop
      vertex   3.289416e+000 -2.610704e+001 0.000000e+000
      vertex   1.530324e+001 -3.133775e+001 0.000000e+000
      vertex   1.452028e+001 -3.143526e+001 0.000000e+000
    endloop
  endfacet
  facet normal -0.000000e+000 -0.000000e+000 -1.000000e+000
    outer loop
      vertex   3.504778e+000 -2.653032e+001 0.000000e+000
      vertex   1.452028e+001 -3.143526e+001 0.000000e+000
      vertex   3.742809e+000 -2.694069e+001 0.000000e+000
    endloop
  endfacet
  facet normal 0.000000e+000 0.000000e+000 -1.000000e+000
    outer loop
      vertex   3.504778e+000 -2.653032e+001 0.000000e+000
      vertex   3.289416e+000 -2.610704e+001 0.000000e+000
      vertex   1.452028e+001 -3.143526e+001 0.000000e+000
    endloop
  endfacet
  facet normal 0.000000e+000 0.000000e+000 -1.000000e+000
    outer loop
      vertex   1.370417e+001 -3.149376e+001 0.000000e+000
      vertex   6.026229e+000 -2.943497e+001 0.000000e+000
      vertex   1.452028e+001 -3.143526e+001 0.000000e+000
    endloop
  endfacet
  facet normal 0.000000e+000 0.000000e+000 -1.000000e+000
    outer loop
      vertex   1.370417e+001 -3.149376e+001 0.000000e+000
      vertex   6.423679e+000 -2.972126e+001 0.000000e+000
      vertex   6.026229e+000 -2.943497e+001 0.000000e+000
    endloop
  endfacet
  facet normal 0.000000e+000 0.000000e+000 -1.000000e+000
    outer loop
      vertex   1.370417e+001 -3.149376e+001 0.000000e+000
      vertex   6.835023e+000 -2.998635e+001 0.000000e+000
      vertex   6.423679e+000 -2.972126e+001 0.000000e+000
    endloop
  endfacet
  facet normal 0.000000e+000 0.000000e+000 -1.000000e+000
    outer loop
      vertex   1.370417e+001 -3.149376e+001 0.000000e+000
      vertex   7.260262e+000 -3.023023e+001 0.000000e+000
      vertex   6.835023e+000 -2.998635e+001 0.000000e+000
    endloop
  endfacet
  facet normal 0.000000e+000 0.000000e+000 -1.000000e+000
    outer loop
      vertex   1.370417e+001 -3.149376e+001 0.000000e+000
      vertex   7.699395e+000 -3.045291e+001 0.000000e+000
      vertex   7.260262e+000 -3.023023e+001 0.000000e+000
    endloop
  endfacet
  facet normal 0.000000e+000 0.000000e+000 -1.000000e+000
    outer loop
      vertex   1.370417e+001 -3.149376e+001 0.000000e+000
      vertex   8.152423e+000 -3.065437e+001 0.000000e+000
      vertex   7.699395e+000 -3.045291e+001 0.000000e+000
    endloop
  endfacet
  facet normal 0.000000e+000 0.000000e+000 -1.000000e+000
    outer loop
      vertex   1.370417e+001 -3.149376e+001 0.000000e+000
      vertex   8.619345e+000 -3.083463e+001 0.000000e+000
      vertex   8.152423e+000 -3.065437e+001 0.000000e+000
    endloop
  endfacet
  facet normal 0.000000e+000 0.000000e+000 -1.000000e+000
    outer loop
      vertex   1.370417e+001 -3.149376e+001 0.000000e+000
      vertex   9.100161e+000 -3.099369e+001 0.000000e+000
      vertex   8.619345e+000 -3.083463e+001 0.000000e+000
    endloop
  endfacet
  facet normal 0.000000e+000 0.000000e+000 -1.000000e+000
    outer loop
      vertex   1.370417e+001 -3.149376e+001 0.000000e+000
      vertex   9.594871e+000 -3.113153e+001 0.000000e+000
      vertex   9.100161e+000 -3.099369e+001 0.000000e+000
    endloop
  endfacet
  facet normal 0.000000e+000 0.000000e+000 -1.000000e+000
    outer loop
      vertex   1.370417e+001 -3.149376e+001 0.000000e+000
      vertex   1.010348e+001 -3.124817e+001 0.000000e+000
      vertex   9.594871e+000 -3.113153e+001 0.000000e+000
    endloop
  endfacet
  facet normal 0.000000e+000 0.000000e+000 -1.000000e+000
    outer loop
      vertex   1.370417e+001 -3.149376e+001 0.000000e+000
      vertex   1.062598e+001 -3.134360e+001 0.000000e+000
      vertex   1.010348e+001 -3.124817e+001 0.000000e+000
    endloop
  endfacet
  facet normal 0.000000e+000 0.000000e+000 -1.000000e+000
    outer loop
      vertex   1.370417e+001 -3.149376e+001 0.000000e+000
      vertex   1.116237e+001 -3.141783e+001 0.000000e+000
      vertex   1.062598e+001 -3.134360e+001 0.000000e+000
    endloop
  endfacet
  facet normal 0.000000e+000 0.000000e+000 -1.000000e+000
    outer loop
      vertex   1.370417e+001 -3.149376e+001 0.000000e+000
      vertex   1.171266e+001 -3.147085e+001 0.000000e+000
      vertex   1.116237e+001 -3.141783e+001 0.000000e+000
    endloop
  endfacet
  facet normal -0.000000e+000 0.000000e+000 -1.000000e+000
    outer loop
      vertex   1.370417e+001 -3.149376e+001 0.000000e+000
      vertex   1.227684e+001 -3.150266e+001 0.000000e+000
      vertex   1.171266e+001 -3.147085e+001 0.000000e+000
    endloop
  endfacet
  facet normal -0.000000e+000 0.000000e+000 -1.000000e+000
    outer loop
      vertex   1.370417e+001 -3.149376e+001 0.000000e+000
      vertex   1.285491e+001 -3.151326e+001 0.000000e+000
      vertex   1.227684e+001 -3.150266e+001 0.000000e+000
    endloop
  endfacet
  facet normal 0.000000e+000 0.000000e+000 -1.000000e+000
    outer loop
      vertex   6.026229e+000 -2.943497e+001 0.000000e+000
      vertex   5.642673e+000 -2.912746e+001 0.000000e+000
      vertex   1.452028e+001 -3.143526e+001 0.000000e+000
    endloop
  endfacet
  facet normal 0.000000e+000 0.000000e+000 -1.000000e+000
    outer loop
      vertex   1.452028e+001 -3.143526e+001 0.000000e+000
      vertex   5.642673e+000 -2.912746e+001 0.000000e+000
      vertex   5.273011e+000 -2.879875e+001 0.000000e+000
    endloop
  endfacet
  facet normal -0.000000e+000 -0.000000e+000 -1.000000e+000
    outer loop
      vertex   4.921631e+000 -2.845298e+001 0.000000e+000
      vertex   1.452028e+001 -3.143526e+001 0.000000e+000
      vertex   5.273011e+000 -2.879875e+001 0.000000e+000
    endloop
  endfacet
  facet normal 0.000000e+000 0.000000e+000 -1.000000e+000
    outer loop
      vertex   4.921631e+000 -2.845298e+001 0.000000e+000
      vertex   4.592921e+000 -2.809429e+001 0.000000e+000
      vertex   1.452028e+001 -3.143526e+001 0.000000e+000
    endloop
  endfacet
  facet normal 0.000000e+000 0.000000e+000 -1.000000e+000
    outer loop
      vertex   1.452028e+001 -3.143526e+001 0.000000e+000
      vertex   4.592921e+000 -2.809429e+001 0.000000e+000
      vertex   4.286881e+000 -2.772268e+001 0.000000e+000
    endloop
  endfacet
  facet normal -0.000000e+000 -0.000000e+000 -1.000000e+000
    outer loop
      vertex   4.003510e+000 -2.733814e+001 0.000000e+000
      vertex   1.452028e+001 -3.143526e+001 0.000000e+000
      vertex   4.286881e+000 -2.772268e+001 0.000000e+000
    endloop
  endfacet
  facet normal 0.000000e+000 0.000000e+000 -1.000000e+000
    outer loop
      vertex   4.003510e+000 -2.733814e+001 0.000000e+000
      vertex   3.742809e+000 -2.694069e+001 0.000000e+000
      vertex   1.452028e+001 -3.143526e+001 0.000000e+000
    endloop
  endfacet
  facet normal 0.000000e+000 0.000000e+000 -1.000000e+000
    outer loop
      vertex   6.476758e+000 -1.367968e+001 0.000000e+000
      vertex   6.979573e+000 -1.340045e+001 0.000000e+000
      vertex   3.273011e+001 -1.360374e+001 0.000000e+000
    endloop
  endfacet
  facet normal 0.000000e+000 0.000000e+000 -1.000000e+000
    outer loop
      vertex   3.273011e+001 -1.360374e+001 0.000000e+000
      vertex   6.979573e+000 -1.340045e+001 0.000000e+000
      vertex   7.514687e+000 -1.314048e+001 0.000000e+000
    endloop
  endfacet
  facet normal -0.000000e+000 -0.000000e+000 -1.000000e+000
    outer loop
      vertex   8.082098e+000 -1.289977e+001 0.000000e+000
      vertex   3.273011e+001 -1.360374e+001 0.000000e+000
      vertex   7.514687e+000 -1.314048e+001 0.000000e+000
    endloop
  endfacet
  facet normal 0.000000e+000 0.000000e+000 -1.000000e+000
    outer loop
      vertex   8.082098e+000 -1.289977e+001 0.000000e+000
      vertex   3.271603e+001 -1.271847e+001 0.000000e+000
      vertex   3.273011e+001 -1.360374e+001 0.000000e+000
    endloop
  endfacet
  facet normal 0.000000e+000 0.000000e+000 -1.000000e+000
    outer loop
      vertex   8.082098e+000 -1.289977e+001 0.000000e+000
      vertex   8.681808e+000 -1.267831e+001 0.000000e+000
      vertex   3.271603e+001 -1.271847e+001 0.000000e+000
    endloop
  endfacet
  facet normal 0.000000e+000 0.000000e+000 -1.000000e+000
    outer loop
      vertex   3.271603e+001 -1.271847e+001 0.000000e+000
      vertex   8.681808e+000 -1.267831e+001 0.000000e+000
      vertex   9.313816e+000 -1.247611e+001 0.000000e+000
    endloop
  endfacet
  facet normal -0.000000e+000 -0.000000e+000 -1.000000e+000
    outer loop
      vertex   9.978123e+000 -1.229317e+001 0.000000e+000
      vertex   3.271603e+001 -1.271847e+001 0.000000e+000
      vertex   9.313816e+000 -1.247611e+001 0.000000e+000
    endloop
  endfacet
  facet normal 0.000000e+000 0.000000e+000 -1.000000e+000
    outer loop
      vertex   9.978123e+000 -1.229317e+001 0.000000e+000
      vertex   1.067473e+001 -1.212949e+001 0.000000e+000
      vertex   3.271603e+001 -1.271847e+001 0.000000e+000
    endloop
  endfacet
  facet normal 0.000000e+000 0.000000e+000 -1.000000e+000
    outer loop
      vertex   3.271603e+001 -1.271847e+001 0.000000e+000
      vertex   1.067473e+001 -1.212949e+001 0.000000e+000
      vertex   1.140363e+001 -1.198506e+001 0.000000e+000
    endloop
  endfacet
  facet normal -0.000000e+000 0.000000e+000 -1.000000e+000
    outer loop
      vertex   3.267380e+001 -1.186452e+001 0.000000e+000
      vertex   1.140363e+001 -1.198506e+001 0.000000e+000
      vertex   1.216483e+001 -1.185989e+001 0.000000e+000
    endloop
  endfacet
  facet normal -0.000000e+000 -0.000000e+000 -1.000000e+000
    outer loop
      vertex   1.295833e+001 -1.175397e+001 0.000000e+000
      vertex   3.267380e+001 -1.186452e+001 0.000000e+000
      vertex   1.216483e+001 -1.185989e+001 0.000000e+000
    endloop
  endfacet
  facet normal 0.000000e+000 0.000000e+000 -1.000000e+000
    outer loop
      vertex   1.295833e+001 -1.175397e+001 0.000000e+000
      vertex   1.378413e+001 -1.166732e+001 0.000000e+000
      vertex   3.267380e+001 -1.186452e+001 0.000000e+000
    endloop
  endfacet
  facet normal 0.000000e+000 0.000000e+000 -1.000000e+000
    outer loop
      vertex   3.267380e+001 -1.186452e+001 0.000000e+000
      vertex   1.378413e+001 -1.166732e+001 0.000000e+000
      vertex   1.464222e+001 -1.159992e+001 0.000000e+000
    endloop
  endfacet
  facet normal -0.000000e+000 -0.000000e+000 -1.000000e+000
    outer loop
      vertex   1.553262e+001 -1.155178e+001 0.000000e+000
      vertex   3.267380e+001 -1.186452e+001 0.000000e+000
      vertex   1.464222e+001 -1.159992e+001 0.000000e+000
    endloop
  endfacet
  facet normal 0.000000e+000 0.000000e+000 -1.000000e+000
    outer loop
      vertex   1.553262e+001 -1.155178e+001 0.000000e+000
      vertex   1.645531e+001 -1.152289e+001 0.000000e+000
      vertex   3.267380e+001 -1.186452e+001 0.000000e+000
    endloop
  endfacet
  facet normal 0.000000e+000 0.000000e+000 -1.000000e+000
    outer loop
      vertex   3.267380e+001 -1.186452e+001 0.000000e+000
      vertex   1.645531e+001 -1.152289e+001 0.000000e+000
      vertex   2.305772e+001 -1.151326e+001 0.000000e+000
    endloop
  endfacet
  facet normal -0.000000e+000 0.000000e+000 -1.000000e+000
    outer loop
      vertex   3.260342e+001 -1.104189e+001 0.000000e+000
      vertex   2.305772e+001 -1.151326e+001 0.000000e+000
      vertex   2.305772e+001 -1.076443e+001 0.000000e+000
    endloop
  endfacet
  facet normal -0.000000e+000 -0.000000e+000 -1.000000e+000
    outer loop
      vertex   2.305071e+001 -1.048447e+001 0.000000e+000
      vertex   3.260342e+001 -1.104189e+001 0.000000e+000
      vertex   2.305772e+001 -1.076443e+001 0.000000e+000
    endloop
  endfacet
  facet normal 0.000000e+000 0.000000e+000 -1.000000e+000
    outer loop
      vertex   2.305071e+001 -1.048447e+001 0.000000e+000
      vertex   3.250488e+001 -1.025059e+001 0.000000e+000
      vertex   3.260342e+001 -1.104189e+001 0.000000e+000
    endloop
  endfacet
  facet normal 0.000000e+000 0.000000e+000 -1.000000e+000
    outer loop
      vertex   2.305071e+001 -1.048447e+001 0.000000e+000
      vertex   2.302969e+001 -1.021402e+001 0.000000e+000
      vertex   3.250488e+001 -1.025059e+001 0.000000e+000
    endloop
  endfacet
  facet normal 0.000000e+000 0.000000e+000 -1.000000e+000
    outer loop
      vertex   3.250488e+001 -1.025059e+001 0.000000e+000
      vertex   2.302969e+001 -1.021402e+001 0.000000e+000
      vertex   2.299465e+001 -9.953077e+000 0.000000e+000
    endloop
  endfacet
  facet normal -0.000000e+000 -0.000000e+000 -1.000000e+000
    outer loop
      vertex   2.294559e+001 -9.701639e+000 0.000000e+000
      vertex   3.250488e+001 -1.025059e+001 0.000000e+000
      vertex   2.299465e+001 -9.953077e+000 0.000000e+000
    endloop
  endfacet
  facet normal 0.000000e+000 0.000000e+000 -1.000000e+000
    outer loop
      vertex   2.294559e+001 -9.701639e+000 0.000000e+000
      vertex   3.237818e+001 -9.490604e+000 0.000000e+000
      vertex   3.250488e+001 -1.025059e+001 0.000000e+000
    endloop
  endfacet
  facet normal 0.000000e+000 0.000000e+000 -1.000000e+000
    outer loop
      vertex   2.294559e+001 -9.701639e+000 0.000000e+000
      vertex   2.288252e+001 -9.459707e+000 0.000000e+000
      vertex   3.237818e+001 -9.490604e+000 0.000000e+000
    endloop
  endfacet
  facet normal 0.000000e+000 0.000000e+000 -1.000000e+000
    outer loop
      vertex   3.237818e+001 -9.490604e+000 0.000000e+000
      vertex   2.288252e+001 -9.459707e+000 0.000000e+000
      vertex   2.280543e+001 -9.227282e+000 0.000000e+000
    endloop
  endfacet
  facet normal -0.000000e+000 -0.000000e+000 -1.000000e+000
    outer loop
      vertex   2.271433e+001 -9.004364e+000 0.000000e+000
      vertex   3.237818e+001 -9.490604e+000 0.000000e+000
      vertex   2.280543e+001 -9.227282e+000 0.000000e+000
    endloop
  endfacet
  facet normal 0.000000e+000 0.000000e+000 -1.000000e+000
    outer loop
      vertex   2.271433e+001 -9.004364e+000 0.000000e+000
      vertex   2.260920e+001 -8.790952e+000 0.000000e+000
      vertex   3.237818e+001 -9.490604e+000 0.000000e+000
    endloop
  endfacet
  facet normal 0.000000e+000 0.000000e+000 -1.000000e+000
    outer loop
      vertex   3.237818e+001 -9.490604e+000 0.000000e+000
      vertex   2.260920e+001 -8.790952e+000 0.000000e+000
      vertex   3.222333e+001 -8.761945e+000 0.000000e+000
    endloop
  endfacet
  facet normal -0.000000e+000 0.000000e+000 -1.000000e+000
    outer loop
      vertex   3.222333e+001 -8.761945e+000 0.000000e+000
      vertex   2.260920e+001 -8.790952e+000 0.000000e+000
      vertex   2.249007e+001 -8.587047e+000 0.000000e+000
    endloop
  endfacet
  facet normal -0.000000e+000 -0.000000e+000 -1.000000e+000
    outer loop
      vertex   2.235691e+001 -8.392649e+000 0.000000e+000
      vertex   3.222333e+001 -8.761945e+000 0.000000e+000
      vertex   2.249007e+001 -8.587047e+000 0.000000e+000
    endloop
  endfacet
  facet normal 0.000000e+000 0.000000e+000 -1.000000e+000
    outer loop
      vertex   2.235691e+001 -8.392649e+000 0.000000e+000
      vertex   2.220974e+001 -8.207757e+000 0.000000e+000
      vertex   3.222333e+001 -8.761945e+000 0.000000e+000
    endloop
  endfacet
  facet normal 0.000000e+000 0.000000e+000 -1.000000e+000
    outer loop
      vertex   3.222333e+001 -8.761945e+000 0.000000e+000
      vertex   2.220974e+001 -8.207757e+000 0.000000e+000
      vertex   3.204033e+001 -8.064609e+000 0.000000e+000
    endloop
  endfacet
  facet normal -0.000000e+000 0.000000e+000 -1.000000e+000
    outer loop
      vertex   3.204033e+001 -8.064609e+000 0.000000e+000
      vertex   2.220974e+001 -8.207757e+000 0.000000e+000
      vertex   2.204856e+001 -8.032372e+000 0.000000e+000
    endloop
  endfacet
  facet normal -0.000000e+000 -0.000000e+000 -1.000000e+000
    outer loop
      vertex   2.187335e+001 -7.866494e+000 0.000000e+000
      vertex   3.204033e+001 -8.064609e+000 0.000000e+000
      vertex   2.204856e+001 -8.032372e+000 0.000000e+000
    endloop
  endfacet
  facet normal 0.000000e+000 0.000000e+000 -1.000000e+000
    outer loop
      vertex   2.187335e+001 -7.866494e+000 0.000000e+000
      vertex   2.168414e+001 -7.710122e+000 0.000000e+000
      vertex   3.204033e+001 -8.064609e+000 0.000000e+000
    endloop
  endfacet
  facet normal 0.000000e+000 0.000000e+000 -1.000000e+000
    outer loop
      vertex   3.204033e+001 -8.064609e+000 0.000000e+000
      vertex   2.168414e+001 -7.710122e+000 0.000000e+000
      vertex   2.148090e+001 -7.563256e+000 0.000000e+000
    endloop
  endfacet
  facet normal -0.000000e+000 -0.000000e+000 -1.000000e+000
    outer loop
      vertex   2.126365e+001 -7.425898e+000 0.000000e+000
      vertex   3.204033e+001 -8.064609e+000 0.000000e+000
      vertex   2.148090e+001 -7.563256e+000 0.000000e+000
    endloop
  endfacet
  facet normal 0.000000e+000 0.000000e+000 -1.000000e+000
    outer loop
      vertex   2.126365e+001 -7.425898e+000 0.000000e+000
      vertex   3.182917e+001 -7.398597e+000 0.000000e+000
      vertex   3.204033e+001 -8.064609e+000 0.000000e+000
    endloop
  endfacet
  facet normal 0.000000e+000 0.000000e+000 -1.000000e+000
    outer loop
      vertex   2.126365e+001 -7.425898e+000 0.000000e+000
      vertex   2.103153e+001 -7.297436e+000 0.000000e+000
      vertex   3.182917e+001 -7.398597e+000 0.000000e+000
    endloop
  endfacet
  facet normal 0.000000e+000 0.000000e+000 -1.000000e+000
    outer loop
      vertex   3.182917e+001 -7.398597e+000 0.000000e+000
      vertex   2.103153e+001 -7.297436e+000 0.000000e+000
      vertex   2.078369e+001 -7.177263e+000 0.000000e+000
    endloop
  endfacet
  facet normal -0.000000e+000 -0.000000e+000 -1.000000e+000
    outer loop
      vertex   2.052012e+001 -7.065377e+000 0.000000e+000
      vertex   3.182917e+001 -7.398597e+000 0.000000e+000
      vertex   2.078369e+001 -7.177263e+000 0.000000e+000
    endloop
  endfacet
  facet normal 0.000000e+000 0.000000e+000 -1.000000e+000
    outer loop
      vertex   2.052012e+001 -7.065377e+000 0.000000e+000
      vertex   2.024083e+001 -6.961779e+000 0.000000e+000
      vertex   3.182917e+001 -7.398597e+000 0.000000e+000
    endloop
  endfacet
  facet normal 0.000000e+000 0.000000e+000 -1.000000e+000
    outer loop
      vertex   3.182917e+001 -7.398597e+000 0.000000e+000
      vertex   2.024083e+001 -6.961779e+000 0.000000e+000
      vertex   1.994582e+001 -6.866469e+000 0.000000e+000
    endloop
  endfacet
  facet normal -0.000000e+000 -0.000000e+000 -1.000000e+000
    outer loop
      vertex   1.963509e+001 -6.779447e+000 0.000000e+000
      vertex   3.182917e+001 -7.398597e+000 0.000000e+000
      vertex   1.994582e+001 -6.866469e+000 0.000000e+000
    endloop
  endfacet
  facet normal 0.000000e+000 0.000000e+000 -1.000000e+000
    outer loop
      vertex   1.963509e+001 -6.779447e+000 0.000000e+000
      vertex   3.158986e+001 -6.763907e+000 0.000000e+000
      vertex   3.182917e+001 -7.398597e+000 0.000000e+000
    endloop
  endfacet
  facet normal 0.000000e+000 0.000000e+000 -1.000000e+000
    outer loop
      vertex   1.963509e+001 -6.779447e+000 0.000000e+000
      vertex   1.930864e+001 -6.700713e+000 0.000000e+000
      vertex   3.158986e+001 -6.763907e+000 0.000000e+000
    endloop
  endfacet
  facet normal 0.000000e+000 0.000000e+000 -1.000000e+000
    outer loop
      vertex   3.158986e+001 -6.763907e+000 0.000000e+000
      vertex   1.930864e+001 -6.700713e+000 0.000000e+000
      vertex   1.896646e+001 -6.630266e+000 0.000000e+000
    endloop
  endfacet
  facet normal -0.000000e+000 -0.000000e+000 -1.000000e+000
    outer loop
      vertex   1.860856e+001 -6.568107e+000 0.000000e+000
      vertex   3.158986e+001 -6.763907e+000 0.000000e+000
      vertex   1.896646e+001 -6.630266e+000 0.000000e+000
    endloop
  endfacet
  facet normal 0.000000e+000 0.000000e+000 -1.000000e+000
    outer loop
      vertex   1.860856e+001 -6.568107e+000 0.000000e+000
      vertex   1.823494e+001 -6.514236e+000 0.000000e+000
      vertex   3.158986e+001 -6.763907e+000 0.000000e+000
    endloop
  endfacet
  facet normal 0.000000e+000 0.000000e+000 -1.000000e+000
    outer loop
      vertex   3.158986e+001 -6.763907e+000 0.000000e+000
      vertex   1.823494e+001 -6.514236e+000 0.000000e+000
      vertex   1.784559e+001 -6.468653e+000 0.000000e+000
    endloop
  endfacet
  facet normal -0.000000e+000 -0.000000e+000 -1.000000e+000
    outer loop
      vertex   1.744052e+001 -6.431358e+000 0.000000e+000
      vertex   3.158986e+001 -6.763907e+000 0.000000e+000
      vertex   1.784559e+001 -6.468653e+000 0.000000e+000
    endloop
  endfacet
  facet normal 0.000000e+000 0.000000e+000 -1.000000e+000
    outer loop
      vertex   1.744052e+001 -6.431358e+000 0.000000e+000
      vertex   1.701973e+001 -6.402351e+000 0.000000e+000
      vertex   3.158986e+001 -6.763907e+000 0.000000e+000
    endloop
  endfacet
  facet normal 0.000000e+000 0.000000e+000 -1.000000e+000
    outer loop
      vertex   3.158986e+001 -6.763907e+000 0.000000e+000
      vertex   1.701973e+001 -6.402351e+000 0.000000e+000
      vertex   1.658322e+001 -6.381631e+000 0.000000e+000
    endloop
  endfacet
  facet normal -0.000000e+000 -0.000000e+000 -1.000000e+000
    outer loop
      vertex   1.613098e+001 -6.369199e+000 0.000000e+000
      vertex   3.158986e+001 -6.763907e+000 0.000000e+000
      vertex   1.658322e+001 -6.381631e+000 0.000000e+000
    endloop
  endfacet
  facet normal 0.000000e+000 0.000000e+000 -1.000000e+000
    outer loop
      vertex   1.613098e+001 -6.369199e+000 0.000000e+000
      vertex   3.132240e+001 -6.160541e+000 0.000000e+000
      vertex   3.158986e+001 -6.763907e+000 0.000000e+000
    endloop
  endfacet
  facet normal 0.000000e+000 0.000000e+000 -1.000000e+000
    outer loop
      vertex   1.613098e+001 -6.369199e+000 0.000000e+000
      vertex   1.566303e+001 -6.365055e+000 0.000000e+000
      vertex   3.132240e+001 -6.160541e+000 0.000000e+000
    endloop
  endfacet
  facet normal -0.000000e+000 0.000000e+000 -1.000000e+000
    outer loop
      vertex   3.132240e+001 -6.160541e+000 0.000000e+000
      vertex   1.566303e+001 -6.365055e+000 0.000000e+000
      vertex   3.102678e+001 -5.588498e+000 0.000000e+000
    endloop
  endfacet
  facet normal -0.000000e+000 0.000000e+000 -1.000000e+000
    outer loop
      vertex   3.102678e+001 -5.588498e+000 0.000000e+000
      vertex   1.566303e+001 -6.365055e+000 0.000000e+000
      vertex   3.070300e+001 -5.047778e+000 0.000000e+000
    endloop
  endfacet
  facet normal -0.000000e+000 0.000000e+000 -1.000000e+000
    outer loop
      vertex   3.070300e+001 -5.047778e+000 0.000000e+000
      vertex   1.566303e+001 -6.365055e+000 0.000000e+000
      vertex   3.035107e+001 -4.538381e+000 0.000000e+000
    endloop
  endfacet
  facet normal -0.000000e+000 0.000000e+000 -1.000000e+000
    outer loop
      vertex   3.035107e+001 -4.538381e+000 0.000000e+000
      vertex   1.566303e+001 -6.365055e+000 0.000000e+000
      vertex   2.997099e+001 -4.060307e+000 0.000000e+000
    endloop
  endfacet
  facet normal -0.000000e+000 0.000000e+000 -1.000000e+000
    outer loop
      vertex   2.997099e+001 -4.060307e+000 0.000000e+000
      vertex   1.566303e+001 -6.365055e+000 0.000000e+000
      vertex   2.956276e+001 -3.613556e+000 0.000000e+000
    endloop
  endfacet
  facet normal -0.000000e+000 0.000000e+000 -1.000000e+000
    outer loop
      vertex   2.956276e+001 -3.613556e+000 0.000000e+000
      vertex   1.566303e+001 -6.365055e+000 0.000000e+000
      vertex   2.912637e+001 -3.198129e+000 0.000000e+000
    endloop
  endfacet
  facet normal -0.000000e+000 0.000000e+000 -1.000000e+000
    outer loop
      vertex   2.912637e+001 -3.198129e+000 0.000000e+000
      vertex   1.566303e+001 -6.365055e+000 0.000000e+000
      vertex   2.865829e+001 -2.810855e+000 0.000000e+000
    endloop
  endfacet
  facet normal -0.000000e+000 0.000000e+000 -1.000000e+000
    outer loop
      vertex   2.865829e+001 -2.810855e+000 0.000000e+000
      vertex   1.566303e+001 -6.365055e+000 0.000000e+000
      vertex   2.815498e+001 -2.448567e+000 0.000000e+000
    endloop
  endfacet
  facet normal -0.000000e+000 0.000000e+000 -1.000000e+000
    outer loop
      vertex   2.815498e+001 -2.448567e+000 0.000000e+000
      vertex   1.566303e+001 -6.365055e+000 0.000000e+000
      vertex   2.761646e+001 -2.111265e+000 0.000000e+000
    endloop
  endfacet
  facet normal -0.000000e+000 0.000000e+000 -1.000000e+000
    outer loop
      vertex   2.761646e+001 -2.111265e+000 0.000000e+000
      vertex   1.566303e+001 -6.365055e+000 0.000000e+000
      vertex   2.704271e+001 -1.798948e+000 0.000000e+000
    endloop
  endfacet
  facet normal -0.000000e+000 0.000000e+000 -1.000000e+000
    outer loop
      vertex   2.704271e+001 -1.798948e+000 0.000000e+000
      vertex   1.566303e+001 -6.365055e+000 0.000000e+000
      vertex   2.643373e+001 -1.511616e+000 0.000000e+000
    endloop
  endfacet
  facet normal -0.000000e+000 0.000000e+000 -1.000000e+000
    outer loop
      vertex   2.643373e+001 -1.511616e+000 0.000000e+000
      vertex   1.566303e+001 -6.365055e+000 0.000000e+000
      vertex   2.578954e+001 -1.249270e+000 0.000000e+000
    endloop
  endfacet
  facet normal -0.000000e+000 0.000000e+000 -1.000000e+000
    outer loop
      vertex   2.578954e+001 -1.249270e+000 0.000000e+000
      vertex   1.566303e+001 -6.365055e+000 0.000000e+000
      vertex   2.511012e+001 -1.011908e+000 0.000000e+000
    endloop
  endfacet
  facet normal -0.000000e+000 0.000000e+000 -1.000000e+000
    outer loop
      vertex   2.511012e+001 -1.011908e+000 0.000000e+000
      vertex   1.566303e+001 -6.365055e+000 0.000000e+000
      vertex   2.439548e+001 -7.995328e-001 0.000000e+000
    endloop
  endfacet
  facet normal -0.000000e+000 0.000000e+000 -1.000000e+000
    outer loop
      vertex   2.439548e+001 -7.995328e-001 0.000000e+000
      vertex   1.566303e+001 -6.365055e+000 0.000000e+000
      vertex   2.364561e+001 -6.121425e-001 0.000000e+000
    endloop
  endfacet
  facet normal -0.000000e+000 0.000000e+000 -1.000000e+000
    outer loop
      vertex   2.364561e+001 -6.121425e-001 0.000000e+000
      vertex   1.566303e+001 -6.365055e+000 0.000000e+000
      vertex   2.286052e+001 -4.497375e-001 0.000000e+000
    endloop
  endfacet
  facet normal -0.000000e+000 0.000000e+000 -1.000000e+000
    outer loop
      vertex   2.286052e+001 -4.497375e-001 0.000000e+000
      vertex   1.566303e+001 -6.365055e+000 0.000000e+000
      vertex   2.204021e+001 -3.123180e-001 0.000000e+000
    endloop
  endfacet
  facet normal -0.000000e+000 0.000000e+000 -1.000000e+000
    outer loop
      vertex   2.204021e+001 -3.123180e-001 0.000000e+000
      vertex   1.566303e+001 -6.365055e+000 0.000000e+000
      vertex   2.118467e+001 -1.998838e-001 0.000000e+000
    endloop
  endfacet
  facet normal -0.000000e+000 0.000000e+000 -1.000000e+000
    outer loop
      vertex   2.118467e+001 -1.998838e-001 0.000000e+000
      vertex   1.566303e+001 -6.365055e+000 0.000000e+000
      vertex   2.029391e+001 -1.124350e-001 0.000000e+000
    endloop
  endfacet
  facet normal -0.000000e+000 0.000000e+000 -1.000000e+000
    outer loop
      vertex   2.029391e+001 -1.124350e-001 0.000000e+000
      vertex   1.566303e+001 -6.365055e+000 0.000000e+000
      vertex   1.936793e+001 -4.997153e-002 0.000000e+000
    endloop
  endfacet
  facet normal -0.000000e+000 0.000000e+000 -1.000000e+000
    outer loop
      vertex   1.936793e+001 -4.997153e-002 0.000000e+000
      vertex   1.566303e+001 -6.365055e+000 0.000000e+000
      vertex   1.840673e+001 -1.249347e-002 0.000000e+000
    endloop
  endfacet
  facet normal -0.000000e+000 0.000000e+000 -1.000000e+000
    outer loop
      vertex   1.840673e+001 -1.249347e-002 0.000000e+000
      vertex   1.566303e+001 -6.365055e+000 0.000000e+000
      vertex   1.741030e+001 -7.848100e-007 0.000000e+000
    endloop
  endfacet
  facet normal -0.000000e+000 0.000000e+000 -1.000000e+000
    outer loop
      vertex   1.741030e+001 -7.848100e-007 0.000000e+000
      vertex   1.566303e+001 -6.365055e+000 0.000000e+000
      vertex   1.585121e+001 -2.437676e-002 0.000000e+000
    endloop
  endfacet
  facet normal 0.000000e+000 0.000000e+000 -1.000000e+000
    outer loop
      vertex   1.585121e+001 -2.437676e-002 0.000000e+000
      vertex   1.566303e+001 -6.365055e+000 0.000000e+000
      vertex   1.489762e+001 -6.374562e+000 0.000000e+000
    endloop
  endfacet
  facet normal 0.000000e+000 -0.000000e+000 -1.000000e+000
    outer loop
      vertex   1.429407e+001 -9.750468e-002 0.000000e+000
      vertex   1.489762e+001 -6.374562e+000 0.000000e+000
      vertex   1.414587e+001 -6.403082e+000 0.000000e+000
    endloop
  endfacet
  facet normal 0.000000e+000 -0.000000e+000 -1.000000e+000
    outer loop
      vertex   1.273888e+001 -2.193846e-001 0.000000e+000
      vertex   1.414587e+001 -6.403082e+000 0.000000e+000
      vertex   1.340776e+001 -6.450615e+000 0.000000e+000
    endloop
  endfacet
  facet normal 0.000000e+000 0.000000e+000 -1.000000e+000
    outer loop
      vertex   1.268331e+001 -6.517161e+000 0.000000e+000
      vertex   1.273888e+001 -2.193846e-001 0.000000e+000
      vertex   1.340776e+001 -6.450615e+000 0.000000e+000
    endloop
  endfacet
  facet normal 0.000000e+000 0.000000e+000 -1.000000e+000
    outer loop
      vertex   1.268331e+001 -6.517161e+000 0.000000e+000
      vertex   1.118565e+001 -3.900164e-001 0.000000e+000
      vertex   1.273888e+001 -2.193846e-001 0.000000e+000
    endloop
  endfacet
  facet normal -0.000000e+000 0.000000e+000 -1.000000e+000
    outer loop
      vertex   1.268331e+001 -6.517161e+000 0.000000e+000
      vertex   1.197250e+001 -6.602721e+000 0.000000e+000
      vertex   1.118565e+001 -3.900164e-001 0.000000e+000
    endloop
  endfacet
  facet normal 0.000000e+000 -0.000000e+000 -1.000000e+000
    outer loop
      vertex   1.118565e+001 -3.900164e-001 0.000000e+000
      vertex   1.197250e+001 -6.602721e+000 0.000000e+000
      vertex   1.127535e+001 -6.707294e+000 0.000000e+000
    endloop
  endfacet
  facet normal 0.000000e+000 -0.000000e+000 -1.000000e+000
    outer loop
      vertex   9.634360e+000 -6.074501e-001 0.000000e+000
      vertex   1.127535e+001 -6.707294e+000 0.000000e+000
      vertex   1.059185e+001 -6.830880e+000 0.000000e+000
    endloop
  endfacet
  facet normal 0.000000e+000 0.000000e+000 -1.000000e+000
    outer loop
      vertex   9.921997e+000 -6.973480e+000 0.000000e+000
      vertex   9.634360e+000 -6.074501e-001 0.000000e+000
      vertex   1.059185e+001 -6.830880e+000 0.000000e+000
    endloop
  endfacet
  facet normal 0.000000e+000 0.000000e+000 -1.000000e+000
    outer loop
      vertex   9.921997e+000 -6.973480e+000 0.000000e+000
      vertex   8.085023e+000 -8.697356e-001 0.000000e+000
      vertex   9.634360e+000 -6.074501e-001 0.000000e+000
    endloop
  endfacet
  facet normal -0.000000e+000 0.000000e+000 -1.000000e+000
    outer loop
      vertex   9.921997e+000 -6.973480e+000 0.000000e+000
      vertex   9.264821e+000 -7.135580e+000 0.000000e+000
      vertex   8.085023e+000 -8.697356e-001 0.000000e+000
    endloop
  endfacet
  facet normal 0.000000e+000 -0.000000e+000 -1.000000e+000
    outer loop
      vertex   8.085023e+000 -8.697356e-001 0.000000e+000
      vertex   9.264821e+000 -7.135580e+000 0.000000e+000
      vertex   8.619345e+000 -7.317668e+000 0.000000e+000
    endloop
  endfacet
  facet normal 0.000000e+000 -0.000000e+000 -1.000000e+000
    outer loop
      vertex   6.537637e+000 -1.176873e+000 0.000000e+000
      vertex   8.619345e+000 -7.317668e+000 0.000000e+000
      vertex   7.985569e+000 -7.519745e+000 0.000000e+000
    endloop
  endfacet
  facet normal 0.000000e+000 0.000000e+000 -1.000000e+000
    outer loop
      vertex   7.363495e+000 -7.741810e+000 0.000000e+000
      vertex   6.537637e+000 -1.176873e+000 0.000000e+000
      vertex   7.985569e+000 -7.519745e+000 0.000000e+000
    endloop
  endfacet
  facet normal 0.000000e+000 0.000000e+000 -1.000000e+000
    outer loop
      vertex   7.363495e+000 -7.741810e+000 0.000000e+000
      vertex   4.992200e+000 -1.528862e+000 0.000000e+000
      vertex   6.537637e+000 -1.176873e+000 0.000000e+000
    endloop
  endfacet
  facet normal -0.000000e+000 0.000000e+000 -1.000000e+000
    outer loop
      vertex   7.363495e+000 -7.741810e+000 0.000000e+000
      vertex   6.753120e+000 -7.983864e+000 0.000000e+000
      vertex   4.992200e+000 -1.528862e+000 0.000000e+000
    endloop
  endfacet
  facet normal 0.000000e+000 -0.000000e+000 -1.000000e+000
    outer loop
      vertex   4.992200e+000 -1.528862e+000 0.000000e+000
      vertex   6.753120e+000 -7.983864e+000 0.000000e+000
      vertex   6.154446e+000 -8.245906e+000 0.000000e+000
    endloop
  endfacet
  facet normal 0.000000e+000 0.000000e+000 -1.000000e+000
    outer loop
      vertex   5.567473e+000 -8.527936e+000 0.000000e+000
      vertex   4.992200e+000 -1.528862e+000 0.000000e+000
      vertex   6.154446e+000 -8.245906e+000 0.000000e+000
    endloop
  endfacet
  facet normal -0.000000e+000 0.000000e+000 -1.000000e+000
    outer loop
      vertex   5.567473e+000 -8.527936e+000 0.000000e+000
      vertex   4.992200e+000 -8.829954e+000 0.000000e+000
      vertex   4.992200e+000 -1.528862e+000 0.000000e+000
    endloop
  endfacet
  facet normal 0.000000e+000 0.000000e+000 -1.000000e+000
    outer loop
      vertex   3.271603e+001 -1.271847e+001 0.000000e+000
      vertex   1.140363e+001 -1.198506e+001 0.000000e+000
      vertex   3.267380e+001 -1.186452e+001 0.000000e+000
    endloop
  endfacet
  facet normal 0.000000e+000 0.000000e+000 -1.000000e+000
    outer loop
      vertex   1.645531e+001 -1.152289e+001 0.000000e+000
      vertex   1.741030e+001 -1.151326e+001 0.000000e+000
      vertex   2.305772e+001 -1.151326e+001 0.000000e+000
    endloop
  endfacet
  facet normal 0.000000e+000 0.000000e+000 -1.000000e+000
    outer loop
      vertex   3.267380e+001 -1.186452e+001 0.000000e+000
      vertex   2.305772e+001 -1.151326e+001 0.000000e+000
      vertex   3.260342e+001 -1.104189e+001 0.000000e+000
    endloop
  endfacet
  facet normal -0.000000e+000 0.000000e+000 -1.000000e+000
    outer loop
      vertex   1.585121e+001 -2.437676e-002 0.000000e+000
      vertex   1.489762e+001 -6.374562e+000 0.000000e+000
      vertex   1.429407e+001 -9.750468e-002 0.000000e+000
    endloop
  endfacet
  facet normal -0.000000e+000 0.000000e+000 -1.000000e+000
    outer loop
      vertex   1.429407e+001 -9.750468e-002 0.000000e+000
      vertex   1.414587e+001 -6.403082e+000 0.000000e+000
      vertex   1.273888e+001 -2.193846e-001 0.000000e+000
    endloop
  endfacet
  facet normal -0.000000e+000 -0.000000e+000 -1.000000e+000
    outer loop
      vertex   1.118565e+001 -3.900164e-001 0.000000e+000
      vertex   1.127535e+001 -6.707294e+000 0.000000e+000
      vertex   9.634360e+000 -6.074501e-001 0.000000e+000
    endloop
  endfacet
  facet normal -0.000000e+000 -0.000000e+000 -1.000000e+000
    outer loop
      vertex   8.085023e+000 -8.697356e-001 0.000000e+000
      vertex   8.619345e+000 -7.317668e+000 0.000000e+000
      vertex   6.537637e+000 -1.176873e+000 0.000000e+000
    endloop
  endfacet
endsolid