ISO-10303-21;
HEADER;
/* Generated by software containing ST-Developer
 * from STEP Tools, Inc. (www.steptools.com) 
 */

FILE_DESCRIPTION(
/* description */ (''),
/* implementation_level */ '2;1');

FILE_NAME(
/* name */ 
'Y:/\X2\041A043E043D0441044204400443043A0442043E04400441043A04380435\X0\ 
\X2\044004300437044004300431043E0442043A0438\X0\/\X2\042004300437044004300431043E0442043A0430\X0\/
Spider/Spider.step',
/* time_stamp */ '2020-08-19T12:51:29+03:00',
/* author */ (''),
/* organization */ (''),
/* preprocessor_version */ 'ST-DEVELOPER v18.1',
/* originating_system */ 'Autodesk Translation Framework v9.3.0.1241',
/* authorisation */ '');

FILE_SCHEMA (('AUTOMOTIVE_DESIGN { 1 0 10303 214 3 1 1 }'));
ENDSEC;

DATA;
#10=MECHANICAL_DESIGN_GEOMETRIC_PRESENTATION_REPRESENTATION('',(#13),#1911);
#11=SHAPE_REPRESENTATION_RELATIONSHIP('SRR','None',#1918,#12);
#12=ADVANCED_BREP_SHAPE_REPRESENTATION('',(#14),#1910);
#13=STYLED_ITEM('',(#1927),#14);
#14=MANIFOLD_SOLID_BREP('Body3',#690);
#15=FACE_BOUND('',#191,.T.);
#16=FACE_BOUND('',#193,.T.);
#17=FACE_BOUND('',#196,.T.);
#18=FACE_BOUND('',#199,.T.);
#19=FACE_BOUND('',#203,.T.);
#20=FACE_BOUND('',#205,.T.);
#21=FACE_BOUND('',#212,.T.);
#22=FACE_BOUND('',#214,.T.);
#23=FACE_BOUND('',#217,.T.);
#24=FACE_BOUND('',#220,.T.);
#25=FACE_BOUND('',#222,.T.);
#26=FACE_BOUND('',#225,.T.);
#27=PLANE('',#713);
#28=PLANE('',#714);
#29=PLANE('',#721);
#30=PLANE('',#723);
#31=PLANE('',#726);
#32=PLANE('',#730);
#33=PLANE('',#731);
#34=PLANE('',#735);
#35=PLANE('',#737);
#36=PLANE('',#740);
#37=PLANE('',#744);
#38=PLANE('',#746);
#39=PLANE('',#749);
#40=PLANE('',#753);
#41=PLANE('',#754);
#42=PLANE('',#758);
#43=LINE('',#1188,#68);
#44=LINE('',#1194,#69);
#45=LINE('',#1312,#70);
#46=LINE('',#1318,#71);
#47=LINE('',#1792,#72);
#48=LINE('',#1793,#73);
#49=LINE('',#1795,#74);
#50=LINE('',#1796,#75);
#51=LINE('',#1804,#76);
#52=LINE('',#1813,#77);
#53=LINE('',#1820,#78);
#54=LINE('',#1823,#79);
#55=LINE('',#1824,#80);
#56=LINE('',#1825,#81);
#57=LINE('',#1826,#82);
#58=LINE('',#1831,#83);
#59=LINE('',#1839,#84);
#60=LINE('',#1857,#85);
#61=LINE('',#1859,#86);
#62=LINE('',#1860,#87);
#63=LINE('',#1861,#88);
#64=LINE('',#1882,#89);
#65=LINE('',#1891,#90);
#66=LINE('',#1898,#91);
#67=LINE('',#1905,#92);
#68=VECTOR('',#773,10.);
#69=VECTOR('',#774,10.);
#70=VECTOR('',#775,10.);
#71=VECTOR('',#776,58.6932652717959);
#72=VECTOR('',#785,10.);
#73=VECTOR('',#786,10.);
#74=VECTOR('',#789,10.);
#75=VECTOR('',#790,10.);
#76=VECTOR('',#801,11.4999999997);
#77=VECTOR('',#814,17.99999999942);
#78=VECTOR('',#823,17.99999999942);
#79=VECTOR('',#828,10.);
#80=VECTOR('',#829,10.);
#81=VECTOR('',#830,10.);
#82=VECTOR('',#831,10.);
#83=VECTOR('',#836,12.99999999944);
#84=VECTOR('',#847,7.4999999987);
#85=VECTOR('',#850,58.6932652717959);
#86=VECTOR('',#853,10.);
#87=VECTOR('',#854,10.);
#88=VECTOR('',#855,10.);
#89=VECTOR('',#860,11.4999999997);
#90=VECTOR('',#873,17.99999999942);
#91=VECTOR('',#882,17.99999999942);
#92=VECTOR('',#891,19.00000000094);
#93=CIRCLE('',#705,23.9999999999);
#94=CIRCLE('',#706,23.9999999999);
#95=CIRCLE('',#708,23.9999999999);
#96=CIRCLE('',#709,23.9999999999);
#97=CIRCLE('',#711,20.99999999788);
#98=CIRCLE('',#712,20.99999999788);
#99=CIRCLE('',#716,20.99999999788);
#100=CIRCLE('',#717,20.99999999788);
#101=CIRCLE('',#719,11.4999999997);
#102=CIRCLE('',#720,11.4999999997);
#103=CIRCLE('',#722,17.99999999942);
#104=CIRCLE('',#724,17.99999999942);
#105=CIRCLE('',#727,17.99999999942);
#106=CIRCLE('',#729,17.99999999942);
#107=CIRCLE('',#733,12.99999999944);
#108=CIRCLE('',#734,12.99999999944);
#109=CIRCLE('',#736,7.4999999987);
#110=CIRCLE('',#739,7.4999999987);
#111=CIRCLE('',#742,11.4999999997);
#112=CIRCLE('',#743,11.4999999997);
#113=CIRCLE('',#745,17.99999999942);
#114=CIRCLE('',#747,17.99999999942);
#115=CIRCLE('',#750,17.99999999942);
#116=CIRCLE('',#752,17.99999999942);
#117=CIRCLE('',#755,19.00000000094);
#118=CIRCLE('',#757,19.00000000094);
#119=CYLINDRICAL_SURFACE('',#704,23.9999999999);
#120=CYLINDRICAL_SURFACE('',#707,23.9999999999);
#121=CYLINDRICAL_SURFACE('',#710,20.99999999788);
#122=CYLINDRICAL_SURFACE('',#715,20.99999999788);
#123=CYLINDRICAL_SURFACE('',#718,11.4999999997);
#124=CYLINDRICAL_SURFACE('',#725,17.99999999942);
#125=CYLINDRICAL_SURFACE('',#728,17.99999999942);
#126=CYLINDRICAL_SURFACE('',#732,12.99999999944);
#127=CYLINDRICAL_SURFACE('',#738,7.4999999987);
#128=CYLINDRICAL_SURFACE('',#741,11.4999999997);
#129=CYLINDRICAL_SURFACE('',#748,17.99999999942);
#130=CYLINDRICAL_SURFACE('',#751,17.99999999942);
#131=CYLINDRICAL_SURFACE('',#756,19.00000000094);
#132=FACE_OUTER_BOUND('',#173,.T.);
#133=FACE_OUTER_BOUND('',#174,.T.);
#134=FACE_OUTER_BOUND('',#175,.T.);
#135=FACE_OUTER_BOUND('',#176,.T.);
#136=FACE_OUTER_BOUND('',#177,.T.);
#137=FACE_OUTER_BOUND('',#178,.T.);
#138=FACE_OUTER_BOUND('',#179,.T.);
#139=FACE_OUTER_BOUND('',#180,.T.);
#140=FACE_OUTER_BOUND('',#181,.T.);
#141=FACE_OUTER_BOUND('',#182,.T.);
#142=FACE_OUTER_BOUND('',#183,.T.);
#143=FACE_OUTER_BOUND('',#184,.T.);
#144=FACE_OUTER_BOUND('',#185,.T.);
#145=FACE_OUTER_BOUND('',#186,.T.);
#146=FACE_OUTER_BOUND('',#187,.T.);
#147=FACE_OUTER_BOUND('',#188,.T.);
#148=FACE_OUTER_BOUND('',#189,.T.);
#149=FACE_OUTER_BOUND('',#190,.T.);
#150=FACE_OUTER_BOUND('',#192,.T.);
#151=FACE_OUTER_BOUND('',#194,.T.);
#152=FACE_OUTER_BOUND('',#195,.T.);
#153=FACE_OUTER_BOUND('',#197,.T.);
#154=FACE_OUTER_BOUND('',#198,.T.);
#155=FACE_OUTER_BOUND('',#200,.T.);
#156=FACE_OUTER_BOUND('',#201,.T.);
#157=FACE_OUTER_BOUND('',#202,.T.);
#158=FACE_OUTER_BOUND('',#204,.T.);
#159=FACE_OUTER_BOUND('',#206,.T.);
#160=FACE_OUTER_BOUND('',#207,.T.);
#161=FACE_OUTER_BOUND('',#208,.T.);
#162=FACE_OUTER_BOUND('',#209,.T.);
#163=FACE_OUTER_BOUND('',#210,.T.);
#164=FACE_OUTER_BOUND('',#211,.T.);
#165=FACE_OUTER_BOUND('',#213,.T.);
#166=FACE_OUTER_BOUND('',#215,.T.);
#167=FACE_OUTER_BOUND('',#216,.T.);
#168=FACE_OUTER_BOUND('',#218,.T.);
#169=FACE_OUTER_BOUND('',#219,.T.);
#170=FACE_OUTER_BOUND('',#221,.T.);
#171=FACE_OUTER_BOUND('',#223,.T.);
#172=FACE_OUTER_BOUND('',#224,.T.);
#173=EDGE_LOOP('',(#439,#440,#441,#442,#443,#444));
#174=EDGE_LOOP('',(#445,#446,#447,#448));
#175=EDGE_LOOP('',(#449,#450,#451,#452,#453,#454));
#176=EDGE_LOOP('',(#455,#456,#457,#458));
#177=EDGE_LOOP('',(#459,#460,#461,#462,#463,#464));
#178=EDGE_LOOP('',(#465,#466,#467,#468));
#179=EDGE_LOOP('',(#469,#470,#471,#472,#473,#474));
#180=EDGE_LOOP('',(#475,#476,#477,#478));
#181=EDGE_LOOP('',(#479,#480,#481,#482,#483,#484));
#182=EDGE_LOOP('',(#485,#486,#487,#488));
#183=EDGE_LOOP('',(#489,#490,#491,#492,#493,#494));
#184=EDGE_LOOP('',(#495,#496,#497,#498,#499,#500));
#185=EDGE_LOOP('',(#501,#502,#503,#504,#505,#506));
#186=EDGE_LOOP('',(#507,#508,#509,#510,#511,#512,#513,#514));
#187=EDGE_LOOP('',(#515,#516,#517,#518,#519,#520,#521,#522));
#188=EDGE_LOOP('',(#523,#524,#525,#526));
#189=EDGE_LOOP('',(#527,#528,#529,#530));
#190=EDGE_LOOP('',(#531,#532,#533,#534));
#191=EDGE_LOOP('',(#535));
#192=EDGE_LOOP('',(#536));
#193=EDGE_LOOP('',(#537));
#194=EDGE_LOOP('',(#538,#539,#540,#541));
#195=EDGE_LOOP('',(#542));
#196=EDGE_LOOP('',(#543));
#197=EDGE_LOOP('',(#544,#545,#546,#547));
#198=EDGE_LOOP('',(#548,#549,#550,#551));
#199=EDGE_LOOP('',(#552));
#200=EDGE_LOOP('',(#553,#554,#555,#556,#557,#558,#559,#560));
#201=EDGE_LOOP('',(#561,#562,#563,#564));
#202=EDGE_LOOP('',(#565));
#203=EDGE_LOOP('',(#566));
#204=EDGE_LOOP('',(#567,#568,#569,#570,#571,#572,#573,#574));
#205=EDGE_LOOP('',(#575));
#206=EDGE_LOOP('',(#576,#577,#578,#579));
#207=EDGE_LOOP('',(#580,#581,#582,#583));
#208=EDGE_LOOP('',(#584,#585,#586,#587,#588,#589,#590,#591));
#209=EDGE_LOOP('',(#592,#593,#594,#595));
#210=EDGE_LOOP('',(#596,#597,#598,#599));
#211=EDGE_LOOP('',(#600,#601,#602,#603));
#212=EDGE_LOOP('',(#604));
#213=EDGE_LOOP('',(#605));
#214=EDGE_LOOP('',(#606));
#215=EDGE_LOOP('',(#607,#608,#609,#610));
#216=EDGE_LOOP('',(#611));
#217=EDGE_LOOP('',(#612));
#218=EDGE_LOOP('',(#613,#614,#615,#616));
#219=EDGE_LOOP('',(#617,#618,#619,#620));
#220=EDGE_LOOP('',(#621));
#221=EDGE_LOOP('',(#622,#623,#624,#625,#626,#627,#628,#629));
#222=EDGE_LOOP('',(#630));
#223=EDGE_LOOP('',(#631,#632,#633,#634));
#224=EDGE_LOOP('',(#635));
#225=EDGE_LOOP('',(#636));
#226=B_SPLINE_CURVE_WITH_KNOTS('',3,(#919,#920,#921,#922,#923,#924),
 .UNSPECIFIED.,.F.,.F.,(4,2,4),(0.531592614210346,0.788295480852425,1.58378604663424),
 .UNSPECIFIED.);
#227=B_SPLINE_CURVE_WITH_KNOTS('',3,(#926,#927,#928,#929),.UNSPECIFIED.,
 .F.,.F.,(4,4),(-2.27291121493087,-5.40133259299691E-15),.UNSPECIFIED.);
#228=B_SPLINE_CURVE_WITH_KNOTS('',3,(#931,#932,#933,#934,#935,#936),
 .UNSPECIFIED.,.F.,.F.,(4,2,4),(0.,0.776871367937127,1.23266754285068),
 .UNSPECIFIED.);
#229=B_SPLINE_CURVE_WITH_KNOTS('',3,(#938,#939,#940,#941,#942,#943,#944,
#945,#946,#947,#948,#949,#950,#951,#952,#953),.UNSPECIFIED.,.F.,.F.,(4,
3,3,3,3,4),(1.23981814941631,1.24397755042604,1.37023735930526,1.49664621306696,
1.62235832669733,1.70367886011204),.UNSPECIFIED.);
#230=B_SPLINE_CURVE_WITH_KNOTS('',3,(#955,#956,#957,#958),.UNSPECIFIED.,
 .F.,.F.,(4,4),(0.0984252727743136,2.51519736601518),.UNSPECIFIED.);
#231=B_SPLINE_CURVE_WITH_KNOTS('',3,(#959,#960,#961,#962,#963,#964,#965,
#966,#967,#968,#969,#970,#971,#972,#973,#974),.UNSPECIFIED.,.F.,.F.,(4,
3,3,3,3,4),(0.,0.124470358559952,0.250606948427329,0.377156892871657,0.503484869071339,
0.528433832754468),.UNSPECIFIED.);
#232=B_SPLINE_CURVE_WITH_KNOTS('',3,(#979,#980,#981,#982),.UNSPECIFIED.,
 .F.,.F.,(4,4),(-2.51519736587612,-0.0984252704271521),.UNSPECIFIED.);
#233=B_SPLINE_CURVE_WITH_KNOTS('',3,(#1006,#1007,#1008,#1009,#1010,#1011,
#1012,#1013,#1014,#1015,#1016,#1017,#1018,#1019,#1020,#1021,#1022,#1023,
#1024,#1025,#1026,#1027,#1028,#1029,#1030,#1031,#1032,#1033,#1034,#1035,
#1036,#1037,#1038,#1039,#1040,#1041,#1042),.UNSPECIFIED.,.F.,.F.,(4,3,3,
3,3,3,3,3,3,3,3,3,4),(0.463911932855959,0.595322231056573,0.71924923087482,
0.726732529257187,0.785277010510975,0.910608533355688,1.03659291600903,
1.16267023925875,1.24030971032242,1.36653873422216,1.49263602211969,1.61762809634225,
1.69562070472617),.UNSPECIFIED.);
#234=B_SPLINE_CURVE_WITH_KNOTS('',3,(#1044,#1045,#1046,#1047),
 .UNSPECIFIED.,.F.,.F.,(4,4),(-2.27288733974079,2.3868989284043E-5),
 .UNSPECIFIED.);
#235=B_SPLINE_CURVE_WITH_KNOTS('',3,(#1049,#1050,#1051,#1052,#1053,#1054),
 .UNSPECIFIED.,.F.,.F.,(4,2,4),(0.,0.795368678561067,1.0521811129728),
 .UNSPECIFIED.);
#236=B_SPLINE_CURVE_WITH_KNOTS('',3,(#1056,#1057,#1058,#1059,#1060,#1061,
#1062,#1063,#1064,#1065,#1066,#1067,#1068,#1069,#1070,#1071),
 .UNSPECIFIED.,.F.,.F.,(4,3,3,3,3,4),(1.04035603803446,1.17245249121933,
1.29892972439293,1.42488050833629,1.54940643865222,1.56874185077393),
 .UNSPECIFIED.);
#237=B_SPLINE_CURVE_WITH_KNOTS('',3,(#1073,#1074,#1075,#1076),
 .UNSPECIFIED.,.F.,.F.,(4,4),(-0.242310026326669,2.17446206930748),
 .UNSPECIFIED.);
#238=B_SPLINE_CURVE_WITH_KNOTS('',3,(#1077,#1078,#1079,#1080,#1081,#1082,
#1083,#1084,#1085,#1086,#1087,#1088,#1089),.UNSPECIFIED.,.F.,.F.,(4,3,3,
3,4),(0.,0.12507898710586,0.251130729106512,0.377844023717871,0.464970762723731),
 .UNSPECIFIED.);
#239=B_SPLINE_CURVE_WITH_KNOTS('',3,(#1094,#1095,#1096,#1097),
 .UNSPECIFIED.,.F.,.F.,(4,4),(-2.17446206690215,0.242310026187787),
 .UNSPECIFIED.);
#240=B_SPLINE_CURVE_WITH_KNOTS('',3,(#1120,#1121,#1122,#1123,#1124,#1125,
#1126,#1127,#1128,#1129,#1130,#1131,#1132,#1133,#1134,#1135),
 .UNSPECIFIED.,.F.,.F.,(4,3,3,3,3,4),(1.23981814949135,1.24397755403108,
1.37075609244698,1.49734672925232,1.62276419266069,1.703678860167),
 .UNSPECIFIED.);
#241=B_SPLINE_CURVE_WITH_KNOTS('',3,(#1137,#1138,#1139,#1140,#1141,#1142,
#1143,#1144,#1145,#1146,#1147,#1148,#1149,#1150,#1151,#1152),
 .UNSPECIFIED.,.F.,.F.,(4,3,3,3,3,4),(0.,0.123914492522429,0.249867817280169,
0.376520507124574,0.503381266419484,0.528433832960698),.UNSPECIFIED.);
#242=B_SPLINE_CURVE_WITH_KNOTS('',3,(#1154,#1155,#1156,#1157,#1158,#1159),
 .UNSPECIFIED.,.F.,.F.,(4,2,4),(0.531592614709801,0.788295616983056,1.58378604656501),
 .UNSPECIFIED.);
#243=B_SPLINE_CURVE_WITH_KNOTS('',3,(#1161,#1162,#1163,#1164),
 .UNSPECIFIED.,.F.,.F.,(4,4),(-2.3875328140464E-5,2.27288733974079),
 .UNSPECIFIED.);
#244=B_SPLINE_CURVE_WITH_KNOTS('',3,(#1165,#1166,#1167,#1168,#1169,#1170),
 .UNSPECIFIED.,.F.,.F.,(4,2,4),(0.,0.776871368818274,1.23266754285225),
 .UNSPECIFIED.);
#245=B_SPLINE_CURVE_WITH_KNOTS('',3,(#1190,#1191,#1192,#1193),
 .UNSPECIFIED.,.F.,.F.,(4,4),(-1.40493820476033E-15,1.62212363920049),
 .UNSPECIFIED.);
#246=B_SPLINE_CURVE_WITH_KNOTS('',3,(#1216,#1217,#1218,#1219,#1220,#1221,
#1222,#1223,#1224,#1225,#1226,#1227,#1228,#1229,#1230,#1231),
 .UNSPECIFIED.,.F.,.F.,(4,3,3,3,3,4),(1.04035603806384,1.17245249124118,
1.29896069925656,1.42466588616216,1.54864691631403,1.56874185077318),
 .UNSPECIFIED.);
#247=B_SPLINE_CURVE_WITH_KNOTS('',3,(#1233,#1234,#1235,#1236,#1237,#1238,
#1239,#1240,#1241,#1242,#1243,#1244,#1245),.UNSPECIFIED.,.F.,.F.,(4,3,3,
3,4),(0.,0.124574844845938,0.250364733703012,0.377302004738768,0.464970762722929),
 .UNSPECIFIED.);
#248=B_SPLINE_CURVE_WITH_KNOTS('',3,(#1247,#1248,#1249,#1250,#1251,#1252,
#1253,#1254,#1255,#1256,#1257,#1258,#1259,#1260,#1261,#1262,#1263,#1264,
#1265,#1266,#1267,#1268,#1269,#1270,#1271,#1272,#1273,#1274,#1275,#1276,
#1277,#1278,#1279,#1280,#1281,#1282,#1283),.UNSPECIFIED.,.F.,.F.,(4,3,3,
3,3,3,3,3,3,3,3,3,4),(0.463911932828011,0.590006785116574,0.714732294315426,
0.785277002187041,0.911289159657699,0.968766638706944,1.0944818620553,1.22047554411268,
1.24030970777751,1.36618496424765,1.49225707996261,1.61766959238012,1.69562070467142),
 .UNSPECIFIED.);
#249=B_SPLINE_CURVE_WITH_KNOTS('',3,(#1285,#1286,#1287,#1288),
 .UNSPECIFIED.,.F.,.F.,(4,4),(6.81052436668494E-15,2.27291120900261),
 .UNSPECIFIED.);
#250=B_SPLINE_CURVE_WITH_KNOTS('',3,(#1289,#1290,#1291,#1292,#1293,#1294),
 .UNSPECIFIED.,.F.,.F.,(4,2,4),(0.,0.795368903285448,1.05218111379715),
 .UNSPECIFIED.);
#251=B_SPLINE_CURVE_WITH_KNOTS('',3,(#1314,#1315,#1316,#1317),
 .UNSPECIFIED.,.F.,.F.,(4,4),(-1.0761424094325E-6,1.62212256305678),
 .UNSPECIFIED.);
#252=B_SPLINE_CURVE_WITH_KNOTS('',3,(#1341,#1342,#1343,#1344,#1345,#1346,
#1347,#1348),.UNSPECIFIED.,.F.,.F.,(4,2,2,4),(0.529526514327106,0.807714154816462,
1.35445244435309,1.90364843714818),.UNSPECIFIED.);
#253=B_SPLINE_CURVE_WITH_KNOTS('',3,(#1350,#1351,#1352,#1353),
 .UNSPECIFIED.,.F.,.F.,(4,4),(-1.62212256305678,1.07614241236249E-6),
 .UNSPECIFIED.);
#254=B_SPLINE_CURVE_WITH_KNOTS('',3,(#1355,#1356,#1357,#1358,#1359,#1360,
#1361,#1362,#1363,#1364,#1365,#1366,#1367,#1368,#1369,#1370,#1371,#1372,
#1373,#1374,#1375,#1376,#1377,#1378,#1379,#1380,#1381,#1382,#1383,#1384,
#1385,#1386,#1387,#1388),.UNSPECIFIED.,.F.,.F.,(4,3,3,3,3,3,3,3,3,3,3,4),
(0.,0.123869527038496,0.249214106330579,0.381890741686711,0.508556183084067,
0.63474369202417,0.759549341011089,0.779920647755108,0.906089295785291,
1.03177812006974,1.15778915057996,1.2435537762129),.UNSPECIFIED.);
#255=B_SPLINE_CURVE_WITH_KNOTS('',3,(#1390,#1391,#1392,#1393,#1394,#1395,
#1396,#1397,#1398,#1399,#1400,#1401,#1402,#1403,#1404,#1405),
 .UNSPECIFIED.,.F.,.F.,(4,3,3,3,3,4),(1.24755073968274,1.29541342374818,
1.42362750424012,1.54993479595577,1.67910227083586,1.80826974571596),
 .UNSPECIFIED.);
#256=B_SPLINE_CURVE_WITH_KNOTS('',3,(#1407,#1408,#1409,#1410),
 .UNSPECIFIED.,.F.,.F.,(4,4),(-0.049972759587209,1.30777241073815),
 .UNSPECIFIED.);
#257=B_SPLINE_CURVE_WITH_KNOTS('',3,(#1411,#1412,#1413,#1414),
 .UNSPECIFIED.,.F.,.F.,(4,4),(0.,0.526478318217016),.UNSPECIFIED.);
#258=B_SPLINE_CURVE_WITH_KNOTS('',3,(#1419,#1420,#1421,#1422),
 .UNSPECIFIED.,.F.,.F.,(4,4),(0.314350152320392,1.67209532264335),
 .UNSPECIFIED.);
#259=B_SPLINE_CURVE_WITH_KNOTS('',3,(#1446,#1447,#1448,#1449,#1450,#1451,
#1452,#1453,#1454,#1455,#1456,#1457,#1458,#1459,#1460,#1461,#1462,#1463,
#1464,#1465,#1466,#1467,#1468,#1469,#1470,#1471,#1472,#1473,#1474,#1475,
#1476,#1477,#1478,#1479,#1480,#1481,#1482,#1483,#1484,#1485),
 .UNSPECIFIED.,.F.,.F.,(4,3,3,3,3,3,3,3,3,3,3,3,3,4),(0.561525553303982,
0.685696942480944,0.773441732830852,0.781459729395533,0.909241789501135,
1.03520223154917,1.16389510068355,1.29258796981794,1.41876919615175,1.44267649559593,
1.56871517213826,1.59276700472488,1.71843783145689,1.80319006775559),
 .UNSPECIFIED.);
#260=B_SPLINE_CURVE_WITH_KNOTS('',3,(#1487,#1488,#1489,#1490),
 .UNSPECIFIED.,.F.,.F.,(4,4),(-1.62212363920049,1.94861010108672E-15),
 .UNSPECIFIED.);
#261=B_SPLINE_CURVE_WITH_KNOTS('',3,(#1492,#1493,#1494,#1495,#1496,#1497,
#1498,#1499,#1500,#1501,#1502,#1503,#1504,#1505,#1506,#1507,#1508,#1509,
#1510,#1511,#1512,#1513,#1514,#1515,#1516,#1517,#1518,#1519,#1520,#1521,
#1522,#1523,#1524,#1525,#1526,#1527,#1528,#1529,#1530,#1531,#1532,#1533,
#1534),.UNSPECIFIED.,.F.,.F.,(4,3,3,3,3,3,3,3,3,3,3,3,3,3,4),(0.,0.125182029286172,
0.251702008424046,0.318876102024881,0.44582615327749,0.573302382698581,
0.637112760351056,0.764840206395824,0.795855376642739,0.92377569392641,
1.05081659111323,1.09103942562176,1.11265437523908,1.24288146935248,1.37310856346588),
 .UNSPECIFIED.);
#262=B_SPLINE_CURVE_WITH_KNOTS('',3,(#1535,#1536,#1537,#1538),
 .UNSPECIFIED.,.F.,.F.,(4,4),(1.35654304255341,1.88294949359014),
 .UNSPECIFIED.);
#263=B_SPLINE_CURVE_WITH_KNOTS('',3,(#1539,#1540,#1541,#1542,#1543,#1544,
#1545,#1546,#1547,#1548,#1549,#1550,#1551,#1552,#1553,#1554),
 .UNSPECIFIED.,.F.,.F.,(4,3,3,3,3,4),(0.,0.124213922655343,0.250251236924851,
0.376770443156108,0.503118850983742,0.562028159124091),.UNSPECIFIED.);
#264=B_SPLINE_CURVE_WITH_KNOTS('',3,(#1577,#1578,#1579,#1580,#1581,#1582,
#1583,#1584,#1585,#1586,#1587,#1588,#1589,#1590,#1591,#1592),
 .UNSPECIFIED.,.F.,.F.,(4,3,3,3,3,4),(1.35862613091364,1.48998325712918,
1.61646506471337,1.74229490887153,1.86658738099052,1.88405463577581),
 .UNSPECIFIED.);
#265=B_SPLINE_CURVE_WITH_KNOTS('',3,(#1594,#1595,#1596,#1597),
 .UNSPECIFIED.,.F.,.F.,(4,4),(-1.30777241067211,0.0499727595872087),
 .UNSPECIFIED.);
#266=B_SPLINE_CURVE_WITH_KNOTS('',3,(#1599,#1600,#1601,#1602,#1603,#1604,
#1605,#1606,#1607,#1608,#1609,#1610,#1611,#1612,#1613,#1614),
 .UNSPECIFIED.,.F.,.F.,(4,3,3,3,3,4),(0.,0.123550349912674,0.249329204097589,
0.375905087338573,0.502829951568354,0.562028159155846),.UNSPECIFIED.);
#267=B_SPLINE_CURVE_WITH_KNOTS('',3,(#1615,#1616,#1617,#1618,#1619,#1620,
#1621,#1622,#1623,#1624,#1625,#1626,#1627,#1628,#1629,#1630,#1631,#1632,
#1633,#1634,#1635,#1636,#1637,#1638,#1639,#1640,#1641,#1642,#1643,#1644,
#1645),.UNSPECIFIED.,.F.,.F.,(4,3,3,3,3,3,3,3,3,3,4),(0.561525553405264,
0.686769155880339,0.781459750009759,0.907727027209669,1.03096995801048,
1.16177896962393,1.29258798123738,1.42039363001927,1.54658913686274,1.67519985661385,
1.80381057636495),.UNSPECIFIED.);
#268=B_SPLINE_CURVE_WITH_KNOTS('',3,(#1646,#1647,#1648,#1649,#1650,#1651,
#1652,#1653),.UNSPECIFIED.,.F.,.F.,(4,2,2,4),(0.,0.796542796597668,1.35201447907099,
1.37494063123571),.UNSPECIFIED.);
#269=B_SPLINE_CURVE_WITH_KNOTS('',3,(#1676,#1677,#1678,#1679,#1680,#1681,
#1682,#1683,#1684,#1685,#1686,#1687,#1688,#1689,#1690,#1691),
 .UNSPECIFIED.,.F.,.F.,(4,3,3,3,3,4),(1.24529396440999,1.37209616246335,
1.49868172170254,1.62451708059369,1.74853843937806,1.80712574365062),
 .UNSPECIFIED.);
#270=B_SPLINE_CURVE_WITH_KNOTS('',3,(#1693,#1694,#1695,#1696),
 .UNSPECIFIED.,.F.,.F.,(4,4),(-1.67209532264336,-0.314350152386437),
 .UNSPECIFIED.);
#271=B_SPLINE_CURVE_WITH_KNOTS('',3,(#1698,#1699,#1700,#1701),
 .UNSPECIFIED.,.F.,.F.,(4,4),(0.,0.526478318190502),.UNSPECIFIED.);
#272=B_SPLINE_CURVE_WITH_KNOTS('',3,(#1702,#1703,#1704,#1705,#1706,#1707,
#1708,#1709,#1710,#1711,#1712,#1713,#1714,#1715,#1716,#1717,#1718,#1719,
#1720,#1721,#1722,#1723,#1724,#1725,#1726,#1727,#1728,#1729,#1730,#1731,
#1732,#1733,#1734,#1735,#1736,#1737,#1738,#1739,#1740,#1741,#1742,#1743,
#1744,#1745,#1746,#1747),.UNSPECIFIED.,.F.,.F.,(4,3,3,3,3,3,3,3,3,3,3,3,
3,3,3,4),(0.529526514738202,0.656804226020355,0.783092728200436,0.807714269661159,
0.935079832315062,1.06213011390735,1.08368027180126,1.21150225009956,1.33946778954137,
1.35445254165067,1.48200610505142,1.51351830799952,1.64074246882281,1.67275614847597,
1.79922363235905,1.9029750235134),.UNSPECIFIED.);
#273=B_SPLINE_CURVE_WITH_KNOTS('',3,(#1748,#1749,#1750,#1751,#1752,#1753,
#1754,#1755,#1756,#1757,#1758,#1759,#1760,#1761,#1762,#1763,#1764,#1765,
#1766,#1767,#1768,#1769,#1770,#1771,#1772,#1773,#1774,#1775,#1776,#1777,
#1778,#1779,#1780,#1781,#1782,#1783,#1784,#1785,#1786,#1787,#1788,#1789,
#1790),.UNSPECIFIED.,.F.,.F.,(4,3,3,3,3,3,3,3,3,3,3,3,3,3,4),(0.,0.125539182828862,
0.251596298693334,0.300269814570191,0.42626112428779,0.551954814622254,
0.600543375670451,0.726018927208725,0.750611668037033,0.77205447183043,
0.897305654433976,1.02339797086392,1.05079685212846,1.17605413237677,1.24115951698795),
 .UNSPECIFIED.);
#274=VERTEX_POINT('',#917);
#275=VERTEX_POINT('',#918);
#276=VERTEX_POINT('',#925);
#277=VERTEX_POINT('',#930);
#278=VERTEX_POINT('',#937);
#279=VERTEX_POINT('',#954);
#280=VERTEX_POINT('',#976);
#281=VERTEX_POINT('',#978);
#282=VERTEX_POINT('',#1004);
#283=VERTEX_POINT('',#1005);
#284=VERTEX_POINT('',#1043);
#285=VERTEX_POINT('',#1048);
#286=VERTEX_POINT('',#1055);
#287=VERTEX_POINT('',#1072);
#288=VERTEX_POINT('',#1091);
#289=VERTEX_POINT('',#1093);
#290=VERTEX_POINT('',#1119);
#291=VERTEX_POINT('',#1136);
#292=VERTEX_POINT('',#1153);
#293=VERTEX_POINT('',#1160);
#294=VERTEX_POINT('',#1187);
#295=VERTEX_POINT('',#1189);
#296=VERTEX_POINT('',#1215);
#297=VERTEX_POINT('',#1232);
#298=VERTEX_POINT('',#1246);
#299=VERTEX_POINT('',#1284);
#300=VERTEX_POINT('',#1311);
#301=VERTEX_POINT('',#1313);
#302=VERTEX_POINT('',#1339);
#303=VERTEX_POINT('',#1340);
#304=VERTEX_POINT('',#1349);
#305=VERTEX_POINT('',#1354);
#306=VERTEX_POINT('',#1389);
#307=VERTEX_POINT('',#1406);
#308=VERTEX_POINT('',#1416);
#309=VERTEX_POINT('',#1418);
#310=VERTEX_POINT('',#1444);
#311=VERTEX_POINT('',#1445);
#312=VERTEX_POINT('',#1486);
#313=VERTEX_POINT('',#1491);
#314=VERTEX_POINT('',#1575);
#315=VERTEX_POINT('',#1576);
#316=VERTEX_POINT('',#1593);
#317=VERTEX_POINT('',#1598);
#318=VERTEX_POINT('',#1674);
#319=VERTEX_POINT('',#1675);
#320=VERTEX_POINT('',#1692);
#321=VERTEX_POINT('',#1697);
#322=VERTEX_POINT('',#1801);
#323=VERTEX_POINT('',#1803);
#324=VERTEX_POINT('',#1807);
#325=VERTEX_POINT('',#1810);
#326=VERTEX_POINT('',#1815);
#327=VERTEX_POINT('',#1818);
#328=VERTEX_POINT('',#1828);
#329=VERTEX_POINT('',#1830);
#330=VERTEX_POINT('',#1834);
#331=VERTEX_POINT('',#1838);
#332=VERTEX_POINT('',#1879);
#333=VERTEX_POINT('',#1881);
#334=VERTEX_POINT('',#1885);
#335=VERTEX_POINT('',#1888);
#336=VERTEX_POINT('',#1893);
#337=VERTEX_POINT('',#1896);
#338=VERTEX_POINT('',#1901);
#339=VERTEX_POINT('',#1904);
#340=EDGE_CURVE('',#274,#275,#226,.F.);
#341=EDGE_CURVE('',#274,#276,#227,.T.);
#342=EDGE_CURVE('',#276,#277,#228,.T.);
#343=EDGE_CURVE('',#278,#277,#229,.F.);
#344=EDGE_CURVE('',#278,#279,#230,.T.);
#345=EDGE_CURVE('',#279,#275,#231,.T.);
#346=EDGE_CURVE('',#278,#280,#93,.T.);
#347=EDGE_CURVE('',#281,#280,#232,.T.);
#348=EDGE_CURVE('',#279,#281,#94,.T.);
#349=EDGE_CURVE('',#282,#283,#233,.F.);
#350=EDGE_CURVE('',#282,#284,#234,.T.);
#351=EDGE_CURVE('',#284,#285,#235,.T.);
#352=EDGE_CURVE('',#286,#285,#236,.F.);
#353=EDGE_CURVE('',#286,#287,#237,.T.);
#354=EDGE_CURVE('',#287,#283,#238,.T.);
#355=EDGE_CURVE('',#286,#288,#95,.T.);
#356=EDGE_CURVE('',#289,#288,#239,.T.);
#357=EDGE_CURVE('',#289,#287,#96,.T.);
#358=EDGE_CURVE('',#289,#290,#240,.F.);
#359=EDGE_CURVE('',#288,#291,#241,.T.);
#360=EDGE_CURVE('',#292,#291,#242,.F.);
#361=EDGE_CURVE('',#292,#293,#243,.T.);
#362=EDGE_CURVE('',#293,#290,#244,.T.);
#363=EDGE_CURVE('',#292,#294,#43,.T.);
#364=EDGE_CURVE('',#295,#294,#245,.T.);
#365=EDGE_CURVE('',#293,#295,#44,.T.);
#366=EDGE_CURVE('',#281,#296,#246,.F.);
#367=EDGE_CURVE('',#280,#297,#247,.T.);
#368=EDGE_CURVE('',#298,#297,#248,.F.);
#369=EDGE_CURVE('',#298,#299,#249,.T.);
#370=EDGE_CURVE('',#299,#296,#250,.T.);
#371=EDGE_CURVE('',#298,#300,#45,.T.);
#372=EDGE_CURVE('',#301,#300,#251,.T.);
#373=EDGE_CURVE('',#299,#301,#46,.T.);
#374=EDGE_CURVE('',#302,#303,#252,.F.);
#375=EDGE_CURVE('',#302,#304,#253,.T.);
#376=EDGE_CURVE('',#305,#304,#254,.F.);
#377=EDGE_CURVE('',#306,#305,#255,.F.);
#378=EDGE_CURVE('',#306,#307,#256,.T.);
#379=EDGE_CURVE('',#303,#307,#257,.F.);
#380=EDGE_CURVE('',#306,#308,#97,.T.);
#381=EDGE_CURVE('',#309,#308,#258,.T.);
#382=EDGE_CURVE('',#309,#307,#98,.T.);
#383=EDGE_CURVE('',#310,#311,#259,.T.);
#384=EDGE_CURVE('',#311,#312,#260,.T.);
#385=EDGE_CURVE('',#312,#313,#261,.T.);
#386=EDGE_CURVE('',#313,#309,#262,.T.);
#387=EDGE_CURVE('',#308,#310,#263,.T.);
#388=EDGE_CURVE('',#314,#315,#264,.T.);
#389=EDGE_CURVE('',#315,#316,#265,.T.);
#390=EDGE_CURVE('',#316,#317,#266,.T.);
#391=EDGE_CURVE('',#317,#301,#267,.T.);
#392=EDGE_CURVE('',#300,#314,#268,.T.);
#393=EDGE_CURVE('',#318,#319,#269,.F.);
#394=EDGE_CURVE('',#318,#320,#270,.T.);
#395=EDGE_CURVE('',#321,#320,#271,.F.);
#396=EDGE_CURVE('',#295,#321,#272,.F.);
#397=EDGE_CURVE('',#319,#294,#273,.F.);
#398=EDGE_CURVE('',#290,#297,#47,.F.);
#399=EDGE_CURVE('',#314,#321,#48,.F.);
#400=EDGE_CURVE('',#291,#296,#49,.F.);
#401=EDGE_CURVE('',#319,#317,#50,.F.);
#402=EDGE_CURVE('',#320,#315,#99,.T.);
#403=EDGE_CURVE('',#316,#318,#100,.T.);
#404=EDGE_CURVE('',#322,#322,#101,.T.);
#405=EDGE_CURVE('',#322,#323,#51,.T.);
#406=EDGE_CURVE('',#323,#323,#102,.T.);
#407=EDGE_CURVE('',#324,#324,#103,.T.);
#408=EDGE_CURVE('',#325,#325,#104,.T.);
#409=EDGE_CURVE('',#324,#325,#52,.T.);
#410=EDGE_CURVE('',#326,#326,#105,.T.);
#411=EDGE_CURVE('',#327,#327,#106,.T.);
#412=EDGE_CURVE('',#327,#326,#53,.T.);
#413=EDGE_CURVE('',#283,#277,#54,.T.);
#414=EDGE_CURVE('',#276,#302,#55,.T.);
#415=EDGE_CURVE('',#303,#313,#56,.T.);
#416=EDGE_CURVE('',#282,#312,#57,.T.);
#417=EDGE_CURVE('',#328,#328,#107,.T.);
#418=EDGE_CURVE('',#328,#329,#58,.T.);
#419=EDGE_CURVE('',#329,#329,#108,.T.);
#420=EDGE_CURVE('',#330,#330,#109,.T.);
#421=EDGE_CURVE('',#330,#331,#59,.T.);
#422=EDGE_CURVE('',#331,#331,#110,.T.);
#423=EDGE_CURVE('',#274,#304,#60,.T.);
#424=EDGE_CURVE('',#275,#285,#61,.T.);
#425=EDGE_CURVE('',#284,#311,#62,.T.);
#426=EDGE_CURVE('',#305,#310,#63,.F.);
#427=EDGE_CURVE('',#332,#332,#111,.T.);
#428=EDGE_CURVE('',#332,#333,#64,.T.);
#429=EDGE_CURVE('',#333,#333,#112,.T.);
#430=EDGE_CURVE('',#334,#334,#113,.T.);
#431=EDGE_CURVE('',#335,#335,#114,.T.);
#432=EDGE_CURVE('',#334,#335,#65,.T.);
#433=EDGE_CURVE('',#336,#336,#115,.T.);
#434=EDGE_CURVE('',#337,#337,#116,.T.);
#435=EDGE_CURVE('',#337,#336,#66,.T.);
#436=EDGE_CURVE('',#338,#338,#117,.T.);
#437=EDGE_CURVE('',#338,#339,#67,.T.);
#438=EDGE_CURVE('',#339,#339,#118,.T.);
#439=ORIENTED_EDGE('',*,*,#340,.F.);
#440=ORIENTED_EDGE('',*,*,#341,.T.);
#441=ORIENTED_EDGE('',*,*,#342,.T.);
#442=ORIENTED_EDGE('',*,*,#343,.F.);
#443=ORIENTED_EDGE('',*,*,#344,.T.);
#444=ORIENTED_EDGE('',*,*,#345,.T.);
#445=ORIENTED_EDGE('',*,*,#344,.F.);
#446=ORIENTED_EDGE('',*,*,#346,.T.);
#447=ORIENTED_EDGE('',*,*,#347,.F.);
#448=ORIENTED_EDGE('',*,*,#348,.F.);
#449=ORIENTED_EDGE('',*,*,#349,.F.);
#450=ORIENTED_EDGE('',*,*,#350,.T.);
#451=ORIENTED_EDGE('',*,*,#351,.T.);
#452=ORIENTED_EDGE('',*,*,#352,.F.);
#453=ORIENTED_EDGE('',*,*,#353,.T.);
#454=ORIENTED_EDGE('',*,*,#354,.T.);
#455=ORIENTED_EDGE('',*,*,#353,.F.);
#456=ORIENTED_EDGE('',*,*,#355,.T.);
#457=ORIENTED_EDGE('',*,*,#356,.F.);
#458=ORIENTED_EDGE('',*,*,#357,.T.);
#459=ORIENTED_EDGE('',*,*,#358,.F.);
#460=ORIENTED_EDGE('',*,*,#356,.T.);
#461=ORIENTED_EDGE('',*,*,#359,.T.);
#462=ORIENTED_EDGE('',*,*,#360,.F.);
#463=ORIENTED_EDGE('',*,*,#361,.T.);
#464=ORIENTED_EDGE('',*,*,#362,.T.);
#465=ORIENTED_EDGE('',*,*,#361,.F.);
#466=ORIENTED_EDGE('',*,*,#363,.T.);
#467=ORIENTED_EDGE('',*,*,#364,.F.);
#468=ORIENTED_EDGE('',*,*,#365,.F.);
#469=ORIENTED_EDGE('',*,*,#366,.F.);
#470=ORIENTED_EDGE('',*,*,#347,.T.);
#471=ORIENTED_EDGE('',*,*,#367,.T.);
#472=ORIENTED_EDGE('',*,*,#368,.F.);
#473=ORIENTED_EDGE('',*,*,#369,.T.);
#474=ORIENTED_EDGE('',*,*,#370,.T.);
#475=ORIENTED_EDGE('',*,*,#369,.F.);
#476=ORIENTED_EDGE('',*,*,#371,.T.);
#477=ORIENTED_EDGE('',*,*,#372,.F.);
#478=ORIENTED_EDGE('',*,*,#373,.F.);
#479=ORIENTED_EDGE('',*,*,#374,.F.);
#480=ORIENTED_EDGE('',*,*,#375,.T.);
#481=ORIENTED_EDGE('',*,*,#376,.F.);
#482=ORIENTED_EDGE('',*,*,#377,.F.);
#483=ORIENTED_EDGE('',*,*,#378,.T.);
#484=ORIENTED_EDGE('',*,*,#379,.F.);
#485=ORIENTED_EDGE('',*,*,#378,.F.);
#486=ORIENTED_EDGE('',*,*,#380,.T.);
#487=ORIENTED_EDGE('',*,*,#381,.F.);
#488=ORIENTED_EDGE('',*,*,#382,.T.);
#489=ORIENTED_EDGE('',*,*,#383,.T.);
#490=ORIENTED_EDGE('',*,*,#384,.T.);
#491=ORIENTED_EDGE('',*,*,#385,.T.);
#492=ORIENTED_EDGE('',*,*,#386,.T.);
#493=ORIENTED_EDGE('',*,*,#381,.T.);
#494=ORIENTED_EDGE('',*,*,#387,.T.);
#495=ORIENTED_EDGE('',*,*,#388,.T.);
#496=ORIENTED_EDGE('',*,*,#389,.T.);
#497=ORIENTED_EDGE('',*,*,#390,.T.);
#498=ORIENTED_EDGE('',*,*,#391,.T.);
#499=ORIENTED_EDGE('',*,*,#372,.T.);
#500=ORIENTED_EDGE('',*,*,#392,.T.);
#501=ORIENTED_EDGE('',*,*,#393,.F.);
#502=ORIENTED_EDGE('',*,*,#394,.T.);
#503=ORIENTED_EDGE('',*,*,#395,.F.);
#504=ORIENTED_EDGE('',*,*,#396,.F.);
#505=ORIENTED_EDGE('',*,*,#364,.T.);
#506=ORIENTED_EDGE('',*,*,#397,.F.);
#507=ORIENTED_EDGE('',*,*,#398,.F.);
#508=ORIENTED_EDGE('',*,*,#362,.F.);
#509=ORIENTED_EDGE('',*,*,#365,.T.);
#510=ORIENTED_EDGE('',*,*,#396,.T.);
#511=ORIENTED_EDGE('',*,*,#399,.F.);
#512=ORIENTED_EDGE('',*,*,#392,.F.);
#513=ORIENTED_EDGE('',*,*,#371,.F.);
#514=ORIENTED_EDGE('',*,*,#368,.T.);
#515=ORIENTED_EDGE('',*,*,#400,.T.);
#516=ORIENTED_EDGE('',*,*,#370,.F.);
#517=ORIENTED_EDGE('',*,*,#373,.T.);
#518=ORIENTED_EDGE('',*,*,#391,.F.);
#519=ORIENTED_EDGE('',*,*,#401,.F.);
#520=ORIENTED_EDGE('',*,*,#397,.T.);
#521=ORIENTED_EDGE('',*,*,#363,.F.);
#522=ORIENTED_EDGE('',*,*,#360,.T.);
#523=ORIENTED_EDGE('',*,*,#389,.F.);
#524=ORIENTED_EDGE('',*,*,#402,.F.);
#525=ORIENTED_EDGE('',*,*,#394,.F.);
#526=ORIENTED_EDGE('',*,*,#403,.F.);
#527=ORIENTED_EDGE('',*,*,#404,.F.);
#528=ORIENTED_EDGE('',*,*,#405,.T.);
#529=ORIENTED_EDGE('',*,*,#406,.F.);
#530=ORIENTED_EDGE('',*,*,#405,.F.);
#531=ORIENTED_EDGE('',*,*,#402,.T.);
#532=ORIENTED_EDGE('',*,*,#388,.F.);
#533=ORIENTED_EDGE('',*,*,#399,.T.);
#534=ORIENTED_EDGE('',*,*,#395,.T.);
#535=ORIENTED_EDGE('',*,*,#407,.F.);
#536=ORIENTED_EDGE('',*,*,#408,.T.);
#537=ORIENTED_EDGE('',*,*,#404,.T.);
#538=ORIENTED_EDGE('',*,*,#407,.T.);
#539=ORIENTED_EDGE('',*,*,#409,.T.);
#540=ORIENTED_EDGE('',*,*,#408,.F.);
#541=ORIENTED_EDGE('',*,*,#409,.F.);
#542=ORIENTED_EDGE('',*,*,#410,.T.);
#543=ORIENTED_EDGE('',*,*,#406,.T.);
#544=ORIENTED_EDGE('',*,*,#411,.T.);
#545=ORIENTED_EDGE('',*,*,#412,.T.);
#546=ORIENTED_EDGE('',*,*,#410,.F.);
#547=ORIENTED_EDGE('',*,*,#412,.F.);
#548=ORIENTED_EDGE('',*,*,#401,.T.);
#549=ORIENTED_EDGE('',*,*,#390,.F.);
#550=ORIENTED_EDGE('',*,*,#403,.T.);
#551=ORIENTED_EDGE('',*,*,#393,.T.);
#552=ORIENTED_EDGE('',*,*,#411,.F.);
#553=ORIENTED_EDGE('',*,*,#413,.T.);
#554=ORIENTED_EDGE('',*,*,#342,.F.);
#555=ORIENTED_EDGE('',*,*,#414,.T.);
#556=ORIENTED_EDGE('',*,*,#374,.T.);
#557=ORIENTED_EDGE('',*,*,#415,.T.);
#558=ORIENTED_EDGE('',*,*,#385,.F.);
#559=ORIENTED_EDGE('',*,*,#416,.F.);
#560=ORIENTED_EDGE('',*,*,#349,.T.);
#561=ORIENTED_EDGE('',*,*,#417,.T.);
#562=ORIENTED_EDGE('',*,*,#418,.T.);
#563=ORIENTED_EDGE('',*,*,#419,.F.);
#564=ORIENTED_EDGE('',*,*,#418,.F.);
#565=ORIENTED_EDGE('',*,*,#419,.T.);
#566=ORIENTED_EDGE('',*,*,#420,.T.);
#567=ORIENTED_EDGE('',*,*,#413,.F.);
#568=ORIENTED_EDGE('',*,*,#354,.F.);
#569=ORIENTED_EDGE('',*,*,#357,.F.);
#570=ORIENTED_EDGE('',*,*,#358,.T.);
#571=ORIENTED_EDGE('',*,*,#398,.T.);
#572=ORIENTED_EDGE('',*,*,#367,.F.);
#573=ORIENTED_EDGE('',*,*,#346,.F.);
#574=ORIENTED_EDGE('',*,*,#343,.T.);
#575=ORIENTED_EDGE('',*,*,#417,.F.);
#576=ORIENTED_EDGE('',*,*,#420,.F.);
#577=ORIENTED_EDGE('',*,*,#421,.T.);
#578=ORIENTED_EDGE('',*,*,#422,.T.);
#579=ORIENTED_EDGE('',*,*,#421,.F.);
#580=ORIENTED_EDGE('',*,*,#341,.F.);
#581=ORIENTED_EDGE('',*,*,#423,.T.);
#582=ORIENTED_EDGE('',*,*,#375,.F.);
#583=ORIENTED_EDGE('',*,*,#414,.F.);
#584=ORIENTED_EDGE('',*,*,#424,.T.);
#585=ORIENTED_EDGE('',*,*,#351,.F.);
#586=ORIENTED_EDGE('',*,*,#425,.T.);
#587=ORIENTED_EDGE('',*,*,#383,.F.);
#588=ORIENTED_EDGE('',*,*,#426,.F.);
#589=ORIENTED_EDGE('',*,*,#376,.T.);
#590=ORIENTED_EDGE('',*,*,#423,.F.);
#591=ORIENTED_EDGE('',*,*,#340,.T.);
#592=ORIENTED_EDGE('',*,*,#350,.F.);
#593=ORIENTED_EDGE('',*,*,#416,.T.);
#594=ORIENTED_EDGE('',*,*,#384,.F.);
#595=ORIENTED_EDGE('',*,*,#425,.F.);
#596=ORIENTED_EDGE('',*,*,#427,.T.);
#597=ORIENTED_EDGE('',*,*,#428,.T.);
#598=ORIENTED_EDGE('',*,*,#429,.T.);
#599=ORIENTED_EDGE('',*,*,#428,.F.);
#600=ORIENTED_EDGE('',*,*,#415,.F.);
#601=ORIENTED_EDGE('',*,*,#379,.T.);
#602=ORIENTED_EDGE('',*,*,#382,.F.);
#603=ORIENTED_EDGE('',*,*,#386,.F.);
#604=ORIENTED_EDGE('',*,*,#430,.T.);
#605=ORIENTED_EDGE('',*,*,#431,.F.);
#606=ORIENTED_EDGE('',*,*,#427,.F.);
#607=ORIENTED_EDGE('',*,*,#430,.F.);
#608=ORIENTED_EDGE('',*,*,#432,.T.);
#609=ORIENTED_EDGE('',*,*,#431,.T.);
#610=ORIENTED_EDGE('',*,*,#432,.F.);
#611=ORIENTED_EDGE('',*,*,#433,.F.);
#612=ORIENTED_EDGE('',*,*,#429,.F.);
#613=ORIENTED_EDGE('',*,*,#434,.F.);
#614=ORIENTED_EDGE('',*,*,#435,.T.);
#615=ORIENTED_EDGE('',*,*,#433,.T.);
#616=ORIENTED_EDGE('',*,*,#435,.F.);
#617=ORIENTED_EDGE('',*,*,#426,.T.);
#618=ORIENTED_EDGE('',*,*,#387,.F.);
#619=ORIENTED_EDGE('',*,*,#380,.F.);
#620=ORIENTED_EDGE('',*,*,#377,.T.);
#621=ORIENTED_EDGE('',*,*,#434,.T.);
#622=ORIENTED_EDGE('',*,*,#348,.T.);
#623=ORIENTED_EDGE('',*,*,#366,.T.);
#624=ORIENTED_EDGE('',*,*,#400,.F.);
#625=ORIENTED_EDGE('',*,*,#359,.F.);
#626=ORIENTED_EDGE('',*,*,#355,.F.);
#627=ORIENTED_EDGE('',*,*,#352,.T.);
#628=ORIENTED_EDGE('',*,*,#424,.F.);
#629=ORIENTED_EDGE('',*,*,#345,.F.);
#630=ORIENTED_EDGE('',*,*,#436,.T.);
#631=ORIENTED_EDGE('',*,*,#436,.F.);
#632=ORIENTED_EDGE('',*,*,#437,.T.);
#633=ORIENTED_EDGE('',*,*,#438,.T.);
#634=ORIENTED_EDGE('',*,*,#437,.F.);
#635=ORIENTED_EDGE('',*,*,#438,.F.);
#636=ORIENTED_EDGE('',*,*,#422,.F.);
#637=B_SPLINE_SURFACE_WITH_KNOTS('',3,3,((#897,#898,#899,#900),(#901,#902,
#903,#904),(#905,#906,#907,#908),(#909,#910,#911,#912),(#913,#914,#915,
#916)),.UNSPECIFIED.,.F.,.F.,.F.,(4,1,4),(4,4),(0.,0.571428571428571,1.),
(-0.000468920901186462,2.51519736601518),.UNSPECIFIED.);
#638=B_SPLINE_SURFACE_WITH_KNOTS('',3,3,((#984,#985,#986,#987),(#988,#989,
#990,#991),(#992,#993,#994,#995),(#996,#997,#998,#999),(#1000,#1001,#1002,
#1003)),.UNSPECIFIED.,.F.,.F.,.F.,(4,1,4),(4,4),(0.,0.571428571428571,1.),
(-0.242310026326669,2.27316214077192),.UNSPECIFIED.);
#639=B_SPLINE_SURFACE_WITH_KNOTS('',3,3,((#1099,#1100,#1101,#1102),(#1103,
#1104,#1105,#1106),(#1107,#1108,#1109,#1110),(#1111,#1112,#1113,#1114),
(#1115,#1116,#1117,#1118)),.UNSPECIFIED.,.F.,.F.,.F.,(4,1,4),(4,4),(0.,
0.571428571428571,1.),(-0.242310026187787,2.27335626064252),
 .UNSPECIFIED.);
#640=B_SPLINE_SURFACE_WITH_KNOTS('',3,3,((#1171,#1172,#1173,#1174),(#1175,
#1176,#1177,#1178),(#1179,#1180,#1181,#1182),(#1183,#1184,#1185,#1186)),
 .UNSPECIFIED.,.F.,.F.,.F.,(4,4),(4,4),(0.,1.),(0.16847004527485,0.798153593053947),
 .UNSPECIFIED.);
#641=B_SPLINE_SURFACE_WITH_KNOTS('',3,3,((#1195,#1196,#1197,#1198),(#1199,
#1200,#1201,#1202),(#1203,#1204,#1205,#1206),(#1207,#1208,#1209,#1210),
(#1211,#1212,#1213,#1214)),.UNSPECIFIED.,.F.,.F.,.F.,(4,1,4),(4,4),(0.,
0.571428571428571,1.),(-0.00027480103262317,2.51519736587612),
 .UNSPECIFIED.);
#642=B_SPLINE_SURFACE_WITH_KNOTS('',3,3,((#1295,#1296,#1297,#1298),(#1299,
#1300,#1301,#1302),(#1303,#1304,#1305,#1306),(#1307,#1308,#1309,#1310)),
 .UNSPECIFIED.,.F.,.F.,.F.,(4,4),(4,4),(0.,1.),(0.16847004527485,0.798153593053943),
 .UNSPECIFIED.);
#643=B_SPLINE_SURFACE_WITH_KNOTS('',3,3,((#1319,#1320,#1321,#1322),(#1323,
#1324,#1325,#1326),(#1327,#1328,#1329,#1330),(#1331,#1332,#1333,#1334),
(#1335,#1336,#1337,#1338)),.UNSPECIFIED.,.F.,.F.,.F.,(4,1,4),(4,4),(0.,
0.571428571428571,1.),(-0.049972759587209,1.62212256305678),
 .UNSPECIFIED.);
#644=B_SPLINE_SURFACE_WITH_KNOTS('',3,3,((#1424,#1425,#1426,#1427),(#1428,
#1429,#1430,#1431),(#1432,#1433,#1434,#1435),(#1436,#1437,#1438,#1439),
(#1440,#1441,#1442,#1443)),.UNSPECIFIED.,.F.,.F.,.F.,(4,1,4),(4,4),(0.,
0.571428571428571,1.),(-1.94861010108672E-15,1.67209532264335),
 .UNSPECIFIED.);
#645=B_SPLINE_SURFACE_WITH_KNOTS('',3,3,((#1555,#1556,#1557,#1558),(#1559,
#1560,#1561,#1562),(#1563,#1564,#1565,#1566),(#1567,#1568,#1569,#1570),
(#1571,#1572,#1573,#1574)),.UNSPECIFIED.,.F.,.F.,.F.,(4,1,4),(4,4),(0.,
0.571428571428571,1.),(-0.0499727595872087,1.62212256305678),
 .UNSPECIFIED.);
#646=B_SPLINE_SURFACE_WITH_KNOTS('',3,3,((#1654,#1655,#1656,#1657),(#1658,
#1659,#1660,#1661),(#1662,#1663,#1664,#1665),(#1666,#1667,#1668,#1669),
(#1670,#1671,#1672,#1673)),.UNSPECIFIED.,.F.,.F.,.F.,(4,1,4),(4,4),(0.,
0.571428571428571,1.),(-1.40493820476033E-15,1.67209532264336),
 .UNSPECIFIED.);
#647=B_SPLINE_SURFACE_WITH_KNOTS('',3,3,((#1841,#1842,#1843,#1844),(#1845,
#1846,#1847,#1848),(#1849,#1850,#1851,#1852),(#1853,#1854,#1855,#1856)),
 .UNSPECIFIED.,.F.,.F.,.F.,(4,4),(4,4),(0.,1.),(0.16847004527485,0.798153593053943),
 .UNSPECIFIED.);
#648=B_SPLINE_SURFACE_WITH_KNOTS('',3,3,((#1862,#1863,#1864,#1865),(#1866,
#1867,#1868,#1869),(#1870,#1871,#1872,#1873),(#1874,#1875,#1876,#1877)),
 .UNSPECIFIED.,.F.,.F.,.F.,(4,4),(4,4),(0.,1.),(0.16847004527485,0.798153593053947),
 .UNSPECIFIED.);
#649=ADVANCED_FACE('',(#132),#637,.T.);
#650=ADVANCED_FACE('',(#133),#119,.T.);
#651=ADVANCED_FACE('',(#134),#638,.T.);
#652=ADVANCED_FACE('',(#135),#120,.T.);
#653=ADVANCED_FACE('',(#136),#639,.T.);
#654=ADVANCED_FACE('',(#137),#640,.T.);
#655=ADVANCED_FACE('',(#138),#641,.T.);
#656=ADVANCED_FACE('',(#139),#642,.T.);
#657=ADVANCED_FACE('',(#140),#643,.T.);
#658=ADVANCED_FACE('',(#141),#121,.T.);
#659=ADVANCED_FACE('',(#142),#644,.T.);
#660=ADVANCED_FACE('',(#143),#645,.T.);
#661=ADVANCED_FACE('',(#144),#646,.T.);
#662=ADVANCED_FACE('',(#145),#27,.T.);
#663=ADVANCED_FACE('',(#146),#28,.T.);
#664=ADVANCED_FACE('',(#147),#122,.T.);
#665=ADVANCED_FACE('',(#148),#123,.F.);
#666=ADVANCED_FACE('',(#149,#15),#29,.T.);
#667=ADVANCED_FACE('',(#150,#16),#30,.F.);
#668=ADVANCED_FACE('',(#151),#124,.F.);
#669=ADVANCED_FACE('',(#152,#17),#31,.F.);
#670=ADVANCED_FACE('',(#153),#125,.F.);
#671=ADVANCED_FACE('',(#154,#18),#32,.T.);
#672=ADVANCED_FACE('',(#155),#33,.F.);
#673=ADVANCED_FACE('',(#156),#126,.F.);
#674=ADVANCED_FACE('',(#157,#19),#34,.T.);
#675=ADVANCED_FACE('',(#158,#20),#35,.T.);
#676=ADVANCED_FACE('',(#159),#127,.F.);
#677=ADVANCED_FACE('',(#160),#647,.F.);
#678=ADVANCED_FACE('',(#161),#36,.F.);
#679=ADVANCED_FACE('',(#162),#648,.F.);
#680=ADVANCED_FACE('',(#163),#128,.F.);
#681=ADVANCED_FACE('',(#164,#21),#37,.F.);
#682=ADVANCED_FACE('',(#165,#22),#38,.T.);
#683=ADVANCED_FACE('',(#166),#129,.F.);
#684=ADVANCED_FACE('',(#167,#23),#39,.T.);
#685=ADVANCED_FACE('',(#168),#130,.F.);
#686=ADVANCED_FACE('',(#169,#24),#40,.F.);
#687=ADVANCED_FACE('',(#170,#25),#41,.F.);
#688=ADVANCED_FACE('',(#171),#131,.F.);
#689=ADVANCED_FACE('',(#172,#26),#42,.T.);
#690=CLOSED_SHELL('',(#649,#650,#651,#652,#653,#654,#655,#656,#657,#658,
#659,#660,#661,#662,#663,#664,#665,#666,#667,#668,#669,#670,#671,#672,#673,
#674,#675,#676,#677,#678,#679,#680,#681,#682,#683,#684,#685,#686,#687,#688,
#689));
#691=DERIVED_UNIT_ELEMENT(#693,1.);
#692=DERIVED_UNIT_ELEMENT(#1913,3.);
#693=(
MASS_UNIT()
NAMED_UNIT(*)
SI_UNIT(.KILO.,.GRAM.)
);
#694=DERIVED_UNIT((#691,#692));
#695=MEASURE_REPRESENTATION_ITEM('density measure',
POSITIVE_RATIO_MEASURE(7850.),#694);
#696=PROPERTY_DEFINITION_REPRESENTATION(#701,#698);
#697=PROPERTY_DEFINITION_REPRESENTATION(#702,#699);
#698=REPRESENTATION('material name',(#700),#1910);
#699=REPRESENTATION('density',(#695),#1910);
#700=DESCRIPTIVE_REPRESENTATION_ITEM('Steel','Steel');
#701=PROPERTY_DEFINITION('material property','material name',#1920);
#702=PROPERTY_DEFINITION('material property','density of part',#1920);
#703=AXIS2_PLACEMENT_3D('placement',#896,#759,#760);
#704=AXIS2_PLACEMENT_3D('',#975,#761,#762);
#705=AXIS2_PLACEMENT_3D('',#977,#763,#764);
#706=AXIS2_PLACEMENT_3D('',#983,#765,#766);
#707=AXIS2_PLACEMENT_3D('',#1090,#767,#768);
#708=AXIS2_PLACEMENT_3D('',#1092,#769,#770);
#709=AXIS2_PLACEMENT_3D('',#1098,#771,#772);
#710=AXIS2_PLACEMENT_3D('',#1415,#777,#778);
#711=AXIS2_PLACEMENT_3D('',#1417,#779,#780);
#712=AXIS2_PLACEMENT_3D('',#1423,#781,#782);
#713=AXIS2_PLACEMENT_3D('',#1791,#783,#784);
#714=AXIS2_PLACEMENT_3D('',#1794,#787,#788);
#715=AXIS2_PLACEMENT_3D('',#1797,#791,#792);
#716=AXIS2_PLACEMENT_3D('',#1798,#793,#794);
#717=AXIS2_PLACEMENT_3D('',#1799,#795,#796);
#718=AXIS2_PLACEMENT_3D('',#1800,#797,#798);
#719=AXIS2_PLACEMENT_3D('',#1802,#799,#800);
#720=AXIS2_PLACEMENT_3D('',#1805,#802,#803);
#721=AXIS2_PLACEMENT_3D('',#1806,#804,#805);
#722=AXIS2_PLACEMENT_3D('',#1808,#806,#807);
#723=AXIS2_PLACEMENT_3D('',#1809,#808,#809);
#724=AXIS2_PLACEMENT_3D('',#1811,#810,#811);
#725=AXIS2_PLACEMENT_3D('',#1812,#812,#813);
#726=AXIS2_PLACEMENT_3D('',#1814,#815,#816);
#727=AXIS2_PLACEMENT_3D('',#1816,#817,#818);
#728=AXIS2_PLACEMENT_3D('',#1817,#819,#820);
#729=AXIS2_PLACEMENT_3D('',#1819,#821,#822);
#730=AXIS2_PLACEMENT_3D('',#1821,#824,#825);
#731=AXIS2_PLACEMENT_3D('',#1822,#826,#827);
#732=AXIS2_PLACEMENT_3D('',#1827,#832,#833);
#733=AXIS2_PLACEMENT_3D('',#1829,#834,#835);
#734=AXIS2_PLACEMENT_3D('',#1832,#837,#838);
#735=AXIS2_PLACEMENT_3D('',#1833,#839,#840);
#736=AXIS2_PLACEMENT_3D('',#1835,#841,#842);
#737=AXIS2_PLACEMENT_3D('',#1836,#843,#844);
#738=AXIS2_PLACEMENT_3D('',#1837,#845,#846);
#739=AXIS2_PLACEMENT_3D('',#1840,#848,#849);
#740=AXIS2_PLACEMENT_3D('',#1858,#851,#852);
#741=AXIS2_PLACEMENT_3D('',#1878,#856,#857);
#742=AXIS2_PLACEMENT_3D('',#1880,#858,#859);
#743=AXIS2_PLACEMENT_3D('',#1883,#861,#862);
#744=AXIS2_PLACEMENT_3D('',#1884,#863,#864);
#745=AXIS2_PLACEMENT_3D('',#1886,#865,#866);
#746=AXIS2_PLACEMENT_3D('',#1887,#867,#868);
#747=AXIS2_PLACEMENT_3D('',#1889,#869,#870);
#748=AXIS2_PLACEMENT_3D('',#1890,#871,#872);
#749=AXIS2_PLACEMENT_3D('',#1892,#874,#875);
#750=AXIS2_PLACEMENT_3D('',#1894,#876,#877);
#751=AXIS2_PLACEMENT_3D('',#1895,#878,#879);
#752=AXIS2_PLACEMENT_3D('',#1897,#880,#881);
#753=AXIS2_PLACEMENT_3D('',#1899,#883,#884);
#754=AXIS2_PLACEMENT_3D('',#1900,#885,#886);
#755=AXIS2_PLACEMENT_3D('',#1902,#887,#888);
#756=AXIS2_PLACEMENT_3D('',#1903,#889,#890);
#757=AXIS2_PLACEMENT_3D('',#1906,#892,#893);
#758=AXIS2_PLACEMENT_3D('',#1907,#894,#895);
#759=DIRECTION('axis',(0.,0.,1.));
#760=DIRECTION('refdir',(1.,0.,0.));
#761=DIRECTION('center_axis',(0.,1.,0.));
#762=DIRECTION('ref_axis',(1.,0.,0.));
#763=DIRECTION('center_axis',(0.,-1.,0.));
#764=DIRECTION('ref_axis',(-1.,0.,0.));
#765=DIRECTION('center_axis',(0.,-1.,0.));
#766=DIRECTION('ref_axis',(1.,0.,0.));
#767=DIRECTION('center_axis',(0.,1.,0.));
#768=DIRECTION('ref_axis',(1.,0.,0.));
#769=DIRECTION('center_axis',(0.,1.,0.));
#770=DIRECTION('ref_axis',(-1.,0.,0.));
#771=DIRECTION('center_axis',(0.,-1.,0.));
#772=DIRECTION('ref_axis',(-1.,0.,0.));
#773=DIRECTION('',(0.994131341711253,0.0894480819151937,-0.0608433732552406));
#774=DIRECTION('',(0.994911068145764,-0.0900379137700793,-0.045223230368766));
#775=DIRECTION('',(0.994911068145764,-0.0900379137700793,0.0452232303687657));
#776=DIRECTION('',(0.994131341711248,0.0894480819152554,0.06084337325524));
#777=DIRECTION('center_axis',(0.,1.,0.));
#778=DIRECTION('ref_axis',(-1.,0.,-1.22464679914735E-16));
#779=DIRECTION('center_axis',(-1.7752534661213E-13,1.,0.));
#780=DIRECTION('ref_axis',(1.,0.,0.));
#781=DIRECTION('center_axis',(1.7749826004719E-13,-1.,0.));
#782=DIRECTION('ref_axis',(1.,0.,0.));
#783=DIRECTION('center_axis',(0.0901301253283269,0.995929997795177,0.));
#784=DIRECTION('ref_axis',(-0.995929997795176,0.0901301253283269,0.));
#785=DIRECTION('',(0.,0.,1.));
#786=DIRECTION('',(0.,0.,-1.));
#787=DIRECTION('center_axis',(0.0896141076635948,-0.995976561826461,-3.90174759003173E-17));
#788=DIRECTION('ref_axis',(0.,-3.91750944708633E-17,1.));
#789=DIRECTION('',(4.35394347135455E-16,0.,1.));
#790=DIRECTION('',(4.35394347134596E-16,-7.72935323880311E-29,1.));
#791=DIRECTION('center_axis',(0.,-1.,0.));
#792=DIRECTION('ref_axis',(1.,0.,-5.66553889764798E-16));
#793=DIRECTION('center_axis',(1.7749826004719E-13,1.,0.));
#794=DIRECTION('ref_axis',(-1.,0.,0.));
#795=DIRECTION('center_axis',(-1.7752534661213E-13,-1.,0.));
#796=DIRECTION('ref_axis',(-1.,0.,0.));
#797=DIRECTION('center_axis',(0.,-1.,0.));
#798=DIRECTION('ref_axis',(-1.,0.,0.));
#799=DIRECTION('center_axis',(-1.7749826004719E-13,-1.,0.));
#800=DIRECTION('ref_axis',(-1.,0.,0.));
#801=DIRECTION('',(0.,-1.,0.));
#802=DIRECTION('center_axis',(0.,1.,0.));
#803=DIRECTION('ref_axis',(-1.,0.,0.));
#804=DIRECTION('center_axis',(1.7749826004719E-13,1.,0.));
#805=DIRECTION('ref_axis',(-1.,1.7749826004719E-13,0.));
#806=DIRECTION('center_axis',(1.7749826004719E-13,1.,0.));
#807=DIRECTION('ref_axis',(-1.,0.,0.));
#808=DIRECTION('center_axis',(-1.7749826004719E-13,-1.,0.));
#809=DIRECTION('ref_axis',(0.,0.,1.));
#810=DIRECTION('center_axis',(1.7749826004719E-13,1.,0.));
#811=DIRECTION('ref_axis',(-1.,0.,0.));
#812=DIRECTION('center_axis',(0.,1.,0.));
#813=DIRECTION('ref_axis',(-1.,0.,0.));
#814=DIRECTION('',(0.,-1.,0.));
#815=DIRECTION('center_axis',(0.,1.,0.));
#816=DIRECTION('ref_axis',(0.,0.,-1.));
#817=DIRECTION('center_axis',(0.,-1.,0.));
#818=DIRECTION('ref_axis',(-1.,0.,0.));
#819=DIRECTION('center_axis',(0.,-1.,0.));
#820=DIRECTION('ref_axis',(-1.,0.,0.));
#821=DIRECTION('center_axis',(-1.7752534661213E-13,-1.,0.));
#822=DIRECTION('ref_axis',(-1.,0.,0.));
#823=DIRECTION('',(0.,1.,0.));
#824=DIRECTION('center_axis',(-1.7752534661213E-13,-1.,0.));
#825=DIRECTION('ref_axis',(1.,-1.7752534661213E-13,0.));
#826=DIRECTION('center_axis',(0.0901301253283269,-0.995929997795177,0.));
#827=DIRECTION('ref_axis',(0.995929997795176,0.0901301253283269,0.));
#828=DIRECTION('',(0.,0.,-1.));
#829=DIRECTION('',(-0.994911068145764,-0.0900379137700793,0.0452232303687657));
#830=DIRECTION('',(0.,0.,1.));
#831=DIRECTION('',(-0.994911068145764,-0.0900379137700793,-0.045223230368766));
#832=DIRECTION('center_axis',(0.,-1.,0.));
#833=DIRECTION('ref_axis',(1.,0.,0.));
#834=DIRECTION('center_axis',(0.,1.,0.));
#835=DIRECTION('ref_axis',(-1.,0.,0.));
#836=DIRECTION('',(0.,-1.,0.));
#837=DIRECTION('center_axis',(0.,1.,0.));
#838=DIRECTION('ref_axis',(-1.,0.,0.));
#839=DIRECTION('center_axis',(0.,1.,0.));
#840=DIRECTION('ref_axis',(0.,0.,1.));
#841=DIRECTION('center_axis',(0.,-1.,0.));
#842=DIRECTION('ref_axis',(-1.,0.,0.));
#843=DIRECTION('center_axis',(0.,1.,0.));
#844=DIRECTION('ref_axis',(1.,0.,0.));
#845=DIRECTION('center_axis',(0.,1.,0.));
#846=DIRECTION('ref_axis',(1.,0.,0.));
#847=DIRECTION('',(0.,-1.,0.));
#848=DIRECTION('center_axis',(0.,-1.,0.));
#849=DIRECTION('ref_axis',(1.,0.,0.));
#850=DIRECTION('',(-0.994131341711248,0.0894480819152554,0.06084337325524));
#851=DIRECTION('center_axis',(0.0896141076635948,0.995976561826461,3.90174759003173E-17));
#852=DIRECTION('ref_axis',(0.,-3.91750944708633E-17,1.));
#853=DIRECTION('',(-5.38229045397205E-16,0.,1.));
#854=DIRECTION('',(-0.994131341711253,0.0894480819151937,-0.0608433732552406));
#855=DIRECTION('',(4.35394347134596E-16,7.72935323880311E-29,-1.));
#856=DIRECTION('center_axis',(0.,1.,0.));
#857=DIRECTION('ref_axis',(1.,0.,0.));
#858=DIRECTION('center_axis',(-1.7749826004719E-13,1.,0.));
#859=DIRECTION('ref_axis',(1.,0.,0.));
#860=DIRECTION('',(0.,-1.,0.));
#861=DIRECTION('center_axis',(0.,-1.,0.));
#862=DIRECTION('ref_axis',(1.,0.,0.));
#863=DIRECTION('center_axis',(1.7749826004719E-13,-1.,0.));
#864=DIRECTION('ref_axis',(1.,1.7749826004719E-13,0.));
#865=DIRECTION('center_axis',(1.7749826004719E-13,-1.,0.));
#866=DIRECTION('ref_axis',(1.,0.,0.));
#867=DIRECTION('center_axis',(-1.7749826004719E-13,1.,0.));
#868=DIRECTION('ref_axis',(0.,0.,1.));
#869=DIRECTION('center_axis',(1.7749826004719E-13,-1.,0.));
#870=DIRECTION('ref_axis',(1.,0.,0.));
#871=DIRECTION('center_axis',(0.,-1.,0.));
#872=DIRECTION('ref_axis',(1.,0.,0.));
#873=DIRECTION('',(0.,-1.,0.));
#874=DIRECTION('center_axis',(0.,-1.,0.));
#875=DIRECTION('ref_axis',(0.,0.,-1.));
#876=DIRECTION('center_axis',(0.,1.,0.));
#877=DIRECTION('ref_axis',(1.,0.,0.));
#878=DIRECTION('center_axis',(0.,1.,0.));
#879=DIRECTION('ref_axis',(1.,0.,0.));
#880=DIRECTION('center_axis',(-1.7752534661213E-13,1.,0.));
#881=DIRECTION('ref_axis',(1.,0.,0.));
#882=DIRECTION('',(0.,1.,0.));
#883=DIRECTION('center_axis',(-1.7752534661213E-13,1.,0.));
#884=DIRECTION('ref_axis',(-1.,-1.7752534661213E-13,0.));
#885=DIRECTION('center_axis',(0.,1.,0.));
#886=DIRECTION('ref_axis',(1.,0.,0.));
#887=DIRECTION('center_axis',(0.,1.,0.));
#888=DIRECTION('ref_axis',(1.,0.,0.));
#889=DIRECTION('center_axis',(0.,1.,0.));
#890=DIRECTION('ref_axis',(1.,0.,0.));
#891=DIRECTION('',(0.,1.,0.));
#892=DIRECTION('center_axis',(0.,1.,0.));
#893=DIRECTION('ref_axis',(1.,0.,0.));
#894=DIRECTION('center_axis',(0.,-1.,0.));
#895=DIRECTION('ref_axis',(0.,0.,-1.));
#896=CARTESIAN_POINT('',(0.,0.,0.));
#897=CARTESIAN_POINT('Ctrl Pts',(-33.3058814355077,10.9813791072587,-7.57654831767765));
#898=CARTESIAN_POINT('Ctrl Pts',(-32.6221569291798,2.91757428047701,-8.42501837758323));
#899=CARTESIAN_POINT('Ctrl Pts',(-31.9864722152392,-5.27008561818878,-9.13951774482163));
#900=CARTESIAN_POINT('Ctrl Pts',(-31.3782454786904,-13.4893776349698,-9.78730634195471));
#901=CARTESIAN_POINT('Ctrl Pts',(-30.0945471806003,11.2663485510992,-7.72308588483172));
#902=CARTESIAN_POINT('Ctrl Pts',(-29.5061535920387,3.17354247042521,-8.57107827131233));
#903=CARTESIAN_POINT('Ctrl Pts',(-28.954765332395,-5.03163095754543,-9.28377688302421));
#904=CARTESIAN_POINT('Ctrl Pts',(-28.425534621647,-13.2654128500315,-9.93121996845748));
#905=CARTESIAN_POINT('Ctrl Pts',(-24.5550773657023,11.9039913189159,-9.36478489324993));
#906=CARTESIAN_POINT('Ctrl Pts',(-24.1264324079058,3.73438801103138,-10.1264941829424));
#907=CARTESIAN_POINT('Ctrl Pts',(-23.7198444402501,-4.51534468002471,-10.7690226840779));
#908=CARTESIAN_POINT('Ctrl Pts',(-23.3249839831606,-12.786342206759,-11.3511645514351));
#909=CARTESIAN_POINT('Ctrl Pts',(-20.2545408645042,12.657411029783,-13.0961067112737));
#910=CARTESIAN_POINT('Ctrl Pts',(-19.8794626153928,4.38905000621471,-13.6639423353309));
#911=CARTESIAN_POINT('Ctrl Pts',(-19.532585076223,-3.91778494769516,-14.1391996124283));
#912=CARTESIAN_POINT('Ctrl Pts',(-19.1989918933278,-12.2358659933886,-14.57007548666));
#913=CARTESIAN_POINT('Ctrl Pts',(-18.758162352935,12.9802065123911,-14.97101683708));
#914=CARTESIAN_POINT('Ctrl Pts',(-18.3776579579454,4.66955612665098,-15.4477755833224));
#915=CARTESIAN_POINT('Ctrl Pts',(-18.0340023549139,-3.66175472273945,-15.8433005569654));
#916=CARTESIAN_POINT('Ctrl Pts',(-17.7064707062039,-12.,-16.2012621460658));
#917=CARTESIAN_POINT('',(-31.554808263707,-11.1155322623231,-9.59807811730923));
#918=CARTESIAN_POINT('',(-21.7247808340498,-12.,-12.8196920167811));
#919=CARTESIAN_POINT('Ctrl Pts',(-21.724780834023,-12.0000000000024,-12.8196920167984));
#920=CARTESIAN_POINT('Ctrl Pts',(-22.4399362498182,-11.9356530897601,-12.3598685742719));
#921=CARTESIAN_POINT('Ctrl Pts',(-23.1841284146445,-11.8686935654135,-11.9440749263136));
#922=CARTESIAN_POINT('Ctrl Pts',(-26.3364985712762,-11.5850555266891,-10.432254555049));
#923=CARTESIAN_POINT('Ctrl Pts',(-28.9187644114339,-11.3527132629993,-9.75941072326548));
#924=CARTESIAN_POINT('Ctrl Pts',(-31.554808263707,-11.1155322623236,-9.59807811730927));
#925=CARTESIAN_POINT('',(-33.3054991013218,10.9768698062073,-7.57702276813117));
#926=CARTESIAN_POINT('Ctrl Pts',(-31.5547645910636,-11.1155173722397,-9.5982225083328));
#927=CARTESIAN_POINT('Ctrl Pts',(-32.1092501950299,-3.69564303264169,-9.00077012748707));
#928=CARTESIAN_POINT('Ctrl Pts',(-32.6877683624641,3.69115887656437,-8.34357261333816));
#929=CARTESIAN_POINT('Ctrl Pts',(-33.305499101196,10.9768698079076,-7.57702276888478));
#930=CARTESIAN_POINT('',(-21.9999999917215,11.9999999999997,-11.7731336692502));
#931=CARTESIAN_POINT('Ctrl Pts',(-33.3054991013218,10.9768698062072,-7.57702276813118));
#932=CARTESIAN_POINT('Ctrl Pts',(-30.7291060263679,11.2100293969964,-7.69413154426158));
#933=CARTESIAN_POINT('Ctrl Pts',(-28.2009063937056,11.4388275557537,-8.3152536283046));
#934=CARTESIAN_POINT('Ctrl Pts',(-24.4884892416497,11.7747955694962,-10.0441206177631));
#935=CARTESIAN_POINT('Ctrl Pts',(-23.1931741554006,11.8920195825513,-10.8388210057366));
#936=CARTESIAN_POINT('Ctrl Pts',(-21.9999999917215,11.9999999999993,-11.7731336692502));
#937=CARTESIAN_POINT('',(-18.7134686665352,12.,-15.0268456590798));
#938=CARTESIAN_POINT('Ctrl Pts',(-22.0004756403369,11.9999215212821,-11.7727308371905));
#939=CARTESIAN_POINT('Ctrl Pts',(-21.9895795059746,11.9999218414183,-11.7813080553103));
#940=CARTESIAN_POINT('Ctrl Pts',(-21.9786918020261,11.9999221670252,-11.7898966482989));
#941=CARTESIAN_POINT('Ctrl Pts',(-21.9678125471208,11.9999224936786,-11.7984966014896));
#942=CARTESIAN_POINT('Ctrl Pts',(-21.6375696628851,11.9999324093344,-12.0595506323677));
#943=CARTESIAN_POINT('Ctrl Pts',(-21.3156600405479,11.999946182494,-12.3306336433646));
#944=CARTESIAN_POINT('Ctrl Pts',(-21.0025121302494,11.9999587239957,-12.6112721293518));
#945=CARTESIAN_POINT('Ctrl Pts',(-20.6889945608021,11.9999712803023,-12.8922418983541));
#946=CARTESIAN_POINT('Ctrl Pts',(-20.3842589871976,11.9999826724485,-13.1827900555834));
#947=CARTESIAN_POINT('Ctrl Pts',(-20.0887659405198,11.9999909881987,-13.4824837037705));
#948=CARTESIAN_POINT('Ctrl Pts',(-19.7949015919752,11.9999992581141,-13.7805255009553));
#949=CARTESIAN_POINT('Ctrl Pts',(-19.5101777905085,12.000004557298,-14.0876126227422));
#950=CARTESIAN_POINT('Ctrl Pts',(-19.2350835411572,12.000007095216,-14.4033556980745));
#951=CARTESIAN_POINT('Ctrl Pts',(-19.0571308327783,12.000008736942,-14.6076032806386));
#952=CARTESIAN_POINT('Ctrl Pts',(-18.8832083784734,12.0000092628372,-14.8154736918039));
#953=CARTESIAN_POINT('Ctrl Pts',(-18.713457782294,12.0000089860291,-15.0268686239683));
#954=CARTESIAN_POINT('',(-17.7064707062039,-12.,-16.2012621460658));
#955=CARTESIAN_POINT('Ctrl Pts',(-18.713457525852,12.0000033414592,-15.0268689434278));
#956=CARTESIAN_POINT('Ctrl Pts',(-18.3506637562947,4.01451554964501,-15.4788147610296));
#957=CARTESIAN_POINT('Ctrl Pts',(-18.0211266493917,-3.98954225467558,-15.8573725039899));
#958=CARTESIAN_POINT('Ctrl Pts',(-17.7064707062039,-12.,-16.2012621460658));
#959=CARTESIAN_POINT('Ctrl Pts',(-17.7064707062039,-12.,-16.2012621460658));
#960=CARTESIAN_POINT('Ctrl Pts',(-17.9865529102986,-12.,-15.895158380975));
#961=CARTESIAN_POINT('Ctrl Pts',(-18.2757238088001,-12.0000013127272,-15.5981545950729));
#962=CARTESIAN_POINT('Ctrl Pts',(-18.5734334001061,-12.0000036369914,-15.3105517119434));
#963=CARTESIAN_POINT('Ctrl Pts',(-18.8751283020298,-12.0000059923695,-15.019098812364));
#964=CARTESIAN_POINT('Ctrl Pts',(-19.1855923741268,-12.0000094416286,-14.7372998085259));
#965=CARTESIAN_POINT('Ctrl Pts',(-19.5042960753597,-12.0000137989856,-14.4654996236577));
#966=CARTESIAN_POINT('Ctrl Pts',(-19.8240441811839,-12.0000181706219,-14.1928087388701));
#967=CARTESIAN_POINT('Ctrl Pts',(-20.1520864241092,-12.0000235132115,-13.9301819681817));
#968=CARTESIAN_POINT('Ctrl Pts',(-20.4879250586204,-12.0000289198388,-13.678004815612));
#969=CARTESIAN_POINT('Ctrl Pts',(-20.8231746331165,-12.0000343169829,-13.4262699810547));
#970=CARTESIAN_POINT('Ctrl Pts',(-21.1661937100487,-12.0000398336541,-13.1849478234474));
#971=CARTESIAN_POINT('Ctrl Pts',(-21.5165175463494,-12.00004300873,-12.9544637216541));
#972=CARTESIAN_POINT('Ctrl Pts',(-21.5857042533016,-12.0000436357871,-12.9089445923356));
#973=CARTESIAN_POINT('Ctrl Pts',(-21.6551759562435,-12.0000441651231,-12.8638483271331));
#974=CARTESIAN_POINT('Ctrl Pts',(-21.7249291929813,-12.0000445676515,-12.8191784131162));
#975=CARTESIAN_POINT('Origin',(0.,0.,0.));
#976=CARTESIAN_POINT('',(18.7134686665352,12.,-15.0268456590798));
#977=CARTESIAN_POINT('Origin',(0.,12.,0.));
#978=CARTESIAN_POINT('',(17.7064707062039,-12.,-16.2012621460658));
#979=CARTESIAN_POINT('Ctrl Pts',(17.7064707062039,-12.,-16.2012621460658));
#980=CARTESIAN_POINT('Ctrl Pts',(18.0211266502142,-3.98954223373766,-15.857372503091));
#981=CARTESIAN_POINT('Ctrl Pts',(18.3506641249334,4.01451525521095,-15.4788139834978));
#982=CARTESIAN_POINT('Ctrl Pts',(18.7134575702629,12.000003328092,-15.0268688505922));
#983=CARTESIAN_POINT('Origin',(0.,-12.,0.));
#984=CARTESIAN_POINT('Ctrl Pts',(-31.3782454786904,-13.4893776349698,9.78730634195471));
#985=CARTESIAN_POINT('Ctrl Pts',(-31.9864252814141,-5.27071985997776,9.13956773143823));
#986=CARTESIAN_POINT('Ctrl Pts',(-32.6220590112619,2.9163081709962,8.4251275289751));
#987=CARTESIAN_POINT('Ctrl Pts',(-33.3057231588213,10.9795123888629,7.57674473019502));
#988=CARTESIAN_POINT('Ctrl Pts',(-28.425534621647,-13.2654128500315,9.93121996845748));
#989=CARTESIAN_POINT('Ctrl Pts',(-28.9547244942994,-5.03226631744588,9.28382684297939));
#990=CARTESIAN_POINT('Ctrl Pts',(-29.5060686533783,3.17227391371309,8.57118725020489));
#991=CARTESIAN_POINT('Ctrl Pts',(-30.094410920363,11.2644750923915,7.72328203126802));
#992=CARTESIAN_POINT('Ctrl Pts',(-23.3249839849283,-12.786342206557,11.3511645556181));
#993=CARTESIAN_POINT('Ctrl Pts',(-23.7198139726049,-4.5159829114682,10.7690676092466));
#994=CARTESIAN_POINT('Ctrl Pts',(-24.1263697379824,3.73311324253278,10.1265922931141));
#995=CARTESIAN_POINT('Ctrl Pts',(-24.5549781717367,11.9021001203311,9.36496129196408));
#996=CARTESIAN_POINT('Ctrl Pts',(-19.1989918933278,-12.2358659933886,14.57007548666));
#997=CARTESIAN_POINT('Ctrl Pts',(-19.5325593345002,-3.91842681254098,14.1392328609715));
#998=CARTESIAN_POINT('Ctrl Pts',(-19.8794093756006,4.38776730775854,13.6640147931192));
#999=CARTESIAN_POINT('Ctrl Pts',(-20.254454005822,12.6554969646371,13.0962381671053));
#1000=CARTESIAN_POINT('Ctrl Pts',(-17.7064707062039,-12.,16.2012621460658));
#1001=CARTESIAN_POINT('Ctrl Pts',(-18.0339770809294,-3.66239814355851,15.8433281790766));
#1002=CARTESIAN_POINT('Ctrl Pts',(-18.3776053207637,4.66827002963388,15.4478357824352));
#1003=CARTESIAN_POINT('Ctrl Pts',(-18.7580742694637,12.9782826530257,14.9711272019339));
#1004=CARTESIAN_POINT('',(-33.3054991013218,10.9768698062072,7.57702276813119));
#1005=CARTESIAN_POINT('',(-21.9999999917145,12.,11.7731336692557));
#1006=CARTESIAN_POINT('Ctrl Pts',(-22.0004756404136,11.9999214806164,11.7727308149337));
#1007=CARTESIAN_POINT('Ctrl Pts',(-22.3427832600271,11.9689275320644,11.5044743326845));
#1008=CARTESIAN_POINT('Ctrl Pts',(-22.6938800922223,11.9371363109717,11.2473738366188));
#1009=CARTESIAN_POINT('Ctrl Pts',(-23.0532902154517,11.9046002119349,11.0019772107023));
#1010=CARTESIAN_POINT('Ctrl Pts',(-23.3922333491788,11.873916915461,10.7705549551275));
#1011=CARTESIAN_POINT('Ctrl Pts',(-23.7385705401183,11.8425711294339,10.549541661436));
#1012=CARTESIAN_POINT('Ctrl Pts',(-24.091923776553,11.8106102484641,10.3394444759551));
#1013=CARTESIAN_POINT('Ctrl Pts',(-24.1132609162118,11.8086802993069,10.3267578142063));
#1014=CARTESIAN_POINT('Ctrl Pts',(-24.1346236437441,11.806748108504,10.3141109709654));
#1015=CARTESIAN_POINT('Ctrl Pts',(-24.1560118778283,11.8048136869605,10.3015040637257));
#1016=CARTESIAN_POINT('Ctrl Pts',(-24.3233395728384,11.7896800253045,10.2028757842087));
#1017=CARTESIAN_POINT('Ctrl Pts',(-24.4922283502956,11.7744098147362,10.1066915892366));
#1018=CARTESIAN_POINT('Ctrl Pts',(-24.6626227992448,11.759006404146,10.0129767022963));
#1019=CARTESIAN_POINT('Ctrl Pts',(-25.0274082078351,11.7260303332676,9.81234913764081));
#1020=CARTESIAN_POINT('Ctrl Pts',(-25.398198962224,11.6925233050167,9.62352724733158));
#1021=CARTESIAN_POINT('Ctrl Pts',(-25.7743804298018,11.6585272278065,9.44661883626918));
#1022=CARTESIAN_POINT('Ctrl Pts',(-26.1525214503744,11.6243540628857,9.26878889813385));
#1023=CARTESIAN_POINT('Ctrl Pts',(-26.5361099965718,11.5896866847514,9.10299669692937));
#1024=CARTESIAN_POINT('Ctrl Pts',(-26.9245467907909,11.5545701390995,8.94939828606294));
#1025=CARTESIAN_POINT('Ctrl Pts',(-27.3132701407446,11.5194276874374,8.79568656331128));
#1026=CARTESIAN_POINT('Ctrl Pts',(-27.70684942009,11.4838353506909,8.65418647369492));
#1027=CARTESIAN_POINT('Ctrl Pts',(-28.1047012298685,11.4478415795401,8.52510339831821));
#1028=CARTESIAN_POINT('Ctrl Pts',(-28.3497017047893,11.4256763139579,8.44561295993327));
#1029=CARTESIAN_POINT('Ctrl Pts',(-28.5963227142437,11.4033588845749,8.37083227087648));
#1030=CARTESIAN_POINT('Ctrl Pts',(-28.8444299460977,11.3809013655393,8.30081891791783));
#1031=CARTESIAN_POINT('Ctrl Pts',(-29.2478115414426,11.3443891293245,8.18698870909698));
#1032=CARTESIAN_POINT('Ctrl Pts',(-29.6543713974926,11.307573691528,8.08596918431251));
#1033=CARTESIAN_POINT('Ctrl Pts',(-30.0635063571919,11.2705153773683,7.99790597076941));
#1034=CARTESIAN_POINT('Ctrl Pts',(-30.4722143326501,11.2334957382612,7.90993466236298));
#1035=CARTESIAN_POINT('Ctrl Pts',(-30.8834925740107,11.196233675409,7.83489249970912));
#1036=CARTESIAN_POINT('Ctrl Pts',(-31.2967543704109,11.1587925316153,7.77297438795973));
#1037=CARTESIAN_POINT('Ctrl Pts',(-31.7063940223834,11.1216795508203,7.71159897419358));
#1038=CARTESIAN_POINT('Ctrl Pts',(-32.1179831328043,11.0843905674542,7.66311848835276));
#1039=CARTESIAN_POINT('Ctrl Pts',(-32.5309567106467,11.0469911713942,7.62777310439624));
#1040=CARTESIAN_POINT('Ctrl Pts',(-32.788644141869,11.0236546801099,7.60571827647018));
#1041=CARTESIAN_POINT('Ctrl Pts',(-33.0468707162052,11.0002752792662,7.588778621982));
#1042=CARTESIAN_POINT('Ctrl Pts',(-33.3054991012786,10.976869806791,7.57702276838999));
#1043=CARTESIAN_POINT('',(-31.554808263707,-11.1155322623235,9.59807811730925));
#1044=CARTESIAN_POINT('Ctrl Pts',(-33.3054991012786,10.9768698067909,7.57702276839));
#1045=CARTESIAN_POINT('Ctrl Pts',(-32.6877685325531,3.69115662187317,8.34357160287477));
#1046=CARTESIAN_POINT('Ctrl Pts',(-32.1092502303444,-3.69564343441295,9.00076992993797));
#1047=CARTESIAN_POINT('Ctrl Pts',(-31.554764600235,-11.1155173755705,9.59822247543081));
#1048=CARTESIAN_POINT('',(-21.72478083405,-12.,12.819692016781));
#1049=CARTESIAN_POINT('Ctrl Pts',(-31.554808263707,-11.1155322623236,9.59807811730927));
#1050=CARTESIAN_POINT('Ctrl Pts',(-28.9191384917969,-11.3526796046993,9.75938782859332));
#1051=CARTESIAN_POINT('Ctrl Pts',(-26.3372282826202,-11.5849898702475,10.4320638128597));
#1052=CARTESIAN_POINT('Ctrl Pts',(-23.1847778954584,-11.8686351278037,11.9437120835177));
#1053=CARTESIAN_POINT('Ctrl Pts',(-22.4402484464255,-11.9356249995204,12.3596678412362));
#1054=CARTESIAN_POINT('Ctrl Pts',(-21.72478083405,-12.,12.819692016781));
#1055=CARTESIAN_POINT('',(-17.7064707062039,-12.,16.2012621460658));
#1056=CARTESIAN_POINT('Ctrl Pts',(-21.7249291939798,-12.0000445693709,12.819178413438));
#1057=CARTESIAN_POINT('Ctrl Pts',(-21.3555848160673,-12.0000424329993,13.0557062416387));
#1058=CARTESIAN_POINT('Ctrl Pts',(-20.9941290811403,-12.0000369648294,13.3041848526482));
#1059=CARTESIAN_POINT('Ctrl Pts',(-20.6410884519793,-12.0000313789469,13.5641192944015));
#1060=CARTESIAN_POINT('Ctrl Pts',(-20.3030657352629,-12.0000260306809,13.812996445959));
#1061=CARTESIAN_POINT('Ctrl Pts',(-19.9727571812945,-12.000020501438,14.0723762016049));
#1062=CARTESIAN_POINT('Ctrl Pts',(-19.6506550400572,-12.0000158757104,14.3418679347513));
#1063=CARTESIAN_POINT('Ctrl Pts',(-19.3298936177783,-12.0000112692369,14.6102379346662));
#1064=CARTESIAN_POINT('Ctrl Pts',(-19.0172700285185,-12.0000075024355,14.8886362545389));
#1065=CARTESIAN_POINT('Ctrl Pts',(-18.7133059361848,-12.0000048165855,15.1767144527564));
#1066=CARTESIAN_POINT('Ctrl Pts',(-18.4127805230401,-12.00000216112,15.4615336854252));
#1067=CARTESIAN_POINT('Ctrl Pts',(-18.1207194451799,-12.000000508509,15.7558153873506));
#1068=CARTESIAN_POINT('Ctrl Pts',(-17.8376671568547,-12.0000000969523,16.0592540248704));
#1069=CARTESIAN_POINT('Ctrl Pts',(-17.7937170122312,-12.000000033049,16.1063696022863));
#1070=CARTESIAN_POINT('Ctrl Pts',(-17.7499841503567,-12.,16.1537060040028));
#1071=CARTESIAN_POINT('Ctrl Pts',(-17.7064707062039,-12.,16.2012621460658));
#1072=CARTESIAN_POINT('',(-18.7134686665352,12.,15.0268456590798));
#1073=CARTESIAN_POINT('Ctrl Pts',(-17.7064707062039,-12.,16.2012621460658));
#1074=CARTESIAN_POINT('Ctrl Pts',(-18.0211266495021,-3.98954225186403,15.8573725038692));
#1075=CARTESIAN_POINT('Ctrl Pts',(-18.3506641249229,4.01451525477991,15.478813983502));
#1076=CARTESIAN_POINT('Ctrl Pts',(-18.7134575702655,12.000003328137,15.0268688505884));
#1077=CARTESIAN_POINT('Ctrl Pts',(-18.7134578256531,12.0000089495018,15.0268685324427));
#1078=CARTESIAN_POINT('Ctrl Pts',(-18.9745120174695,12.0000093707112,14.7017707980958));
#1079=CARTESIAN_POINT('Ctrl Pts',(-19.2452732792532,12.0000084010516,14.3852032921159));
#1080=CARTESIAN_POINT('Ctrl Pts',(-19.5251996516163,12.0000050016801,14.0774978426829));
#1081=CARTESIAN_POINT('Ctrl Pts',(-19.807303046317,12.0000015758711,13.7673993295626));
#1082=CARTESIAN_POINT('Ctrl Pts',(-20.0987150248952,11.9999956126904,13.4663008864099));
#1083=CARTESIAN_POINT('Ctrl Pts',(-20.3989254847406,11.999986663981,13.1745714471009));
#1084=CARTESIAN_POINT('Ctrl Pts',(-20.7007115278371,11.9999776683064,12.8813109351614));
#1085=CARTESIAN_POINT('Ctrl Pts',(-21.0113890344681,11.9999655840919,12.5975176589377));
#1086=CARTESIAN_POINT('Ctrl Pts',(-21.3304790377436,11.9999516424042,12.3236014104545));
#1087=CARTESIAN_POINT('Ctrl Pts',(-21.5498819940004,11.9999420562453,12.1352594565635));
#1088=CARTESIAN_POINT('Ctrl Pts',(-21.7732630217217,11.9999316269429,11.9515878862429));
#1089=CARTESIAN_POINT('Ctrl Pts',(-22.0004756404198,11.9999214806164,11.7727308149287));
#1090=CARTESIAN_POINT('Origin',(0.,0.,0.));
#1091=CARTESIAN_POINT('',(17.7064707062039,-12.,16.2012621460658));
#1092=CARTESIAN_POINT('Origin',(0.,-12.,0.));
#1093=CARTESIAN_POINT('',(18.7134686665352,12.,15.0268456590798));
#1094=CARTESIAN_POINT('Ctrl Pts',(18.7134575258499,12.0000033414138,15.0268689434305));
#1095=CARTESIAN_POINT('Ctrl Pts',(18.3506637565302,4.01451555483524,15.4788147607367));
#1096=CARTESIAN_POINT('Ctrl Pts',(18.0211266497051,-3.9895422466962,15.8573725036473));
#1097=CARTESIAN_POINT('Ctrl Pts',(17.7064707062039,-12.,16.2012621460658));
#1098=CARTESIAN_POINT('Origin',(0.,12.,0.));
#1099=CARTESIAN_POINT('Ctrl Pts',(17.7064707062039,-12.,16.2012621460658));
#1100=CARTESIAN_POINT('Ctrl Pts',(18.0340023552494,-3.66175471419807,15.8433005565987));
#1101=CARTESIAN_POINT('Ctrl Pts',(18.3776579581932,4.66955613206551,15.4477755830119));
#1102=CARTESIAN_POINT('Ctrl Pts',(18.7581623529352,12.9802065123954,14.9710168370798));
#1103=CARTESIAN_POINT('Ctrl Pts',(19.6964989557024,-12.3144879911848,14.0263466001914));
#1104=CARTESIAN_POINT('Ctrl Pts',(20.0318991902745,-4.00315608841779,13.5708233518047));
#1105=CARTESIAN_POINT('Ctrl Pts',(20.3804280259284,4.29561705427996,13.0698503731687));
#1106=CARTESIAN_POINT('Ctrl Pts',(20.7533337016941,12.5498125355845,12.471136669338));
#1107=CARTESIAN_POINT('Ctrl Pts',(24.0425175563865,-12.8645089754548,11.0145419327025));
#1108=CARTESIAN_POINT('Ctrl Pts',(24.4557708102754,-4.60015548320101,10.4154676065257));
#1109=CARTESIAN_POINT('Ctrl Pts',(24.881812832492,3.64156332282395,9.75416722531996));
#1110=CARTESIAN_POINT('Ctrl Pts',(25.3318579051638,11.7972632317721,8.96995466502413));
#1111=CARTESIAN_POINT('Ctrl Pts',(29.1637123359079,-13.3214040462661,9.89524156183179));
#1112=CARTESIAN_POINT('Ctrl Pts',(29.7128410274671,-5.09122203996492,9.24797527109012));
#1113=CARTESIAN_POINT('Ctrl Pts',(30.2848999755086,3.10949425965914,8.53416265000924));
#1114=CARTESIAN_POINT('Ctrl Pts',(30.8973807443275,11.1951061901432,7.68645149304277));
#1115=CARTESIAN_POINT('Ctrl Pts',(31.3782454786905,-13.4893776349698,9.78730634195472));
#1116=CARTESIAN_POINT('Ctrl Pts',(31.9864722158622,-5.27008560976924,9.13951774415808));
#1117=CARTESIAN_POINT('Ctrl Pts',(32.6221569296253,2.91757428573074,8.42501837703049));
#1118=CARTESIAN_POINT('Ctrl Pts',(33.305881435508,10.9813791072628,7.57654831767722));
#1119=CARTESIAN_POINT('',(21.9999999917219,11.9999999999997,11.7731336692499));
#1120=CARTESIAN_POINT('Ctrl Pts',(22.0019454524087,12.0000852625481,11.7754617331215));
#1121=CARTESIAN_POINT('Ctrl Pts',(21.9910459393226,12.0000852316779,11.7840329006841));
#1122=CARTESIAN_POINT('Ctrl Pts',(21.9801547998853,12.0000851995677,11.7926153335891));
#1123=CARTESIAN_POINT('Ctrl Pts',(21.969272053993,12.0000851619748,11.8012090195973));
#1124=CARTESIAN_POINT('Ctrl Pts',(21.6375662664532,12.0000840161446,12.0631443264976));
#1125=CARTESIAN_POINT('Ctrl Pts',(21.3142110006876,12.0000807086919,12.3350920462276));
#1126=CARTESIAN_POINT('Ctrl Pts',(20.9996763315589,12.0000742602367,12.6166419185321));
#1127=CARTESIAN_POINT('Ctrl Pts',(20.6856078420507,12.000067821339,12.8977744988002));
#1128=CARTESIAN_POINT('Ctrl Pts',(20.3803333935016,12.0000583206266,13.1884811080421));
#1129=CARTESIAN_POINT('Ctrl Pts',(20.0843513275099,12.0000479085264,13.4883952320877));
#1130=CARTESIAN_POINT('Ctrl Pts',(19.7911122628535,12.0000375929199,13.7855299146155));
#1131=CARTESIAN_POINT('Ctrl Pts',(19.5069937726835,12.0000264527471,14.0917025919275));
#1132=CARTESIAN_POINT('Ctrl Pts',(19.2325161839927,12.0000186029493,14.4065929764999));
#1133=CARTESIAN_POINT('Ctrl Pts',(19.0554334857522,12.0000135385528,14.6097485026618));
#1134=CARTESIAN_POINT('Ctrl Pts',(18.8823644030788,12.0000098818826,14.8165333590145));
#1135=CARTESIAN_POINT('Ctrl Pts',(18.7134577823209,12.0000089866215,15.0268686239349));
#1136=CARTESIAN_POINT('',(21.7247808340499,-12.,12.8196920167811));
#1137=CARTESIAN_POINT('Ctrl Pts',(17.7064707062039,-12.,16.2012621460658));
#1138=CARTESIAN_POINT('Ctrl Pts',(17.985302104993,-12.,15.896525394687));
#1139=CARTESIAN_POINT('Ctrl Pts',(18.2732021735912,-11.9999958691175,15.6009327507571));
#1140=CARTESIAN_POINT('Ctrl Pts',(18.569598881483,-11.9999899475843,15.314720233902));
#1141=CARTESIAN_POINT('Ctrl Pts',(18.870872364885,-11.9999839286208,15.0237985075458));
#1142=CARTESIAN_POINT('Ctrl Pts',(19.1809247195921,-11.9999761123069,14.7425677629178));
#1143=CARTESIAN_POINT('Ctrl Pts',(19.4991980930049,-11.9999690706886,14.4713081746674));
#1144=CARTESIAN_POINT('Ctrl Pts',(19.8192387027001,-11.9999619899711,14.1985423976299));
#1145=CARTESIAN_POINT('Ctrl Pts',(20.1475923023115,-11.999955748022,13.935858496612));
#1146=CARTESIAN_POINT('Ctrl Pts',(20.4837288653963,-11.9999522541367,13.6835787879086));
#1147=CARTESIAN_POINT('Ctrl Pts',(20.8204176453354,-11.9999487545116,13.4308846253123));
#1148=CARTESIAN_POINT('Ctrl Pts',(21.1649154278456,-11.9999480677273,13.188628563711));
#1149=CARTESIAN_POINT('Ctrl Pts',(21.5167201916822,-11.99995057027,12.9571766307772));
#1150=CARTESIAN_POINT('Ctrl Pts',(21.5861948842863,-11.9999510644741,12.9114693136908));
#1151=CARTESIAN_POINT('Ctrl Pts',(21.6559546228474,-11.9999516767305,12.8661834829476));
#1152=CARTESIAN_POINT('Ctrl Pts',(21.7259956585836,-11.9999523999109,12.8213221673796));
#1153=CARTESIAN_POINT('',(31.554808263707,-11.1155322623235,9.59807811730925));
#1154=CARTESIAN_POINT('Ctrl Pts',(21.724780834023,-12.0000000000024,12.8196920167983));
#1155=CARTESIAN_POINT('Ctrl Pts',(22.4399366263414,-11.935653055882,12.3598683321787));
#1156=CARTESIAN_POINT('Ctrl Pts',(23.1841291979413,-11.8686934949355,11.9440744886985));
#1157=CARTESIAN_POINT('Ctrl Pts',(26.3364994513393,-11.5850554475044,10.4322543249928));
#1158=CARTESIAN_POINT('Ctrl Pts',(28.918764862592,-11.3527132224058,9.75941069565345));
#1159=CARTESIAN_POINT('Ctrl Pts',(31.554808263707,-11.1155322623236,9.59807811730927));
#1160=CARTESIAN_POINT('',(33.3054991013218,10.9768698062072,7.57702276813119));
#1161=CARTESIAN_POINT('Ctrl Pts',(31.5547645910634,-11.11551737224,9.59822250833296));
#1162=CARTESIAN_POINT('Ctrl Pts',(32.1092501955059,-3.69564302626068,9.00077012697432));
#1163=CARTESIAN_POINT('Ctrl Pts',(32.6877683628077,3.69115888061658,8.34357261291185));
#1164=CARTESIAN_POINT('Ctrl Pts',(33.3054991011961,10.9768698079094,7.5770227688846));
#1165=CARTESIAN_POINT('Ctrl Pts',(33.3054991013218,10.9768698062072,7.57702276813119));
#1166=CARTESIAN_POINT('Ctrl Pts',(30.7291060234456,11.2100293972609,7.69413154439441));
#1167=CARTESIAN_POINT('Ctrl Pts',(28.2009063879994,11.4388275562701,8.31525362971221));
#1168=CARTESIAN_POINT('Ctrl Pts',(24.4884892366921,11.7747955699448,10.044120620805));
#1169=CARTESIAN_POINT('Ctrl Pts',(23.1931741531187,11.8920195827578,10.8388210075235));
#1170=CARTESIAN_POINT('Ctrl Pts',(21.9999999917219,11.9999999999993,11.7731336692499));
#1171=CARTESIAN_POINT('Ctrl Pts',(32.2277762644422,11.0744020570402,7.62601016980591));
#1172=CARTESIAN_POINT('Ctrl Pts',(44.2167896774006,9.98941487534563,7.08105501468947));
#1173=CARTESIAN_POINT('Ctrl Pts',(56.205803090359,8.90442769365102,6.53609985957302));
#1174=CARTESIAN_POINT('Ctrl Pts',(68.1948165033174,7.8194405119564,5.99114470445658));
#1175=CARTESIAN_POINT('Ctrl Pts',(32.0302658785653,4.53177531666393,8.2952040797556));
#1176=CARTESIAN_POINT('Ctrl Pts',(44.0957065976296,4.06974106328525,7.67988302849519));
#1177=CARTESIAN_POINT('Ctrl Pts',(56.1611513305696,3.60778827889699,7.06456330116001));
#1178=CARTESIAN_POINT('Ctrl Pts',(68.226592049634,3.14575402551831,6.44924224989959));
#1179=CARTESIAN_POINT('Ctrl Pts',(31.8055769628618,-2.87555343535462,8.953511826042));
#1180=CARTESIAN_POINT('Ctrl Pts',(43.9571540841355,-2.60654587515632,8.26980541872761));
#1181=CARTESIAN_POINT('Ctrl Pts',(56.1087351957038,-2.33745741156237,7.58610038594736));
#1182=CARTESIAN_POINT('Ctrl Pts',(68.2603123169775,-2.06844985136407,6.90239397863297));
#1183=CARTESIAN_POINT('Ctrl Pts',(31.554808263707,-11.1155322623233,9.59807811730924));
#1184=CARTESIAN_POINT('Ctrl Pts',(43.8019044494096,-10.0135860537297,8.84852459932351));
#1185=CARTESIAN_POINT('Ctrl Pts',(56.0490006351123,-8.9116398451361,8.09897108133779));
#1186=CARTESIAN_POINT('Ctrl Pts',(68.2960968208149,-7.80969363654249,7.34941756335206));
#1187=CARTESIAN_POINT('',(68.2960968208148,-7.80969363654385,7.34941756335202));
#1188=CARTESIAN_POINT('',(21.7247808340499,-12.,10.199700863638));
#1189=CARTESIAN_POINT('',(67.1469455319301,7.91427121510636,6.03877520315443));
#1190=CARTESIAN_POINT('Ctrl Pts',(67.1469455319301,7.91427121510636,6.03877520315442));
#1191=CARTESIAN_POINT('Ctrl Pts',(67.5664005033594,2.72646300637216,6.52684992627575));
#1192=CARTESIAN_POINT('Ctrl Pts',(67.9416999934615,-2.52905643023663,6.95578756903138));
#1193=CARTESIAN_POINT('Ctrl Pts',(68.2961029062028,-7.80969286401937,7.3494224479342));
#1194=CARTESIAN_POINT('',(22.6048967739154,11.9452577762381,8.06341378299722));
#1195=CARTESIAN_POINT('Ctrl Pts',(18.7580742694643,12.9782826530408,-14.971127201933));
#1196=CARTESIAN_POINT('Ctrl Pts',(18.3776053207154,4.66827002857903,-15.4478357824958));
#1197=CARTESIAN_POINT('Ctrl Pts',(18.0339770816709,-3.66239812468225,-15.8433281782663));
#1198=CARTESIAN_POINT('Ctrl Pts',(17.7064707062039,-12.,-16.2012621460658));
#1199=CARTESIAN_POINT('Ctrl Pts',(20.7532472512754,12.5479017351893,-12.4712751554947));
#1200=CARTESIAN_POINT('Ctrl Pts',(20.3803745395521,4.29433547094921,-13.0699268588175));
#1201=CARTESIAN_POINT('Ctrl Pts',(20.0318733095262,-4.00379742216373,-13.5708585016982));
#1202=CARTESIAN_POINT('Ctrl Pts',(19.6964989557024,-12.3144879911848,-14.0263466001914));
#1203=CARTESIAN_POINT('Ctrl Pts',(25.3317537746486,11.7953752475618,-8.97013626241153));
#1204=CARTESIAN_POINT('Ctrl Pts',(24.88174714772,3.64028966207407,-9.75426821637314));
#1205=CARTESIAN_POINT('Ctrl Pts',(24.4557389242138,-4.60079319175186,-10.4155138373803));
#1206=CARTESIAN_POINT('Ctrl Pts',(24.042517558506,-12.8645089752912,-11.0145419367204));
#1207=CARTESIAN_POINT('Ctrl Pts',(30.8972389799787,11.1932344165241,-7.68664770599823));
#1208=CARTESIAN_POINT('Ctrl Pts',(30.2848118233952,3.1082263176466,-8.53427171826914));
#1209=CARTESIAN_POINT('Ctrl Pts',(29.7127986546242,-5.09185711187849,-9.24802521660062));
#1210=CARTESIAN_POINT('Ctrl Pts',(29.1637123359079,-13.3214040462661,-9.89524156183179));
#1211=CARTESIAN_POINT('Ctrl Pts',(33.3057231588225,10.9795123888776,-7.57674473019347));
#1212=CARTESIAN_POINT('Ctrl Pts',(32.6220590111751,2.91630816997282,-8.42512752908297));
#1213=CARTESIAN_POINT('Ctrl Pts',(31.9864252827911,-5.27071984137077,-9.13956772997177));
#1214=CARTESIAN_POINT('Ctrl Pts',(31.3782454786905,-13.4893776349698,-9.78730634195472));
#1215=CARTESIAN_POINT('',(21.7247808340499,-12.,-12.8196920167811));
#1216=CARTESIAN_POINT('Ctrl Pts',(21.7259956596278,-11.9999524015454,-12.8213221674248));
#1217=CARTESIAN_POINT('Ctrl Pts',(21.3566610773082,-11.9999485831683,-13.0578811369535));
#1218=CARTESIAN_POINT('Ctrl Pts',(20.9951434545947,-11.9999480671617,-13.3062412585965));
#1219=CARTESIAN_POINT('Ctrl Pts',(20.6420046739563,-11.9999508240075,-13.5659807070542));
#1220=CARTESIAN_POINT('Ctrl Pts',(20.3038051746909,-11.9999534642269,-13.8147320655118));
#1221=CARTESIAN_POINT('Ctrl Pts',(19.9732903323697,-11.9999590353507,-14.0739209563769));
#1222=CARTESIAN_POINT('Ctrl Pts',(19.6509835678274,-11.9999658152231,-14.3432202001344));
#1223=CARTESIAN_POINT('Ctrl Pts',(19.3307226716112,-11.9999725520597,-14.6108100451028));
#1224=CARTESIAN_POINT('Ctrl Pts',(19.0185655723706,-11.9999804277948,-14.8883826168681));
#1225=CARTESIAN_POINT('Ctrl Pts',(18.7150610770986,-11.9999869425309,-15.1756541280401));
#1226=CARTESIAN_POINT('Ctrl Pts',(18.4157194118433,-11.9999933679116,-15.4589854587919));
#1227=CARTESIAN_POINT('Ctrl Pts',(18.1247942832971,-11.9999984181785,-15.7517518289496));
#1228=CARTESIAN_POINT('Ctrl Pts',(17.8428521203141,-11.9999996870754,-16.0537123733609));
#1229=CARTESIAN_POINT('Ctrl Pts',(17.7971547319356,-11.9999998927391,-16.1026543553864));
#1230=CARTESIAN_POINT('Ctrl Pts',(17.7516934199914,-12.,-16.151837931476));
#1231=CARTESIAN_POINT('Ctrl Pts',(17.7064707062039,-12.,-16.2012621460658));
#1232=CARTESIAN_POINT('',(21.9999999917144,12.,-11.7731336692558));
#1233=CARTESIAN_POINT('Ctrl Pts',(18.7134578256477,12.0000089493956,-15.0268685324499));
#1234=CARTESIAN_POINT('Ctrl Pts',(18.9734647924168,12.0000103213075,-14.703088214796));
#1235=CARTESIAN_POINT('Ctrl Pts',(19.2431768823813,12.0000187376324,-14.3879139325721));
#1236=CARTESIAN_POINT('Ctrl Pts',(19.5220244261623,12.0000293433711,-14.0816079835382));
#1237=CARTESIAN_POINT('Ctrl Pts',(19.803591716763,12.0000400525532,-13.77231447141));
#1238=CARTESIAN_POINT('Ctrl Pts',(20.0944739010519,12.0000529276417,-13.472062802404));
#1239=CARTESIAN_POINT('Ctrl Pts',(20.3941290673896,12.0000635840367,-13.1811529583339));
#1240=CARTESIAN_POINT('Ctrl Pts',(20.6965175138083,12.0000743376333,-12.8875896039243));
#1241=CARTESIAN_POINT('Ctrl Pts',(21.0078401017998,12.0000827616986,-12.6035389248597));
#1242=CARTESIAN_POINT('Ctrl Pts',(21.3275794437464,12.0000860083708,-12.3293446500356));
#1243=CARTESIAN_POINT('Ctrl Pts',(21.5484062407809,12.000088250673,-12.1399733855988));
#1244=CARTESIAN_POINT('Ctrl Pts',(21.7732485909892,12.0000880576662,-11.95530428874));
#1245=CARTESIAN_POINT('Ctrl Pts',(22.0019454087154,12.0000852132374,-11.7754616487763));
#1246=CARTESIAN_POINT('',(33.3054991013218,10.9768698062072,-7.57702276813118));
#1247=CARTESIAN_POINT('Ctrl Pts',(22.0019454087092,12.0000852132374,-11.7754616487812));
#1248=CARTESIAN_POINT('Ctrl Pts',(22.3305088800406,11.9703555569362,-11.5182392134486));
#1249=CARTESIAN_POINT('Ctrl Pts',(22.6671130073486,11.9398856942537,-11.2711884641441));
#1250=CARTESIAN_POINT('Ctrl Pts',(23.0113007671139,11.9087176872544,-11.0347240215252));
#1251=CARTESIAN_POINT('Ctrl Pts',(23.3517507761159,11.8778881531922,-10.8008274946029));
#1252=CARTESIAN_POINT('Ctrl Pts',(23.6996210562847,11.8463755000645,-10.5772883736989));
#1253=CARTESIAN_POINT('Ctrl Pts',(24.0544899154131,11.8142237665124,-10.3645541352201));
#1254=CARTESIAN_POINT('Ctrl Pts',(24.2552036279547,11.7960387563603,-10.2442317183851));
#1255=CARTESIAN_POINT('Ctrl Pts',(24.4581565439235,11.7776493676321,-10.1273666742472));
#1256=CARTESIAN_POINT('Ctrl Pts',(24.6632745043405,11.7590641506166,-10.0140470440372));
#1257=CARTESIAN_POINT('Ctrl Pts',(25.0296777894155,11.7258652802959,-9.81162359614385));
#1258=CARTESIAN_POINT('Ctrl Pts',(25.402085464011,11.6921220847258,-9.62100933590485));
#1259=CARTESIAN_POINT('Ctrl Pts',(25.7800043158955,11.6578928540724,-9.44256836576153));
#1260=CARTESIAN_POINT('Ctrl Pts',(25.9523831032086,11.6422799963352,-9.36117671809191));
#1261=CARTESIAN_POINT('Ctrl Pts',(26.1259088895301,11.6265660451911,-9.28231833666651));
#1262=CARTESIAN_POINT('Ctrl Pts',(26.3005366574269,11.6107566930685,-9.2060309023347));
#1263=CARTESIAN_POINT('Ctrl Pts',(26.6824839732643,11.5761783457582,-9.03917438732504));
#1264=CARTESIAN_POINT('Ctrl Pts',(27.0697018970316,11.5411433939383,-8.88461372161236));
#1265=CARTESIAN_POINT('Ctrl Pts',(27.4615692142744,11.505693748309,-8.74245765649385));
#1266=CARTESIAN_POINT('Ctrl Pts',(27.854304516033,11.4701655818585,-8.59998671626859));
#1267=CARTESIAN_POINT('Ctrl Pts',(28.2517103707568,11.434220829534,-8.46997526360026));
#1268=CARTESIAN_POINT('Ctrl Pts',(28.6531750890245,11.3979053506065,-8.35258295850716));
#1269=CARTESIAN_POINT('Ctrl Pts',(28.7163744240845,11.3921884992465,-8.33410283986798));
#1270=CARTESIAN_POINT('Ctrl Pts',(28.7796743623311,11.3864624689863,-8.31593554767386));
#1271=CARTESIAN_POINT('Ctrl Pts',(28.8430725345178,11.3807274483336,-8.29808182099819));
#1272=CARTESIAN_POINT('Ctrl Pts',(29.2454218000879,11.3443307941707,-8.18477518189681));
#1273=CARTESIAN_POINT('Ctrl Pts',(29.6509810629565,11.307638608134,-8.08430375323047));
#1274=CARTESIAN_POINT('Ctrl Pts',(30.0591172073594,11.2707063791218,-7.99674283007618));
#1275=CARTESIAN_POINT('Ctrl Pts',(30.4678916453828,11.2337163909365,-7.90904496835516));
#1276=CARTESIAN_POINT('Ctrl Pts',(30.8792515779732,11.1964855554471,-7.83429791200691));
#1277=CARTESIAN_POINT('Ctrl Pts',(31.2925756921843,11.1590728457846,-7.77262740156999));
#1278=CARTESIAN_POINT('Ctrl Pts',(31.70373731434,11.1218558776349,-7.71127954830281));
#1279=CARTESIAN_POINT('Ctrl Pts',(32.1168431636272,11.0844588856838,-7.66287170598625));
#1280=CARTESIAN_POINT('Ctrl Pts',(32.5312880620288,11.0469438563002,-7.62757840329094));
#1281=CARTESIAN_POINT('Ctrl Pts',(32.7888894782759,11.0236261010641,-7.6056415793768));
#1282=CARTESIAN_POINT('Ctrl Pts',(33.0470083109048,11.0002628243716,-7.58877235317236));
#1283=CARTESIAN_POINT('Ctrl Pts',(33.3054991012786,10.9768698067907,-7.57702276839003));
#1284=CARTESIAN_POINT('',(31.554808263707,-11.1155322623231,-9.59807811730923));
#1285=CARTESIAN_POINT('Ctrl Pts',(33.3054991012785,10.9768698067907,-7.57702276839003));
#1286=CARTESIAN_POINT('Ctrl Pts',(32.6877685323531,3.69115661951547,-8.34357160312294));
#1287=CARTESIAN_POINT('Ctrl Pts',(32.1092502312264,-3.69564342229821,-9.00076992901734));
#1288=CARTESIAN_POINT('Ctrl Pts',(31.5547646002316,-11.1155173755693,-9.59822247543886));
#1289=CARTESIAN_POINT('Ctrl Pts',(31.554808263707,-11.1155322623236,-9.59807811730926));
#1290=CARTESIAN_POINT('Ctrl Pts',(28.9191377471117,-11.3526796717032,-9.75938787416994));
#1291=CARTESIAN_POINT('Ctrl Pts',(26.3372268299733,-11.584990000951,-10.4320641925516));
#1292=CARTESIAN_POINT('Ctrl Pts',(23.1847766025197,-11.8686352441373,-11.9437128058157));
#1293=CARTESIAN_POINT('Ctrl Pts',(22.4402478249324,-11.9356250554399,-12.3596682408375));
#1294=CARTESIAN_POINT('Ctrl Pts',(21.7247808340499,-12.,-12.8196920167811));
#1295=CARTESIAN_POINT('Ctrl Pts',(31.554808263707,-11.1155322623231,-9.59807811730923));
#1296=CARTESIAN_POINT('Ctrl Pts',(43.8019044494095,-10.0135860537296,-8.84852459932351));
#1297=CARTESIAN_POINT('Ctrl Pts',(56.0490006351121,-8.91163984513603,-8.09897108133779));
#1298=CARTESIAN_POINT('Ctrl Pts',(68.2960968208147,-7.80969363654247,-7.34941756335207));
#1299=CARTESIAN_POINT('Ctrl Pts',(31.8055769628618,-2.8755534353546,-8.953511826042));
#1300=CARTESIAN_POINT('Ctrl Pts',(43.9571540841354,-2.60654587515634,-8.26980541872761));
#1301=CARTESIAN_POINT('Ctrl Pts',(56.1087351957036,-2.33745741156232,-7.58610038594736));
#1302=CARTESIAN_POINT('Ctrl Pts',(68.2603123169773,-2.06844985136407,-6.90239397863298));
#1303=CARTESIAN_POINT('Ctrl Pts',(32.0302658785653,4.53177531666401,-8.2952040797556));
#1304=CARTESIAN_POINT('Ctrl Pts',(44.0957065976295,4.06974106328529,-7.67988302849519));
#1305=CARTESIAN_POINT('Ctrl Pts',(56.1611513305695,3.60778827889706,-7.06456330116001));
#1306=CARTESIAN_POINT('Ctrl Pts',(68.2265920496338,3.14575402551834,-6.4492422498996));
#1307=CARTESIAN_POINT('Ctrl Pts',(32.2277762644422,11.0744020570404,-7.6260101698059));
#1308=CARTESIAN_POINT('Ctrl Pts',(44.2167896774006,9.98941487534577,-7.08105501468946));
#1309=CARTESIAN_POINT('Ctrl Pts',(56.2058030903589,8.90442769365112,-6.53609985957302));
#1310=CARTESIAN_POINT('Ctrl Pts',(68.1948165033172,7.81944051195647,-5.99114470445658));
#1311=CARTESIAN_POINT('',(67.1469455319301,7.91427121510639,-6.03877520315442));
#1312=CARTESIAN_POINT('',(22.6048967739154,11.9452577762381,-8.06341378299721));
#1313=CARTESIAN_POINT('',(68.2960968208147,-7.80969363654247,-7.34941756335208));
#1314=CARTESIAN_POINT('Ctrl Pts',(68.2961029062027,-7.80969286401799,-7.34942244793409));
#1315=CARTESIAN_POINT('Ctrl Pts',(67.9416999934735,-2.52905643041692,-6.95578756904465));
#1316=CARTESIAN_POINT('Ctrl Pts',(67.566400503359,2.7264630063762,-6.52684992627538));
#1317=CARTESIAN_POINT('Ctrl Pts',(67.1469455319301,7.9142712151064,-6.03877520315443));
#1318=CARTESIAN_POINT('',(21.7247808340499,-12.0000000000002,-10.199700863638));
#1319=CARTESIAN_POINT('Ctrl Pts',(-68.3287976557933,-8.29779428628424,-7.38570197784643));
#1320=CARTESIAN_POINT('Ctrl Pts',(-67.9647812918535,-2.85292727000147,-6.98215943918039));
#1321=CARTESIAN_POINT('Ctrl Pts',(-67.5793223735205,2.56664565132744,-6.54188571946142));
#1322=CARTESIAN_POINT('Ctrl Pts',(-67.1469455319301,7.91427121510639,-6.03877520315443));
#1323=CARTESIAN_POINT('Ctrl Pts',(-71.7403456798857,-8.08699703767386,-7.1844859213155));
#1324=CARTESIAN_POINT('Ctrl Pts',(-71.427358289338,-2.6310585696161,-6.77623335423385));
#1325=CARTESIAN_POINT('Ctrl Pts',(-71.0967657739525,2.80204278579465,-6.33193951946227));
#1326=CARTESIAN_POINT('Ctrl Pts',(-70.7289939418553,8.16902604729475,-5.8189441388723));
#1327=CARTESIAN_POINT('Ctrl Pts',(-77.7887560399111,-7.59666271763867,-8.40029156088064));
#1328=CARTESIAN_POINT('Ctrl Pts',(-77.5666236503595,-2.10947154073974,-8.0329171492422));
#1329=CARTESIAN_POINT('Ctrl Pts',(-77.3349724904807,3.3610700736093,-7.63110970896279));
#1330=CARTESIAN_POINT('Ctrl Pts',(-77.0831134378792,8.78476053937486,-7.16640075442918));
#1331=CARTESIAN_POINT('Ctrl Pts',(-82.6293800341147,-7.00395003175525,-12.0744186988241));
#1332=CARTESIAN_POINT('Ctrl Pts',(-82.4423902398506,-1.47534758459683,-11.8131696070859));
#1333=CARTESIAN_POINT('Ctrl Pts',(-82.2460617019618,4.04540481456934,-11.5275807868096));
#1334=CARTESIAN_POINT('Ctrl Pts',(-82.0332883285103,9.54552837354417,-11.1969729823427));
#1335=CARTESIAN_POINT('Ctrl Pts',(-84.3306798552429,-6.75000000009906,-13.9811446643187));
#1336=CARTESIAN_POINT('Ctrl Pts',(-84.1427241557717,-1.20366909159251,-13.7704939559053));
#1337=CARTESIAN_POINT('Ctrl Pts',(-83.944206759031,4.33862364670957,-13.5399561438476));
#1338=CARTESIAN_POINT('Ctrl Pts',(-83.7262609663935,9.87146467262151,-13.2727321147553));
#1339=CARTESIAN_POINT('',(-67.1469455319301,7.91427121510638,-6.03877520315442));
#1340=CARTESIAN_POINT('',(-80.0120405750366,6.75000000009823,-9.8601297539724));
#1341=CARTESIAN_POINT('Ctrl Pts',(-80.0120405750557,6.75000000009651,-9.86012975398604));
#1342=CARTESIAN_POINT('Ctrl Pts',(-79.2626689625801,6.81781697267435,-9.32413819906876));
#1343=CARTESIAN_POINT('Ctrl Pts',(-78.4768924095804,6.88892853650948,-8.83797597318788));
#1344=CARTESIAN_POINT('Ctrl Pts',(-76.0539825892698,7.10819813000228,-7.55570823916649));
#1345=CARTESIAN_POINT('Ctrl Pts',(-74.3427885933275,7.2630585411542,-6.92168530425243));
#1346=CARTESIAN_POINT('Ctrl Pts',(-70.7931180936237,7.58429823442667,-6.11916272757954));
#1347=CARTESIAN_POINT('Ctrl Pts',(-68.968297395714,7.74944168681295,-5.95598648207608));
#1348=CARTESIAN_POINT('Ctrl Pts',(-67.1469455319301,7.91427121510636,-6.03877520315443));
#1349=CARTESIAN_POINT('',(-68.2960968208147,-7.80969363654247,-7.34941756335208));
#1350=CARTESIAN_POINT('Ctrl Pts',(-67.1469455319301,7.91427121510639,-6.03877520315443));
#1351=CARTESIAN_POINT('Ctrl Pts',(-67.566400503359,2.72646300637626,-6.52684992627537));
#1352=CARTESIAN_POINT('Ctrl Pts',(-67.9416999934734,-2.52905643041691,-6.95578756904464));
#1353=CARTESIAN_POINT('Ctrl Pts',(-68.2961029062027,-7.80969286401799,-7.34942244793408));
#1354=CARTESIAN_POINT('',(-80.0735954015431,-6.74999999949411,-10.3691223557594));
#1355=CARTESIAN_POINT('Ctrl Pts',(-68.2961022008534,-7.80968235424821,-7.34942166450347));
#1356=CARTESIAN_POINT('Ctrl Pts',(-68.7065785523685,-7.7727495409031,-7.3242955832863));
#1357=CARTESIAN_POINT('Ctrl Pts',(-69.1171637528474,-7.73578548058917,-7.31229107387902));
#1358=CARTESIAN_POINT('Ctrl Pts',(-69.5272854037872,-7.69885459352252,-7.31314551737897));
#1359=CARTESIAN_POINT('Ctrl Pts',(-69.9422908294529,-7.66148392930084,-7.31401013568817));
#1360=CARTESIAN_POINT('Ctrl Pts',(-70.3568220924706,-7.62414720031556,-7.32804179977581));
#1361=CARTESIAN_POINT('Ctrl Pts',(-70.7702951520326,-7.58690713132589,-7.35502110715659));
#1362=CARTESIAN_POINT('Ctrl Pts',(-71.2079544003457,-7.54748869710333,-7.38357857448176));
#1363=CARTESIAN_POINT('Ctrl Pts',(-71.6444286399127,-7.5081785505623,-7.42664230252951));
#1364=CARTESIAN_POINT('Ctrl Pts',(-72.0790267412033,-7.46904690149846,-7.48401460166129));
#1365=CARTESIAN_POINT('Ctrl Pts',(-72.4939344616371,-7.43168819408195,-7.53878752813776));
#1366=CARTESIAN_POINT('Ctrl Pts',(-72.9071327220791,-7.39449210681581,-7.60660237684418));
#1367=CARTESIAN_POINT('Ctrl Pts',(-73.318013010777,-7.35751674491381,-7.68733997540881));
#1368=CARTESIAN_POINT('Ctrl Pts',(-73.7273429711151,-7.32068089798431,-7.76777293587761));
#1369=CARTESIAN_POINT('Ctrl Pts',(-74.1343729465954,-7.28406407057941,-7.86103144559944));
#1370=CARTESIAN_POINT('Ctrl Pts',(-74.538486276183,-7.24772147029363,-7.96704697984211));
#1371=CARTESIAN_POINT('Ctrl Pts',(-74.9381742230097,-7.2117768522198,-8.07190155431613));
#1372=CARTESIAN_POINT('Ctrl Pts',(-75.3350095324541,-7.17610044507192,-8.18923546091036));
#1373=CARTESIAN_POINT('Ctrl Pts',(-75.7283734331246,-7.14074410935372,-8.31902830725326));
#1374=CARTESIAN_POINT('Ctrl Pts',(-75.7925799554065,-7.13497309845713,-8.34021364547707));
#1375=CARTESIAN_POINT('Ctrl Pts',(-75.8566939344749,-7.12921061237144,-8.36173101357938));
#1376=CARTESIAN_POINT('Ctrl Pts',(-75.9207126091418,-7.12345687384298,-8.38358043577543));
#1377=CARTESIAN_POINT('Ctrl Pts',(-76.3172090548262,-7.08782138329584,-8.51890373457953));
#1378=CARTESIAN_POINT('Ctrl Pts',(-76.7090274869456,-7.05261248279678,-8.66661087680145));
#1379=CARTESIAN_POINT('Ctrl Pts',(-77.0955719890237,-7.01787361339225,-8.82654330027064));
#1380=CARTESIAN_POINT('Ctrl Pts',(-77.4806464489497,-6.98326685711329,-8.98586749518469));
#1381=CARTESIAN_POINT('Ctrl Pts',(-77.8604875364341,-6.94912652045652,-9.15732430906358));
#1382=CARTESIAN_POINT('Ctrl Pts',(-78.2344913029223,-6.91549311573437,-9.34080617949916));
#1383=CARTESIAN_POINT('Ctrl Pts',(-78.6094538367688,-6.88177349099659,-9.52475840997914));
#1384=CARTESIAN_POINT('Ctrl Pts',(-78.978549578442,-6.84856335561481,-9.72079763719542));
#1385=CARTESIAN_POINT('Ctrl Pts',(-79.3412947478163,-6.81591795493184,-9.92851402083345));
#1386=CARTESIAN_POINT('Ctrl Pts',(-79.5881834806961,-6.79369910189273,-10.0698882942476));
#1387=CARTESIAN_POINT('Ctrl Pts',(-79.832129943332,-6.77174181469797,-10.2166727977523));
#1388=CARTESIAN_POINT('Ctrl Pts',(-80.0729739453518,-6.75006320948207,-10.3687497905682));
#1389=CARTESIAN_POINT('',(-84.3306798552427,-6.75000000009544,-13.9811446643186));
#1390=CARTESIAN_POINT('Ctrl Pts',(-80.0729739453816,-6.75006321008227,-10.3687497906067));
#1391=CARTESIAN_POINT('Ctrl Pts',(-80.2076126800604,-6.75006251320822,-10.4541592057672));
#1392=CARTESIAN_POINT('Ctrl Pts',(-80.3412838790243,-6.75006115700636,-10.541194195924));
#1393=CARTESIAN_POINT('Ctrl Pts',(-80.4739590841629,-6.7500594966235,-10.6298352320102));
#1394=CARTESIAN_POINT('Ctrl Pts',(-80.8293681551927,-6.75005504880577,-10.8672859919891));
#1395=CARTESIAN_POINT('Ctrl Pts',(-81.1769350164376,-6.75004697202598,-11.1157923473101));
#1396=CARTESIAN_POINT('Ctrl Pts',(-81.5161802238955,-6.75003908593878,-11.3748784719731));
#1397=CARTESIAN_POINT('Ctrl Pts',(-81.8503802058094,-6.7500313171328,-11.6301114900763));
#1398=CARTESIAN_POINT('Ctrl Pts',(-82.1765045843282,-6.75002367318365,-11.8956123935058));
#1399=CARTESIAN_POINT('Ctrl Pts',(-82.4940679483799,-6.75001762480909,-12.1709717196331));
#1400=CARTESIAN_POINT('Ctrl Pts',(-82.8188224205233,-6.75001143947126,-12.4525664586022));
#1401=CARTESIAN_POINT('Ctrl Pts',(-83.1346243717686,-6.75000687049077,-12.7444713541189));
#1402=CARTESIAN_POINT('Ctrl Pts',(-83.4409185177015,-6.75000402561591,-13.0462918074906));
#1403=CARTESIAN_POINT('Ctrl Pts',(-83.7472126636345,-6.75000118074106,-13.3481122608624));
#1404=CARTESIAN_POINT('Ctrl Pts',(-84.0439995020798,-6.75000000009562,-13.6598486373723));
#1405=CARTESIAN_POINT('Ctrl Pts',(-84.3306798552427,-6.75000000009537,-13.9811446643186));
#1406=CARTESIAN_POINT('',(-83.847124487945,6.74999998466201,-13.4195608205314));
#1407=CARTESIAN_POINT('Ctrl Pts',(-84.3306798552429,-6.75000000009906,-13.9811446643187));
#1408=CARTESIAN_POINT('Ctrl Pts',(-84.1780594036836,-2.24636680283405,-13.8100958143514));
#1409=CARTESIAN_POINT('Ctrl Pts',(-84.0184751217445,2.25460383635615,-13.6259344491331));
#1410=CARTESIAN_POINT('Ctrl Pts',(-83.8471798518132,6.7500135514531,-13.4196664613452));
#1411=CARTESIAN_POINT('Ctrl Pts',(-83.8471244867696,6.75000000009754,-13.4195608191166));
#1412=CARTESIAN_POINT('Ctrl Pts',(-82.7256788023295,6.75000000009774,-12.0696975278115));
#1413=CARTESIAN_POINT('Ctrl Pts',(-81.4358336244396,6.75000000009797,-10.8737229778685));
#1414=CARTESIAN_POINT('Ctrl Pts',(-80.0120405750162,6.75000000009823,-9.86012975395788));
#1415=CARTESIAN_POINT('Origin',(-99.9999999995998,0.,0.));
#1416=CARTESIAN_POINT('',(-84.3306798552427,-6.75000000009544,13.9811446643186));
#1417=CARTESIAN_POINT('Origin',(-99.9999999995998,-6.75000000009823,0.));
#1418=CARTESIAN_POINT('',(-83.847124487945,6.74999998466202,13.4195608205314));
#1419=CARTESIAN_POINT('Ctrl Pts',(-83.8471798518132,6.75001355145311,13.4196664613454));
#1420=CARTESIAN_POINT('Ctrl Pts',(-84.0184751217427,2.25460383640871,13.6259344491311));
#1421=CARTESIAN_POINT('Ctrl Pts',(-84.178059403678,-2.24636680267096,13.8100958143452));
#1422=CARTESIAN_POINT('Ctrl Pts',(-84.3306798552428,-6.7500000000989,13.9811446643187));
#1423=CARTESIAN_POINT('Origin',(-99.9999999995998,6.75000000009095,0.));
#1424=CARTESIAN_POINT('Ctrl Pts',(-67.1469455319301,7.91427121510636,6.03877520315443));
#1425=CARTESIAN_POINT('Ctrl Pts',(-67.5793223735204,2.56664565132948,6.54188571946122));
#1426=CARTESIAN_POINT('Ctrl Pts',(-67.9647812918398,-2.85292726979683,6.98215943916522));
#1427=CARTESIAN_POINT('Ctrl Pts',(-68.3287976557933,-8.29779428628413,7.38570197784642));
#1428=CARTESIAN_POINT('Ctrl Pts',(-70.7289939418553,8.16902604729472,5.8189441388723));
#1429=CARTESIAN_POINT('Ctrl Pts',(-71.0967657739523,2.80204278579669,6.33193951946207));
#1430=CARTESIAN_POINT('Ctrl Pts',(-71.4273582893262,-2.63105856941105,6.7762333542185));
#1431=CARTESIAN_POINT('Ctrl Pts',(-71.7403456798857,-8.08699703767375,7.18448592131549));
#1432=CARTESIAN_POINT('Ctrl Pts',(-77.0831134378792,8.78476053937483,7.16640075442917));
#1433=CARTESIAN_POINT('Ctrl Pts',(-77.3349724904806,3.36107007361134,7.63110970896261));
#1434=CARTESIAN_POINT('Ctrl Pts',(-77.5666236503511,-2.10947154053347,8.0329171492284));
#1435=CARTESIAN_POINT('Ctrl Pts',(-77.7887560399111,-7.59666271763856,8.40029156088064));
#1436=CARTESIAN_POINT('Ctrl Pts',(-82.0332883285103,9.54552837354414,11.1969729823427));
#1437=CARTESIAN_POINT('Ctrl Pts',(-82.2460617019618,4.04540481457143,11.5275807868094));
#1438=CARTESIAN_POINT('Ctrl Pts',(-82.4423902398435,-1.47534758438901,11.8131696070761));
#1439=CARTESIAN_POINT('Ctrl Pts',(-82.6293800341147,-7.0039500317551,12.0744186988241));
#1440=CARTESIAN_POINT('Ctrl Pts',(-83.7262609663935,9.87146467262147,13.2727321147553));
#1441=CARTESIAN_POINT('Ctrl Pts',(-83.9442067590309,4.33862364671166,13.5399561438475));
#1442=CARTESIAN_POINT('Ctrl Pts',(-84.1427241557646,-1.20366909138401,13.7704939558974));
#1443=CARTESIAN_POINT('Ctrl Pts',(-84.3306798552428,-6.7500000000989,13.9811446643187));
#1444=CARTESIAN_POINT('',(-80.0735953881145,-6.75000000009824,10.3691223472877));
#1445=CARTESIAN_POINT('',(-68.2960968208148,-7.80969363654385,7.34941756335201));
#1446=CARTESIAN_POINT('Ctrl Pts',(-80.0729739319909,-6.75006321067147,10.3687497821313));
#1447=CARTESIAN_POINT('Ctrl Pts',(-79.7253892765916,-6.78134936623092,10.1492731466171));
#1448=CARTESIAN_POINT('Ctrl Pts',(-79.370826944573,-6.81326253691521,9.94049140033801));
#1449=CARTESIAN_POINT('Ctrl Pts',(-79.009709727732,-6.84575611094198,9.74286568186615));
#1450=CARTESIAN_POINT('Ctrl Pts',(-78.7545289272796,-6.86871745380523,9.6032149350234));
#1451=CARTESIAN_POINT('Ctrl Pts',(-78.4960745494727,-6.89196857741832,9.46913582206719));
#1452=CARTESIAN_POINT('Ctrl Pts',(-78.2344912665884,-6.91549224071474,9.34080612495425));
#1453=CARTESIAN_POINT('Ctrl Pts',(-78.2105881510282,-6.91764180025836,9.32907953621326));
#1454=CARTESIAN_POINT('Ctrl Pts',(-78.1866589069009,-6.91979363500457,9.31740096442727));
#1455=CARTESIAN_POINT('Ctrl Pts',(-78.1627036816516,-6.92194773568617,9.30577046034873));
#1456=CARTESIAN_POINT('Ctrl Pts',(-77.7809259814533,-6.95627793277912,9.12041352660958));
#1457=CARTESIAN_POINT('Ctrl Pts',(-77.3935473677693,-6.99109480733984,8.94774466995764));
#1458=CARTESIAN_POINT('Ctrl Pts',(-77.0012397538492,-7.02635158146931,8.78779885573053));
#1459=CARTESIAN_POINT('Ctrl Pts',(-76.6145247452842,-7.06110574688867,8.6301331752185));
#1460=CARTESIAN_POINT('Ctrl Pts',(-76.2230196569423,-7.09628739784266,8.48483038235689));
#1461=CARTESIAN_POINT('Ctrl Pts',(-75.8273430545902,-7.13185013127308,8.35197172692695));
#1462=CARTESIAN_POINT('Ctrl Pts',(-75.4230831426837,-7.16818431782409,8.21623100326312));
#1463=CARTESIAN_POINT('Ctrl Pts',(-75.0144682590516,-7.20491635300795,8.09347986273728));
#1464=CARTESIAN_POINT('Ctrl Pts',(-74.6021400809294,-7.24199435775482,7.9838578071818));
#1465=CARTESIAN_POINT('Ctrl Pts',(-74.1898119028073,-7.2790723625017,7.87423575162632));
#1466=CARTESIAN_POINT('Ctrl Pts',(-73.7737698371172,-7.3164963835045,7.77774265058254));
#1467=CARTESIAN_POINT('Ctrl Pts',(-73.3546461874656,-7.35421143244724,7.69457330186609));
#1468=CARTESIAN_POINT('Ctrl Pts',(-72.9437023919449,-7.39119041316968,7.61302713318546));
#1469=CARTESIAN_POINT('Ctrl Pts',(-72.5303428641366,-7.42839950902965,7.54439835954259));
#1470=CARTESIAN_POINT('Ctrl Pts',(-72.1151756312603,-7.46578100812405,7.48881956696155));
#1471=CARTESIAN_POINT('Ctrl Pts',(-72.0365147429161,-7.4728636044697,7.47828916655582));
#1472=CARTESIAN_POINT('Ctrl Pts',(-71.9577889357915,-7.47995238174025,7.46822738368936));
#1473=CARTESIAN_POINT('Ctrl Pts',(-71.8790023152644,-7.48704693569893,7.45863532881113));
#1474=CARTESIAN_POINT('Ctrl Pts',(-71.4636412493414,-7.52444924429921,7.4080662586827));
#1475=CARTESIAN_POINT('Ctrl Pts',(-71.0468415564216,-7.56198973473547,7.3705791085969));
#1476=CARTESIAN_POINT('Ctrl Pts',(-70.629206459273,-7.5996063464524,7.34631974664057));
#1477=CARTESIAN_POINT('Ctrl Pts',(-70.5495095780102,-7.60678468624707,7.34169035724647));
#1478=CARTESIAN_POINT('Ctrl Pts',(-70.469782259819,-7.61396578921735,7.33754281841218));
#1479=CARTESIAN_POINT('Ctrl Pts',(-70.3900286811007,-7.62114921113105,7.33387835923498));
#1480=CARTESIAN_POINT('Ctrl Pts',(-69.9733162274333,-7.65868259106826,7.31473155981062));
#1481=CARTESIAN_POINT('Ctrl Pts',(-69.5561880852845,-7.69625247264143,7.30878285079488));
#1482=CARTESIAN_POINT('Ctrl Pts',(-69.1392404116945,-7.73379274321171,7.31618091581767));
#1483=CARTESIAN_POINT('Ctrl Pts',(-68.8580514621569,-7.75910985112629,7.32117016090556));
#1484=CARTESIAN_POINT('Ctrl Pts',(-68.5769444483467,-7.78441343370609,7.33223074694135));
#1485=CARTESIAN_POINT('Ctrl Pts',(-68.2961022008526,-7.80968235423693,7.34942166450264));
#1486=CARTESIAN_POINT('',(-67.1469455319301,7.91427121510635,6.03877520315443));
#1487=CARTESIAN_POINT('Ctrl Pts',(-68.2961029062028,-7.80969286401937,7.34942244793419));
#1488=CARTESIAN_POINT('Ctrl Pts',(-67.9416999934615,-2.52905643023663,6.95578756903137));
#1489=CARTESIAN_POINT('Ctrl Pts',(-67.5664005033594,2.7264630063721,6.52684992627576));
#1490=CARTESIAN_POINT('Ctrl Pts',(-67.1469455319301,7.91427121510636,6.03877520315443));
#1491=CARTESIAN_POINT('',(-80.0120405750367,6.75000000009823,9.86012975397242));
#1492=CARTESIAN_POINT('Ctrl Pts',(-67.1469455319301,7.91427121510632,6.03877520315443));
#1493=CARTESIAN_POINT('Ctrl Pts',(-67.5620954868293,7.87670078591155,6.01990475065963));
#1494=CARTESIAN_POINT('Ctrl Pts',(-67.9775462233515,7.83912811561235,6.01413355445935));
#1495=CARTESIAN_POINT('Ctrl Pts',(-68.3927234830682,7.80158853789671,6.02121041768154));
#1496=CARTESIAN_POINT('Ctrl Pts',(-68.8123381716734,7.76364773587815,6.02836291866222));
#1497=CARTESIAN_POINT('Ctrl Pts',(-69.2316739995373,7.72574076474058,6.04863957917066));
#1498=CARTESIAN_POINT('Ctrl Pts',(-69.6501444366376,7.68791048635161,6.08183352186352));
#1499=CARTESIAN_POINT('Ctrl Pts',(-69.8723257277073,7.66782500515913,6.09945740252351));
#1500=CARTESIAN_POINT('Ctrl Pts',(-70.0942631319322,7.64776124792906,6.12072346585149));
#1501=CARTESIAN_POINT('Ctrl Pts',(-70.3158688392327,7.62772630675514,6.14560666830748));
#1502=CARTESIAN_POINT('Ctrl Pts',(-70.7346739825792,7.58986294794324,6.19263259240686));
#1503=CARTESIAN_POINT('Ctrl Pts',(-71.1518374264101,7.552143764199,6.25252302134705));
#1504=CARTESIAN_POINT('Ctrl Pts',(-71.566769721014,7.51461594121181,6.32506407893534));
#1505=CARTESIAN_POINT('Ctrl Pts',(-71.9834218125984,7.47693257420575,6.39790580218264));
#1506=CARTESIAN_POINT('Ctrl Pts',(-72.3978247480716,7.43944219817847,6.4835032948508));
#1507=CARTESIAN_POINT('Ctrl Pts',(-72.8093789304967,7.40219868724024,6.58169199906356));
#1508=CARTESIAN_POINT('Ctrl Pts',(-73.0153893210164,7.38355581939841,6.63084201177947));
#1509=CARTESIAN_POINT('Ctrl Pts',(-73.2206858145121,7.36497489928454,6.68314777564165));
#1510=CARTESIAN_POINT('Ctrl Pts',(-73.4251923084036,7.34646320478641,6.73859344556101));
#1511=CARTESIAN_POINT('Ctrl Pts',(-73.8345472303661,7.30940886429834,6.84957749037595));
#1512=CARTESIAN_POINT('Ctrl Pts',(-74.2404090221439,7.2726604864035,6.97305000915941));
#1513=CARTESIAN_POINT('Ctrl Pts',(-74.6421717678888,7.23627550909728,7.10886101610064));
#1514=CARTESIAN_POINT('Ctrl Pts',(-74.7397290302001,7.22744039729847,7.14183906140041));
#1515=CARTESIAN_POINT('Ctrl Pts',(-74.8370445471853,7.21862673810414,7.17554485513147));
#1516=CARTESIAN_POINT('Ctrl Pts',(-74.9341095268693,7.20983540143785,7.2099766968821));
#1517=CARTESIAN_POINT('Ctrl Pts',(-75.3344485512711,7.17357603008038,7.3519888827362));
#1518=CARTESIAN_POINT('Ctrl Pts',(-75.7302131358526,7.13772534756668,7.50623668241473));
#1519=CARTESIAN_POINT('Ctrl Pts',(-76.1207961183951,7.102341474234,7.67257344973866));
#1520=CARTESIAN_POINT('Ctrl Pts',(-76.5086939408972,7.06720085615563,7.83776669350717));
#1521=CARTESIAN_POINT('Ctrl Pts',(-76.8914816641697,7.03252070635155,8.01488340942786));
#1522=CARTESIAN_POINT('Ctrl Pts',(-77.2685477320541,6.99836284980465,8.20382812584626));
#1523=CARTESIAN_POINT('Ctrl Pts',(-77.3879318546725,6.9875480189787,8.26365053129246));
#1524=CARTESIAN_POINT('Ctrl Pts',(-77.5067422580443,6.9767855785473,8.3246589775414));
#1525=CARTESIAN_POINT('Ctrl Pts',(-77.6249590519497,6.96607758035513,8.38685141454514));
#1526=CARTESIAN_POINT('Ctrl Pts',(-77.6884864009148,6.96032331553879,8.42027239068567));
#1527=CARTESIAN_POINT('Ctrl Pts',(-77.7518423245292,6.95458477308782,8.45403528462749));
#1528=CARTESIAN_POINT('Ctrl Pts',(-77.8150244926607,6.94886217408288,8.48813806591295));
#1529=CARTESIAN_POINT('Ctrl Pts',(-78.1956912143352,6.91438404414378,8.69360417028767));
#1530=CARTESIAN_POINT('Ctrl Pts',(-78.5693377557435,6.88054967050679,8.91101758706944));
#1531=CARTESIAN_POINT('Ctrl Pts',(-78.9355141222374,6.8473968229544,9.13982947729661));
#1532=CARTESIAN_POINT('Ctrl Pts',(-79.3016904887313,6.81424397540201,9.36864136752378));
#1533=CARTESIAN_POINT('Ctrl Pts',(-79.6603971463371,6.78177272988667,9.60885210831372));
#1534=CARTESIAN_POINT('Ctrl Pts',(-80.0111612732519,6.75002648518498,9.85996812864113));
#1535=CARTESIAN_POINT('Ctrl Pts',(-80.0120405750173,6.75000000009823,9.8601297539586));
#1536=CARTESIAN_POINT('Ctrl Pts',(-81.4359425678368,6.75000000009797,10.8738005342869));
#1537=CARTESIAN_POINT('Ctrl Pts',(-82.7257648737391,6.75000000009774,12.0698011303648));
#1538=CARTESIAN_POINT('Ctrl Pts',(-83.8471244867696,6.75000000009754,13.4195608191166));
#1539=CARTESIAN_POINT('Ctrl Pts',(-84.3306798552427,-6.75000000009541,13.9811446643186));
#1540=CARTESIAN_POINT('Ctrl Pts',(-84.0550189811286,-6.75000000009555,13.6721986808906));
#1541=CARTESIAN_POINT('Ctrl Pts',(-83.7701533042942,-6.75000093001793,13.372248501411));
#1542=CARTESIAN_POINT('Ctrl Pts',(-83.4766440443958,-6.75000300234255,13.0815832311723));
#1543=CARTESIAN_POINT('Ctrl Pts',(-83.1788262310621,-6.75000510508774,12.7866511556918));
#1544=CARTESIAN_POINT('Ctrl Pts',(-82.8721088743741,-6.75000843542212,12.501278200705));
#1545=CARTESIAN_POINT('Ctrl Pts',(-82.5570346328348,-6.75001322063792,12.2257974840242));
#1546=CARTESIAN_POINT('Ctrl Pts',(-82.2407557342045,-6.75001802414954,11.9492634924165));
#1547=CARTESIAN_POINT('Ctrl Pts',(-81.9160555076274,-6.75002434691483,11.6826971825822));
#1548=CARTESIAN_POINT('Ctrl Pts',(-81.5834449900055,-6.75003163229981,11.4264720485265));
#1549=CARTESIAN_POINT('Ctrl Pts',(-81.2512834899449,-6.75003890784967,11.1705928132887));
#1550=CARTESIAN_POINT('Ctrl Pts',(-80.9112326011025,-6.75004719564938,10.925026534903));
#1551=CARTESIAN_POINT('Ctrl Pts',(-80.563770084403,-6.75005436832224,10.6901864900559));
#1552=CARTESIAN_POINT('Ctrl Pts',(-80.4017674377896,-6.7500577125448,10.5806935031362));
#1553=CARTESIAN_POINT('Ctrl Pts',(-80.2381532172857,-6.75006078719067,10.4735328469492));
#1554=CARTESIAN_POINT('Ctrl Pts',(-80.0729739319653,-6.75006321067377,10.3687497821152));
#1555=CARTESIAN_POINT('Ctrl Pts',(84.3306798552428,-6.75000000009904,-13.9811446643187));
#1556=CARTESIAN_POINT('Ctrl Pts',(84.1427241557717,-1.20366909159249,-13.7704939559053));
#1557=CARTESIAN_POINT('Ctrl Pts',(83.944206759031,4.33862364670957,-13.5399561438476));
#1558=CARTESIAN_POINT('Ctrl Pts',(83.7262609663935,9.87146467262151,-13.2727321147553));
#1559=CARTESIAN_POINT('Ctrl Pts',(82.0622800937387,-7.08860004230729,-11.4388433769925));
#1560=CARTESIAN_POINT('Ctrl Pts',(81.8758150511967,-1.56594329876781,-11.160377816601));
#1561=CARTESIAN_POINT('Ctrl Pts',(81.6797023329862,3.94774055970354,-10.857300122173));
#1562=CARTESIAN_POINT('Ctrl Pts',(81.4689641158826,9.43688294051839,-10.5050532715385));
#1563=CARTESIAN_POINT('Ctrl Pts',(76.9221820938921,-7.68048274490092,-8.0431186531364));
#1564=CARTESIAN_POINT('Ctrl Pts',(76.687277815093,-2.19910084580956,-7.6639619177203));
#1565=CARTESIAN_POINT('Ctrl Pts',(76.4418949351851,3.26441579814038,-7.24924771491183));
#1566=CARTESIAN_POINT('Ctrl Pts',(76.1737446435307,8.67740926411849,-6.76962112253937));
#1567=CARTESIAN_POINT('Ctrl Pts',(70.8874586738626,-8.13969634982647,-7.23478993544824));
#1568=CARTESIAN_POINT('Ctrl Pts',(70.5615702803703,-2.68649716726462,-6.82798193226442));
#1569=CARTESIAN_POINT('Ctrl Pts',(70.2176254024666,2.74313406540967,-6.38403589510666));
#1570=CARTESIAN_POINT('Ctrl Pts',(69.833481839374,8.10533733924767,-5.87390190494284));
#1571=CARTESIAN_POINT('Ctrl Pts',(68.3287976557933,-8.29779428628426,-7.38570197784644));
#1572=CARTESIAN_POINT('Ctrl Pts',(67.9647812918535,-2.85292727000149,-6.9821594391804));
#1573=CARTESIAN_POINT('Ctrl Pts',(67.5793223735205,2.56664565132737,-6.54188571946144));
#1574=CARTESIAN_POINT('Ctrl Pts',(67.1469455319301,7.9142712151064,-6.03877520315443));
#1575=CARTESIAN_POINT('',(80.0120405683212,6.75000000040086,-9.86012974917221));
#1576=CARTESIAN_POINT('',(83.847124487945,6.74999998466202,-13.4195608205314));
#1577=CARTESIAN_POINT('Ctrl Pts',(80.0090393831728,6.75025730658413,-9.86419051162439));
#1578=CARTESIAN_POINT('Ctrl Pts',(80.3656885986639,6.75025162108234,-10.1179985710724));
#1579=CARTESIAN_POINT('Ctrl Pts',(80.713883156461,6.75024160664741,-10.3829730543015));
#1580=CARTESIAN_POINT('Ctrl Pts',(81.0530824920089,6.75022638767099,-10.6586765588379));
#1581=CARTESIAN_POINT('Ctrl Pts',(81.3796924470794,6.75021173354676,-10.9241473301294));
#1582=CARTESIAN_POINT('Ctrl Pts',(81.6979627951461,6.75019233740557,-11.1995660830046));
#1583=CARTESIAN_POINT('Ctrl Pts',(82.0073824965834,6.75017045061849,-11.4845867076971));
#1584=CARTESIAN_POINT('Ctrl Pts',(82.3152072624923,6.75014867664908,-11.7681381643999));
#1585=CARTESIAN_POINT('Ctrl Pts',(82.6142728058596,6.75012449858127,-12.061193076572));
#1586=CARTESIAN_POINT('Ctrl Pts',(82.9040418275095,6.75010215874531,-12.3634490894633));
#1587=CARTESIAN_POINT('Ctrl Pts',(83.1902704903942,6.75008009185446,-12.6620121792169));
#1588=CARTESIAN_POINT('Ctrl Pts',(83.4674287627784,6.7500598773267,-12.9695532408499));
#1589=CARTESIAN_POINT('Ctrl Pts',(83.7349597986906,6.75004669544258,-13.2858135836757));
#1590=CARTESIAN_POINT('Ctrl Pts',(83.7725568686304,6.75004484294641,-13.3302587531412));
#1591=CARTESIAN_POINT('Ctrl Pts',(83.8099637352406,6.75004313029301,-13.3748761741687));
#1592=CARTESIAN_POINT('Ctrl Pts',(83.8471787840819,6.75004157259191,-13.4196651756192));
#1593=CARTESIAN_POINT('',(84.3306798552427,-6.75000000009545,-13.9811446643186));
#1594=CARTESIAN_POINT('Ctrl Pts',(83.8471798518382,6.75001355079709,-13.4196664613753));
#1595=CARTESIAN_POINT('Ctrl Pts',(84.01847512176,2.25460383591827,-13.625934449151));
#1596=CARTESIAN_POINT('Ctrl Pts',(84.178059403691,-2.2463668030531,-13.8100958143598));
#1597=CARTESIAN_POINT('Ctrl Pts',(84.3306798552428,-6.75000000009904,-13.9811446643187));
#1598=CARTESIAN_POINT('',(80.0735953881145,-6.75000000009824,-10.3691223472877));
#1599=CARTESIAN_POINT('Ctrl Pts',(84.3306798552427,-6.75000000009535,-13.9811446643186));
#1600=CARTESIAN_POINT('Ctrl Pts',(84.05649161027,-6.75000000009549,-13.6738491249726));
#1601=CARTESIAN_POINT('Ctrl Pts',(83.773121437073,-6.74999371124175,-13.3756186583768));
#1602=CARTESIAN_POINT('Ctrl Pts',(83.4811524504794,-6.74998440496206,-13.0866680683665));
#1603=CARTESIAN_POINT('Ctrl Pts',(83.183917156389,-6.74997493082299,-12.7925056143287));
#1604=CARTESIAN_POINT('Ctrl Pts',(82.8777697326132,-6.74996237814387,-12.5079604689476));
#1605=CARTESIAN_POINT('Ctrl Pts',(82.5632817685777,-6.74995019103302,-12.2332910846219));
#1606=CARTESIAN_POINT('Ctrl Pts',(82.2468009731816,-6.74993792669551,-11.9568811892895));
#1607=CARTESIAN_POINT('Ctrl Pts',(81.9218731772544,-6.7499260840191,-11.6904722984629));
#1608=CARTESIAN_POINT('Ctrl Pts',(81.5890428593408,-6.7499174048458,-11.434364713347));
#1609=CARTESIAN_POINT('Ctrl Pts',(81.2552948985835,-6.74990870174326,-11.1775510167981));
#1610=CARTESIAN_POINT('Ctrl Pts',(80.9136003323858,-6.74990323175146,-10.9310952039542));
#1611=CARTESIAN_POINT('Ctrl Pts',(80.5644766010899,-6.74990220970209,-10.6953416744345));
#1612=CARTESIAN_POINT('Ctrl Pts',(80.4016440525235,-6.74990173301463,-10.5853853907333));
#1613=CARTESIAN_POINT('Ctrl Pts',(80.2371950156134,-6.74990219709646,-10.4777578165305));
#1614=CARTESIAN_POINT('Ctrl Pts',(80.0711800703579,-6.7499035613865,-10.3724972628281));
#1615=CARTESIAN_POINT('Ctrl Pts',(80.0711800703834,-6.7499035613842,-10.3724972628442));
#1616=CARTESIAN_POINT('Ctrl Pts',(79.7205400729493,-6.78145765272491,-10.1512021007351));
#1617=CARTESIAN_POINT('Ctrl Pts',(79.3628668367987,-6.81365665682003,-9.9406346250617));
#1618=CARTESIAN_POINT('Ctrl Pts',(78.9986266818648,-6.846456060434,-9.74119486151579));
#1619=CARTESIAN_POINT('Ctrl Pts',(78.7232424227499,-6.87125409365822,-9.59040815999982));
#1620=CARTESIAN_POINT('Ctrl Pts',(78.4441039560684,-6.89639528776302,-9.44598311890773));
#1621=CARTESIAN_POINT('Ctrl Pts',(78.1614072794064,-6.92185939489747,-9.30811162649858));
#1622=CARTESIAN_POINT('Ctrl Pts',(77.7844336629696,-6.95581556540911,-9.12426116277642));
#1623=CARTESIAN_POINT('Ctrl Pts',(77.4021059783894,-6.990258934566,-8.95253685486039));
#1624=CARTESIAN_POINT('Ctrl Pts',(77.0149567163085,-7.02513135360181,-8.79324995977148));
#1625=CARTESIAN_POINT('Ctrl Pts',(76.6370804305889,-7.05916851050735,-8.63777829502781));
#1626=CARTESIAN_POINT('Ctrl Pts',(76.254610249993,-7.09361445063778,-8.49415528765139));
#1627=CARTESIAN_POINT('Ctrl Pts',(75.868018867598,-7.12841371514133,-8.36271264269135));
#1628=CARTESIAN_POINT('Ctrl Pts',(75.4576940213714,-7.1653493622004,-8.2232005233401));
#1629=CARTESIAN_POINT('Ctrl Pts',(75.0427260610738,-7.2026831218924,-8.09740946358481));
#1630=CARTESIAN_POINT('Ctrl Pts',(74.6238221328333,-7.24036467251988,-7.98540058948505));
#1631=CARTESIAN_POINT('Ctrl Pts',(74.2049182045929,-7.27804622314736,-7.8733917153853));
#1632=CARTESIAN_POINT('Ctrl Pts',(73.7820776427027,-7.31607561277148,-7.77516494397404));
#1633=CARTESIAN_POINT('Ctrl Pts',(73.3559972518439,-7.35439919504701,-7.69084084465886));
#1634=CARTESIAN_POINT('Ctrl Pts',(72.9396996274274,-7.39184287141116,-7.60845281887993));
#1635=CARTESIAN_POINT('Ctrl Pts',(72.5211751597253,-7.42948962903739,-7.53950788694245));
#1636=CARTESIAN_POINT('Ctrl Pts',(72.1010955016947,-7.46728180407096,-7.48400653225639));
#1637=CARTESIAN_POINT('Ctrl Pts',(71.6863081596244,-7.50459785957034,-7.42920440377567));
#1638=CARTESIAN_POINT('Ctrl Pts',(71.2700039686148,-7.54205572709874,-7.38750930441808));
#1639=CARTESIAN_POINT('Ctrl Pts',(70.852816594556,-7.57959740614947,-7.35897299958892));
#1640=CARTESIAN_POINT('Ctrl Pts',(70.4276448131604,-7.61785758263395,-7.32989054812203));
#1641=CARTESIAN_POINT('Ctrl Pts',(70.0015551389157,-7.65620486276894,-7.31447515324464));
#1642=CARTESIAN_POINT('Ctrl Pts',(69.5752136279669,-7.69457455890461,-7.31283704770688));
#1643=CARTESIAN_POINT('Ctrl Pts',(69.148872117018,-7.73294425504027,-7.31119894216912));
#1644=CARTESIAN_POINT('Ctrl Pts',(68.72227815569,-7.77133641190577,-7.32333804747315));
#1645=CARTESIAN_POINT('Ctrl Pts',(68.2961022008534,-7.80968235424822,-7.34942166450348));
#1646=CARTESIAN_POINT('Ctrl Pts',(67.1469455319301,7.91427121510636,-6.03877520315443));
#1647=CARTESIAN_POINT('Ctrl Pts',(69.7885763472194,7.6752077096589,-5.91870107519071));
#1648=CARTESIAN_POINT('Ctrl Pts',(72.4304041476638,7.43612637646595,-6.31627642691903));
#1649=CARTESIAN_POINT('Ctrl Pts',(76.6622028455928,7.05315513566291,-7.82073766061958));
#1650=CARTESIAN_POINT('Ctrl Pts',(78.311362311929,6.90390875404528,-8.67042980740277));
#1651=CARTESIAN_POINT('Ctrl Pts',(79.887823017296,6.76124149704482,-9.77180160252573));
#1652=CARTESIAN_POINT('Ctrl Pts',(79.9500586881461,6.75560926505249,-9.81579691916791));
#1653=CARTESIAN_POINT('Ctrl Pts',(80.0120405683408,6.7500000007042,-9.86012974918316));
#1654=CARTESIAN_POINT('Ctrl Pts',(83.7262609663935,9.87146467262148,13.2727321147553));
#1655=CARTESIAN_POINT('Ctrl Pts',(83.9442067590309,4.33862364671164,13.5399561438475));
#1656=CARTESIAN_POINT('Ctrl Pts',(84.1427241557646,-1.20366909138413,13.7704939558974));
#1657=CARTESIAN_POINT('Ctrl Pts',(84.3306798552428,-6.75000000009907,13.9811446643188));
#1658=CARTESIAN_POINT('Ctrl Pts',(81.4689641158826,9.43688294051836,10.5050532715385));
#1659=CARTESIAN_POINT('Ctrl Pts',(81.6797023329862,3.94774055970562,10.8573001221729));
#1660=CARTESIAN_POINT('Ctrl Pts',(81.8758150511897,-1.56594329856033,11.1603778165906));
#1661=CARTESIAN_POINT('Ctrl Pts',(82.0622800937387,-7.08860004230732,11.4388433769925));
#1662=CARTESIAN_POINT('Ctrl Pts',(76.1737446435307,8.67740926411846,6.76962112253936));
#1663=CARTESIAN_POINT('Ctrl Pts',(76.441894935185,3.26441579814249,7.24924771491163));
#1664=CARTESIAN_POINT('Ctrl Pts',(76.6872778150842,-2.19910084560363,7.66396191770606));
#1665=CARTESIAN_POINT('Ctrl Pts',(76.9221820938921,-7.68048274490094,8.0431186531364));
#1666=CARTESIAN_POINT('Ctrl Pts',(69.833481839374,8.10533733924763,5.87390190494283));
#1667=CARTESIAN_POINT('Ctrl Pts',(70.2176254024665,2.74313406541181,6.38403589510645));
#1668=CARTESIAN_POINT('Ctrl Pts',(70.561570280358,-2.68649716705973,6.82798193224914));
#1669=CARTESIAN_POINT('Ctrl Pts',(70.8874586738626,-8.13969634982647,7.23478993544824));
#1670=CARTESIAN_POINT('Ctrl Pts',(67.1469455319301,7.91427121510636,6.03877520315442));
#1671=CARTESIAN_POINT('Ctrl Pts',(67.5793223735204,2.56664565132951,6.54188571946122));
#1672=CARTESIAN_POINT('Ctrl Pts',(67.9647812918398,-2.8529272697969,6.98215943916524));
#1673=CARTESIAN_POINT('Ctrl Pts',(68.3287976557933,-8.29779428628425,7.38570197784644));
#1674=CARTESIAN_POINT('',(84.3306798552427,-6.75000000009544,13.9811446643186));
#1675=CARTESIAN_POINT('',(80.0735953881145,-6.75000000009824,10.3691223472878));
#1676=CARTESIAN_POINT('Ctrl Pts',(80.0711800703574,-6.74990356137338,10.3724972628274));
#1677=CARTESIAN_POINT('Ctrl Pts',(80.4270187770371,-6.74990089836233,10.5981141833149));
#1678=CARTESIAN_POINT('Ctrl Pts',(80.7756399840125,-6.74990229583943,10.8345868875375));
#1679=CARTESIAN_POINT('Ctrl Pts',(81.1165421032055,-6.74990768657439,11.0815458043272));
#1680=CARTESIAN_POINT('Ctrl Pts',(81.4568617984975,-6.7499130680994,11.3280827971463));
#1681=CARTESIAN_POINT('Ctrl Pts',(81.7894892076442,-6.74992237741555,11.5850705014687));
#1682=CARTESIAN_POINT('Ctrl Pts',(82.1138977707342,-6.74993358131798,11.8521849186387));
#1683=CARTESIAN_POINT('Ctrl Pts',(82.4363837494599,-6.74994471882128,12.1177163011408));
#1684=CARTESIAN_POINT('Ctrl Pts',(82.7507484288661,-6.74995767726841,12.3932550349087));
#1685=CARTESIAN_POINT('Ctrl Pts',(83.0564408857359,-6.74996928526219,12.6785214373459));
#1686=CARTESIAN_POINT('Ctrl Pts',(83.3577265832156,-6.74998072591904,12.9596755355067));
#1687=CARTESIAN_POINT('Ctrl Pts',(83.6505886289262,-6.74999080632206,13.2502791976965));
#1688=CARTESIAN_POINT('Ctrl Pts',(83.9344612416657,-6.74999608537428,13.5500973844954));
#1689=CARTESIAN_POINT('Ctrl Pts',(84.0685617812843,-6.74999857918213,13.6917305637204));
#1690=CARTESIAN_POINT('Ctrl Pts',(84.2006556596784,-6.75000000009552,13.8354204911034));
#1691=CARTESIAN_POINT('Ctrl Pts',(84.3306798552427,-6.75000000009542,13.9811446643186));
#1692=CARTESIAN_POINT('',(83.847124487945,6.74999998466202,13.4195608205314));
#1693=CARTESIAN_POINT('Ctrl Pts',(84.3306798552428,-6.75000000009907,13.9811446643188));
#1694=CARTESIAN_POINT('Ctrl Pts',(84.1780594036855,-2.24636680289015,13.8100958143536));
#1695=CARTESIAN_POINT('Ctrl Pts',(84.0184751217583,2.25460383597079,13.625934449149));
#1696=CARTESIAN_POINT('Ctrl Pts',(83.8471798518382,6.75001355079711,13.4196664613755));
#1697=CARTESIAN_POINT('',(80.0120405750366,6.75000000009823,9.8601297539724));
#1698=CARTESIAN_POINT('Ctrl Pts',(83.8471244867696,6.75000000009754,13.4195608191166));
#1699=CARTESIAN_POINT('Ctrl Pts',(82.725678802386,6.75000000009774,12.0696975278795));
#1700=CARTESIAN_POINT('Ctrl Pts',(81.435833624511,6.75000000009797,10.8737229779193));
#1701=CARTESIAN_POINT('Ctrl Pts',(80.0120405750162,6.75000000009823,9.86012975395787));
#1702=CARTESIAN_POINT('Ctrl Pts',(80.0090393898978,6.75025730659588,9.8641905164098));
#1703=CARTESIAN_POINT('Ctrl Pts',(79.6661518521745,6.78129031670869,9.61902433489005));
#1704=CARTESIAN_POINT('Ctrl Pts',(79.3157492640579,6.81300683454248,9.38414643239576));
#1705=CARTESIAN_POINT('Ctrl Pts',(78.9583100732511,6.84536192228735,9.15993871620678));
#1706=CARTESIAN_POINT('Ctrl Pts',(78.6036489187353,6.87746554457944,8.93747355424332));
#1707=CARTESIAN_POINT('Ctrl Pts',(78.2420596615748,6.91019779293986,8.72551314806206));
#1708=CARTESIAN_POINT('Ctrl Pts',(77.8739899575625,6.94351953351485,8.52447764111148));
#1709=CARTESIAN_POINT('Ctrl Pts',(77.8022301114852,6.95001602846846,8.48528322527778));
#1710=CARTESIAN_POINT('Ctrl Pts',(77.7302238921702,6.956534946394,8.44650421986525));
#1711=CARTESIAN_POINT('Ctrl Pts',(77.6579745513188,6.96307602143888,8.40814395999361));
#1712=CARTESIAN_POINT('Ctrl Pts',(77.2842366586256,6.99691228311835,8.2097105553615));
#1713=CARTESIAN_POINT('Ctrl Pts',(76.9048350204831,7.03126585537048,8.02292452903672));
#1714=CARTESIAN_POINT('Ctrl Pts',(76.5202818006653,7.06608652566618,7.84811849854639));
#1715=CARTESIAN_POINT('Ctrl Pts',(76.1366805049381,7.10082100077954,7.6737451833813));
#1716=CARTESIAN_POINT('Ctrl Pts',(75.7479526380522,7.13602020756826,7.51129238671367));
#1717=CARTESIAN_POINT('Ctrl Pts',(75.3545829443163,7.17163870362343,7.36113607835484));
#1718=CARTESIAN_POINT('Ctrl Pts',(75.2878599201369,7.17768028184201,7.33566669636416));
#1719=CARTESIAN_POINT('Ctrl Pts',(75.2210033018509,7.18373393470628,7.3105512041712));
#1720=CARTESIAN_POINT('Ctrl Pts',(75.1540154021183,7.18979945486163,7.28579157545474));
#1721=CARTESIAN_POINT('Ctrl Pts',(74.756685326486,7.22577630428807,7.13893303548251));
#1722=CARTESIAN_POINT('Ctrl Pts',(74.354737556503,7.26217022088004,7.00459008695264));
#1723=CARTESIAN_POINT('Ctrl Pts',(73.9488053987503,7.29891951726615,6.88284019973781));
#1724=CARTESIAN_POINT('Ctrl Pts',(73.5424173249999,7.33571008801744,6.76095357114828));
#1725=CARTESIAN_POINT('Ctrl Pts',(73.1320353578922,7.37285679017393,6.65168824918685));
#1726=CARTESIAN_POINT('Ctrl Pts',(72.7182881282337,7.41030357512406,6.5551732263834));
#1727=CARTESIAN_POINT('Ctrl Pts',(72.6698383682484,7.41468858996646,6.5438713266857));
#1728=CARTESIAN_POINT('Ctrl Pts',(72.6213424603384,7.41907772671559,6.53274432233039));
#1729=CARTESIAN_POINT('Ctrl Pts',(72.5728014132512,7.42347090107505,6.52179246694307));
#1730=CARTESIAN_POINT('Ctrl Pts',(72.1596091574163,7.46086658437382,6.42856782296407));
#1731=CARTESIAN_POINT('Ctrl Pts',(71.743626830105,7.49850709912466,6.34813849589587));
#1732=CARTESIAN_POINT('Ctrl Pts',(71.3254877432969,7.53633465031926,6.28059994565638));
#1733=CARTESIAN_POINT('Ctrl Pts',(71.2221861701168,7.54567997504789,6.26391449645979));
#1734=CARTESIAN_POINT('Ctrl Pts',(71.1187529388204,7.55503674320286,6.24801607023506));
#1735=CARTESIAN_POINT('Ctrl Pts',(71.0151975709718,7.56440413933868,6.23290659260341));
#1736=CARTESIAN_POINT('Ctrl Pts',(70.5971136688408,7.60222311106977,6.17190512547873));
#1737=CARTESIAN_POINT('Ctrl Pts',(70.1772649009172,7.64019438465524,6.12379225743008));
#1738=CARTESIAN_POINT('Ctrl Pts',(69.7562800252243,7.67826499619266,6.08868493766876));
#1739=CARTESIAN_POINT('Ctrl Pts',(69.6503467271617,7.6878447831928,6.07985080992881));
#1740=CARTESIAN_POINT('Ctrl Pts',(69.5443414929176,7.69743088991176,6.07184043231578));
#1741=CARTESIAN_POINT('Ctrl Pts',(69.438274358973,7.70702253377166,6.0646561852618));
#1742=CARTESIAN_POINT('Ctrl Pts',(69.019264620074,7.74491355655963,6.03627539122763));
#1743=CARTESIAN_POINT('Ctrl Pts',(68.5995711499915,7.78286517195269,6.02080216610512));
#1744=CARTESIAN_POINT('Ctrl Pts',(68.1798133399973,7.82083009341764,6.01836303450172));
#1745=CARTESIAN_POINT('Ctrl Pts',(67.8354524386998,7.85197575470633,6.01636201978007));
#1746=CARTESIAN_POINT('Ctrl Pts',(67.4910480844839,7.88313046600136,6.02313417803886));
#1747=CARTESIAN_POINT('Ctrl Pts',(67.1469455319301,7.91427121510634,6.03877520315442));
#1748=CARTESIAN_POINT('Ctrl Pts',(68.2961022008526,-7.80968235423695,7.34942166450265));
#1749=CARTESIAN_POINT('Ctrl Pts',(68.7121095441314,-7.77225135087195,7.32396040583529));
#1750=CARTESIAN_POINT('Ctrl Pts',(69.1286900982164,-7.73476007818153,7.31177568880351));
#1751=CARTESIAN_POINT('Ctrl Pts',(69.5452207428333,-7.69727288471936,7.31274447552611));
#1752=CARTESIAN_POINT('Ctrl Pts',(69.9634698547552,-7.6596310315289,7.31371725914144));
#1753=CARTESIAN_POINT('Ctrl Pts',(70.3816691982745,-7.62199325338514,7.32795233351321));
#1754=CARTESIAN_POINT('Ctrl Pts',(70.7991878506166,-7.58442132863459,7.35537739181528));
#1755=CARTESIAN_POINT('Ctrl Pts',(70.9604012864015,-7.56991395502598,7.3659668297977));
#1756=CARTESIAN_POINT('Ctrl Pts',(71.1215131925065,-7.55541636706483,7.37852332088967));
#1757=CARTESIAN_POINT('Ctrl Pts',(71.2824869744101,-7.54093200611022,7.39304476147817));
#1758=CARTESIAN_POINT('Ctrl Pts',(71.6991673240183,-7.50343926340987,7.43063348474527));
#1759=CARTESIAN_POINT('Ctrl Pts',(72.1144196741366,-7.46608060707407,7.48133896147125));
#1760=CARTESIAN_POINT('Ctrl Pts',(72.5276152042184,-7.4289116068797,7.54506548271989));
#1761=CARTESIAN_POINT('Ctrl Pts',(72.939834674927,-7.39183040809746,7.60864146780864));
#1762=CARTESIAN_POINT('Ctrl Pts',(73.350007579679,-7.35493792962187,7.68517713661315));
#1763=CARTESIAN_POINT('Ctrl Pts',(73.757501964,-7.31828648886296,7.77462849716783));
#1764=CARTESIAN_POINT('Ctrl Pts',(73.9150243162891,-7.30411838892032,7.80920710554181));
#1765=CARTESIAN_POINT('Ctrl Pts',(74.0721462901034,-7.28998628043199,7.84571625547366));
#1766=CARTESIAN_POINT('Ctrl Pts',(74.2288308079189,-7.27589309050199,7.88415541766441));
#1767=CARTESIAN_POINT('Ctrl Pts',(74.6334543626465,-7.23949870587213,7.98342106728448));
#1768=CARTESIAN_POINT('Ctrl Pts',(75.0347961170249,-7.20339674623083,8.09546445724993));
#1769=CARTESIAN_POINT('Ctrl Pts',(75.4322253518417,-7.167633658214,8.22024179719931));
#1770=CARTESIAN_POINT('Ctrl Pts',(75.5101200018322,-7.16062422614508,8.24469769115634));
#1771=CARTESIAN_POINT('Ctrl Pts',(75.5878643093759,-7.15362780430132,8.2696429077672));
#1772=CARTESIAN_POINT('Ctrl Pts',(75.6654534536167,-7.14664473207114,8.29507734159705));
#1773=CARTESIAN_POINT('Ctrl Pts',(75.7331046685858,-7.14055607978337,8.31725403097125));
#1774=CARTESIAN_POINT('Ctrl Pts',(75.8006274836283,-7.13447851841137,8.33979922113113));
#1775=CARTESIAN_POINT('Ctrl Pts',(75.8680187993545,-7.12841225847583,8.36271254372972));
#1776=CARTESIAN_POINT('Ctrl Pts',(76.2616633093373,-7.09297816887508,8.49655328491735));
#1777=CARTESIAN_POINT('Ctrl Pts',(76.6508223969552,-7.05792987293826,8.64295040471375));
#1778=CARTESIAN_POINT('Ctrl Pts',(77.0350124377153,-7.02332418394434,8.8015144715792));
#1779=CARTESIAN_POINT('Ctrl Pts',(77.4217825358636,-6.98848609781857,8.96114338747456));
#1780=CARTESIAN_POINT('Ctrl Pts',(77.8035171058193,-6.95409653603066,9.1331034511097));
#1781=CARTESIAN_POINT('Ctrl Pts',(78.179702908193,-6.92021142171759,9.31704600619219));
#1782=CARTESIAN_POINT('Ctrl Pts',(78.2614451619993,-6.91284844949228,9.35701529511395));
#1783=CARTESIAN_POINT('Ctrl Pts',(78.342925336126,-6.90550928914858,9.3975505220142));
#1784=CARTESIAN_POINT('Ctrl Pts',(78.424138007465,-6.89819450521882,9.43864839398283));
#1785=CARTESIAN_POINT('Ctrl Pts',(78.7954065662125,-6.86475453529324,9.62652976079185));
#1786=CARTESIAN_POINT('Ctrl Pts',(79.1603132429323,-6.83189361775528,9.82577501067833));
#1787=CARTESIAN_POINT('Ctrl Pts',(79.5184006957521,-6.79965752004817,10.0359533990406));
#1788=CARTESIAN_POINT('Ctrl Pts',(79.7045249776626,-6.7829020585259,10.1451985046677));
#1789=CARTESIAN_POINT('Ctrl Pts',(79.8888067406169,-6.76631535357226,10.257398199209));
#1790=CARTESIAN_POINT('Ctrl Pts',(80.071180070345,-6.7499035613745,10.3724972628196));
#1791=CARTESIAN_POINT('Origin',(80.0120405750367,6.75000000009823,0.));
#1792=CARTESIAN_POINT('',(21.9999999917142,12.,0.));
#1793=CARTESIAN_POINT('',(80.0120405750367,6.75000000009822,0.));
#1794=CARTESIAN_POINT('Origin',(21.7247808340499,-12.,10.199700863638));
#1795=CARTESIAN_POINT('',(21.7247808340499,-12.,5.099850431819));
#1796=CARTESIAN_POINT('',(80.0735953881145,-6.75000000009824,5.09985043181901));
#1797=CARTESIAN_POINT('Origin',(99.9999999995998,0.,0.));
#1798=CARTESIAN_POINT('Origin',(99.9999999995998,6.75000000009095,0.));
#1799=CARTESIAN_POINT('Origin',(99.9999999995998,-6.75000000009823,0.));
#1800=CARTESIAN_POINT('Origin',(99.9999999995998,0.,0.));
#1801=CARTESIAN_POINT('',(111.4999999993,4.0500000001087,1.40834381898272E-15));
#1802=CARTESIAN_POINT('Origin',(99.9999999995998,4.0500000001087,0.));
#1803=CARTESIAN_POINT('',(111.4999999993,-4.05000000009823,-1.40834381898272E-15));
#1804=CARTESIAN_POINT('',(111.4999999993,0.,1.40834381898272E-15));
#1805=CARTESIAN_POINT('Origin',(99.9999999995998,-4.05000000009823,0.));
#1806=CARTESIAN_POINT('Origin',(120.999999997481,6.75000000009095,0.));
#1807=CARTESIAN_POINT('',(117.99999999902,6.7500000001087,-2.20436423839421E-15));
#1808=CARTESIAN_POINT('Origin',(99.9999999995998,6.75000000009095,0.));
#1809=CARTESIAN_POINT('Origin',(-2.00088834390044E-10,4.0500000001087,0.));
#1810=CARTESIAN_POINT('',(117.99999999902,4.0500000001087,-2.20436423839421E-15));
#1811=CARTESIAN_POINT('Origin',(99.9999999995998,4.0500000001087,0.));
#1812=CARTESIAN_POINT('Origin',(99.9999999995998,6.7500000001087,0.));
#1813=CARTESIAN_POINT('',(117.99999999902,6.7500000001087,-2.20436423839421E-15));
#1814=CARTESIAN_POINT('Origin',(-2.00088834390044E-10,-4.05000000009823,
0.));
#1815=CARTESIAN_POINT('',(117.99999999902,-4.05000000009823,2.20436423839421E-15));
#1816=CARTESIAN_POINT('Origin',(99.9999999995998,-4.05000000009823,0.));
#1817=CARTESIAN_POINT('Origin',(99.9999999995998,-6.75000000009823,0.));
#1818=CARTESIAN_POINT('',(117.99999999902,-6.75000000009823,2.20436423839421E-15));
#1819=CARTESIAN_POINT('Origin',(99.9999999995998,-6.75000000009823,0.));
#1820=CARTESIAN_POINT('',(117.99999999902,-6.75000000009823,2.20436423839421E-15));
#1821=CARTESIAN_POINT('Origin',(80.0120405750367,-6.75000000009823,0.));
#1822=CARTESIAN_POINT('Origin',(-80.0120405750367,6.75000000009823,0.));
#1823=CARTESIAN_POINT('',(-21.9999999917141,12.,0.));
#1824=CARTESIAN_POINT('',(-22.6048967739154,11.9452577762381,-8.06341378299721));
#1825=CARTESIAN_POINT('',(-80.0120405750367,6.75000000009822,0.));
#1826=CARTESIAN_POINT('',(-22.6048967739154,11.9452577762381,8.06341378299722));
#1827=CARTESIAN_POINT('Origin',(0.,12.,0.));
#1828=CARTESIAN_POINT('',(-12.99999999944,12.,-1.59204083882298E-15));
#1829=CARTESIAN_POINT('Origin',(0.,12.,0.));
#1830=CARTESIAN_POINT('',(-12.99999999944,7.,-1.59204083882298E-15));
#1831=CARTESIAN_POINT('',(-12.99999999944,12.,-1.59204083882298E-15));
#1832=CARTESIAN_POINT('Origin',(0.,7.,0.));
#1833=CARTESIAN_POINT('Origin',(0.,7.,0.));
#1834=CARTESIAN_POINT('',(-7.4999999987,7.,9.18485099201311E-16));
#1835=CARTESIAN_POINT('Origin',(0.,7.,0.));
#1836=CARTESIAN_POINT('Origin',(-99.9999999995998,12.,0.));
#1837=CARTESIAN_POINT('Origin',(0.,0.,0.));
#1838=CARTESIAN_POINT('',(-7.4999999987,-7.,9.18485099201311E-16));
#1839=CARTESIAN_POINT('',(-7.4999999987,0.,9.18485099201311E-16));
#1840=CARTESIAN_POINT('Origin',(0.,-7.,0.));
#1841=CARTESIAN_POINT('Ctrl Pts',(-31.554808263707,-11.1155322623231,-9.59807811730923));
#1842=CARTESIAN_POINT('Ctrl Pts',(-43.8019044494096,-10.0135860537296,-8.84852459932351));
#1843=CARTESIAN_POINT('Ctrl Pts',(-56.0490006351121,-8.91163984513603,-8.09897108133779));
#1844=CARTESIAN_POINT('Ctrl Pts',(-68.2960968208147,-7.80969363654247,-7.34941756335207));
#1845=CARTESIAN_POINT('Ctrl Pts',(-31.8055769628618,-2.8755534353546,-8.953511826042));
#1846=CARTESIAN_POINT('Ctrl Pts',(-43.9571540841354,-2.60654587515634,-8.26980541872761));
#1847=CARTESIAN_POINT('Ctrl Pts',(-56.1087351957037,-2.33745741156232,-7.58610038594736));
#1848=CARTESIAN_POINT('Ctrl Pts',(-68.2603123169773,-2.06844985136407,-6.90239397863298));
#1849=CARTESIAN_POINT('Ctrl Pts',(-32.0302658785653,4.53177531666401,-8.2952040797556));
#1850=CARTESIAN_POINT('Ctrl Pts',(-44.0957065976295,4.06974106328529,-7.67988302849519));
#1851=CARTESIAN_POINT('Ctrl Pts',(-56.1611513305695,3.60778827889706,-7.06456330116001));
#1852=CARTESIAN_POINT('Ctrl Pts',(-68.2265920496338,3.14575402551834,-6.4492422498996));
#1853=CARTESIAN_POINT('Ctrl Pts',(-32.2277762644423,11.0744020570404,-7.6260101698059));
#1854=CARTESIAN_POINT('Ctrl Pts',(-44.2167896774006,9.98941487534577,-7.08105501468946));
#1855=CARTESIAN_POINT('Ctrl Pts',(-56.2058030903589,8.90442769365112,-6.53609985957302));
#1856=CARTESIAN_POINT('Ctrl Pts',(-68.1948165033172,7.81944051195647,-5.99114470445658));
#1857=CARTESIAN_POINT('',(-21.7247808340499,-12.0000000000002,-10.199700863638));
#1858=CARTESIAN_POINT('Origin',(-21.7247808340499,-12.,10.199700863638));
#1859=CARTESIAN_POINT('',(-21.7247808340499,-12.,1.52185442199246E-14));
#1860=CARTESIAN_POINT('',(-21.7247808340499,-12.,10.199700863638));
#1861=CARTESIAN_POINT('',(-80.0735953881145,-6.75000000009824,5.09985043181901));
#1862=CARTESIAN_POINT('Ctrl Pts',(-32.2277762644423,11.0744020570402,7.62601016980591));
#1863=CARTESIAN_POINT('Ctrl Pts',(-44.2167896774006,9.98941487534563,7.08105501468947));
#1864=CARTESIAN_POINT('Ctrl Pts',(-56.205803090359,8.90442769365102,6.53609985957302));
#1865=CARTESIAN_POINT('Ctrl Pts',(-68.1948165033174,7.8194405119564,5.99114470445658));
#1866=CARTESIAN_POINT('Ctrl Pts',(-32.0302658785653,4.53177531666393,8.2952040797556));
#1867=CARTESIAN_POINT('Ctrl Pts',(-44.0957065976296,4.06974106328525,7.67988302849519));
#1868=CARTESIAN_POINT('Ctrl Pts',(-56.1611513305696,3.60778827889699,7.06456330116001));
#1869=CARTESIAN_POINT('Ctrl Pts',(-68.226592049634,3.14575402551831,6.44924224989959));
#1870=CARTESIAN_POINT('Ctrl Pts',(-31.8055769628618,-2.87555343535462,8.953511826042));
#1871=CARTESIAN_POINT('Ctrl Pts',(-43.9571540841355,-2.60654587515632,8.26980541872761));
#1872=CARTESIAN_POINT('Ctrl Pts',(-56.1087351957038,-2.33745741156237,7.58610038594736));
#1873=CARTESIAN_POINT('Ctrl Pts',(-68.2603123169775,-2.06844985136407,6.90239397863297));
#1874=CARTESIAN_POINT('Ctrl Pts',(-31.554808263707,-11.1155322623233,9.59807811730924));
#1875=CARTESIAN_POINT('Ctrl Pts',(-43.8019044494096,-10.0135860537297,8.84852459932351));
#1876=CARTESIAN_POINT('Ctrl Pts',(-56.0490006351123,-8.9116398451361,8.09897108133779));
#1877=CARTESIAN_POINT('Ctrl Pts',(-68.2960968208149,-7.80969363654249,7.34941756335206));
#1878=CARTESIAN_POINT('Origin',(-99.9999999995998,0.,0.));
#1879=CARTESIAN_POINT('',(-111.4999999993,4.0500000001087,1.40834381898272E-15));
#1880=CARTESIAN_POINT('Origin',(-99.9999999995998,4.0500000001087,0.));
#1881=CARTESIAN_POINT('',(-111.4999999993,-4.05000000009823,-1.40834381898272E-15));
#1882=CARTESIAN_POINT('',(-111.4999999993,0.,1.40834381898272E-15));
#1883=CARTESIAN_POINT('Origin',(-99.9999999995998,-4.05000000009823,0.));
#1884=CARTESIAN_POINT('Origin',(-120.999999997481,6.75000000009095,0.));
#1885=CARTESIAN_POINT('',(-117.99999999902,6.7500000001087,-2.20436423839421E-15));
#1886=CARTESIAN_POINT('Origin',(-99.9999999995998,6.75000000009095,0.));
#1887=CARTESIAN_POINT('Origin',(2.00088834390044E-10,4.0500000001087,0.));
#1888=CARTESIAN_POINT('',(-117.99999999902,4.0500000001087,-2.20436423839421E-15));
#1889=CARTESIAN_POINT('Origin',(-99.9999999995998,4.0500000001087,0.));
#1890=CARTESIAN_POINT('Origin',(-99.9999999995998,6.7500000001087,0.));
#1891=CARTESIAN_POINT('',(-117.99999999902,6.7500000001087,-2.20436423839421E-15));
#1892=CARTESIAN_POINT('Origin',(2.00088834390044E-10,-4.05000000009823,
0.));
#1893=CARTESIAN_POINT('',(-117.99999999902,-4.05000000009823,2.20436423839421E-15));
#1894=CARTESIAN_POINT('Origin',(-99.9999999995998,-4.05000000009823,0.));
#1895=CARTESIAN_POINT('Origin',(-99.9999999995998,-6.75000000009823,0.));
#1896=CARTESIAN_POINT('',(-117.99999999902,-6.75000000009823,2.20436423839421E-15));
#1897=CARTESIAN_POINT('Origin',(-99.9999999995998,-6.75000000009823,0.));
#1898=CARTESIAN_POINT('',(-117.99999999902,-6.75000000009823,2.20436423839421E-15));
#1899=CARTESIAN_POINT('Origin',(-80.0120405750367,-6.75000000009823,0.));
#1900=CARTESIAN_POINT('Origin',(-99.9999999995998,-12.,0.));
#1901=CARTESIAN_POINT('',(-19.00000000094,-12.,2.32682891849509E-15));
#1902=CARTESIAN_POINT('Origin',(0.,-12.,0.));
#1903=CARTESIAN_POINT('Origin',(0.,-12.,0.));
#1904=CARTESIAN_POINT('',(-19.00000000094,-7.,2.32682891849509E-15));
#1905=CARTESIAN_POINT('',(-19.00000000094,-12.,2.32682891849509E-15));
#1906=CARTESIAN_POINT('Origin',(0.,-7.,0.));
#1907=CARTESIAN_POINT('Origin',(0.,-7.,0.));
#1908=UNCERTAINTY_MEASURE_WITH_UNIT(LENGTH_MEASURE(0.01),#1912,
'DISTANCE_ACCURACY_VALUE',
'Maximum model space distance between geometric entities at asserted c
onnectivities');
#1909=UNCERTAINTY_MEASURE_WITH_UNIT(LENGTH_MEASURE(0.01),#1912,
'DISTANCE_ACCURACY_VALUE',
'Maximum model space distance between geometric entities at asserted c
onnectivities');
#1910=(
GEOMETRIC_REPRESENTATION_CONTEXT(3)
GLOBAL_UNCERTAINTY_ASSIGNED_CONTEXT((#1908))
GLOBAL_UNIT_ASSIGNED_CONTEXT((#1912,#1914,#1915))
REPRESENTATION_CONTEXT('','3D')
);
#1911=(
GEOMETRIC_REPRESENTATION_CONTEXT(3)
GLOBAL_UNCERTAINTY_ASSIGNED_CONTEXT((#1909))
GLOBAL_UNIT_ASSIGNED_CONTEXT((#1912,#1914,#1915))
REPRESENTATION_CONTEXT('','3D')
);
#1912=(
LENGTH_UNIT()
NAMED_UNIT(*)
SI_UNIT(.MILLI.,.METRE.)
);
#1913=(
LENGTH_UNIT()
NAMED_UNIT(*)
SI_UNIT($,.METRE.)
);
#1914=(
NAMED_UNIT(*)
PLANE_ANGLE_UNIT()
SI_UNIT($,.RADIAN.)
);
#1915=(
NAMED_UNIT(*)
SI_UNIT($,.STERADIAN.)
SOLID_ANGLE_UNIT()
);
#1916=SHAPE_DEFINITION_REPRESENTATION(#1917,#1918);
#1917=PRODUCT_DEFINITION_SHAPE('',$,#1920);
#1918=SHAPE_REPRESENTATION('',(#703),#1910);
#1919=PRODUCT_DEFINITION_CONTEXT('part definition',#1924,'design');
#1920=PRODUCT_DEFINITION('Version_5','Version_5',#1921,#1919);
#1921=PRODUCT_DEFINITION_FORMATION('',$,#1926);
#1922=PRODUCT_RELATED_PRODUCT_CATEGORY('Version_5','Version_5',(#1926));
#1923=APPLICATION_PROTOCOL_DEFINITION('international standard',
'automotive_design',2009,#1924);
#1924=APPLICATION_CONTEXT(
'Core Data for Automotive Mechanical Design Process');
#1925=PRODUCT_CONTEXT('part definition',#1924,'mechanical');
#1926=PRODUCT('Version_5','Version_5',$,(#1925));
#1927=PRESENTATION_STYLE_ASSIGNMENT((#1928));
#1928=SURFACE_STYLE_USAGE(.BOTH.,#1929);
#1929=SURFACE_SIDE_STYLE('',(#1930));
#1930=SURFACE_STYLE_FILL_AREA(#1931);
#1931=FILL_AREA_STYLE('Steel - Satin',(#1932));
#1932=FILL_AREA_STYLE_COLOUR('Steel - Satin',#1933);
#1933=COLOUR_RGB('Steel - Satin',0.627450980392157,0.627450980392157,0.627450980392157);
ENDSEC;
END-ISO-10303-21;
