ISO-10303-21;
HEADER;
/* Generated by software containing ST-Developer
 * from STEP Tools, Inc. (www.steptools.com) 
 */

FILE_DESCRIPTION(
/* description */ (''),
/* implementation_level */ '2;1');

FILE_NAME(
/* name */ 'wire clip.step',
/* time_stamp */ '2024-07-24T12:37:12-07:00',
/* author */ (''),
/* organization */ (''),
/* preprocessor_version */ 'ST-DEVELOPER v20',
/* originating_system */ 'Autodesk Translation Framework v13.14.0.145',

/* authorisation */ '');

FILE_SCHEMA (('AUTOMOTIVE_DESIGN { 1 0 10303 214 3 1 1 }'));
ENDSEC;

DATA;
#10=MECHANICAL_DESIGN_GEOMETRIC_PRESENTATION_REPRESENTATION('',(#13),#5617);
#11=SHAPE_REPRESENTATION_RELATIONSHIP('SRR','None',#5624,#12);
#12=ADVANCED_BREP_SHAPE_REPRESENTATION('',(#14),#5616);
#13=STYLED_ITEM('',(#5634),#14);
#14=MANIFOLD_SOLID_BREP('Body1',#1755);
#15=(
BOUNDED_SURFACE()
B_SPLINE_SURFACE(3,2,((#2782,#2783,#2784),(#2785,#2786,#2787),(#2788,#2789,
#2790),(#2791,#2792,#2793),(#2794,#2795,#2796),(#2797,#2798,#2799),(#2800,
#2801,#2802),(#2803,#2804,#2805),(#2806,#2807,#2808),(#2809,#2810,#2811)),
 .UNSPECIFIED.,.F.,.F.,.F.)
B_SPLINE_SURFACE_WITH_KNOTS((4,1,1,1,1,1,1,4),(3,3),(0.0186861727678809,
0.019270087470257,0.0198540021726331,0.0204379168750092,0.0210218315773852,
0.0216057462797613,0.0221896609821374,0.0233574903868896),(0.,1.),
 .UNSPECIFIED.)
GEOMETRIC_REPRESENTATION_ITEM()
RATIONAL_B_SPLINE_SURFACE(((1.,0.536533284749891,1.),(1.,0.561868232082192,
1.),(1.,0.608331632335859,1.),(1.,0.667642680059699,1.),(1.,0.718193515062526,
1.),(1.,0.761110805091938,1.),(1.,0.797144116491724,1.),(1.,0.83617146493713,
1.),(1.,0.856299371559415,1.),(1.,0.866025403765603,1.)))
REPRESENTATION_ITEM('')
SURFACE()
);
#16=(
BOUNDED_SURFACE()
B_SPLINE_SURFACE(3,2,((#2849,#2850,#2851),(#2852,#2853,#2854),(#2855,#2856,
#2857),(#2858,#2859,#2860),(#2861,#2862,#2863)),.UNSPECIFIED.,.F.,.F.,.F.)
B_SPLINE_SURFACE_WITH_KNOTS((4,1,4),(3,3),(3.65326213625697,3.86107500392502,
4.06888787159307),(0.,1.),.UNSPECIFIED.)
GEOMETRIC_REPRESENTATION_ITEM()
RATIONAL_B_SPLINE_SURFACE(((1.,0.437866186531382,1.),(1.,0.451559419792045,
1.),(1.,0.482710796205989,1.),(1.,0.518274599001596,1.),(1.,0.536533284749891,
1.)))
REPRESENTATION_ITEM('')
SURFACE()
);
#17=(
BOUNDED_SURFACE()
B_SPLINE_SURFACE(3,2,((#2870,#2871,#2872),(#2873,#2874,#2875),(#2876,#2877,
#2878),(#2879,#2880,#2881),(#2882,#2883,#2884),(#2885,#2886,#2887)),
 .UNSPECIFIED.,.F.,.F.,.F.)
B_SPLINE_SURFACE_WITH_KNOTS((4,1,1,4),(3,3),(0.00177174670328469,0.0025894542239951,
0.0029983079843503,0.0034071617447055),(0.,0.918797680930745),
 .UNSPECIFIED.)
GEOMETRIC_REPRESENTATION_ITEM()
RATIONAL_B_SPLINE_SURFACE(((1.,0.537157088856431,0.924832164500754),(1.,
0.543192624310812,0.925812363452196),(1.,0.540239888689433,0.925332825492087),
(1.,0.515218826529685,0.921269288946192),(1.,0.495299061042112,0.918034226640378),
(1.,0.483512755812304,0.916120076004542)))
REPRESENTATION_ITEM('')
SURFACE()
);
#18=(
BOUNDED_SURFACE()
B_SPLINE_SURFACE(3,2,((#2915,#2916,#2917),(#2918,#2919,#2920),(#2921,#2922,
#2923),(#2924,#2925,#2926)),.UNSPECIFIED.,.F.,.F.,.F.)
B_SPLINE_SURFACE_WITH_KNOTS((4,4),(3,3),(0.00307558640303829,0.00402804875178432),
(0.12181568099037,1.),.UNSPECIFIED.)
GEOMETRIC_REPRESENTATION_ITEM()
RATIONAL_B_SPLINE_SURFACE(((0.892221385298283,0.557616007128682,1.),(0.892362719456229,
0.558196121925057,1.),(0.892470004114735,0.55863647844416,1.),(0.892552904936905,
0.558976749998264,1.)))
REPRESENTATION_ITEM('')
SURFACE()
);
#19=(
BOUNDED_SURFACE()
B_SPLINE_SURFACE(3,2,((#2936,#2937,#2938),(#2939,#2940,#2941),(#2942,#2943,
#2944),(#2945,#2946,#2947),(#2948,#2949,#2950),(#2951,#2952,#2953),(#2954,
#2955,#2956),(#2957,#2958,#2959)),.UNSPECIFIED.,.F.,.F.,.F.)
B_SPLINE_SURFACE_WITH_KNOTS((4,1,1,1,1,4),(3,3),(0.00243001446610276,0.00307752368730351,
0.00340127829790389,0.00372503290850426,0.00437254212970502,0.00502005135090577),
(0.122003583729633,1.),.UNSPECIFIED.)
GEOMETRIC_REPRESENTATION_ITEM()
RATIONAL_B_SPLINE_SURFACE(((0.892410191612361,0.55907111455814,1.),(0.892212315571968,
0.558260171000815,1.),(0.891858781290313,0.55681130257069,1.),(0.891370163364052,
0.554808828908344,1.),(0.890900458323816,0.552883864797138,1.),(0.890371713002079,
0.550716939426697,1.),(0.890020518525671,0.549277660080665,1.),(0.889863254907983,
0.548633155989556,1.)))
REPRESENTATION_ITEM('')
SURFACE()
);
#20=(
BOUNDED_SURFACE()
B_SPLINE_SURFACE(3,2,((#3002,#3003,#3004),(#3005,#3006,#3007),(#3008,#3009,
#3010),(#3011,#3012,#3013),(#3014,#3015,#3016),(#3017,#3018,#3019),(#3020,
#3021,#3022),(#3023,#3024,#3025)),.UNSPECIFIED.,.F.,.F.,.F.)
B_SPLINE_SURFACE_WITH_KNOTS((4,1,1,1,1,4),(3,3),(0.727865878007975,0.945207408180645,
1.16224025729816,1.5963059555332,2.03037165376823,2.46443735200327),(-3.47175920140819E-5,
1.00030868105515),.UNSPECIFIED.)
GEOMETRIC_REPRESENTATION_ITEM()
RATIONAL_B_SPLINE_SURFACE(((1.00003570217748,0.485661355333567,1.00031752216408),
(1.00003448443868,0.503204546420899,1.00030669203872),(1.00003188834998,
0.540604751073924,1.00028360337128),(1.00002643395398,0.619182777572577,
1.00023509395966),(1.00001968848045,0.716360539747817,1.00017510217475),
(1.00001284500271,0.814950186409798,1.00011423877611),(1.00000955101085,
0.862404639678966,1.00008494321208),(1.00000828736329,0.880609209200478,
1.00007370479092)))
REPRESENTATION_ITEM('')
SURFACE()
);
#21=(
BOUNDED_SURFACE()
B_SPLINE_SURFACE(3,2,((#3079,#3080,#3081),(#3082,#3083,#3084),(#3085,#3086,
#3087),(#3088,#3089,#3090),(#3091,#3092,#3093),(#3094,#3095,#3096),(#3097,
#3098,#3099),(#3100,#3101,#3102),(#3103,#3104,#3105),(#3106,#3107,#3108)),
 .UNSPECIFIED.,.F.,.F.,.F.)
B_SPLINE_SURFACE_WITH_KNOTS((4,1,1,1,1,1,1,4),(3,3),(0.0186861727678807,
0.0192700874703479,0.019854002172815,0.0204379168752821,0.0210218315777493,
0.0216057462802164,0.0221896609826836,0.0233574903876178),(0.,1.),
 .UNSPECIFIED.)
GEOMETRIC_REPRESENTATION_ITEM()
RATIONAL_B_SPLINE_SURFACE(((1.,0.536533284749891,1.),(1.,0.561868232086121,
1.),(1.,0.608331632346415,1.),(1.,0.667642680077217,1.),(1.,0.718193515084698,
1.),(1.,0.761110805116907,1.),(1.,0.797144116517434,1.),(1.,0.83617146496164,
1.),(1.,0.856299371580563,1.),(1.,0.866025403783801,1.)))
REPRESENTATION_ITEM('')
SURFACE()
);
#22=(
BOUNDED_SURFACE()
B_SPLINE_SURFACE(3,2,((#3145,#3146,#3147),(#3148,#3149,#3150),(#3151,#3152,
#3153),(#3154,#3155,#3156),(#3157,#3158,#3159)),.UNSPECIFIED.,.F.,.F.,.F.)
B_SPLINE_SURFACE_WITH_KNOTS((4,1,4),(3,3),(0.511669482667179,0.719482350335229,
0.92729521800328),(0.,1.),.UNSPECIFIED.)
GEOMETRIC_REPRESENTATION_ITEM()
RATIONAL_B_SPLINE_SURFACE(((1.,0.437866186531381,1.),(1.,0.451559419792438,
1.),(1.,0.482710796205804,1.),(1.,0.518274599001569,1.),(1.,0.536533284749891,
1.)))
REPRESENTATION_ITEM('')
SURFACE()
);
#23=(
BOUNDED_SURFACE()
B_SPLINE_SURFACE(3,2,((#3168,#3169,#3170),(#3171,#3172,#3173),(#3174,#3175,
#3176),(#3177,#3178,#3179),(#3180,#3181,#3182),(#3183,#3184,#3185)),
 .UNSPECIFIED.,.F.,.F.,.F.)
B_SPLINE_SURFACE_WITH_KNOTS((4,1,1,4),(3,3),(0.00177174670328469,0.00258945422399509,
0.00299830798435029,0.00340716174470549),(0.,0.918797680930745),
 .UNSPECIFIED.)
GEOMETRIC_REPRESENTATION_ITEM()
RATIONAL_B_SPLINE_SURFACE(((1.,0.53715708885643,0.924832164500754),(1.,
0.543192624311123,0.925812363452246),(1.,0.540239888689351,0.925332825492073),
(1.,0.51521882652972,0.921269288946197),(1.,0.495299061042063,0.91803422664037),
(1.,0.483512755812305,0.916120076004541)))
REPRESENTATION_ITEM('')
SURFACE()
);
#24=(
BOUNDED_SURFACE()
B_SPLINE_SURFACE(3,2,((#3236,#3237,#3238),(#3239,#3240,#3241),(#3242,#3243,
#3244),(#3245,#3246,#3247)),.UNSPECIFIED.,.F.,.F.,.F.)
B_SPLINE_SURFACE_WITH_KNOTS((4,4),(3,3),(0.00307558640303829,0.00402804875178432),
(0.121815680990371,1.),.UNSPECIFIED.)
GEOMETRIC_REPRESENTATION_ITEM()
RATIONAL_B_SPLINE_SURFACE(((0.892221385298282,0.557616007128682,1.),(0.892362719456397,
0.558196121925749,1.),(0.892470004114767,0.558636478444292,1.),(0.892552904936904,
0.558976749998265,1.)))
REPRESENTATION_ITEM('')
SURFACE()
);
#25=(
BOUNDED_SURFACE()
B_SPLINE_SURFACE(3,2,((#3268,#3269,#3270),(#3271,#3272,#3273),(#3274,#3275,
#3276),(#3277,#3278,#3279),(#3280,#3281,#3282),(#3283,#3284,#3285),(#3286,
#3287,#3288),(#3289,#3290,#3291)),.UNSPECIFIED.,.F.,.F.,.F.)
B_SPLINE_SURFACE_WITH_KNOTS((4,1,1,1,1,4),(3,3),(0.677155301586567,1.11122099982159,
1.54528669805662,1.97935239629164,2.19638524540915,2.41372677558335),(-0.000308681056686621,
1.00003471759181),.UNSPECIFIED.)
GEOMETRIC_REPRESENTATION_ITEM()
RATIONAL_B_SPLINE_SURFACE(((1.00007370479128,0.880609209200314,1.00000828736324),
(1.0000849432125,0.862404639678491,1.00000955101079),(1.00011423877668,
0.814950186409689,1.00001284500264),(1.00017510217562,0.716360539747368,
1.00001968848033),(1.00023509396083,0.619182777572167,1.00002643395382),
(1.00028360337269,0.540604751073011,1.00003188834979),(1.00030669204024,
0.503204546420335,1.00003448443847),(1.00031752216565,0.485661355332513,
1.00003570217726)))
REPRESENTATION_ITEM('')
SURFACE()
);
#26=(
BOUNDED_SURFACE()
B_SPLINE_SURFACE(3,2,((#3350,#3351,#3352),(#3353,#3354,#3355),(#3356,#3357,
#3358),(#3359,#3360,#3361),(#3362,#3363,#3364),(#3365,#3366,#3367),(#3368,
#3369,#3370),(#3371,#3372,#3373)),.UNSPECIFIED.,.F.,.F.,.F.)
B_SPLINE_SURFACE_WITH_KNOTS((4,1,1,1,1,4),(3,3),(0.00243001446610276,0.00307752368730352,
0.00340127829790389,0.00372503290850427,0.00437254212970502,0.00502005135090577),
(0.122003583729632,1.),.UNSPECIFIED.)
GEOMETRIC_REPRESENTATION_ITEM()
RATIONAL_B_SPLINE_SURFACE(((0.892410191612362,0.55907111455814,1.),(0.892212315571933,
0.558260171000667,1.),(0.891858781290312,0.556811302570685,1.),(0.891370163364066,
0.554808828908399,1.),(0.890900458323789,0.552883864797025,1.),(0.890371713002261,
0.550716939427441,1.),(0.890020518525294,0.549277660079118,1.),(0.889863254907984,
0.548633155989557,1.)))
REPRESENTATION_ITEM('')
SURFACE()
);
#27=(
BOUNDED_SURFACE()
B_SPLINE_SURFACE(3,2,((#3416,#3417,#3418),(#3419,#3420,#3421),(#3422,#3423,
#3424),(#3425,#3426,#3427),(#3428,#3429,#3430),(#3431,#3432,#3433),(#3434,
#3435,#3436)),.UNSPECIFIED.,.F.,.F.,.F.)
B_SPLINE_SURFACE_WITH_KNOTS((4,1,1,1,4),(3,3),(-1.0842021724855E-19,0.000260590230542776,
0.000521180461085553,0.000781770691628329,0.00104236092217111),(0.,1.),
 .UNSPECIFIED.)
GEOMETRIC_REPRESENTATION_ITEM()
RATIONAL_B_SPLINE_SURFACE(((1.,0.707106781186549,1.),(1.,0.686778559828351,
1.),(1.,0.644592761006862,1.),(1.,0.575706046706648,1.),(1.,0.501265889018986,
1.),(1.,0.450702271254842,1.),(1.,0.427425207132564,1.)))
REPRESENTATION_ITEM('')
SURFACE()
);
#28=(
BOUNDED_SURFACE()
B_SPLINE_SURFACE(3,2,((#3440,#3441,#3442),(#3443,#3444,#3445),(#3446,#3447,
#3448),(#3449,#3450,#3451),(#3452,#3453,#3454),(#3455,#3456,#3457),(#3458,
#3459,#3460)),.UNSPECIFIED.,.F.,.F.,.F.)
B_SPLINE_SURFACE_WITH_KNOTS((4,1,1,1,4),(3,3),(1.20668163207911,1.46980395617765,
1.73269129702047,1.99557863786328,2.25870096196183),(-0.000234983255732845,
1.),.UNSPECIFIED.)
GEOMETRIC_REPRESENTATION_ITEM()
RATIONAL_B_SPLINE_SURFACE(((1.00009817857718,0.791094525288314,1.),(1.00010678704535,
0.772777330425926,1.),(1.00012546450362,0.733035225794197,1.),(1.00015686349367,
0.666224103552485,1.),(1.00019027028119,0.595140767375692,1.),(1.00021260524622,
0.547616178950954,1.),(1.00022333267856,0.52479022842101,0.999999999999999)))
REPRESENTATION_ITEM('')
SURFACE()
);
#29=(
BOUNDED_SURFACE()
B_SPLINE_SURFACE(3,2,((#3463,#3464,#3465),(#3466,#3467,#3468),(#3469,#3470,
#3471),(#3472,#3473,#3474),(#3475,#3476,#3477)),.UNSPECIFIED.,.F.,.F.,.F.)
B_SPLINE_SURFACE_WITH_KNOTS((4,1,4),(3,3),(-0.000218420537092409,0.00109210268546205,
0.00240262109423022),(0.,1.00024675948861),.UNSPECIFIED.)
GEOMETRIC_REPRESENTATION_ITEM()
RATIONAL_B_SPLINE_SURFACE(((1.,0.794772231664571,1.00010128379833),(1.,
0.793814803925135,1.00010175630709),(1.,0.792240863803069,1.00010253307641),
(1.,0.791228315638629,1.00010303278814),(1.,0.790838097823824,1.00010322536804)))
REPRESENTATION_ITEM('')
SURFACE()
);
#30=(
BOUNDED_SURFACE()
B_SPLINE_SURFACE(3,2,((#3479,#3480,#3481),(#3482,#3483,#3484),(#3485,#3486,
#3487),(#3488,#3489,#3490),(#3491,#3492,#3493),(#3494,#3495,#3496),(#3497,
#3498,#3499)),.UNSPECIFIED.,.F.,.F.,.F.)
B_SPLINE_SURFACE_WITH_KNOTS((4,1,1,1,4),(3,3),(0.,0.000686985758874241,
0.00137397151774848,0.00206095727662272,0.00274794303549696),(0.,1.),
 .UNSPECIFIED.)
GEOMETRIC_REPRESENTATION_ITEM()
RATIONAL_B_SPLINE_SURFACE(((1.,0.800637254882457,1.),(1.,0.800170488509193,
1.),(1.,0.799059488807503,1.),(1.,0.797262580647809,1.),(1.,0.795659876153066,
1.),(1.,0.794764011348024,1.),(1.,0.794358327127347,1.)))
REPRESENTATION_ITEM('')
SURFACE()
);
#31=(
BOUNDED_SURFACE()
B_SPLINE_SURFACE(3,2,((#3501,#3502,#3503),(#3504,#3505,#3506),(#3507,#3508,
#3509),(#3510,#3511,#3512)),.UNSPECIFIED.,.F.,.F.,.F.)
B_SPLINE_SURFACE_WITH_KNOTS((4,4),(3,3),(-4.9439619065339E-17,0.000869117242815845),
(0.,1.),.UNSPECIFIED.)
GEOMETRIC_REPRESENTATION_ITEM()
RATIONAL_B_SPLINE_SURFACE(((1.,0.799826685931331,1.),(1.,0.80017238529681,
1.),(1.,0.800434915755505,1.),(1.,0.800637254882506,1.)))
REPRESENTATION_ITEM('')
SURFACE()
);
#32=(
BOUNDED_SURFACE()
B_SPLINE_SURFACE(3,2,((#3514,#3515,#3516),(#3517,#3518,#3519),(#3520,#3521,
#3522),(#3523,#3524,#3525),(#3526,#3527,#3528)),.UNSPECIFIED.,.F.,.F.,.F.)
B_SPLINE_SURFACE_WITH_KNOTS((4,1,4),(3,3),(-1.0842021724855E-19,0.000691013265917795,
0.00138202653183559),(0.,1.),.UNSPECIFIED.)
GEOMETRIC_REPRESENTATION_ITEM()
RATIONAL_B_SPLINE_SURFACE(((1.,0.89383323995065,1.),(1.,0.866524875239983,
1.),(1.,0.818334275209661,1.),(1.,0.79932876605936,1.),(1.,0.799826685931329,
1.)))
REPRESENTATION_ITEM('')
SURFACE()
);
#33=(
BOUNDED_SURFACE()
B_SPLINE_SURFACE(3,2,((#3541,#3542,#3543),(#3544,#3545,#3546),(#3547,#3548,
#3549),(#3550,#3551,#3552)),.UNSPECIFIED.,.F.,.F.,.F.)
B_SPLINE_SURFACE_WITH_KNOTS((4,4),(3,3),(-3.34837690780931E-5,0.000368321459859026),
(0.,1.00007110907923),.UNSPECIFIED.)
GEOMETRIC_REPRESENTATION_ITEM()
RATIONAL_B_SPLINE_SURFACE(((1.,0.934690521205328,1.0000092881938),(1.,0.919829542274333,
1.00001140169486),(1.,0.904700596090102,1.00001355330573),(1.,0.890184381246464,
1.00001561777507)))
REPRESENTATION_ITEM('')
SURFACE()
);
#34=(
BOUNDED_SURFACE()
B_SPLINE_SURFACE(3,2,((#3562,#3563,#3564),(#3565,#3566,#3567),(#3568,#3569,
#3570),(#3571,#3572,#3573),(#3574,#3575,#3576),(#3577,#3578,#3579),(#3580,
#3581,#3582),(#3583,#3584,#3585),(#3586,#3587,#3588),(#3589,#3590,#3591),
(#3592,#3593,#3594)),.UNSPECIFIED.,.F.,.F.,.F.)
B_SPLINE_SURFACE_WITH_KNOTS((4,1,1,1,1,1,1,1,4),(3,3),(-2.16840434497101E-19,
0.00117278961758764,0.00175918442638146,0.00234557923517528,0.00263877663957219,
0.0029319740439691,0.00351836885276292,0.00410476366155674,0.00469115847035056),
(0.,1.),.UNSPECIFIED.)
GEOMETRIC_REPRESENTATION_ITEM()
RATIONAL_B_SPLINE_SURFACE(((1.,0.930975111781253,1.),(1.,0.935603682997016,
1.),(1.,0.943415970850016,1.),(1.,0.952303487903102,1.),(1.,0.956129491362106,
1.),(1.,0.957766756492032,1.),(1.,0.958291726839931,1.),(1.,0.95660517288689,
1.),(1.,0.950634272968559,1.),(1.,0.943992970196933,1.),(1.,0.940064322206965,
1.)))
REPRESENTATION_ITEM('')
SURFACE()
);
#35=(
BOUNDED_SURFACE()
B_SPLINE_SURFACE(3,2,((#3667,#3668,#3669),(#3670,#3671,#3672),(#3673,#3674,
#3675),(#3676,#3677,#3678),(#3679,#3680,#3681),(#3682,#3683,#3684),(#3685,
#3686,#3687)),.UNSPECIFIED.,.F.,.F.,.F.)
B_SPLINE_SURFACE_WITH_KNOTS((4,1,1,1,4),(3,3),(-2.02908436580662E-15,0.000260590230541258,
0.000521180461084546,0.000781770691627833,0.00104236092217112),(0.,1.),
 .UNSPECIFIED.)
GEOMETRIC_REPRESENTATION_ITEM()
RATIONAL_B_SPLINE_SURFACE(((1.,0.707106781186547,1.),(1.,0.686778559890831,
1.),(1.,0.644592760978433,1.),(1.,0.57570604671473,1.),(1.,0.501265889016745,
1.),(1.,0.450702271255246,1.),(1.,0.427425207132556,1.)))
REPRESENTATION_ITEM('')
SURFACE()
);
#36=(
BOUNDED_SURFACE()
B_SPLINE_SURFACE(3,2,((#3715,#3716,#3717),(#3718,#3719,#3720),(#3721,#3722,
#3723),(#3724,#3725,#3726),(#3727,#3728,#3729),(#3730,#3731,#3732),(#3733,
#3734,#3735)),.UNSPECIFIED.,.F.,.F.,.F.)
B_SPLINE_SURFACE_WITH_KNOTS((4,1,1,1,4),(3,3),(0.88289169162857,1.14601401572657,
1.40890135656936,1.67178869741216,1.93491102151016),(0.,1.0002349832552),
 .UNSPECIFIED.)
GEOMETRIC_REPRESENTATION_ITEM()
RATIONAL_B_SPLINE_SURFACE(((1.,0.524790228421423,1.00022333267806),(1.,
0.547616178950488,1.00021260524574),(1.,0.595140767376334,1.00019027028076),
(1.,0.666224103552629,1.00015686349331),(1.,0.733035225794114,1.00012546450333),
(1.,0.772777330426428,1.0001067870451),(1.,0.791094525288314,1.00009817857695)))
REPRESENTATION_ITEM('')
SURFACE()
);
#37=(
BOUNDED_SURFACE()
B_SPLINE_SURFACE(3,2,((#3741,#3742,#3743),(#3744,#3745,#3746),(#3747,#3748,
#3749),(#3750,#3751,#3752),(#3753,#3754,#3755)),.UNSPECIFIED.,.F.,.F.,.F.)
B_SPLINE_SURFACE_WITH_KNOTS((4,1,4),(3,3),(-7.68355847165284E-5,0.0010928065963939,
0.00226245359690061),(-7.68404041128032E-5,1.),.UNSPECIFIED.)
GEOMETRIC_REPRESENTATION_ITEM()
RATIONAL_B_SPLINE_SURFACE(((1.00003211864502,0.791004189819983,1.),(1.00003206161119,
0.791375308589401,1.),(1.00003192029759,0.792294835234701,1.),(1.00003170701029,
0.793682694317767,1.),(1.00003158102743,0.794502463935356,1.)))
REPRESENTATION_ITEM('')
SURFACE()
);
#38=(
BOUNDED_SURFACE()
B_SPLINE_SURFACE(3,2,((#3763,#3764,#3765),(#3766,#3767,#3768),(#3769,#3770,
#3771),(#3772,#3773,#3774),(#3775,#3776,#3777),(#3778,#3779,#3780),(#3781,
#3782,#3783),(#3784,#3785,#3786)),.UNSPECIFIED.,.F.,.F.,.F.)
B_SPLINE_SURFACE_WITH_KNOTS((4,1,1,1,1,4),(3,3),(0.,0.000687206488604546,
0.00137441297720909,0.00171801622151137,0.00206161946581364,0.00274882595441818),
(0.,1.),.UNSPECIFIED.)
GEOMETRIC_REPRESENTATION_ITEM()
RATIONAL_B_SPLINE_SURFACE(((1.,0.794358327127346,1.),(1.,0.794764133051539,
1.),(1.,0.795660361346531,1.),(1.,0.797003543161098,1.),(1.,0.798170701833887,
1.),(1.,0.799336359732923,1.),(1.,0.800170336403246,1.),(1.,0.800637254882455,
1.)))
REPRESENTATION_ITEM('')
SURFACE()
);
#39=(
BOUNDED_SURFACE()
B_SPLINE_SURFACE(3,2,((#3835,#3836,#3837),(#3838,#3839,#3840),(#3841,#3842,
#3843),(#3844,#3845,#3846)),.UNSPECIFIED.,.F.,.F.,.F.)
B_SPLINE_SURFACE_WITH_KNOTS((4,4),(3,3),(-5.0415401020576E-17,0.000869117242815852),
(0.,1.),.UNSPECIFIED.)
GEOMETRIC_REPRESENTATION_ITEM()
RATIONAL_B_SPLINE_SURFACE(((1.,0.799826685931331,1.),(1.,0.800172385297247,
1.),(1.,0.800434915755715,1.),(1.,0.800637254882506,1.)))
REPRESENTATION_ITEM('')
SURFACE()
);
#40=(
BOUNDED_SURFACE()
B_SPLINE_SURFACE(3,2,((#3853,#3854,#3855),(#3856,#3857,#3858),(#3859,#3860,
#3861),(#3862,#3863,#3864),(#3865,#3866,#3867)),.UNSPECIFIED.,.F.,.F.,.F.)
B_SPLINE_SURFACE_WITH_KNOTS((4,1,4),(3,3),(-1.35525271560688E-19,0.000691013265917791,
0.00138202653183558),(0.,1.),.UNSPECIFIED.)
GEOMETRIC_REPRESENTATION_ITEM()
RATIONAL_B_SPLINE_SURFACE(((1.,0.89383323995065,1.),(1.,0.866524875240229,
1.),(1.,0.818334275209564,1.),(1.,0.799328766059308,1.),(1.,0.799826685931329,
1.)))
REPRESENTATION_ITEM('')
SURFACE()
);
#41=(
BOUNDED_SURFACE()
B_SPLINE_SURFACE(3,2,((#3880,#3881,#3882),(#3883,#3884,#3885),(#3886,#3887,
#3888),(#3889,#3890,#3891)),.UNSPECIFIED.,.F.,.F.,.F.)
B_SPLINE_SURFACE_WITH_KNOTS((4,4),(3,3),(-3.34837690780949E-5,0.000368321459859039),
(0.,1.00007110907921),.UNSPECIFIED.)
GEOMETRIC_REPRESENTATION_ITEM()
RATIONAL_B_SPLINE_SURFACE(((1.,0.93469052120533,1.0000092881938),(1.,0.919829542274331,
1.00001140169486),(1.,0.90470059609017,1.00001355330572),(1.,0.890184381246448,
1.00001561777506)))
REPRESENTATION_ITEM('')
SURFACE()
);
#42=(
BOUNDED_SURFACE()
B_SPLINE_SURFACE(3,2,((#3901,#3902,#3903),(#3904,#3905,#3906),(#3907,#3908,
#3909),(#3910,#3911,#3912),(#3913,#3914,#3915),(#3916,#3917,#3918),(#3919,
#3920,#3921),(#3922,#3923,#3924),(#3925,#3926,#3927),(#3928,#3929,#3930),
(#3931,#3932,#3933)),.UNSPECIFIED.,.F.,.F.,.F.)
B_SPLINE_SURFACE_WITH_KNOTS((4,1,1,1,1,1,1,1,4),(3,3),(-2.16840434497101E-19,
0.00117278961529306,0.00175918442293959,0.00234557923058612,0.00263877663440938,
0.00293197403823265,0.00351836884587917,0.0041047636535257,0.00469115846117223),
(0.,1.),.UNSPECIFIED.)
GEOMETRIC_REPRESENTATION_ITEM()
RATIONAL_B_SPLINE_SURFACE(((1.,0.930975111781254,1.),(1.,0.935603682987829,
1.),(1.,0.943415970823365,1.),(1.,0.952303487867818,1.),(1.,0.956129491333139,
1.),(1.,0.957766756476797,1.),(1.,0.95829172684604,1.),(1.,0.956605172930608,
1.),(1.,0.950634273076237,1.),(1.,0.943992970354172,1.),(1.,0.940064322390868,
1.)))
REPRESENTATION_ITEM('')
SURFACE()
);
#43=(
BOUNDED_SURFACE()
B_SPLINE_SURFACE(3,2,((#4004,#4005,#4006),(#4007,#4008,#4009),(#4010,#4011,
#4012),(#4013,#4014,#4015),(#4016,#4017,#4018)),.UNSPECIFIED.,.F.,.F.,.F.)
B_SPLINE_SURFACE_WITH_KNOTS((4,1,4),(3,3),(4.71238898038469,5.05622380634029,
5.40005863229589),(0.,1.),.UNSPECIFIED.)
GEOMETRIC_REPRESENTATION_ITEM()
RATIONAL_B_SPLINE_SURFACE(((1.,0.707106781186548,1.),(1.,0.678453578643804,
1.),(1.,0.617587476488706,1.),(1.,0.554786915889318,1.),(1.,0.524963011054835,
1.)))
REPRESENTATION_ITEM('')
SURFACE()
);
#44=(
BOUNDED_SURFACE()
B_SPLINE_SURFACE(3,2,((#4019,#4020,#4021),(#4022,#4023,#4024),(#4025,#4026,
#4027),(#4028,#4029,#4030),(#4031,#4032,#4033)),.UNSPECIFIED.,.F.,.F.,.F.)
B_SPLINE_SURFACE_WITH_KNOTS((4,1,4),(3,3),(4.02471932847355,4.36855415442912,
4.71238898038469),(0.,1.),.UNSPECIFIED.)
GEOMETRIC_REPRESENTATION_ITEM()
RATIONAL_B_SPLINE_SURFACE(((1.,0.52496301105485,1.),(1.,0.554786915889323,
1.),(1.,0.617587476488711,1.),(1.,0.678453578643814,1.),(1.,0.707106781186548,
1.)))
REPRESENTATION_ITEM('')
SURFACE()
);
#45=(
BOUNDED_SURFACE()
B_SPLINE_SURFACE(3,2,((#4769,#4770,#4771),(#4772,#4773,#4774),(#4775,#4776,
#4777),(#4778,#4779,#4780),(#4781,#4782,#4783),(#4784,#4785,#4786),(#4787,
#4788,#4789),(#4790,#4791,#4792),(#4793,#4794,#4795),(#4796,#4797,#4798)),
 .UNSPECIFIED.,.F.,.F.,.F.)
B_SPLINE_SURFACE_WITH_KNOTS((4,1,1,1,1,1,1,4),(3,3),(0.0186861727678809,
0.019270087470257,0.0198540021726331,0.0204379168750092,0.0210218315773852,
0.0216057462797613,0.0221896609821374,0.0233574903868896),(0.,1.),
 .UNSPECIFIED.)
GEOMETRIC_REPRESENTATION_ITEM()
RATIONAL_B_SPLINE_SURFACE(((1.,0.536533284749891,1.),(1.,0.561868232082192,
1.),(1.,0.608331632335859,1.),(1.,0.667642680059699,1.),(1.,0.718193515062526,
1.),(1.,0.761110805091938,1.),(1.,0.797144116491724,1.),(1.,0.83617146493713,
1.),(1.,0.856299371559415,1.),(1.,0.866025403765603,1.)))
REPRESENTATION_ITEM('')
SURFACE()
);
#46=(
BOUNDED_SURFACE()
B_SPLINE_SURFACE(3,2,((#4800,#4801,#4802),(#4803,#4804,#4805),(#4806,#4807,
#4808),(#4809,#4810,#4811),(#4812,#4813,#4814)),.UNSPECIFIED.,.F.,.F.,.F.)
B_SPLINE_SURFACE_WITH_KNOTS((4,1,4),(3,3),(3.65326213625697,3.86107500392502,
4.06888787159307),(0.,1.),.UNSPECIFIED.)
GEOMETRIC_REPRESENTATION_ITEM()
RATIONAL_B_SPLINE_SURFACE(((1.,0.437866186531382,1.),(1.,0.451559419792045,
1.),(1.,0.482710796205989,1.),(1.,0.518274599001596,1.),(1.,0.536533284749891,
1.)))
REPRESENTATION_ITEM('')
SURFACE()
);
#47=(
BOUNDED_SURFACE()
B_SPLINE_SURFACE(3,2,((#4821,#4822,#4823),(#4824,#4825,#4826),(#4827,#4828,
#4829),(#4830,#4831,#4832),(#4833,#4834,#4835),(#4836,#4837,#4838)),
 .UNSPECIFIED.,.F.,.F.,.F.)
B_SPLINE_SURFACE_WITH_KNOTS((4,1,1,4),(3,3),(0.00177174670328469,0.0025894542239951,
0.0029983079843503,0.0034071617447055),(0.,0.918797680930745),
 .UNSPECIFIED.)
GEOMETRIC_REPRESENTATION_ITEM()
RATIONAL_B_SPLINE_SURFACE(((1.,0.537157088856431,0.924832164500754),(1.,
0.543192624310812,0.925812363452196),(1.,0.540239888689433,0.925332825492087),
(1.,0.515218826529685,0.921269288946192),(1.,0.495299061042112,0.918034226640378),
(1.,0.483512755812304,0.916120076004542)))
REPRESENTATION_ITEM('')
SURFACE()
);
#48=(
BOUNDED_SURFACE()
B_SPLINE_SURFACE(3,2,((#4866,#4867,#4868),(#4869,#4870,#4871),(#4872,#4873,
#4874),(#4875,#4876,#4877)),.UNSPECIFIED.,.F.,.F.,.F.)
B_SPLINE_SURFACE_WITH_KNOTS((4,4),(3,3),(0.00307558640303829,0.00402804875178432),
(0.12181568099037,1.),.UNSPECIFIED.)
GEOMETRIC_REPRESENTATION_ITEM()
RATIONAL_B_SPLINE_SURFACE(((0.892221385298283,0.557616007128682,1.),(0.892362719456229,
0.558196121925057,1.),(0.892470004114735,0.55863647844416,1.),(0.892552904936905,
0.558976749998264,1.)))
REPRESENTATION_ITEM('')
SURFACE()
);
#49=(
BOUNDED_SURFACE()
B_SPLINE_SURFACE(3,2,((#4887,#4888,#4889),(#4890,#4891,#4892),(#4893,#4894,
#4895),(#4896,#4897,#4898),(#4899,#4900,#4901),(#4902,#4903,#4904),(#4905,
#4906,#4907),(#4908,#4909,#4910)),.UNSPECIFIED.,.F.,.F.,.F.)
B_SPLINE_SURFACE_WITH_KNOTS((4,1,1,1,1,4),(3,3),(0.00243001446610276,0.00307752368730351,
0.00340127829790389,0.00372503290850426,0.00437254212970502,0.00502005135090577),
(0.122003583729633,1.),.UNSPECIFIED.)
GEOMETRIC_REPRESENTATION_ITEM()
RATIONAL_B_SPLINE_SURFACE(((0.892410191612361,0.55907111455814,1.),(0.892212315571968,
0.558260171000815,1.),(0.891858781290313,0.55681130257069,1.),(0.891370163364052,
0.554808828908344,1.),(0.890900458323816,0.552883864797138,1.),(0.890371713002079,
0.550716939426697,1.),(0.890020518525671,0.549277660080665,1.),(0.889863254907983,
0.548633155989556,1.)))
REPRESENTATION_ITEM('')
SURFACE()
);
#50=(
BOUNDED_SURFACE()
B_SPLINE_SURFACE(3,2,((#4953,#4954,#4955),(#4956,#4957,#4958),(#4959,#4960,
#4961),(#4962,#4963,#4964),(#4965,#4966,#4967),(#4968,#4969,#4970),(#4971,
#4972,#4973),(#4974,#4975,#4976)),.UNSPECIFIED.,.F.,.F.,.F.)
B_SPLINE_SURFACE_WITH_KNOTS((4,1,1,1,1,4),(3,3),(0.727865878007975,0.945207408180645,
1.16224025729816,1.5963059555332,2.03037165376823,2.46443735200327),(-3.47175920140819E-5,
1.00030868105515),.UNSPECIFIED.)
GEOMETRIC_REPRESENTATION_ITEM()
RATIONAL_B_SPLINE_SURFACE(((1.00003570217748,0.485661355333567,1.00031752216408),
(1.00003448443868,0.503204546420899,1.00030669203872),(1.00003188834998,
0.540604751073924,1.00028360337128),(1.00002643395398,0.619182777572577,
1.00023509395966),(1.00001968848045,0.716360539747817,1.00017510217475),
(1.00001284500271,0.814950186409798,1.00011423877611),(1.00000955101085,
0.862404639678966,1.00008494321208),(1.00000828736329,0.880609209200478,
1.00007370479092)))
REPRESENTATION_ITEM('')
SURFACE()
);
#51=(
BOUNDED_SURFACE()
B_SPLINE_SURFACE(3,2,((#5030,#5031,#5032),(#5033,#5034,#5035),(#5036,#5037,
#5038),(#5039,#5040,#5041),(#5042,#5043,#5044),(#5045,#5046,#5047),(#5048,
#5049,#5050),(#5051,#5052,#5053),(#5054,#5055,#5056),(#5057,#5058,#5059)),
 .UNSPECIFIED.,.F.,.F.,.F.)
B_SPLINE_SURFACE_WITH_KNOTS((4,1,1,1,1,1,1,4),(3,3),(0.0186861727678807,
0.0192700874703479,0.019854002172815,0.0204379168752821,0.0210218315777493,
0.0216057462802164,0.0221896609826836,0.0233574903876178),(0.,1.),
 .UNSPECIFIED.)
GEOMETRIC_REPRESENTATION_ITEM()
RATIONAL_B_SPLINE_SURFACE(((1.,0.536533284749891,1.),(1.,0.561868232086121,
1.),(1.,0.608331632346415,1.),(1.,0.667642680077217,1.),(1.,0.718193515084698,
1.),(1.,0.761110805116907,1.),(1.,0.797144116517434,1.),(1.,0.83617146496164,
1.),(1.,0.856299371580563,1.),(1.,0.866025403783801,1.)))
REPRESENTATION_ITEM('')
SURFACE()
);
#52=(
BOUNDED_SURFACE()
B_SPLINE_SURFACE(3,2,((#5061,#5062,#5063),(#5064,#5065,#5066),(#5067,#5068,
#5069),(#5070,#5071,#5072),(#5073,#5074,#5075)),.UNSPECIFIED.,.F.,.F.,.F.)
B_SPLINE_SURFACE_WITH_KNOTS((4,1,4),(3,3),(0.511669482667179,0.719482350335229,
0.92729521800328),(0.,1.),.UNSPECIFIED.)
GEOMETRIC_REPRESENTATION_ITEM()
RATIONAL_B_SPLINE_SURFACE(((1.,0.437866186531381,1.),(1.,0.451559419792438,
1.),(1.,0.482710796205804,1.),(1.,0.518274599001569,1.),(1.,0.536533284749891,
1.)))
REPRESENTATION_ITEM('')
SURFACE()
);
#53=(
BOUNDED_SURFACE()
B_SPLINE_SURFACE(3,2,((#5082,#5083,#5084),(#5085,#5086,#5087),(#5088,#5089,
#5090),(#5091,#5092,#5093),(#5094,#5095,#5096),(#5097,#5098,#5099)),
 .UNSPECIFIED.,.F.,.F.,.F.)
B_SPLINE_SURFACE_WITH_KNOTS((4,1,1,4),(3,3),(0.00177174670328469,0.00258945422399509,
0.00299830798435029,0.00340716174470549),(0.,0.918797680930745),
 .UNSPECIFIED.)
GEOMETRIC_REPRESENTATION_ITEM()
RATIONAL_B_SPLINE_SURFACE(((1.,0.53715708885643,0.924832164500754),(1.,
0.543192624311123,0.925812363452246),(1.,0.540239888689351,0.925332825492073),
(1.,0.51521882652972,0.921269288946197),(1.,0.495299061042063,0.91803422664037),
(1.,0.483512755812305,0.916120076004541)))
REPRESENTATION_ITEM('')
SURFACE()
);
#54=(
BOUNDED_SURFACE()
B_SPLINE_SURFACE(3,2,((#5127,#5128,#5129),(#5130,#5131,#5132),(#5133,#5134,
#5135),(#5136,#5137,#5138)),.UNSPECIFIED.,.F.,.F.,.F.)
B_SPLINE_SURFACE_WITH_KNOTS((4,4),(3,3),(0.00307558640303829,0.00402804875178432),
(0.121815680990371,1.),.UNSPECIFIED.)
GEOMETRIC_REPRESENTATION_ITEM()
RATIONAL_B_SPLINE_SURFACE(((0.892221385298282,0.557616007128682,1.),(0.892362719456397,
0.558196121925749,1.),(0.892470004114767,0.558636478444292,1.),(0.892552904936904,
0.558976749998265,1.)))
REPRESENTATION_ITEM('')
SURFACE()
);
#55=(
BOUNDED_SURFACE()
B_SPLINE_SURFACE(3,2,((#5148,#5149,#5150),(#5151,#5152,#5153),(#5154,#5155,
#5156),(#5157,#5158,#5159),(#5160,#5161,#5162),(#5163,#5164,#5165),(#5166,
#5167,#5168),(#5169,#5170,#5171)),.UNSPECIFIED.,.F.,.F.,.F.)
B_SPLINE_SURFACE_WITH_KNOTS((4,1,1,1,1,4),(3,3),(0.677155301586567,1.11122099982159,
1.54528669805662,1.97935239629164,2.19638524540915,2.41372677558335),(-0.000308681056686621,
1.00003471759181),.UNSPECIFIED.)
GEOMETRIC_REPRESENTATION_ITEM()
RATIONAL_B_SPLINE_SURFACE(((1.00007370479128,0.880609209200314,1.00000828736324),
(1.0000849432125,0.862404639678491,1.00000955101079),(1.00011423877668,
0.814950186409689,1.00001284500264),(1.00017510217562,0.716360539747368,
1.00001968848033),(1.00023509396083,0.619182777572167,1.00002643395382),
(1.00028360337269,0.540604751073011,1.00003188834979),(1.00030669204024,
0.503204546420335,1.00003448443847),(1.00031752216565,0.485661355332513,
1.00003570217726)))
REPRESENTATION_ITEM('')
SURFACE()
);
#56=(
BOUNDED_SURFACE()
B_SPLINE_SURFACE(3,2,((#5227,#5228,#5229),(#5230,#5231,#5232),(#5233,#5234,
#5235),(#5236,#5237,#5238),(#5239,#5240,#5241),(#5242,#5243,#5244),(#5245,
#5246,#5247),(#5248,#5249,#5250)),.UNSPECIFIED.,.F.,.F.,.F.)
B_SPLINE_SURFACE_WITH_KNOTS((4,1,1,1,1,4),(3,3),(0.00243001446610276,0.00307752368730352,
0.00340127829790389,0.00372503290850427,0.00437254212970502,0.00502005135090577),
(0.122003583729632,1.),.UNSPECIFIED.)
GEOMETRIC_REPRESENTATION_ITEM()
RATIONAL_B_SPLINE_SURFACE(((0.892410191612362,0.55907111455814,1.),(0.892212315571933,
0.558260171000667,1.),(0.891858781290312,0.556811302570685,1.),(0.891370163364066,
0.554808828908399,1.),(0.890900458323789,0.552883864797025,1.),(0.890371713002261,
0.550716939427441,1.),(0.890020518525294,0.549277660079118,1.),(0.889863254907984,
0.548633155989557,1.)))
REPRESENTATION_ITEM('')
SURFACE()
);
#57=(
BOUNDED_SURFACE()
B_SPLINE_SURFACE(3,2,((#5259,#5260,#5261),(#5262,#5263,#5264),(#5265,#5266,
#5267),(#5268,#5269,#5270),(#5271,#5272,#5273),(#5274,#5275,#5276),(#5277,
#5278,#5279)),.UNSPECIFIED.,.F.,.F.,.F.)
B_SPLINE_SURFACE_WITH_KNOTS((4,1,1,1,4),(3,3),(-1.0842021724855E-19,0.000260590230542776,
0.000521180461085553,0.000781770691628329,0.00104236092217111),(0.,1.),
 .UNSPECIFIED.)
GEOMETRIC_REPRESENTATION_ITEM()
RATIONAL_B_SPLINE_SURFACE(((1.,0.707106781186549,1.),(1.,0.686778559828351,
1.),(1.,0.644592761006862,1.),(1.,0.575706046706648,1.),(1.,0.501265889018986,
1.),(1.,0.450702271254842,1.),(1.,0.427425207132564,1.)))
REPRESENTATION_ITEM('')
SURFACE()
);
#58=(
BOUNDED_SURFACE()
B_SPLINE_SURFACE(3,2,((#5283,#5284,#5285),(#5286,#5287,#5288),(#5289,#5290,
#5291),(#5292,#5293,#5294),(#5295,#5296,#5297),(#5298,#5299,#5300),(#5301,
#5302,#5303)),.UNSPECIFIED.,.F.,.F.,.F.)
B_SPLINE_SURFACE_WITH_KNOTS((4,1,1,1,4),(3,3),(1.20668163207911,1.46980395617765,
1.73269129702047,1.99557863786328,2.25870096196183),(-0.000234983255732845,
1.),.UNSPECIFIED.)
GEOMETRIC_REPRESENTATION_ITEM()
RATIONAL_B_SPLINE_SURFACE(((1.00009817857718,0.791094525288314,1.),(1.00010678704535,
0.772777330425926,1.),(1.00012546450362,0.733035225794197,1.),(1.00015686349367,
0.666224103552485,1.),(1.00019027028119,0.595140767375692,1.),(1.00021260524622,
0.547616178950954,1.),(1.00022333267856,0.52479022842101,0.999999999999999)))
REPRESENTATION_ITEM('')
SURFACE()
);
#59=(
BOUNDED_SURFACE()
B_SPLINE_SURFACE(3,2,((#5306,#5307,#5308),(#5309,#5310,#5311),(#5312,#5313,
#5314),(#5315,#5316,#5317),(#5318,#5319,#5320)),.UNSPECIFIED.,.F.,.F.,.F.)
B_SPLINE_SURFACE_WITH_KNOTS((4,1,4),(3,3),(-0.000218420537092409,0.00109210268546205,
0.00240262109423022),(0.,1.00024675948861),.UNSPECIFIED.)
GEOMETRIC_REPRESENTATION_ITEM()
RATIONAL_B_SPLINE_SURFACE(((1.,0.794772231664571,1.00010128379833),(1.,
0.793814803925135,1.00010175630709),(1.,0.792240863803069,1.00010253307641),
(1.,0.791228315638629,1.00010303278814),(1.,0.790838097823824,1.00010322536804)))
REPRESENTATION_ITEM('')
SURFACE()
);
#60=(
BOUNDED_SURFACE()
B_SPLINE_SURFACE(3,2,((#5322,#5323,#5324),(#5325,#5326,#5327),(#5328,#5329,
#5330),(#5331,#5332,#5333),(#5334,#5335,#5336),(#5337,#5338,#5339),(#5340,
#5341,#5342)),.UNSPECIFIED.,.F.,.F.,.F.)
B_SPLINE_SURFACE_WITH_KNOTS((4,1,1,1,4),(3,3),(0.,0.000686985758874241,
0.00137397151774848,0.00206095727662272,0.00274794303549696),(0.,1.),
 .UNSPECIFIED.)
GEOMETRIC_REPRESENTATION_ITEM()
RATIONAL_B_SPLINE_SURFACE(((1.,0.800637254882457,1.),(1.,0.800170488509193,
1.),(1.,0.799059488807503,1.),(1.,0.797262580647809,1.),(1.,0.795659876153066,
1.),(1.,0.794764011348024,1.),(1.,0.794358327127347,1.)))
REPRESENTATION_ITEM('')
SURFACE()
);
#61=(
BOUNDED_SURFACE()
B_SPLINE_SURFACE(3,2,((#5344,#5345,#5346),(#5347,#5348,#5349),(#5350,#5351,
#5352),(#5353,#5354,#5355)),.UNSPECIFIED.,.F.,.F.,.F.)
B_SPLINE_SURFACE_WITH_KNOTS((4,4),(3,3),(-4.9439619065339E-17,0.000869117242815845),
(0.,1.),.UNSPECIFIED.)
GEOMETRIC_REPRESENTATION_ITEM()
RATIONAL_B_SPLINE_SURFACE(((1.,0.799826685931331,1.),(1.,0.80017238529681,
1.),(1.,0.800434915755505,1.),(1.,0.800637254882506,1.)))
REPRESENTATION_ITEM('')
SURFACE()
);
#62=(
BOUNDED_SURFACE()
B_SPLINE_SURFACE(3,2,((#5357,#5358,#5359),(#5360,#5361,#5362),(#5363,#5364,
#5365),(#5366,#5367,#5368),(#5369,#5370,#5371)),.UNSPECIFIED.,.F.,.F.,.F.)
B_SPLINE_SURFACE_WITH_KNOTS((4,1,4),(3,3),(-1.0842021724855E-19,0.000691013265917795,
0.00138202653183559),(0.,1.),.UNSPECIFIED.)
GEOMETRIC_REPRESENTATION_ITEM()
RATIONAL_B_SPLINE_SURFACE(((1.,0.89383323995065,1.),(1.,0.866524875239983,
1.),(1.,0.818334275209661,1.),(1.,0.79932876605936,1.),(1.,0.799826685931329,
1.)))
REPRESENTATION_ITEM('')
SURFACE()
);
#63=(
BOUNDED_SURFACE()
B_SPLINE_SURFACE(3,2,((#5373,#5374,#5375),(#5376,#5377,#5378),(#5379,#5380,
#5381),(#5382,#5383,#5384)),.UNSPECIFIED.,.F.,.F.,.F.)
B_SPLINE_SURFACE_WITH_KNOTS((4,4),(3,3),(-3.34837690780931E-5,0.000368321459859026),
(0.,1.00007110907923),.UNSPECIFIED.)
GEOMETRIC_REPRESENTATION_ITEM()
RATIONAL_B_SPLINE_SURFACE(((1.,0.934690521205328,1.0000092881938),(1.,0.919829542274333,
1.00001140169486),(1.,0.904700596090102,1.00001355330573),(1.,0.890184381246464,
1.00001561777507)))
REPRESENTATION_ITEM('')
SURFACE()
);
#64=(
BOUNDED_SURFACE()
B_SPLINE_SURFACE(3,2,((#5386,#5387,#5388),(#5389,#5390,#5391),(#5392,#5393,
#5394),(#5395,#5396,#5397),(#5398,#5399,#5400),(#5401,#5402,#5403),(#5404,
#5405,#5406),(#5407,#5408,#5409),(#5410,#5411,#5412),(#5413,#5414,#5415),
(#5416,#5417,#5418)),.UNSPECIFIED.,.F.,.F.,.F.)
B_SPLINE_SURFACE_WITH_KNOTS((4,1,1,1,1,1,1,1,4),(3,3),(-2.16840434497101E-19,
0.00117278961758764,0.00175918442638146,0.00234557923517528,0.00263877663957219,
0.0029319740439691,0.00351836885276292,0.00410476366155674,0.00469115847035056),
(0.,1.),.UNSPECIFIED.)
GEOMETRIC_REPRESENTATION_ITEM()
RATIONAL_B_SPLINE_SURFACE(((1.,0.930975111781253,1.),(1.,0.935603682997016,
1.),(1.,0.943415970850016,1.),(1.,0.952303487903102,1.),(1.,0.956129491362106,
1.),(1.,0.957766756492032,1.),(1.,0.958291726839931,1.),(1.,0.95660517288689,
1.),(1.,0.950634272968559,1.),(1.,0.943992970196933,1.),(1.,0.940064322206965,
1.)))
REPRESENTATION_ITEM('')
SURFACE()
);
#65=(
BOUNDED_SURFACE()
B_SPLINE_SURFACE(3,2,((#5419,#5420,#5421),(#5422,#5423,#5424),(#5425,#5426,
#5427),(#5428,#5429,#5430),(#5431,#5432,#5433),(#5434,#5435,#5436),(#5437,
#5438,#5439)),.UNSPECIFIED.,.F.,.F.,.F.)
B_SPLINE_SURFACE_WITH_KNOTS((4,1,1,1,4),(3,3),(-2.02908436580662E-15,0.000260590230541258,
0.000521180461084546,0.000781770691627833,0.00104236092217112),(0.,1.),
 .UNSPECIFIED.)
GEOMETRIC_REPRESENTATION_ITEM()
RATIONAL_B_SPLINE_SURFACE(((1.,0.707106781186547,1.),(1.,0.686778559890831,
1.),(1.,0.644592760978433,1.),(1.,0.57570604671473,1.),(1.,0.501265889016745,
1.),(1.,0.450702271255246,1.),(1.,0.427425207132556,1.)))
REPRESENTATION_ITEM('')
SURFACE()
);
#66=(
BOUNDED_SURFACE()
B_SPLINE_SURFACE(3,2,((#5443,#5444,#5445),(#5446,#5447,#5448),(#5449,#5450,
#5451),(#5452,#5453,#5454),(#5455,#5456,#5457),(#5458,#5459,#5460),(#5461,
#5462,#5463)),.UNSPECIFIED.,.F.,.F.,.F.)
B_SPLINE_SURFACE_WITH_KNOTS((4,1,1,1,4),(3,3),(0.88289169162857,1.14601401572657,
1.40890135656936,1.67178869741216,1.93491102151016),(0.,1.0002349832552),
 .UNSPECIFIED.)
GEOMETRIC_REPRESENTATION_ITEM()
RATIONAL_B_SPLINE_SURFACE(((1.,0.524790228421423,1.00022333267806),(1.,
0.547616178950488,1.00021260524574),(1.,0.595140767376334,1.00019027028076),
(1.,0.666224103552629,1.00015686349331),(1.,0.733035225794114,1.00012546450333),
(1.,0.772777330426428,1.0001067870451),(1.,0.791094525288314,1.00009817857695)))
REPRESENTATION_ITEM('')
SURFACE()
);
#67=(
BOUNDED_SURFACE()
B_SPLINE_SURFACE(3,2,((#5466,#5467,#5468),(#5469,#5470,#5471),(#5472,#5473,
#5474),(#5475,#5476,#5477),(#5478,#5479,#5480)),.UNSPECIFIED.,.F.,.F.,.F.)
B_SPLINE_SURFACE_WITH_KNOTS((4,1,4),(3,3),(-7.68355847165284E-5,0.0010928065963939,
0.00226245359690061),(-7.68404041128032E-5,1.),.UNSPECIFIED.)
GEOMETRIC_REPRESENTATION_ITEM()
RATIONAL_B_SPLINE_SURFACE(((1.00003211864502,0.791004189819983,1.),(1.00003206161119,
0.791375308589401,1.),(1.00003192029759,0.792294835234701,1.),(1.00003170701029,
0.793682694317767,1.),(1.00003158102743,0.794502463935356,1.)))
REPRESENTATION_ITEM('')
SURFACE()
);
#68=(
BOUNDED_SURFACE()
B_SPLINE_SURFACE(3,2,((#5482,#5483,#5484),(#5485,#5486,#5487),(#5488,#5489,
#5490),(#5491,#5492,#5493),(#5494,#5495,#5496),(#5497,#5498,#5499),(#5500,
#5501,#5502),(#5503,#5504,#5505)),.UNSPECIFIED.,.F.,.F.,.F.)
B_SPLINE_SURFACE_WITH_KNOTS((4,1,1,1,1,4),(3,3),(0.,0.000687206488604546,
0.00137441297720909,0.00171801622151137,0.00206161946581364,0.00274882595441818),
(0.,1.),.UNSPECIFIED.)
GEOMETRIC_REPRESENTATION_ITEM()
RATIONAL_B_SPLINE_SURFACE(((1.,0.794358327127346,1.),(1.,0.794764133051539,
1.),(1.,0.795660361346531,1.),(1.,0.797003543161098,1.),(1.,0.798170701833887,
1.),(1.,0.799336359732923,1.),(1.,0.800170336403246,1.),(1.,0.800637254882455,
1.)))
REPRESENTATION_ITEM('')
SURFACE()
);
#69=(
BOUNDED_SURFACE()
B_SPLINE_SURFACE(3,2,((#5507,#5508,#5509),(#5510,#5511,#5512),(#5513,#5514,
#5515),(#5516,#5517,#5518)),.UNSPECIFIED.,.F.,.F.,.F.)
B_SPLINE_SURFACE_WITH_KNOTS((4,4),(3,3),(-5.0415401020576E-17,0.000869117242815852),
(0.,1.),.UNSPECIFIED.)
GEOMETRIC_REPRESENTATION_ITEM()
RATIONAL_B_SPLINE_SURFACE(((1.,0.799826685931331,1.),(1.,0.800172385297247,
1.),(1.,0.800434915755715,1.),(1.,0.800637254882506,1.)))
REPRESENTATION_ITEM('')
SURFACE()
);
#70=(
BOUNDED_SURFACE()
B_SPLINE_SURFACE(3,2,((#5520,#5521,#5522),(#5523,#5524,#5525),(#5526,#5527,
#5528),(#5529,#5530,#5531),(#5532,#5533,#5534)),.UNSPECIFIED.,.F.,.F.,.F.)
B_SPLINE_SURFACE_WITH_KNOTS((4,1,4),(3,3),(-1.35525271560688E-19,0.000691013265917791,
0.00138202653183558),(0.,1.),.UNSPECIFIED.)
GEOMETRIC_REPRESENTATION_ITEM()
RATIONAL_B_SPLINE_SURFACE(((1.,0.89383323995065,1.),(1.,0.866524875240229,
1.),(1.,0.818334275209564,1.),(1.,0.799328766059308,1.),(1.,0.799826685931329,
1.)))
REPRESENTATION_ITEM('')
SURFACE()
);
#71=(
BOUNDED_SURFACE()
B_SPLINE_SURFACE(3,2,((#5536,#5537,#5538),(#5539,#5540,#5541),(#5542,#5543,
#5544),(#5545,#5546,#5547)),.UNSPECIFIED.,.F.,.F.,.F.)
B_SPLINE_SURFACE_WITH_KNOTS((4,4),(3,3),(-3.34837690780949E-5,0.000368321459859039),
(0.,1.00007110907921),.UNSPECIFIED.)
GEOMETRIC_REPRESENTATION_ITEM()
RATIONAL_B_SPLINE_SURFACE(((1.,0.93469052120533,1.0000092881938),(1.,0.919829542274331,
1.00001140169486),(1.,0.90470059609017,1.00001355330572),(1.,0.890184381246448,
1.00001561777506)))
REPRESENTATION_ITEM('')
SURFACE()
);
#72=(
BOUNDED_SURFACE()
B_SPLINE_SURFACE(3,2,((#5549,#5550,#5551),(#5552,#5553,#5554),(#5555,#5556,
#5557),(#5558,#5559,#5560),(#5561,#5562,#5563),(#5564,#5565,#5566),(#5567,
#5568,#5569),(#5570,#5571,#5572),(#5573,#5574,#5575),(#5576,#5577,#5578),
(#5579,#5580,#5581)),.UNSPECIFIED.,.F.,.F.,.F.)
B_SPLINE_SURFACE_WITH_KNOTS((4,1,1,1,1,1,1,1,4),(3,3),(-2.16840434497101E-19,
0.00117278961529306,0.00175918442293959,0.00234557923058612,0.00263877663440938,
0.00293197403823265,0.00351836884587917,0.0041047636535257,0.00469115846117223),
(0.,1.),.UNSPECIFIED.)
GEOMETRIC_REPRESENTATION_ITEM()
RATIONAL_B_SPLINE_SURFACE(((1.,0.930975111781254,1.),(1.,0.935603682987829,
1.),(1.,0.943415970823365,1.),(1.,0.952303487867818,1.),(1.,0.956129491333139,
1.),(1.,0.957766756476797,1.),(1.,0.95829172684604,1.),(1.,0.956605172930608,
1.),(1.,0.950634273076237,1.),(1.,0.943992970354172,1.),(1.,0.940064322390868,
1.)))
REPRESENTATION_ITEM('')
SURFACE()
);
#73=(
BOUNDED_SURFACE()
B_SPLINE_SURFACE(3,2,((#5582,#5583,#5584),(#5585,#5586,#5587),(#5588,#5589,
#5590),(#5591,#5592,#5593),(#5594,#5595,#5596)),.UNSPECIFIED.,.F.,.F.,.F.)
B_SPLINE_SURFACE_WITH_KNOTS((4,1,4),(3,3),(4.71238898038469,5.05622380634029,
5.40005863229589),(0.,1.),.UNSPECIFIED.)
GEOMETRIC_REPRESENTATION_ITEM()
RATIONAL_B_SPLINE_SURFACE(((1.,0.707106781186548,1.),(1.,0.678453578643804,
1.),(1.,0.617587476488706,1.),(1.,0.554786915889318,1.),(1.,0.524963011054835,
1.)))
REPRESENTATION_ITEM('')
SURFACE()
);
#74=(
BOUNDED_SURFACE()
B_SPLINE_SURFACE(3,2,((#5597,#5598,#5599),(#5600,#5601,#5602),(#5603,#5604,
#5605),(#5606,#5607,#5608),(#5609,#5610,#5611)),.UNSPECIFIED.,.F.,.F.,.F.)
B_SPLINE_SURFACE_WITH_KNOTS((4,1,4),(3,3),(4.02471932847355,4.36855415442912,
4.71238898038469),(0.,1.),.UNSPECIFIED.)
GEOMETRIC_REPRESENTATION_ITEM()
RATIONAL_B_SPLINE_SURFACE(((1.,0.52496301105485,1.),(1.,0.554786915889323,
1.),(1.,0.617587476488711,1.),(1.,0.678453578643814,1.),(1.,0.707106781186548,
1.)))
REPRESENTATION_ITEM('')
SURFACE()
);
#75=PLANE('',#1778);
#76=PLANE('',#1779);
#77=PLANE('',#1789);
#78=PLANE('',#1797);
#79=PLANE('',#1800);
#80=PLANE('',#1804);
#81=PLANE('',#1851);
#82=PLANE('',#1852);
#83=PLANE('',#1855);
#84=PLANE('',#1856);
#85=PLANE('',#1860);
#86=PLANE('',#1861);
#87=PLANE('',#1870);
#88=PLANE('',#1879);
#89=PLANE('',#1884);
#90=PLANE('',#1889);
#91=PLANE('',#1895);
#92=PLANE('',#1896);
#93=PLANE('',#1900);
#94=PLANE('',#1904);
#95=FACE_OUTER_BOUND('',#205,.T.);
#96=FACE_OUTER_BOUND('',#206,.T.);
#97=FACE_OUTER_BOUND('',#207,.T.);
#98=FACE_OUTER_BOUND('',#208,.T.);
#99=FACE_OUTER_BOUND('',#209,.T.);
#100=FACE_OUTER_BOUND('',#210,.T.);
#101=FACE_OUTER_BOUND('',#211,.T.);
#102=FACE_OUTER_BOUND('',#212,.T.);
#103=FACE_OUTER_BOUND('',#213,.T.);
#104=FACE_OUTER_BOUND('',#214,.T.);
#105=FACE_OUTER_BOUND('',#215,.T.);
#106=FACE_OUTER_BOUND('',#216,.T.);
#107=FACE_OUTER_BOUND('',#217,.T.);
#108=FACE_OUTER_BOUND('',#218,.T.);
#109=FACE_OUTER_BOUND('',#219,.T.);
#110=FACE_OUTER_BOUND('',#220,.T.);
#111=FACE_OUTER_BOUND('',#221,.T.);
#112=FACE_OUTER_BOUND('',#222,.T.);
#113=FACE_OUTER_BOUND('',#223,.T.);
#114=FACE_OUTER_BOUND('',#224,.T.);
#115=FACE_OUTER_BOUND('',#225,.T.);
#116=FACE_OUTER_BOUND('',#226,.T.);
#117=FACE_OUTER_BOUND('',#227,.T.);
#118=FACE_OUTER_BOUND('',#228,.T.);
#119=FACE_OUTER_BOUND('',#229,.T.);
#120=FACE_OUTER_BOUND('',#230,.T.);
#121=FACE_OUTER_BOUND('',#231,.T.);
#122=FACE_OUTER_BOUND('',#232,.T.);
#123=FACE_OUTER_BOUND('',#233,.T.);
#124=FACE_OUTER_BOUND('',#234,.T.);
#125=FACE_OUTER_BOUND('',#235,.T.);
#126=FACE_OUTER_BOUND('',#236,.T.);
#127=FACE_OUTER_BOUND('',#237,.T.);
#128=FACE_OUTER_BOUND('',#238,.T.);
#129=FACE_OUTER_BOUND('',#239,.T.);
#130=FACE_OUTER_BOUND('',#240,.T.);
#131=FACE_OUTER_BOUND('',#241,.T.);
#132=FACE_OUTER_BOUND('',#242,.T.);
#133=FACE_OUTER_BOUND('',#243,.T.);
#134=FACE_OUTER_BOUND('',#244,.T.);
#135=FACE_OUTER_BOUND('',#245,.T.);
#136=FACE_OUTER_BOUND('',#246,.T.);
#137=FACE_OUTER_BOUND('',#247,.T.);
#138=FACE_OUTER_BOUND('',#248,.T.);
#139=FACE_OUTER_BOUND('',#249,.T.);
#140=FACE_OUTER_BOUND('',#250,.T.);
#141=FACE_OUTER_BOUND('',#251,.T.);
#142=FACE_OUTER_BOUND('',#252,.T.);
#143=FACE_OUTER_BOUND('',#253,.T.);
#144=FACE_OUTER_BOUND('',#254,.T.);
#145=FACE_OUTER_BOUND('',#255,.T.);
#146=FACE_OUTER_BOUND('',#256,.T.);
#147=FACE_OUTER_BOUND('',#257,.T.);
#148=FACE_OUTER_BOUND('',#258,.T.);
#149=FACE_OUTER_BOUND('',#259,.T.);
#150=FACE_OUTER_BOUND('',#260,.T.);
#151=FACE_OUTER_BOUND('',#261,.T.);
#152=FACE_OUTER_BOUND('',#262,.T.);
#153=FACE_OUTER_BOUND('',#263,.T.);
#154=FACE_OUTER_BOUND('',#264,.T.);
#155=FACE_OUTER_BOUND('',#265,.T.);
#156=FACE_OUTER_BOUND('',#266,.T.);
#157=FACE_OUTER_BOUND('',#267,.T.);
#158=FACE_OUTER_BOUND('',#268,.T.);
#159=FACE_OUTER_BOUND('',#269,.T.);
#160=FACE_OUTER_BOUND('',#270,.T.);
#161=FACE_OUTER_BOUND('',#271,.T.);
#162=FACE_OUTER_BOUND('',#272,.T.);
#163=FACE_OUTER_BOUND('',#273,.T.);
#164=FACE_OUTER_BOUND('',#274,.T.);
#165=FACE_OUTER_BOUND('',#275,.T.);
#166=FACE_OUTER_BOUND('',#276,.T.);
#167=FACE_OUTER_BOUND('',#277,.T.);
#168=FACE_OUTER_BOUND('',#278,.T.);
#169=FACE_OUTER_BOUND('',#279,.T.);
#170=FACE_OUTER_BOUND('',#280,.T.);
#171=FACE_OUTER_BOUND('',#281,.T.);
#172=FACE_OUTER_BOUND('',#282,.T.);
#173=FACE_OUTER_BOUND('',#283,.T.);
#174=FACE_OUTER_BOUND('',#284,.T.);
#175=FACE_OUTER_BOUND('',#285,.T.);
#176=FACE_OUTER_BOUND('',#286,.T.);
#177=FACE_OUTER_BOUND('',#287,.T.);
#178=FACE_OUTER_BOUND('',#288,.T.);
#179=FACE_OUTER_BOUND('',#289,.T.);
#180=FACE_OUTER_BOUND('',#290,.T.);
#181=FACE_OUTER_BOUND('',#291,.T.);
#182=FACE_OUTER_BOUND('',#292,.T.);
#183=FACE_OUTER_BOUND('',#293,.T.);
#184=FACE_OUTER_BOUND('',#294,.T.);
#185=FACE_OUTER_BOUND('',#295,.T.);
#186=FACE_OUTER_BOUND('',#296,.T.);
#187=FACE_OUTER_BOUND('',#297,.T.);
#188=FACE_OUTER_BOUND('',#298,.T.);
#189=FACE_OUTER_BOUND('',#299,.T.);
#190=FACE_OUTER_BOUND('',#300,.T.);
#191=FACE_OUTER_BOUND('',#301,.T.);
#192=FACE_OUTER_BOUND('',#302,.T.);
#193=FACE_OUTER_BOUND('',#303,.T.);
#194=FACE_OUTER_BOUND('',#304,.T.);
#195=FACE_OUTER_BOUND('',#305,.T.);
#196=FACE_OUTER_BOUND('',#306,.T.);
#197=FACE_OUTER_BOUND('',#307,.T.);
#198=FACE_OUTER_BOUND('',#308,.T.);
#199=FACE_OUTER_BOUND('',#309,.T.);
#200=FACE_OUTER_BOUND('',#310,.T.);
#201=FACE_OUTER_BOUND('',#311,.T.);
#202=FACE_OUTER_BOUND('',#312,.T.);
#203=FACE_OUTER_BOUND('',#313,.T.);
#204=FACE_OUTER_BOUND('',#314,.T.);
#205=EDGE_LOOP('',(#1079,#1080,#1081,#1082,#1083,#1084,#1085,#1086));
#206=EDGE_LOOP('',(#1087,#1088,#1089,#1090,#1091,#1092,#1093,#1094));
#207=EDGE_LOOP('',(#1095,#1096,#1097,#1098));
#208=EDGE_LOOP('',(#1099,#1100,#1101,#1102,#1103));
#209=EDGE_LOOP('',(#1104,#1105,#1106,#1107,#1108,#1109,#1110,#1111,#1112,
#1113,#1114,#1115,#1116,#1117,#1118,#1119,#1120,#1121,#1122));
#210=EDGE_LOOP('',(#1123,#1124,#1125,#1126,#1127));
#211=EDGE_LOOP('',(#1128,#1129,#1130,#1131));
#212=EDGE_LOOP('',(#1132,#1133,#1134,#1135));
#213=EDGE_LOOP('',(#1136,#1137,#1138,#1139));
#214=EDGE_LOOP('',(#1140,#1141,#1142,#1143));
#215=EDGE_LOOP('',(#1144,#1145,#1146,#1147,#1148,#1149));
#216=EDGE_LOOP('',(#1150,#1151,#1152,#1153));
#217=EDGE_LOOP('',(#1154,#1155,#1156,#1157));
#218=EDGE_LOOP('',(#1158,#1159,#1160,#1161));
#219=EDGE_LOOP('',(#1162,#1163,#1164,#1165));
#220=EDGE_LOOP('',(#1166,#1167,#1168,#1169));
#221=EDGE_LOOP('',(#1170,#1171,#1172,#1173,#1174));
#222=EDGE_LOOP('',(#1175,#1176,#1177,#1178));
#223=EDGE_LOOP('',(#1179,#1180,#1181,#1182));
#224=EDGE_LOOP('',(#1183,#1184,#1185,#1186));
#225=EDGE_LOOP('',(#1187,#1188,#1189,#1190,#1191));
#226=EDGE_LOOP('',(#1192,#1193,#1194,#1195));
#227=EDGE_LOOP('',(#1196,#1197,#1198,#1199,#1200));
#228=EDGE_LOOP('',(#1201,#1202,#1203,#1204));
#229=EDGE_LOOP('',(#1205,#1206,#1207,#1208));
#230=EDGE_LOOP('',(#1209,#1210,#1211,#1212,#1213));
#231=EDGE_LOOP('',(#1214,#1215,#1216,#1217));
#232=EDGE_LOOP('',(#1218,#1219,#1220,#1221));
#233=EDGE_LOOP('',(#1222,#1223,#1224,#1225));
#234=EDGE_LOOP('',(#1226,#1227,#1228,#1229));
#235=EDGE_LOOP('',(#1230,#1231,#1232,#1233));
#236=EDGE_LOOP('',(#1234,#1235,#1236,#1237));
#237=EDGE_LOOP('',(#1238,#1239,#1240,#1241));
#238=EDGE_LOOP('',(#1242,#1243,#1244,#1245,#1246));
#239=EDGE_LOOP('',(#1247,#1248,#1249,#1250));
#240=EDGE_LOOP('',(#1251,#1252,#1253,#1254));
#241=EDGE_LOOP('',(#1255,#1256,#1257,#1258));
#242=EDGE_LOOP('',(#1259,#1260,#1261,#1262));
#243=EDGE_LOOP('',(#1263,#1264,#1265,#1266));
#244=EDGE_LOOP('',(#1267,#1268,#1269,#1270));
#245=EDGE_LOOP('',(#1271,#1272,#1273,#1274));
#246=EDGE_LOOP('',(#1275,#1276,#1277,#1278));
#247=EDGE_LOOP('',(#1279,#1280,#1281,#1282));
#248=EDGE_LOOP('',(#1283,#1284,#1285,#1286));
#249=EDGE_LOOP('',(#1287,#1288,#1289,#1290));
#250=EDGE_LOOP('',(#1291,#1292,#1293,#1294));
#251=EDGE_LOOP('',(#1295,#1296,#1297,#1298));
#252=EDGE_LOOP('',(#1299,#1300,#1301,#1302));
#253=EDGE_LOOP('',(#1303,#1304,#1305,#1306));
#254=EDGE_LOOP('',(#1307,#1308,#1309,#1310));
#255=EDGE_LOOP('',(#1311,#1312,#1313,#1314));
#256=EDGE_LOOP('',(#1315,#1316,#1317,#1318));
#257=EDGE_LOOP('',(#1319,#1320,#1321,#1322));
#258=EDGE_LOOP('',(#1323,#1324,#1325,#1326));
#259=EDGE_LOOP('',(#1327,#1328,#1329,#1330,#1331));
#260=EDGE_LOOP('',(#1332,#1333,#1334,#1335,#1336,#1337,#1338,#1339,#1340,
#1341,#1342,#1343,#1344,#1345,#1346,#1347,#1348,#1349,#1350));
#261=EDGE_LOOP('',(#1351,#1352,#1353,#1354,#1355,#1356,#1357,#1358));
#262=EDGE_LOOP('',(#1359,#1360,#1361,#1362,#1363));
#263=EDGE_LOOP('',(#1364,#1365,#1366,#1367));
#264=EDGE_LOOP('',(#1368,#1369,#1370,#1371));
#265=EDGE_LOOP('',(#1372,#1373,#1374,#1375));
#266=EDGE_LOOP('',(#1376,#1377,#1378,#1379,#1380,#1381,#1382,#1383));
#267=EDGE_LOOP('',(#1384,#1385,#1386,#1387));
#268=EDGE_LOOP('',(#1388,#1389,#1390,#1391,#1392,#1393));
#269=EDGE_LOOP('',(#1394,#1395,#1396,#1397));
#270=EDGE_LOOP('',(#1398,#1399,#1400,#1401,#1402,#1403));
#271=EDGE_LOOP('',(#1404,#1405,#1406,#1407));
#272=EDGE_LOOP('',(#1408,#1409,#1410,#1411));
#273=EDGE_LOOP('',(#1412,#1413,#1414,#1415,#1416,#1417));
#274=EDGE_LOOP('',(#1418,#1419,#1420,#1421,#1422,#1423,#1424,#1425));
#275=EDGE_LOOP('',(#1426,#1427,#1428,#1429,#1430,#1431,#1432,#1433,#1434,
#1435,#1436,#1437,#1438,#1439,#1440,#1441,#1442,#1443,#1444,#1445,#1446,
#1447,#1448,#1449,#1450,#1451,#1452,#1453));
#276=EDGE_LOOP('',(#1454,#1455,#1456,#1457));
#277=EDGE_LOOP('',(#1458,#1459,#1460,#1461));
#278=EDGE_LOOP('',(#1462,#1463,#1464,#1465));
#279=EDGE_LOOP('',(#1466,#1467,#1468,#1469));
#280=EDGE_LOOP('',(#1470,#1471,#1472,#1473));
#281=EDGE_LOOP('',(#1474,#1475,#1476,#1477));
#282=EDGE_LOOP('',(#1478,#1479,#1480,#1481));
#283=EDGE_LOOP('',(#1482,#1483,#1484,#1485,#1486));
#284=EDGE_LOOP('',(#1487,#1488,#1489,#1490));
#285=EDGE_LOOP('',(#1491,#1492,#1493,#1494));
#286=EDGE_LOOP('',(#1495,#1496,#1497,#1498));
#287=EDGE_LOOP('',(#1499,#1500,#1501,#1502,#1503));
#288=EDGE_LOOP('',(#1504,#1505,#1506,#1507));
#289=EDGE_LOOP('',(#1508,#1509,#1510,#1511,#1512));
#290=EDGE_LOOP('',(#1513,#1514,#1515,#1516));
#291=EDGE_LOOP('',(#1517,#1518,#1519,#1520));
#292=EDGE_LOOP('',(#1521,#1522,#1523,#1524,#1525));
#293=EDGE_LOOP('',(#1526,#1527,#1528,#1529));
#294=EDGE_LOOP('',(#1530,#1531,#1532,#1533));
#295=EDGE_LOOP('',(#1534,#1535,#1536,#1537));
#296=EDGE_LOOP('',(#1538,#1539,#1540,#1541));
#297=EDGE_LOOP('',(#1542,#1543,#1544,#1545));
#298=EDGE_LOOP('',(#1546,#1547,#1548,#1549));
#299=EDGE_LOOP('',(#1550,#1551,#1552,#1553));
#300=EDGE_LOOP('',(#1554,#1555,#1556,#1557,#1558));
#301=EDGE_LOOP('',(#1559,#1560,#1561,#1562));
#302=EDGE_LOOP('',(#1563,#1564,#1565,#1566));
#303=EDGE_LOOP('',(#1567,#1568,#1569,#1570));
#304=EDGE_LOOP('',(#1571,#1572,#1573,#1574));
#305=EDGE_LOOP('',(#1575,#1576,#1577,#1578));
#306=EDGE_LOOP('',(#1579,#1580,#1581,#1582));
#307=EDGE_LOOP('',(#1583,#1584,#1585,#1586));
#308=EDGE_LOOP('',(#1587,#1588,#1589,#1590));
#309=EDGE_LOOP('',(#1591,#1592,#1593,#1594));
#310=EDGE_LOOP('',(#1595,#1596,#1597,#1598));
#311=EDGE_LOOP('',(#1599,#1600,#1601,#1602));
#312=EDGE_LOOP('',(#1603,#1604,#1605,#1606));
#313=EDGE_LOOP('',(#1607,#1608,#1609,#1610));
#314=EDGE_LOOP('',(#1611,#1612,#1613,#1614));
#315=CIRCLE('',#1771,2.6664);
#316=CIRCLE('',#1773,2.6664);
#317=CIRCLE('',#1776,0.19998);
#318=CIRCLE('',#1777,0.19998);
#319=CIRCLE('',#1780,0.6666);
#320=CIRCLE('',#1781,0.6666);
#321=CIRCLE('',#1782,0.6666);
#322=CIRCLE('',#1783,0.19998);
#323=CIRCLE('',#1784,2.6664);
#324=CIRCLE('',#1785,0.26664);
#325=CIRCLE('',#1786,3.6663);
#326=CIRCLE('',#1787,0.6666);
#327=CIRCLE('',#1788,0.6666);
#328=CIRCLE('',#1794,0.19998);
#329=CIRCLE('',#1796,0.6666);
#330=CIRCLE('',#1812,0.6666);
#331=CIRCLE('',#1813,0.6666);
#332=CIRCLE('',#1814,0.6666);
#333=CIRCLE('',#1815,0.6666);
#334=CIRCLE('',#1816,0.6666);
#335=CIRCLE('',#1817,0.6666);
#336=CIRCLE('',#1818,0.6666);
#337=CIRCLE('',#1820,0.6666);
#338=CIRCLE('',#1821,0.6666);
#339=CIRCLE('',#1822,0.6666);
#340=CIRCLE('',#1823,0.6666);
#341=CIRCLE('',#1825,0.19998);
#342=CIRCLE('',#1827,0.19998);
#343=CIRCLE('',#1828,0.19998);
#344=CIRCLE('',#1829,0.19998);
#345=CIRCLE('',#1830,0.19998);
#346=CIRCLE('',#1831,0.19998);
#347=CIRCLE('',#1832,0.19998);
#348=CIRCLE('',#1833,0.19998);
#349=CIRCLE('',#1834,0.19998);
#350=CIRCLE('',#1835,0.19998);
#351=CIRCLE('',#1836,0.19998);
#352=CIRCLE('',#1837,0.19998);
#353=CIRCLE('',#1839,0.19998);
#354=CIRCLE('',#1841,0.19998);
#355=CIRCLE('',#1842,0.19998);
#356=CIRCLE('',#1843,0.19998);
#357=CIRCLE('',#1844,0.19998);
#358=CIRCLE('',#1845,0.19998);
#359=CIRCLE('',#1846,0.19998);
#360=CIRCLE('',#1847,0.19998);
#361=CIRCLE('',#1850,0.6666);
#362=CIRCLE('',#1854,0.6666);
#363=CIRCLE('',#1858,0.19998);
#364=CIRCLE('',#1859,0.19998);
#365=CIRCLE('',#1862,0.6666);
#366=CIRCLE('',#1863,3.6663);
#367=CIRCLE('',#1864,0.26664);
#368=CIRCLE('',#1865,2.6664);
#369=CIRCLE('',#1866,0.19998);
#370=CIRCLE('',#1867,0.6666);
#371=CIRCLE('',#1868,0.6666);
#372=CIRCLE('',#1875,0.19998);
#373=CIRCLE('',#1877,0.6666);
#374=CIRCLE('',#1883,0.19998);
#375=CIRCLE('',#1886,0.19998);
#376=CIRCLE('',#1888,0.6666);
#377=CIRCLE('',#1909,0.6666);
#378=CIRCLE('',#1910,0.6666);
#379=CIRCLE('',#1911,0.6666);
#380=CIRCLE('',#1912,0.6666);
#381=CIRCLE('',#1913,0.6666);
#382=CIRCLE('',#1914,0.6666);
#383=CIRCLE('',#1915,0.6666);
#384=CIRCLE('',#1916,0.6666);
#385=CIRCLE('',#1917,0.6666);
#386=CIRCLE('',#1918,0.6666);
#387=CIRCLE('',#1919,0.19998);
#388=CIRCLE('',#1921,0.19998);
#389=CIRCLE('',#1922,0.19998);
#390=CIRCLE('',#1923,0.19998);
#391=CIRCLE('',#1924,0.19998);
#392=CIRCLE('',#1925,0.19998);
#393=CIRCLE('',#1926,0.19998);
#394=CIRCLE('',#1927,0.19998);
#395=CIRCLE('',#1928,0.19998);
#396=CIRCLE('',#1929,0.19998);
#397=CIRCLE('',#1931,0.19998);
#398=CIRCLE('',#1932,0.19998);
#399=CIRCLE('',#1933,0.19998);
#400=CIRCLE('',#1934,0.19998);
#401=CIRCLE('',#1935,0.19998);
#402=CIRCLE('',#1936,0.19998);
#403=CIRCLE('',#1937,0.19998);
#404=CIRCLE('',#1938,0.19998);
#405=ELLIPSE('',#1770,3.91482097475733,2.6664);
#406=ELLIPSE('',#1774,3.91482097475733,2.6664);
#407=ELLIPSE('',#1790,4.71357380338952,3.333);
#408=ELLIPSE('',#1792,0.274846221003673,0.26664);
#409=ELLIPSE('',#1799,4.73708304550384,3.6663);
#410=ELLIPSE('',#1801,0.0942714760677904,0.06666);
#411=ELLIPSE('',#1802,4.05367347091499,2.86638);
#412=ELLIPSE('',#1803,4.24221642305057,2.9997);
#413=ELLIPSE('',#1805,0.0942714760677904,0.06666);
#414=ELLIPSE('',#1806,4.05367347091499,2.86638);
#415=ELLIPSE('',#1807,4.24221642305057,2.9997);
#416=ELLIPSE('',#1809,4.26832261667273,2.6664);
#417=ELLIPSE('',#1811,4.26832261667273,2.6664);
#418=ELLIPSE('',#1819,4.71357380338952,3.333);
#419=ELLIPSE('',#1824,4.73708304550384,3.6663);
#420=ELLIPSE('',#1840,3.91482097475733,2.6664);
#421=ELLIPSE('',#1848,0.274846221003672,0.26664);
#422=ELLIPSE('',#1871,4.71357380338952,3.333);
#423=ELLIPSE('',#1873,0.274846221003673,0.26664);
#424=ELLIPSE('',#1881,4.73708304550384,3.6663);
#425=ELLIPSE('',#1890,4.71357380338952,3.333);
#426=ELLIPSE('',#1892,4.73708304550384,3.6663);
#427=ELLIPSE('',#1894,3.91482097475733,2.6664);
#428=ELLIPSE('',#1897,0.0942714760677904,0.06666);
#429=ELLIPSE('',#1898,4.24221642305057,2.9997);
#430=ELLIPSE('',#1899,4.05367347091499,2.86638);
#431=ELLIPSE('',#1901,0.0942714760677904,0.06666);
#432=ELLIPSE('',#1902,4.24221642305057,2.9997);
#433=ELLIPSE('',#1903,4.05367347091499,2.86638);
#434=ELLIPSE('',#1906,4.26832261667273,2.6664);
#435=ELLIPSE('',#1908,4.26832261667273,2.6664);
#436=ELLIPSE('',#1939,0.274846221003672,0.26664);
#437=B_SPLINE_CURVE_WITH_KNOTS('',3,(#2361,#2362,#2363,#2364),
 .UNSPECIFIED.,.F.,.F.,(4,4),(8.67632746193107E-18,0.000184953940794568),
 .UNSPECIFIED.);
#438=B_SPLINE_CURVE_WITH_KNOTS('',3,(#2366,#2367,#2368,#2369),
 .UNSPECIFIED.,.F.,.F.,(4,4),(0.,0.000812722795530853),.UNSPECIFIED.);
#439=B_SPLINE_CURVE_WITH_KNOTS('',3,(#2371,#2372,#2373,#2374,#2375,#2376,
#2377,#2378,#2379,#2380,#2381,#2382,#2383,#2384,#2385,#2386,#2387,#2388,
#2389,#2390,#2391,#2392,#2393,#2394,#2395,#2396,#2397,#2398,#2399,#2400,
#2401),.UNSPECIFIED.,.F.,.F.,(4,3,3,3,3,3,3,3,3,3,4),(0.,0.000647252266297055,
0.000652312584268093,0.00115721920940341,0.00129450453259411,0.00130148654749389,
0.00180695554121022,0.00194175679889117,0.00194707164523586,0.0024586610484122,
0.00258900906518822),.UNSPECIFIED.);
#440=B_SPLINE_CURVE_WITH_KNOTS('',3,(#2403,#2404,#2405,#2406,#2407,#2408,
#2409,#2410,#2411,#2412,#2413,#2414,#2415,#2416,#2417,#2418),
 .UNSPECIFIED.,.F.,.F.,(4,3,3,3,3,4),(0.,0.000726638853750427,0.00105218472529985,
0.00105493612803966,0.00177754460212973,0.0021043694505997),
 .UNSPECIFIED.);
#441=B_SPLINE_CURVE_WITH_KNOTS('',3,(#2435,#2436,#2437,#2438,#2439,#2440,
#2441,#2442,#2443,#2444,#2445,#2446,#2447,#2448,#2449,#2450),
 .UNSPECIFIED.,.F.,.F.,(4,3,3,3,3,4),(0.,0.000726638853750383,0.00105218472529985,
0.00105493612803966,0.00177754460212984,0.0021043694505997),
 .UNSPECIFIED.);
#442=B_SPLINE_CURVE_WITH_KNOTS('',3,(#2452,#2453,#2454,#2455,#2456,#2457,
#2458,#2459,#2460,#2461,#2462,#2463,#2464,#2465,#2466,#2467,#2468,#2469,
#2470,#2471,#2472,#2473,#2474,#2475,#2476,#2477,#2478,#2479,#2480,#2481,
#2482),.UNSPECIFIED.,.F.,.F.,(4,3,3,3,3,3,3,3,3,3,4),(0.,0.000647252266297055,
0.000652312584268093,0.00115721920940344,0.00129450453259411,0.00130148654749389,
0.00180695554121023,0.00194175679889117,0.00194707164523586,0.00245866104841219,
0.00258900906518822),.UNSPECIFIED.);
#443=B_SPLINE_CURVE_WITH_KNOTS('',3,(#2484,#2485,#2486,#2487),
 .UNSPECIFIED.,.F.,.F.,(4,4),(0.,0.000812722795530853),.UNSPECIFIED.);
#444=B_SPLINE_CURVE_WITH_KNOTS('',3,(#2488,#2489,#2490,#2491),
 .UNSPECIFIED.,.F.,.F.,(4,4),(8.67632746193107E-18,0.00018495394079456),
 .UNSPECIFIED.);
#445=B_SPLINE_CURVE_WITH_KNOTS('',3,(#2508,#2509,#2510,#2511,#2512,#2513,
#2514,#2515,#2516,#2517,#2518,#2519,#2520,#2521,#2522,#2523,#2524,#2525,
#2526),.UNSPECIFIED.,.F.,.F.,(4,3,3,3,3,3,4),(8.7168775853027E-18,0.000211586826699383,
0.000264727334163762,0.000529162661666863,0.000766856715082483,0.000793597983775709,
0.00105832532333372),.UNSPECIFIED.);
#446=B_SPLINE_CURVE_WITH_KNOTS('',3,(#2562,#2563,#2564,#2565,#2566,#2567,
#2568,#2569,#2570,#2571,#2572,#2573,#2574,#2575,#2576,#2577,#2578,#2579,
#2580,#2581,#2582,#2583),.UNSPECIFIED.,.F.,.F.,(4,3,3,3,3,3,3,4),(0.,0.000290433110834867,
0.000411218204500907,0.000744216541209202,0.000820232747763795,0.000821903017190483,
0.00123854340560792,0.00164046549552759),.UNSPECIFIED.);
#447=B_SPLINE_CURVE_WITH_KNOTS('',3,(#2607,#2608,#2609,#2610,#2611,#2612,
#2613,#2614,#2615,#2616,#2617,#2618,#2619,#2620,#2621,#2622,#2623,#2624,
#2625,#2626,#2627,#2628,#2629,#2630,#2631,#2632,#2633,#2634,#2635,#2636,
#2637,#2638,#2639,#2640),.UNSPECIFIED.,.F.,.F.,(4,3,3,3,3,3,3,3,3,3,3,4),
(1.98737540962016E-18,0.000393657853101765,0.000771887552787389,0.000784031801632933,
0.00117394449021799,0.00154377510557478,0.00156094089301636,0.00208510126398833,
0.00231566265836216,0.00232838400206843,0.00286313553409617,0.00308755021114955),
 .UNSPECIFIED.);
#448=B_SPLINE_CURVE_WITH_KNOTS('',3,(#2641,#2642,#2643,#2644,#2645,#2646,
#2647,#2648,#2649,#2650),.UNSPECIFIED.,.F.,.F.,(4,3,3,4),(3.41011896758926E-17,
0.000428148278061851,0.000852912231132441,0.00115488665435343),
 .UNSPECIFIED.);
#449=B_SPLINE_CURVE_WITH_KNOTS('',3,(#2671,#2672,#2673,#2674,#2675,#2676,
#2677,#2678,#2679,#2680,#2681,#2682,#2683,#2684,#2685,#2686,#2687,#2688,
#2689,#2690,#2691,#2692,#2693,#2694,#2695,#2696,#2697,#2698,#2699,#2700,
#2701,#2702,#2703,#2704,#2705,#2706,#2707,#2708,#2709,#2710),
 .UNSPECIFIED.,.F.,.F.,(4,3,3,3,3,3,3,3,3,3,3,3,3,4),(0.,0.000308323928758151,
0.000519677421865397,0.000900586826216257,0.00104645151304093,0.00105875949812736,
0.00157726058524383,0.00211105911229487,0.00211751899625472,0.00264584125727044,
0.00317627849438207,0.0031785952575266,0.00370681662501802,0.00423503799250943),
 .UNSPECIFIED.);
#450=B_SPLINE_CURVE_WITH_KNOTS('',3,(#2713,#2714,#2715,#2716,#2717,#2718,
#2719,#2720,#2721,#2722,#2723),.UNSPECIFIED.,.F.,.F.,(4,1,1,1,1,1,1,1,4),
(3.23233296782848E-15,0.000559361607305957,0.00111872321460868,0.00167808482191141,
0.00195776562556277,0.00223744642921413,0.00279680803651685,0.00335616964381958,
0.00447489285842503),.UNSPECIFIED.);
#451=B_SPLINE_CURVE_WITH_KNOTS('',3,(#2729,#2730,#2731,#2732,#2733,#2734,
#2735,#2736,#2737,#2738,#2739,#2740,#2741,#2742,#2743,#2744,#2745,#2746,
#2747,#2748,#2749,#2750,#2751,#2752,#2753,#2754,#2755,#2756,#2757,#2758,
#2759,#2760,#2761,#2762,#2763,#2764,#2765,#2766,#2767,#2768),
 .UNSPECIFIED.,.F.,.F.,(4,3,3,3,3,3,3,3,3,3,3,3,3,4),(0.,0.000308323928762758,
0.000519677421783625,0.000900586826114476,0.00104645151287585,0.00105875949779746,
0.00157726058499517,0.00211105911196178,0.00211751899559491,0.00264584125685324,
0.00317627849339237,0.00317859525702671,0.00370681662410827,0.00423503799118982),
 .UNSPECIFIED.);
#452=B_SPLINE_CURVE_WITH_KNOTS('',3,(#2771,#2772,#2773,#2774,#2775,#2776,
#2777,#2778,#2779,#2780,#2781),.UNSPECIFIED.,.F.,.F.,(4,1,1,1,1,1,1,1,4),
(4.74002544910601E-12,0.000559361612581504,0.00111872322042298,0.00167808482826446,
0.0019577656321852,0.00223744643610594,0.00279680804394742,0.00335616965178889,
0.00447489286747185),.UNSPECIFIED.);
#453=B_SPLINE_CURVE_WITH_KNOTS('',3,(#2814,#2815,#2816,#2817,#2818,#2819,
#2820,#2821,#2822,#2823,#2824,#2825,#2826,#2827,#2828,#2829,#2830,#2831,
#2832,#2833,#2834,#2835,#2836,#2837,#2838,#2839,#2840,#2841,#2842,#2843,
#2844,#2845,#2846,#2847),.UNSPECIFIED.,.F.,.F.,(4,3,3,3,3,3,3,3,3,3,3,4),
(0.,0.00116256949993331,0.001741147272825,0.00227528671354887,0.00231741675573722,
0.00288818578524048,0.00341293007032331,0.00345120970252881,0.00389003203141095,
0.00400608485355385,0.00436543935183968,0.00455057342709774),
 .UNSPECIFIED.);
#454=B_SPLINE_CURVE_WITH_KNOTS('',3,(#2866,#2867,#2868,#2869),
 .UNSPECIFIED.,.F.,.F.,(4,4),(8.94056015336375E-19,0.000332171847090173),
 .UNSPECIFIED.);
#455=B_SPLINE_CURVE_WITH_KNOTS('',3,(#2890,#2891,#2892,#2893,#2894,#2895,
#2896,#2897,#2898,#2899,#2900,#2901,#2902,#2903,#2904,#2905,#2906,#2907,
#2908,#2909,#2910,#2911,#2912,#2913,#2914),.UNSPECIFIED.,.F.,.F.,(4,3,3,
3,3,3,3,3,4),(9.69739903612216E-19,0.000321985328162186,0.000624284313799217,
0.000643970656324371,0.000645768824651606,0.000878986324651559,0.000965955984486556,
0.00119634906897248,0.00128794131264874),.UNSPECIFIED.);
#456=B_SPLINE_CURVE_WITH_KNOTS('',3,(#2929,#2930,#2931,#2932,#2933,#2934,
#2935),.UNSPECIFIED.,.F.,.F.,(4,3,4),(5.43400571334406E-18,0.000533238888131964,
0.0008328815294854),.UNSPECIFIED.);
#457=B_SPLINE_CURVE_WITH_KNOTS('',3,(#2962,#2963,#2964,#2965,#2966,#2967,
#2968,#2969,#2970,#2971,#2972,#2973,#2974,#2975,#2976,#2977,#2978,#2979,
#2980,#2981,#2982,#2983,#2984,#2985,#2986,#2987,#2988,#2989,#2990,#2991,
#2992,#2993,#2994,#2995,#2996,#2997,#2998,#2999,#3000,#3001),
 .UNSPECIFIED.,.F.,.F.,(4,3,3,3,3,3,3,3,3,3,3,3,3,4),(8.94056015336375E-19,
0.000351887197187384,0.000703774394374768,0.000711623496746234,0.000879717992968459,
0.00105566159156215,0.00129802272324085,0.00140754878874953,0.00141758554877443,
0.00180857535708404,0.0021113231831243,0.00211857485382233,0.0026047001543745,
0.00281509757749907),.UNSPECIFIED.);
#458=B_SPLINE_CURVE_WITH_KNOTS('',3,(#3026,#3027,#3028,#3029,#3030,#3031,
#3032,#3033,#3034,#3035,#3036,#3037,#3038,#3039,#3040,#3041,#3042,#3043,
#3044,#3045,#3046,#3047,#3048,#3049,#3050,#3051,#3052,#3053,#3054,#3055,
#3056),.UNSPECIFIED.,.F.,.F.,(4,3,3,3,3,3,3,3,3,3,4),(0.,0.000164922053125976,
0.000323336428766522,0.000478062470413441,0.000621111325639652,0.00063278851206036,
0.000776285079858937,0.000908817215658228,0.00103620845938736,0.00115723010947642,
0.00126557702412072),.UNSPECIFIED.);
#459=B_SPLINE_CURVE_WITH_KNOTS('',3,(#3057,#3058,#3059,#3060,#3061,#3062,
#3063,#3064,#3065,#3066,#3067,#3068,#3069,#3070,#3071,#3072,#3073,#3074,
#3075,#3076,#3077,#3078),.UNSPECIFIED.,.F.,.F.,(4,3,3,3,3,3,3,4),(0.,0.000347780996075443,
0.000705200998960031,0.00107494515462936,0.00110163482348388,0.00125600171687295,
0.00176609866799307,0.00220326964696776),.UNSPECIFIED.);
#460=B_SPLINE_CURVE_WITH_KNOTS('',3,(#3110,#3111,#3112,#3113,#3114,#3115,
#3116,#3117,#3118,#3119,#3120,#3121,#3122,#3123,#3124,#3125,#3126,#3127,
#3128,#3129,#3130,#3131,#3132,#3133,#3134,#3135,#3136,#3137,#3138,#3139,
#3140,#3141,#3142,#3143),.UNSPECIFIED.,.F.,.F.,(4,3,3,3,3,3,3,3,3,3,3,4),
(0.,0.00116256950058408,0.00174114727356642,0.00227528671414315,0.00231741675657109,
0.00288818578616615,0.00341293007121472,0.00345120970354459,0.0038900320324458,
0.00400608485465747,0.00436543935293814,0.00455057342828629),
 .UNSPECIFIED.);
#461=B_SPLINE_CURVE_WITH_KNOTS('',3,(#3164,#3165,#3166,#3167),
 .UNSPECIFIED.,.F.,.F.,(4,4),(8.94056015336375E-19,0.000332171847090185),
 .UNSPECIFIED.);
#462=B_SPLINE_CURVE_WITH_KNOTS('',3,(#3187,#3188,#3189,#3190,#3191,#3192,
#3193,#3194,#3195,#3196,#3197,#3198,#3199,#3200,#3201,#3202,#3203,#3204,
#3205,#3206,#3207,#3208),.UNSPECIFIED.,.F.,.F.,(4,3,3,3,3,3,3,4),(0.,0.000290433110863153,
0.000411218204501093,0.000744216541259757,0.000820232747763795,0.000821903017190483,
0.00123854340558186,0.00164046549552759),.UNSPECIFIED.);
#463=B_SPLINE_CURVE_WITH_KNOTS('',3,(#3211,#3212,#3213,#3214,#3215,#3216,
#3217,#3218,#3219,#3220,#3221,#3222,#3223,#3224,#3225,#3226,#3227,#3228,
#3229,#3230,#3231,#3232,#3233,#3234,#3235),.UNSPECIFIED.,.F.,.F.,(4,3,3,
3,3,3,3,3,4),(9.69739903612216E-19,0.000321985328162184,0.000624284313812861,
0.000643970656324367,0.000645768824651601,0.000878986324653257,0.00096595598448655,
0.00119634906897421,0.00128794131264873),.UNSPECIFIED.);
#464=B_SPLINE_CURVE_WITH_KNOTS('',3,(#3249,#3250,#3251,#3252,#3253,#3254,
#3255,#3256,#3257,#3258),.UNSPECIFIED.,.F.,.F.,(4,3,3,4),(4.77808350291278E-17,
0.000428148278061772,0.000852912231133085,0.00115488665435344),
 .UNSPECIFIED.);
#465=B_SPLINE_CURVE_WITH_KNOTS('',3,(#3261,#3262,#3263,#3264,#3265,#3266,
#3267),.UNSPECIFIED.,.F.,.F.,(4,3,4),(4.61009087360184E-18,0.000533238888591902,
0.000832881529485406),.UNSPECIFIED.);
#466=B_SPLINE_CURVE_WITH_KNOTS('',3,(#3297,#3298,#3299,#3300,#3301,#3302,
#3303,#3304,#3305,#3306,#3307,#3308,#3309,#3310,#3311,#3312,#3313,#3314,
#3315,#3316,#3317,#3318,#3319,#3320,#3321,#3322,#3323,#3324,#3325,#3326,
#3327),.UNSPECIFIED.,.F.,.F.,(4,3,3,3,3,3,3,3,3,3,4),(0.,0.000164922053126761,
0.000323336428767886,0.000478062470414596,0.00062111132564087,0.000632788512061306,
0.000776285079860738,0.000908817215659943,0.00103620845938904,0.00115723010947804,
0.00126557702412261),.UNSPECIFIED.);
#467=B_SPLINE_CURVE_WITH_KNOTS('',3,(#3328,#3329,#3330,#3331,#3332,#3333,
#3334,#3335,#3336,#3337,#3338,#3339,#3340,#3341,#3342,#3343,#3344,#3345,
#3346,#3347,#3348,#3349),.UNSPECIFIED.,.F.,.F.,(4,3,3,3,3,3,3,4),(0.,0.000403120264602404,
0.000829531052804975,0.00110616886037399,0.00125806968894197,0.00165206065898132,
0.00206337112355683,0.00221233772074798),.UNSPECIFIED.);
#468=B_SPLINE_CURVE_WITH_KNOTS('',3,(#3374,#3375,#3376,#3377,#3378,#3379,
#3380,#3381,#3382,#3383,#3384,#3385,#3386,#3387,#3388,#3389,#3390,#3391,
#3392,#3393,#3394,#3395,#3396,#3397,#3398,#3399,#3400,#3401,#3402,#3403,
#3404,#3405,#3406,#3407),.UNSPECIFIED.,.F.,.F.,(4,3,3,3,3,3,3,3,3,3,3,4),
(0.,0.000393657853195378,0.000771887552787383,0.000784031801632928,0.00117394449021804,
0.00154377510557477,0.00156094089301635,0.00208510126453432,0.00231566265836215,
0.00232838400206841,0.00286313553405177,0.00308755021114953),
 .UNSPECIFIED.);
#469=B_SPLINE_CURVE_WITH_KNOTS('',3,(#3408,#3409,#3410,#3411,#3412,#3413,
#3414,#3415),.UNSPECIFIED.,.F.,.F.,(4,1,1,1,1,4),(0.,0.000701539161620397,
0.0010523087424306,0.00140307832324079,0.00210461748486119,0.00280615664648159),
 .UNSPECIFIED.);
#470=B_SPLINE_CURVE_WITH_KNOTS('',3,(#3530,#3531,#3532,#3533,#3534,#3535,
#3536,#3537,#3538,#3539),.UNSPECIFIED.,.F.,.F.,(4,3,3,4),(0.000184953940794568,
0.000648832321809271,0.00121982940988553,0.00130209626833354),
 .UNSPECIFIED.);
#471=B_SPLINE_CURVE_WITH_KNOTS('',3,(#3554,#3555,#3556,#3557,#3558,#3559,
#3560),.UNSPECIFIED.,.F.,.F.,(4,3,4),(2.16840434497101E-19,0.000191982191173117,
0.000317626112839891),.UNSPECIFIED.);
#472=B_SPLINE_CURVE_WITH_KNOTS('',3,(#3596,#3597,#3598,#3599,#3600,#3601,
#3602,#3603,#3604,#3605,#3606,#3607,#3608,#3609,#3610,#3611,#3612,#3613,
#3614,#3615,#3616,#3617,#3618,#3619,#3620,#3621,#3622,#3623,#3624,#3625,
#3626,#3627,#3628,#3629,#3630,#3631,#3632,#3633,#3634,#3635,#3636,#3637,
#3638,#3639,#3640,#3641,#3642,#3643,#3644,#3645,#3646,#3647,#3648,#3649,
#3650,#3651,#3652,#3653,#3654,#3655,#3656,#3657,#3658,#3659,#3660,#3661,
#3662,#3663,#3664,#3665),.UNSPECIFIED.,.F.,.F.,(4,3,3,3,3,3,3,3,3,3,3,3,
3,3,3,3,3,3,3,3,3,3,3,4),(0.,0.000467750394540266,0.000909303837120802,
0.00111805592070923,0.00114608303680313,0.00143260379600392,0.00168367997365862,
0.0017191245552047,0.00216057629472305,0.00225434706683972,0.00229216607360627,
0.00254204444802981,0.00257868683280705,0.00272194721240744,0.00283116822504831,
0.00286520759200784,0.00315172835120862,0.00341280315165167,0.0034382491104094,
0.00372476986961019,0.00399729902744399,0.00415455100841136,0.00450875194792111,
0.00458433214721254),.UNSPECIFIED.);
#473=B_SPLINE_CURVE_WITH_KNOTS('',3,(#3691,#3692,#3693,#3694,#3695,#3696,
#3697,#3698,#3699,#3700,#3701,#3702,#3703,#3704,#3705,#3706,#3707,#3708,
#3709),.UNSPECIFIED.,.F.,.F.,(4,3,3,3,3,3,4),(0.,0.000211586822228714,0.000264727334179236,
0.000529162661667926,0.000766856644141761,0.000793597983966179,0.00105832532333585),
 .UNSPECIFIED.);
#474=B_SPLINE_CURVE_WITH_KNOTS('',3,(#3757,#3758,#3759,#3760,#3761),
 .UNSPECIFIED.,.F.,.F.,(4,1,4),(2.16840434497101E-19,0.0010482442388376,
0.00209648847767521),.UNSPECIFIED.);
#475=B_SPLINE_CURVE_WITH_KNOTS('',3,(#3788,#3789,#3790,#3791,#3792,#3793,
#3794,#3795,#3796,#3797,#3798,#3799,#3800,#3801,#3802,#3803,#3804,#3805,
#3806,#3807,#3808,#3809,#3810,#3811,#3812,#3813,#3814,#3815,#3816,#3817,
#3818,#3819,#3820,#3821,#3822,#3823,#3824,#3825,#3826,#3827,#3828,#3829,
#3830,#3831,#3832,#3833),.UNSPECIFIED.,.F.,.F.,(4,3,3,3,3,3,3,3,3,3,3,3,
3,3,3,4),(6.1331736667335E-19,0.000464066571061351,0.000648924705384115,
0.000653969433209925,0.00103515768838844,0.00129784941076823,0.00130484013433782,
0.00153852660974127,0.00162231176346029,0.00162977846834826,0.00185903251737568,
0.00194677411615234,0.00195210947986248,0.0022712364688444,0.00257167665644567,
0.00259569882153646),.UNSPECIFIED.);
#476=B_SPLINE_CURVE_WITH_KNOTS('',3,(#3848,#3849,#3850,#3851),
 .UNSPECIFIED.,.F.,.F.,(4,4),(0.,0.00081272279553086),.UNSPECIFIED.);
#477=B_SPLINE_CURVE_WITH_KNOTS('',3,(#3869,#3870,#3871,#3872,#3873,#3874,
#3875,#3876,#3877,#3878),.UNSPECIFIED.,.F.,.F.,(4,3,3,4),(8.67632746193107E-18,
0.000648832321809025,0.00121982940970402,0.00130209626833354),
 .UNSPECIFIED.);
#478=B_SPLINE_CURVE_WITH_KNOTS('',3,(#3893,#3894,#3895,#3896,#3897,#3898,
#3899),.UNSPECIFIED.,.F.,.F.,(4,3,4),(0.,0.000191982191173298,0.000317626112839903),
 .UNSPECIFIED.);
#479=B_SPLINE_CURVE_WITH_KNOTS('',3,(#3934,#3935,#3936,#3937,#3938,#3939,
#3940,#3941,#3942,#3943,#3944,#3945,#3946,#3947,#3948,#3949,#3950,#3951,
#3952,#3953,#3954,#3955,#3956,#3957,#3958,#3959,#3960,#3961,#3962,#3963,
#3964,#3965,#3966,#3967,#3968,#3969,#3970,#3971,#3972,#3973,#3974,#3975,
#3976,#3977,#3978,#3979,#3980,#3981,#3982,#3983,#3984,#3985,#3986,#3987,
#3988,#3989,#3990,#3991,#3992,#3993,#3994,#3995,#3996,#3997,#3998,#3999,
#4000,#4001,#4002,#4003),.UNSPECIFIED.,.F.,.F.,(4,3,3,3,3,3,3,3,3,3,3,3,
3,3,3,3,3,3,3,3,3,3,3,4),(0.,0.000467750394736484,0.000909303837539589,
0.00111805591850781,0.00114608303450713,0.00143260379313392,0.00168367997032299,
0.0017191245517607,0.00216057629137379,0.00225434706234992,0.00229216606901427,
0.00254204444295271,0.00257868682764105,0.00272194720695444,0.00283116821936761,
0.00286520758626783,0.00315172834489462,0.00341280314480732,0.0034382491035214,
0.00372476986214818,0.00399729901935949,0.00415455100008836,0.00450875193315541,
0.00458433213802853),.UNSPECIFIED.);
#480=B_SPLINE_CURVE_WITH_KNOTS('',3,(#4076,#4077,#4078,#4079,#4080,#4081,
#4082,#4083,#4084,#4085,#4086,#4087,#4088,#4089,#4090,#4091,#4092,#4093,
#4094),.UNSPECIFIED.,.F.,.F.,(4,3,3,3,3,3,4),(8.7168775853027E-18,0.000211586826699383,
0.000264727334163762,0.000529162661666863,0.000766856715082543,0.000793597983775709,
0.00105832532333372),.UNSPECIFIED.);
#481=B_SPLINE_CURVE_WITH_KNOTS('',3,(#4119,#4120,#4121,#4122,#4123,#4124,
#4125,#4126,#4127,#4128,#4129,#4130,#4131,#4132,#4133,#4134,#4135,#4136,
#4137,#4138,#4139,#4140,#4141,#4142,#4143,#4144,#4145,#4146,#4147,#4148,
#4149,#4150,#4151,#4152),.UNSPECIFIED.,.F.,.F.,(4,3,3,3,3,3,3,3,3,3,3,4),
(0.,0.00116256949993331,0.001741147272825,0.00227528671354887,0.00231741675573722,
0.00288818578524048,0.00341293007032331,0.00345120970252881,0.00389003203141104,
0.00400608485355385,0.00436543935183967,0.00455057342709774),
 .UNSPECIFIED.);
#482=B_SPLINE_CURVE_WITH_KNOTS('',3,(#4158,#4159,#4160,#4161,#4162,#4163,
#4164,#4165,#4166,#4167,#4168,#4169,#4170,#4171,#4172,#4173,#4174,#4175,
#4176,#4177,#4178,#4179),.UNSPECIFIED.,.F.,.F.,(4,3,3,3,3,3,3,4),(0.,0.000290433110834867,
0.000411218204500907,0.000744216541209322,0.000820232747763795,0.000821903017190483,
0.00123854340560793,0.00164046549552759),.UNSPECIFIED.);
#483=B_SPLINE_CURVE_WITH_KNOTS('',3,(#4197,#4198,#4199,#4200,#4201,#4202,
#4203,#4204,#4205,#4206,#4207,#4208,#4209,#4210,#4211,#4212,#4213,#4214,
#4215,#4216,#4217,#4218,#4219,#4220,#4221,#4222,#4223,#4224,#4225,#4226,
#4227,#4228,#4229,#4230),.UNSPECIFIED.,.F.,.F.,(4,3,3,3,3,3,3,3,3,3,3,4),
(0.,0.00116256950058408,0.00174114727356642,0.00227528671414315,0.00231741675657109,
0.00288818578616615,0.00341293007121472,0.00345120970354459,0.00389003203244601,
0.00400608485465747,0.0043654393529381,0.00455057342828629),
 .UNSPECIFIED.);
#484=B_SPLINE_CURVE_WITH_KNOTS('',3,(#4236,#4237,#4238,#4239,#4240,#4241,
#4242,#4243,#4244,#4245),.UNSPECIFIED.,.F.,.F.,(4,3,3,4),(3.41011896758926E-17,
0.000428148278061851,0.000852912231132441,0.00115488665435343),
 .UNSPECIFIED.);
#485=B_SPLINE_CURVE_WITH_KNOTS('',3,(#4247,#4248,#4249,#4250,#4251,#4252,
#4253,#4254,#4255,#4256,#4257,#4258,#4259,#4260,#4261,#4262,#4263,#4264,
#4265,#4266,#4267,#4268,#4269,#4270,#4271,#4272,#4273,#4274,#4275,#4276,
#4277,#4278,#4279,#4280),.UNSPECIFIED.,.F.,.F.,(4,3,3,3,3,3,3,3,3,3,3,4),
(1.98737540962016E-18,0.000393657853101736,0.000771887552787389,0.000784031801632933,
0.00117394449021799,0.00154377510557478,0.00156094089301636,0.00208510126398833,
0.00231566265836216,0.00232838400206843,0.0028631355340962,0.00308755021114955),
 .UNSPECIFIED.);
#486=B_SPLINE_CURVE_WITH_KNOTS('',3,(#4290,#4291,#4292,#4293,#4294,#4295,
#4296,#4297,#4298,#4299,#4300,#4301,#4302,#4303,#4304,#4305,#4306,#4307,
#4308),.UNSPECIFIED.,.F.,.F.,(4,3,3,3,3,3,4),(0.,0.000211586822228712,0.000264727334179236,
0.000529162661667926,0.000766856644141784,0.000793597983966179,0.00105832532333585),
 .UNSPECIFIED.);
#487=B_SPLINE_CURVE_WITH_KNOTS('',3,(#4326,#4327,#4328,#4329,#4330,#4331,
#4332,#4333,#4334,#4335,#4336,#4337,#4338,#4339,#4340,#4341,#4342,#4343,
#4344,#4345,#4346,#4347),.UNSPECIFIED.,.F.,.F.,(4,3,3,3,3,3,3,4),(0.,0.000290433110863204,
0.000411218204501093,0.000744216541259738,0.000820232747763795,0.000821903017190483,
0.00123854340558186,0.00164046549552759),.UNSPECIFIED.);
#488=B_SPLINE_CURVE_WITH_KNOTS('',3,(#4351,#4352,#4353,#4354,#4355,#4356,
#4357,#4358,#4359,#4360),.UNSPECIFIED.,.F.,.F.,(4,3,3,4),(4.77808350291278E-17,
0.000428148278061772,0.000852912231133085,0.00115488665435344),
 .UNSPECIFIED.);
#489=B_SPLINE_CURVE_WITH_KNOTS('',3,(#4362,#4363,#4364,#4365,#4366,#4367,
#4368,#4369,#4370,#4371,#4372,#4373,#4374,#4375,#4376,#4377,#4378,#4379,
#4380,#4381,#4382,#4383,#4384,#4385,#4386,#4387,#4388,#4389,#4390,#4391,
#4392,#4393,#4394,#4395),.UNSPECIFIED.,.F.,.F.,(4,3,3,3,3,3,3,3,3,3,3,4),
(0.,0.0003936578531954,0.000771887552787383,0.000784031801632928,0.00117394449021804,
0.00154377510557477,0.00156094089301635,0.00208510126453434,0.00231566265836215,
0.00232838400206841,0.00286313553405182,0.00308755021114953),
 .UNSPECIFIED.);
#490=B_SPLINE_CURVE_WITH_KNOTS('',3,(#4399,#4400,#4401,#4402,#4403,#4404,
#4405,#4406,#4407,#4408),.UNSPECIFIED.,.F.,.F.,(4,3,3,4),(0.00018495394079456,
0.000648832321809271,0.00121982940988535,0.00130209626833354),
 .UNSPECIFIED.);
#491=B_SPLINE_CURVE_WITH_KNOTS('',3,(#4410,#4411,#4412,#4413,#4414,#4415,
#4416),.UNSPECIFIED.,.F.,.F.,(4,3,4),(2.16840434497101E-19,0.000191982191173117,
0.000317626112839891),.UNSPECIFIED.);
#492=B_SPLINE_CURVE_WITH_KNOTS('',3,(#4417,#4418,#4419,#4420,#4421,#4422,
#4423,#4424,#4425,#4426,#4427,#4428,#4429,#4430,#4431,#4432,#4433,#4434,
#4435,#4436,#4437,#4438,#4439,#4440,#4441,#4442,#4443,#4444,#4445,#4446,
#4447,#4448,#4449,#4450,#4451,#4452,#4453,#4454,#4455,#4456,#4457,#4458,
#4459,#4460,#4461,#4462,#4463,#4464,#4465,#4466,#4467,#4468,#4469,#4470,
#4471,#4472,#4473,#4474,#4475,#4476,#4477,#4478,#4479,#4480,#4481,#4482,
#4483,#4484,#4485,#4486),.UNSPECIFIED.,.F.,.F.,(4,3,3,3,3,3,3,3,3,3,3,3,
3,3,3,3,3,3,3,3,3,3,3,4),(0.,0.000467750394540287,0.000909303837120722,
0.00111805592070923,0.00114608303680313,0.00143260379600392,0.00168367997365862,
0.0017191245552047,0.00216057629472298,0.00225434706683972,0.00229216607360627,
0.00254204444802981,0.00257868683280705,0.00272194721240744,0.00283116822504831,
0.00286520759200784,0.00315172835120862,0.00341280315165167,0.0034382491104094,
0.00372476986961019,0.00399729902744399,0.00415455100841136,0.00450875194792109,
0.00458433214721254),.UNSPECIFIED.);
#493=B_SPLINE_CURVE_WITH_KNOTS('',3,(#4492,#4493,#4494,#4495,#4496),
 .UNSPECIFIED.,.F.,.F.,(4,1,4),(2.16840434497101E-19,0.0010482442388376,
0.00209648847767521),.UNSPECIFIED.);
#494=B_SPLINE_CURVE_WITH_KNOTS('',3,(#4498,#4499,#4500,#4501,#4502,#4503,
#4504,#4505,#4506,#4507,#4508,#4509,#4510,#4511,#4512,#4513,#4514,#4515,
#4516,#4517,#4518,#4519,#4520,#4521,#4522,#4523,#4524,#4525,#4526,#4527,
#4528,#4529,#4530,#4531,#4532,#4533,#4534,#4535,#4536,#4537,#4538,#4539,
#4540,#4541,#4542,#4543),.UNSPECIFIED.,.F.,.F.,(4,3,3,3,3,3,3,3,3,3,3,3,
3,3,3,4),(6.1331736667335E-19,0.000464066571061409,0.000648924705384115,
0.000653969433209925,0.00103515768838843,0.00129784941076823,0.00130484013433782,
0.00153852660974127,0.00162231176346029,0.00162977846834826,0.00185903251737565,
0.00194677411615234,0.00195210947986248,0.0022712364688444,0.00257167665644571,
0.00259569882153646),.UNSPECIFIED.);
#495=B_SPLINE_CURVE_WITH_KNOTS('',3,(#4545,#4546,#4547,#4548),
 .UNSPECIFIED.,.F.,.F.,(4,4),(0.,0.00081272279553086),.UNSPECIFIED.);
#496=B_SPLINE_CURVE_WITH_KNOTS('',3,(#4550,#4551,#4552,#4553,#4554,#4555,
#4556,#4557,#4558,#4559),.UNSPECIFIED.,.F.,.F.,(4,3,3,4),(8.67632746193107E-18,
0.000648832321809025,0.00121982940970382,0.00130209626833354),
 .UNSPECIFIED.);
#497=B_SPLINE_CURVE_WITH_KNOTS('',3,(#4561,#4562,#4563,#4564,#4565,#4566,
#4567),.UNSPECIFIED.,.F.,.F.,(4,3,4),(0.,0.000191982191173298,0.000317626112839903),
 .UNSPECIFIED.);
#498=B_SPLINE_CURVE_WITH_KNOTS('',3,(#4568,#4569,#4570,#4571,#4572,#4573,
#4574,#4575,#4576,#4577,#4578,#4579,#4580,#4581,#4582,#4583,#4584,#4585,
#4586,#4587,#4588,#4589,#4590,#4591,#4592,#4593,#4594,#4595,#4596,#4597,
#4598,#4599,#4600,#4601,#4602,#4603,#4604,#4605,#4606,#4607,#4608,#4609,
#4610,#4611,#4612,#4613,#4614,#4615,#4616,#4617,#4618,#4619,#4620,#4621,
#4622,#4623,#4624,#4625,#4626,#4627,#4628,#4629,#4630,#4631,#4632,#4633,
#4634,#4635,#4636,#4637),.UNSPECIFIED.,.F.,.F.,(4,3,3,3,3,3,3,3,3,3,3,3,
3,3,3,3,3,3,3,3,3,3,3,4),(0.,0.000467750394736621,0.00090930383753977,0.00111805591850781,
0.00114608303450713,0.00143260379313392,0.00168367997032299,0.0017191245517607,
0.0021605762913738,0.00225434706234992,0.00229216606901427,0.00254204444295271,
0.00257868682764105,0.00272194720695444,0.00283116821936761,0.00286520758626783,
0.00315172834489462,0.00341280314480732,0.0034382491035214,0.00372476986214818,
0.00399729901935949,0.00415455100008836,0.00450875193315539,0.00458433213802853),
 .UNSPECIFIED.);
#499=B_SPLINE_CURVE_WITH_KNOTS('',3,(#4661,#4662,#4663,#4664,#4665,#4666,
#4667,#4668,#4669,#4670,#4671),.UNSPECIFIED.,.F.,.F.,(4,1,1,1,1,1,1,1,4),
(3.23233296782848E-15,0.000559361607305957,0.00111872321460868,0.00167808482191141,
0.00195776562556277,0.00223744642921413,0.00279680803651685,0.00335616964381958,
0.00447489285842503),.UNSPECIFIED.);
#500=B_SPLINE_CURVE_WITH_KNOTS('',3,(#4674,#4675,#4676,#4677,#4678,#4679,
#4680,#4681,#4682,#4683,#4684,#4685,#4686,#4687,#4688,#4689,#4690,#4691,
#4692,#4693,#4694,#4695,#4696,#4697,#4698,#4699,#4700,#4701,#4702,#4703,
#4704,#4705,#4706,#4707,#4708,#4709,#4710,#4711,#4712,#4713),
 .UNSPECIFIED.,.F.,.F.,(4,3,3,3,3,3,3,3,3,3,3,3,3,4),(0.,0.000308323928758128,
0.000519677421865397,0.000900586826216346,0.00104645151304093,0.00105875949812736,
0.00157726058524383,0.00211105911229487,0.00211751899625472,0.00264584125727044,
0.00317627849438207,0.0031785952575266,0.00370681662501802,0.00423503799250943),
 .UNSPECIFIED.);
#501=B_SPLINE_CURVE_WITH_KNOTS('',3,(#4716,#4717,#4718,#4719,#4720,#4721,
#4722,#4723,#4724,#4725,#4726),.UNSPECIFIED.,.F.,.F.,(4,1,1,1,1,1,1,1,4),
(4.74002544910601E-12,0.000559361612581504,0.00111872322042298,0.00167808482826446,
0.0019577656321852,0.00223744643610594,0.00279680804394742,0.00335616965178889,
0.00447489286747185),.UNSPECIFIED.);
#502=B_SPLINE_CURVE_WITH_KNOTS('',3,(#4729,#4730,#4731,#4732,#4733,#4734,
#4735,#4736,#4737,#4738,#4739,#4740,#4741,#4742,#4743,#4744,#4745,#4746,
#4747,#4748,#4749,#4750,#4751,#4752,#4753,#4754,#4755,#4756,#4757,#4758,
#4759,#4760,#4761,#4762,#4763,#4764,#4765,#4766,#4767,#4768),
 .UNSPECIFIED.,.F.,.F.,(4,3,3,3,3,3,3,3,3,3,3,3,3,4),(0.,0.000308323928762796,
0.000519677421783625,0.000900586826114524,0.00104645151287585,0.00105875949779746,
0.00157726058499517,0.00211105911196178,0.00211751899559491,0.00264584125685324,
0.00317627849339237,0.00317859525702671,0.00370681662410827,0.00423503799118982),
 .UNSPECIFIED.);
#503=B_SPLINE_CURVE_WITH_KNOTS('',3,(#4816,#4817,#4818,#4819),
 .UNSPECIFIED.,.F.,.F.,(4,4),(8.94056015336375E-19,0.000332171847090173),
 .UNSPECIFIED.);
#504=B_SPLINE_CURVE_WITH_KNOTS('',3,(#4840,#4841,#4842,#4843,#4844,#4845,
#4846,#4847,#4848,#4849,#4850,#4851,#4852,#4853,#4854,#4855,#4856,#4857,
#4858,#4859,#4860,#4861,#4862,#4863,#4864),.UNSPECIFIED.,.F.,.F.,(4,3,3,
3,3,3,3,3,4),(9.69739903612216E-19,0.000321985328162186,0.000624284313799024,
0.000643970656324371,0.000645768824651606,0.000878986324651554,0.000965955984486556,
0.00119634906897249,0.00128794131264874),.UNSPECIFIED.);
#505=B_SPLINE_CURVE_WITH_KNOTS('',3,(#4879,#4880,#4881,#4882,#4883,#4884,
#4885),.UNSPECIFIED.,.F.,.F.,(4,3,4),(5.43400571334406E-18,0.000533238888131963,
0.0008328815294854),.UNSPECIFIED.);
#506=B_SPLINE_CURVE_WITH_KNOTS('',3,(#4912,#4913,#4914,#4915,#4916,#4917,
#4918,#4919,#4920,#4921,#4922,#4923,#4924,#4925,#4926,#4927,#4928,#4929,
#4930,#4931,#4932,#4933,#4934,#4935,#4936,#4937,#4938,#4939,#4940,#4941,
#4942,#4943,#4944,#4945,#4946,#4947,#4948,#4949,#4950,#4951),
 .UNSPECIFIED.,.F.,.F.,(4,3,3,3,3,3,3,3,3,3,3,3,3,4),(8.94056015336375E-19,
0.000351887197187384,0.000703774394374768,0.000711623496746234,0.000879717992968459,
0.00105566159156215,0.00129802272324085,0.00140754878874953,0.00141758554877443,
0.00180857535708404,0.0021113231831243,0.00211857485382233,0.00260470015437459,
0.00281509757749907),.UNSPECIFIED.);
#507=B_SPLINE_CURVE_WITH_KNOTS('',3,(#4977,#4978,#4979,#4980,#4981,#4982,
#4983,#4984,#4985,#4986,#4987,#4988,#4989,#4990,#4991,#4992,#4993,#4994,
#4995,#4996,#4997,#4998),.UNSPECIFIED.,.F.,.F.,(4,3,3,3,3,3,3,4),(0.,0.000347780996075365,
0.000705200998958779,0.001074945154628,0.00110163482348388,0.00125600171687295,
0.00176609866799119,0.00220326964696776),.UNSPECIFIED.);
#508=B_SPLINE_CURVE_WITH_KNOTS('',3,(#4999,#5000,#5001,#5002,#5003,#5004,
#5005,#5006,#5007,#5008,#5009,#5010,#5011,#5012,#5013,#5014,#5015,#5016,
#5017,#5018,#5019,#5020,#5021,#5022,#5023,#5024,#5025,#5026,#5027,#5028,
#5029),.UNSPECIFIED.,.F.,.F.,(4,3,3,3,3,3,3,3,3,3,4),(0.,0.00016492205312597,
0.000323336428766523,0.000478062470413442,0.000621111325639665,0.00063278851206036,
0.000776285079858962,0.000908817215658266,0.00103620845938744,0.00115723010947646,
0.00126557702412072),.UNSPECIFIED.);
#509=B_SPLINE_CURVE_WITH_KNOTS('',3,(#5077,#5078,#5079,#5080),
 .UNSPECIFIED.,.F.,.F.,(4,4),(8.94056015336375E-19,0.000332171847090185),
 .UNSPECIFIED.);
#510=B_SPLINE_CURVE_WITH_KNOTS('',3,(#5101,#5102,#5103,#5104,#5105,#5106,
#5107,#5108,#5109,#5110,#5111,#5112,#5113,#5114,#5115,#5116,#5117,#5118,
#5119,#5120,#5121,#5122,#5123,#5124,#5125),.UNSPECIFIED.,.F.,.F.,(4,3,3,
3,3,3,3,3,4),(9.69739903612216E-19,0.000321985328162184,0.000624284313812898,
0.000643970656324367,0.000645768824651601,0.00087898632465324,0.00096595598448655,
0.00119634906897421,0.00128794131264873),.UNSPECIFIED.);
#511=B_SPLINE_CURVE_WITH_KNOTS('',3,(#5140,#5141,#5142,#5143,#5144,#5145,
#5146),.UNSPECIFIED.,.F.,.F.,(4,3,4),(4.61009087360184E-18,0.000533238888591902,
0.000832881529485406),.UNSPECIFIED.);
#512=B_SPLINE_CURVE_WITH_KNOTS('',3,(#5174,#5175,#5176,#5177,#5178,#5179,
#5180,#5181,#5182,#5183,#5184,#5185,#5186,#5187,#5188,#5189,#5190,#5191,
#5192,#5193,#5194,#5195),.UNSPECIFIED.,.F.,.F.,(4,3,3,3,3,3,3,4),(0.,0.000403120264602288,
0.000829531052807633,0.00110616886037399,0.00125806968894197,0.00165206065898121,
0.00206337112355695,0.00221233772074798),.UNSPECIFIED.);
#513=B_SPLINE_CURVE_WITH_KNOTS('',3,(#5196,#5197,#5198,#5199,#5200,#5201,
#5202,#5203,#5204,#5205,#5206,#5207,#5208,#5209,#5210,#5211,#5212,#5213,
#5214,#5215,#5216,#5217,#5218,#5219,#5220,#5221,#5222,#5223,#5224,#5225,
#5226),.UNSPECIFIED.,.F.,.F.,(4,3,3,3,3,3,3,3,3,3,4),(0.,0.000164922053126763,
0.000323336428767953,0.000478062470414629,0.000621111325640797,0.000632788512061306,
0.000776285079860732,0.000908817215659926,0.00103620845938906,0.00115723010947808,
0.00126557702412261),.UNSPECIFIED.);
#514=B_SPLINE_CURVE_WITH_KNOTS('',3,(#5251,#5252,#5253,#5254,#5255,#5256,
#5257,#5258),.UNSPECIFIED.,.F.,.F.,(4,1,1,1,1,4),(0.,0.000701539161620397,
0.0010523087424306,0.00140307832324079,0.00210461748486119,0.00280615664648159),
 .UNSPECIFIED.);
#515=LINE('',#2359,#583);
#516=LINE('',#2422,#584);
#517=LINE('',#2427,#585);
#518=LINE('',#2431,#586);
#519=LINE('',#2497,#587);
#520=LINE('',#2500,#588);
#521=LINE('',#2503,#589);
#522=LINE('',#2505,#590);
#523=LINE('',#2507,#591);
#524=LINE('',#2532,#592);
#525=LINE('',#2538,#593);
#526=LINE('',#2546,#594);
#527=LINE('',#2550,#595);
#528=LINE('',#2554,#596);
#529=LINE('',#2556,#597);
#530=LINE('',#2557,#598);
#531=LINE('',#2560,#599);
#532=LINE('',#2586,#600);
#533=LINE('',#2591,#601);
#534=LINE('',#2594,#602);
#535=LINE('',#2597,#603);
#536=LINE('',#2600,#604);
#537=LINE('',#2602,#605);
#538=LINE('',#2659,#606);
#539=LINE('',#2668,#607);
#540=LINE('',#2727,#608);
#541=LINE('',#3713,#609);
#542=LINE('',#4039,#610);
#543=LINE('',#4040,#611);
#544=LINE('',#4043,#612);
#545=LINE('',#4044,#613);
#546=LINE('',#4047,#614);
#547=LINE('',#4048,#615);
#548=LINE('',#4053,#616);
#549=LINE('',#4054,#617);
#550=LINE('',#4057,#618);
#551=LINE('',#4058,#619);
#552=LINE('',#4061,#620);
#553=LINE('',#4062,#621);
#554=LINE('',#4068,#622);
#555=LINE('',#4071,#623);
#556=LINE('',#4074,#624);
#557=LINE('',#4096,#625);
#558=LINE('',#4097,#626);
#559=LINE('',#4099,#627);
#560=LINE('',#4103,#628);
#561=LINE('',#4111,#629);
#562=LINE('',#4117,#630);
#563=LINE('',#4153,#631);
#564=LINE('',#4180,#632);
#565=LINE('',#4185,#633);
#566=LINE('',#4188,#634);
#567=LINE('',#4191,#635);
#568=LINE('',#4194,#636);
#569=LINE('',#4231,#637);
#570=LINE('',#4233,#638);
#571=LINE('',#4284,#639);
#572=LINE('',#4287,#640);
#573=LINE('',#4310,#641);
#574=LINE('',#4311,#642);
#575=LINE('',#4314,#643);
#576=LINE('',#4317,#644);
#577=LINE('',#4320,#645);
#578=LINE('',#4348,#646);
#579=LINE('',#4488,#647);
#580=LINE('',#4639,#648);
#581=LINE('',#4645,#649);
#582=LINE('',#4654,#650);
#583=VECTOR('',#1945,2.6664);
#584=VECTOR('',#1948,3.45932569378221);
#585=VECTOR('',#1953,2.6664);
#586=VECTOR('',#1956,3.45932569378221);
#587=VECTOR('',#1963,2.30057366457812);
#588=VECTOR('',#1966,2.30057366457807);
#589=VECTOR('',#1969,10.);
#590=VECTOR('',#1970,3.41701404644958);
#591=VECTOR('',#1971,0.717913534086883);
#592=VECTOR('',#1976,10.);
#593=VECTOR('',#1981,10.);
#594=VECTOR('',#1990,10.);
#595=VECTOR('',#1993,10.);
#596=VECTOR('',#1996,10.);
#597=VECTOR('',#1997,10.);
#598=VECTOR('',#1998,10.);
#599=VECTOR('',#2001,7.74004994084814);
#600=VECTOR('',#2004,9.50395571797256);
#601=VECTOR('',#2011,7.49471062036951);
#602=VECTOR('',#2014,7.49471062037139);
#603=VECTOR('',#2017,6.15408506832535);
#604=VECTOR('',#2020,6.15408506832525);
#605=VECTOR('',#2023,1.89593083776491);
#606=VECTOR('',#2036,0.717913534085731);
#607=VECTOR('',#2045,0.717913534086885);
#608=VECTOR('',#2052,1.89593083262265);
#609=VECTOR('',#2109,0.717913534085691);
#610=VECTOR('',#2134,10.);
#611=VECTOR('',#2135,10.);
#612=VECTOR('',#2138,10.);
#613=VECTOR('',#2139,18.6648);
#614=VECTOR('',#2142,10.);
#615=VECTOR('',#2143,10.);
#616=VECTOR('',#2148,10.);
#617=VECTOR('',#2149,10.);
#618=VECTOR('',#2152,10.);
#619=VECTOR('',#2153,10.);
#620=VECTOR('',#2156,18.6648);
#621=VECTOR('',#2157,10.);
#622=VECTOR('',#2162,2.30057366457807);
#623=VECTOR('',#2165,2.30057366457812);
#624=VECTOR('',#2168,10.);
#625=VECTOR('',#2169,0.717913534086883);
#626=VECTOR('',#2170,3.41701404644958);
#627=VECTOR('',#2173,10.);
#628=VECTOR('',#2176,10.);
#629=VECTOR('',#2185,10.);
#630=VECTOR('',#2192,6.15408506912128);
#631=VECTOR('',#2193,9.50395571797256);
#632=VECTOR('',#2198,7.74004994084814);
#633=VECTOR('',#2205,7.49471062037139);
#634=VECTOR('',#2208,7.49471062036951);
#635=VECTOR('',#2211,6.15408506832525);
#636=VECTOR('',#2214,6.15408506832535);
#637=VECTOR('',#2217,9.50395571797256);
#638=VECTOR('',#2220,1.89593083776491);
#639=VECTOR('',#2227,2.30057366457813);
#640=VECTOR('',#2230,2.30057366457813);
#641=VECTOR('',#2233,0.717913534085691);
#642=VECTOR('',#2234,3.41701404644973);
#643=VECTOR('',#2237,1.93316965697369);
#644=VECTOR('',#2240,5.56154095721422);
#645=VECTOR('',#2243,6.15408506876207);
#646=VECTOR('',#2250,7.74004994084813);
#647=VECTOR('',#2257,3.45932569378235);
#648=VECTOR('',#2262,1.89593083262265);
#649=VECTOR('',#2267,0.717913534085731);
#650=VECTOR('',#2276,0.717913534086885);
#651=VERTEX_POINT('',#2357);
#652=VERTEX_POINT('',#2358);
#653=VERTEX_POINT('',#2360);
#654=VERTEX_POINT('',#2365);
#655=VERTEX_POINT('',#2370);
#656=VERTEX_POINT('',#2402);
#657=VERTEX_POINT('',#2419);
#658=VERTEX_POINT('',#2421);
#659=VERTEX_POINT('',#2425);
#660=VERTEX_POINT('',#2426);
#661=VERTEX_POINT('',#2428);
#662=VERTEX_POINT('',#2430);
#663=VERTEX_POINT('',#2432);
#664=VERTEX_POINT('',#2434);
#665=VERTEX_POINT('',#2451);
#666=VERTEX_POINT('',#2483);
#667=VERTEX_POINT('',#2493);
#668=VERTEX_POINT('',#2494);
#669=VERTEX_POINT('',#2496);
#670=VERTEX_POINT('',#2498);
#671=VERTEX_POINT('',#2502);
#672=VERTEX_POINT('',#2504);
#673=VERTEX_POINT('',#2506);
#674=VERTEX_POINT('',#2528);
#675=VERTEX_POINT('',#2529);
#676=VERTEX_POINT('',#2531);
#677=VERTEX_POINT('',#2533);
#678=VERTEX_POINT('',#2535);
#679=VERTEX_POINT('',#2537);
#680=VERTEX_POINT('',#2539);
#681=VERTEX_POINT('',#2543);
#682=VERTEX_POINT('',#2545);
#683=VERTEX_POINT('',#2547);
#684=VERTEX_POINT('',#2549);
#685=VERTEX_POINT('',#2551);
#686=VERTEX_POINT('',#2553);
#687=VERTEX_POINT('',#2555);
#688=VERTEX_POINT('',#2559);
#689=VERTEX_POINT('',#2561);
#690=VERTEX_POINT('',#2584);
#691=VERTEX_POINT('',#2590);
#692=VERTEX_POINT('',#2592);
#693=VERTEX_POINT('',#2596);
#694=VERTEX_POINT('',#2598);
#695=VERTEX_POINT('',#2604);
#696=VERTEX_POINT('',#2606);
#697=VERTEX_POINT('',#2652);
#698=VERTEX_POINT('',#2653);
#699=VERTEX_POINT('',#2655);
#700=VERTEX_POINT('',#2657);
#701=VERTEX_POINT('',#2661);
#702=VERTEX_POINT('',#2662);
#703=VERTEX_POINT('',#2664);
#704=VERTEX_POINT('',#2666);
#705=VERTEX_POINT('',#2670);
#706=VERTEX_POINT('',#2711);
#707=VERTEX_POINT('',#2725);
#708=VERTEX_POINT('',#2726);
#709=VERTEX_POINT('',#2728);
#710=VERTEX_POINT('',#2769);
#711=VERTEX_POINT('',#2812);
#712=VERTEX_POINT('',#2864);
#713=VERTEX_POINT('',#2888);
#714=VERTEX_POINT('',#2927);
#715=VERTEX_POINT('',#2960);
#716=VERTEX_POINT('',#3109);
#717=VERTEX_POINT('',#3160);
#718=VERTEX_POINT('',#3162);
#719=VERTEX_POINT('',#3186);
#720=VERTEX_POINT('',#3209);
#721=VERTEX_POINT('',#3248);
#722=VERTEX_POINT('',#3259);
#723=VERTEX_POINT('',#3292);
#724=VERTEX_POINT('',#3293);
#725=VERTEX_POINT('',#3295);
#726=VERTEX_POINT('',#3529);
#727=VERTEX_POINT('',#3553);
#728=VERTEX_POINT('',#3595);
#729=VERTEX_POINT('',#3688);
#730=VERTEX_POINT('',#3690);
#731=VERTEX_POINT('',#3712);
#732=VERTEX_POINT('',#3736);
#733=VERTEX_POINT('',#3737);
#734=VERTEX_POINT('',#3756);
#735=VERTEX_POINT('',#3787);
#736=VERTEX_POINT('',#3847);
#737=VERTEX_POINT('',#3868);
#738=VERTEX_POINT('',#3892);
#739=VERTEX_POINT('',#4036);
#740=VERTEX_POINT('',#4037);
#741=VERTEX_POINT('',#4042);
#742=VERTEX_POINT('',#4046);
#743=VERTEX_POINT('',#4050);
#744=VERTEX_POINT('',#4051);
#745=VERTEX_POINT('',#4056);
#746=VERTEX_POINT('',#4060);
#747=VERTEX_POINT('',#4064);
#748=VERTEX_POINT('',#4065);
#749=VERTEX_POINT('',#4067);
#750=VERTEX_POINT('',#4069);
#751=VERTEX_POINT('',#4073);
#752=VERTEX_POINT('',#4075);
#753=VERTEX_POINT('',#4095);
#754=VERTEX_POINT('',#4100);
#755=VERTEX_POINT('',#4102);
#756=VERTEX_POINT('',#4106);
#757=VERTEX_POINT('',#4108);
#758=VERTEX_POINT('',#4110);
#759=VERTEX_POINT('',#4112);
#760=VERTEX_POINT('',#4116);
#761=VERTEX_POINT('',#4118);
#762=VERTEX_POINT('',#4155);
#763=VERTEX_POINT('',#4157);
#764=VERTEX_POINT('',#4184);
#765=VERTEX_POINT('',#4186);
#766=VERTEX_POINT('',#4190);
#767=VERTEX_POINT('',#4192);
#768=VERTEX_POINT('',#4196);
#769=VERTEX_POINT('',#4235);
#770=VERTEX_POINT('',#4246);
#771=VERTEX_POINT('',#4283);
#772=VERTEX_POINT('',#4285);
#773=VERTEX_POINT('',#4289);
#774=VERTEX_POINT('',#4309);
#775=VERTEX_POINT('',#4313);
#776=VERTEX_POINT('',#4315);
#777=VERTEX_POINT('',#4319);
#778=VERTEX_POINT('',#4323);
#779=VERTEX_POINT('',#4325);
#780=VERTEX_POINT('',#4350);
#781=VERTEX_POINT('',#4361);
#782=VERTEX_POINT('',#4398);
#783=VERTEX_POINT('',#4409);
#784=VERTEX_POINT('',#4487);
#785=VERTEX_POINT('',#4489);
#786=VERTEX_POINT('',#4491);
#787=VERTEX_POINT('',#4497);
#788=VERTEX_POINT('',#4544);
#789=VERTEX_POINT('',#4549);
#790=VERTEX_POINT('',#4560);
#791=VERTEX_POINT('',#4641);
#792=VERTEX_POINT('',#4642);
#793=VERTEX_POINT('',#4644);
#794=VERTEX_POINT('',#4646);
#795=VERTEX_POINT('',#4650);
#796=VERTEX_POINT('',#4651);
#797=VERTEX_POINT('',#4653);
#798=VERTEX_POINT('',#4655);
#799=VERTEX_POINT('',#4660);
#800=VERTEX_POINT('',#4672);
#801=VERTEX_POINT('',#4715);
#802=VERTEX_POINT('',#4727);
#803=VERTEX_POINT('',#4815);
#804=VERTEX_POINT('',#4839);
#805=VERTEX_POINT('',#4878);
#806=VERTEX_POINT('',#4911);
#807=VERTEX_POINT('',#5076);
#808=VERTEX_POINT('',#5100);
#809=VERTEX_POINT('',#5139);
#810=VERTEX_POINT('',#5172);
#811=EDGE_CURVE('',#651,#652,#515,.T.);
#812=EDGE_CURVE('',#653,#651,#437,.T.);
#813=EDGE_CURVE('',#654,#653,#438,.T.);
#814=EDGE_CURVE('',#655,#654,#439,.T.);
#815=EDGE_CURVE('',#656,#655,#440,.T.);
#816=EDGE_CURVE('',#657,#656,#405,.T.);
#817=EDGE_CURVE('',#658,#657,#516,.T.);
#818=EDGE_CURVE('',#652,#658,#315,.T.);
#819=EDGE_CURVE('',#659,#660,#517,.T.);
#820=EDGE_CURVE('',#659,#661,#316,.T.);
#821=EDGE_CURVE('',#661,#662,#518,.T.);
#822=EDGE_CURVE('',#662,#663,#406,.T.);
#823=EDGE_CURVE('',#663,#664,#441,.T.);
#824=EDGE_CURVE('',#664,#665,#442,.T.);
#825=EDGE_CURVE('',#665,#666,#443,.T.);
#826=EDGE_CURVE('',#666,#660,#444,.T.);
#827=EDGE_CURVE('',#667,#668,#317,.T.);
#828=EDGE_CURVE('',#668,#669,#519,.F.);
#829=EDGE_CURVE('',#669,#670,#318,.T.);
#830=EDGE_CURVE('',#670,#667,#520,.F.);
#831=EDGE_CURVE('',#668,#671,#521,.T.);
#832=EDGE_CURVE('',#672,#671,#522,.F.);
#833=EDGE_CURVE('',#673,#672,#523,.F.);
#834=EDGE_CURVE('',#669,#673,#445,.T.);
#835=EDGE_CURVE('',#674,#675,#319,.T.);
#836=EDGE_CURVE('',#675,#676,#524,.T.);
#837=EDGE_CURVE('',#677,#676,#320,.T.);
#838=EDGE_CURVE('',#678,#677,#321,.T.);
#839=EDGE_CURVE('',#679,#678,#525,.T.);
#840=EDGE_CURVE('',#680,#679,#322,.T.);
#841=EDGE_CURVE('',#680,#652,#323,.T.);
#842=EDGE_CURVE('',#671,#658,#324,.T.);
#843=EDGE_CURVE('',#681,#667,#325,.T.);
#844=EDGE_CURVE('',#682,#681,#526,.T.);
#845=EDGE_CURVE('',#683,#682,#326,.T.);
#846=EDGE_CURVE('',#683,#684,#527,.T.);
#847=EDGE_CURVE('',#684,#685,#327,.T.);
#848=EDGE_CURVE('',#686,#685,#528,.F.);
#849=EDGE_CURVE('',#686,#687,#529,.T.);
#850=EDGE_CURVE('',#674,#687,#530,.F.);
#851=EDGE_CURVE('',#681,#688,#531,.T.);
#852=EDGE_CURVE('',#689,#688,#446,.T.);
#853=EDGE_CURVE('',#690,#689,#407,.F.);
#854=EDGE_CURVE('',#682,#690,#532,.T.);
#855=EDGE_CURVE('',#672,#657,#408,.F.);
#856=EDGE_CURVE('',#679,#691,#533,.T.);
#857=EDGE_CURVE('',#692,#691,#328,.T.);
#858=EDGE_CURVE('',#680,#692,#534,.T.);
#859=EDGE_CURVE('',#677,#693,#535,.T.);
#860=EDGE_CURVE('',#693,#694,#329,.T.);
#861=EDGE_CURVE('',#678,#694,#536,.T.);
#862=EDGE_CURVE('',#691,#694,#537,.T.);
#863=EDGE_CURVE('',#695,#670,#409,.F.);
#864=EDGE_CURVE('',#696,#695,#447,.T.);
#865=EDGE_CURVE('',#688,#696,#448,.T.);
#866=EDGE_CURVE('',#697,#698,#410,.F.);
#867=EDGE_CURVE('',#699,#698,#411,.F.);
#868=EDGE_CURVE('',#700,#699,#412,.T.);
#869=EDGE_CURVE('',#697,#700,#538,.F.);
#870=EDGE_CURVE('',#701,#702,#413,.T.);
#871=EDGE_CURVE('',#703,#702,#414,.T.);
#872=EDGE_CURVE('',#704,#703,#415,.F.);
#873=EDGE_CURVE('',#701,#704,#539,.T.);
#874=EDGE_CURVE('',#705,#694,#449,.T.);
#875=EDGE_CURVE('',#706,#705,#416,.F.);
#876=EDGE_CURVE('',#691,#706,#450,.T.);
#877=EDGE_CURVE('',#707,#708,#540,.T.);
#878=EDGE_CURVE('',#709,#707,#451,.T.);
#879=EDGE_CURVE('',#710,#709,#417,.F.);
#880=EDGE_CURVE('',#708,#710,#452,.T.);
#881=EDGE_CURVE('',#711,#707,#330,.T.);
#882=EDGE_CURVE('',#711,#690,#453,.T.);
#883=EDGE_CURVE('',#690,#709,#331,.T.);
#884=EDGE_CURVE('',#689,#712,#332,.T.);
#885=EDGE_CURVE('',#710,#712,#454,.T.);
#886=EDGE_CURVE('',#688,#713,#333,.T.);
#887=EDGE_CURVE('',#712,#713,#455,.T.);
#888=EDGE_CURVE('',#696,#714,#334,.F.);
#889=EDGE_CURVE('',#713,#714,#456,.T.);
#890=EDGE_CURVE('',#695,#715,#335,.F.);
#891=EDGE_CURVE('',#714,#715,#457,.T.);
#892=EDGE_CURVE('',#704,#670,#458,.T.);
#893=EDGE_CURVE('',#715,#703,#459,.T.);
#894=EDGE_CURVE('',#693,#716,#460,.T.);
#895=EDGE_CURVE('',#716,#705,#336,.T.);
#896=EDGE_CURVE('',#716,#717,#418,.F.);
#897=EDGE_CURVE('',#717,#718,#337,.T.);
#898=EDGE_CURVE('',#706,#718,#461,.T.);
#899=EDGE_CURVE('',#717,#719,#462,.T.);
#900=EDGE_CURVE('',#719,#720,#338,.T.);
#901=EDGE_CURVE('',#718,#720,#463,.T.);
#902=EDGE_CURVE('',#719,#721,#464,.T.);
#903=EDGE_CURVE('',#721,#722,#339,.F.);
#904=EDGE_CURVE('',#720,#722,#465,.T.);
#905=EDGE_CURVE('',#723,#724,#340,.T.);
#906=EDGE_CURVE('',#724,#725,#419,.T.);
#907=EDGE_CURVE('',#700,#725,#466,.T.);
#908=EDGE_CURVE('',#723,#699,#467,.T.);
#909=EDGE_CURVE('',#721,#724,#468,.T.);
#910=EDGE_CURVE('',#722,#723,#469,.T.);
#911=EDGE_CURVE('',#673,#704,#341,.T.);
#912=EDGE_CURVE('',#701,#672,#342,.T.);
#913=EDGE_CURVE('',#656,#703,#343,.T.);
#914=EDGE_CURVE('',#657,#702,#344,.T.);
#915=EDGE_CURVE('',#655,#715,#345,.T.);
#916=EDGE_CURVE('',#654,#714,#346,.T.);
#917=EDGE_CURVE('',#653,#713,#347,.T.);
#918=EDGE_CURVE('',#651,#726,#470,.T.);
#919=EDGE_CURVE('',#726,#712,#348,.T.);
#920=EDGE_CURVE('',#726,#727,#471,.T.);
#921=EDGE_CURVE('',#727,#710,#349,.T.);
#922=EDGE_CURVE('',#727,#728,#472,.T.);
#923=EDGE_CURVE('',#728,#708,#350,.T.);
#924=EDGE_CURVE('',#729,#725,#351,.T.);
#925=EDGE_CURVE('',#729,#730,#473,.T.);
#926=EDGE_CURVE('',#730,#700,#352,.T.);
#927=EDGE_CURVE('',#730,#731,#541,.T.);
#928=EDGE_CURVE('',#697,#731,#353,.T.);
#929=EDGE_CURVE('',#732,#733,#420,.F.);
#930=EDGE_CURVE('',#733,#699,#354,.T.);
#931=EDGE_CURVE('',#732,#698,#355,.T.);
#932=EDGE_CURVE('',#733,#734,#474,.T.);
#933=EDGE_CURVE('',#734,#723,#356,.T.);
#934=EDGE_CURVE('',#734,#735,#475,.T.);
#935=EDGE_CURVE('',#735,#722,#357,.T.);
#936=EDGE_CURVE('',#735,#736,#476,.T.);
#937=EDGE_CURVE('',#736,#720,#358,.T.);
#938=EDGE_CURVE('',#736,#737,#477,.T.);
#939=EDGE_CURVE('',#737,#718,#359,.T.);
#940=EDGE_CURVE('',#737,#738,#478,.T.);
#941=EDGE_CURVE('',#738,#706,#360,.T.);
#942=EDGE_CURVE('',#738,#692,#479,.T.);
#943=EDGE_CURVE('',#731,#732,#421,.T.);
#944=EDGE_CURVE('',#739,#740,#361,.T.);
#945=EDGE_CURVE('',#740,#675,#542,.T.);
#946=EDGE_CURVE('',#674,#739,#543,.T.);
#947=EDGE_CURVE('',#740,#741,#544,.T.);
#948=EDGE_CURVE('',#741,#676,#545,.F.);
#949=EDGE_CURVE('',#687,#742,#546,.F.);
#950=EDGE_CURVE('',#739,#742,#547,.F.);
#951=EDGE_CURVE('',#743,#744,#362,.T.);
#952=EDGE_CURVE('',#744,#685,#548,.T.);
#953=EDGE_CURVE('',#684,#743,#549,.T.);
#954=EDGE_CURVE('',#745,#744,#550,.F.);
#955=EDGE_CURVE('',#686,#745,#551,.F.);
#956=EDGE_CURVE('',#683,#746,#552,.F.);
#957=EDGE_CURVE('',#746,#743,#553,.T.);
#958=EDGE_CURVE('',#747,#748,#363,.T.);
#959=EDGE_CURVE('',#749,#747,#554,.F.);
#960=EDGE_CURVE('',#750,#749,#364,.T.);
#961=EDGE_CURVE('',#748,#750,#555,.F.);
#962=EDGE_CURVE('',#748,#751,#556,.T.);
#963=EDGE_CURVE('',#750,#752,#480,.T.);
#964=EDGE_CURVE('',#752,#753,#557,.F.);
#965=EDGE_CURVE('',#753,#751,#558,.F.);
#966=EDGE_CURVE('',#745,#742,#559,.T.);
#967=EDGE_CURVE('',#746,#754,#365,.T.);
#968=EDGE_CURVE('',#754,#755,#560,.T.);
#969=EDGE_CURVE('',#755,#747,#366,.T.);
#970=EDGE_CURVE('',#751,#661,#367,.T.);
#971=EDGE_CURVE('',#756,#659,#368,.T.);
#972=EDGE_CURVE('',#756,#757,#369,.T.);
#973=EDGE_CURVE('',#757,#758,#561,.T.);
#974=EDGE_CURVE('',#758,#759,#370,.T.);
#975=EDGE_CURVE('',#759,#741,#371,.T.);
#976=EDGE_CURVE('',#711,#760,#562,.T.);
#977=EDGE_CURVE('',#760,#761,#481,.T.);
#978=EDGE_CURVE('',#754,#761,#563,.T.);
#979=EDGE_CURVE('',#761,#762,#422,.F.);
#980=EDGE_CURVE('',#762,#763,#482,.T.);
#981=EDGE_CURVE('',#755,#763,#564,.T.);
#982=EDGE_CURVE('',#753,#662,#423,.F.);
#983=EDGE_CURVE('',#756,#764,#565,.T.);
#984=EDGE_CURVE('',#764,#765,#372,.T.);
#985=EDGE_CURVE('',#757,#765,#566,.T.);
#986=EDGE_CURVE('',#758,#766,#567,.T.);
#987=EDGE_CURVE('',#767,#766,#373,.T.);
#988=EDGE_CURVE('',#759,#767,#568,.T.);
#989=EDGE_CURVE('',#767,#768,#483,.T.);
#990=EDGE_CURVE('',#716,#768,#569,.T.);
#991=EDGE_CURVE('',#765,#766,#570,.T.);
#992=EDGE_CURVE('',#763,#769,#484,.T.);
#993=EDGE_CURVE('',#769,#770,#485,.T.);
#994=EDGE_CURVE('',#770,#749,#424,.F.);
#995=EDGE_CURVE('',#771,#725,#571,.T.);
#996=EDGE_CURVE('',#772,#771,#374,.T.);
#997=EDGE_CURVE('',#729,#772,#572,.T.);
#998=EDGE_CURVE('',#772,#773,#486,.T.);
#999=EDGE_CURVE('',#773,#774,#573,.T.);
#1000=EDGE_CURVE('',#774,#731,#574,.T.);
#1001=EDGE_CURVE('',#775,#728,#575,.T.);
#1002=EDGE_CURVE('',#775,#776,#375,.T.);
#1003=EDGE_CURVE('',#708,#776,#576,.F.);
#1004=EDGE_CURVE('',#707,#777,#577,.T.);
#1005=EDGE_CURVE('',#760,#777,#376,.T.);
#1006=EDGE_CURVE('',#768,#778,#425,.F.);
#1007=EDGE_CURVE('',#778,#779,#487,.T.);
#1008=EDGE_CURVE('',#779,#719,#578,.T.);
#1009=EDGE_CURVE('',#779,#780,#488,.T.);
#1010=EDGE_CURVE('',#780,#781,#489,.T.);
#1011=EDGE_CURVE('',#781,#771,#426,.T.);
#1012=EDGE_CURVE('',#660,#782,#490,.T.);
#1013=EDGE_CURVE('',#782,#783,#491,.T.);
#1014=EDGE_CURVE('',#783,#775,#492,.T.);
#1015=EDGE_CURVE('',#784,#732,#579,.F.);
#1016=EDGE_CURVE('',#784,#785,#427,.F.);
#1017=EDGE_CURVE('',#785,#786,#493,.T.);
#1018=EDGE_CURVE('',#786,#787,#494,.T.);
#1019=EDGE_CURVE('',#787,#788,#495,.T.);
#1020=EDGE_CURVE('',#788,#789,#496,.T.);
#1021=EDGE_CURVE('',#789,#790,#497,.T.);
#1022=EDGE_CURVE('',#790,#764,#498,.T.);
#1023=EDGE_CURVE('',#777,#776,#580,.T.);
#1024=EDGE_CURVE('',#791,#792,#428,.F.);
#1025=EDGE_CURVE('',#791,#793,#581,.F.);
#1026=EDGE_CURVE('',#793,#794,#429,.T.);
#1027=EDGE_CURVE('',#794,#792,#430,.F.);
#1028=EDGE_CURVE('',#795,#796,#431,.T.);
#1029=EDGE_CURVE('',#795,#797,#582,.T.);
#1030=EDGE_CURVE('',#797,#798,#432,.F.);
#1031=EDGE_CURVE('',#798,#796,#433,.T.);
#1032=EDGE_CURVE('',#765,#799,#499,.T.);
#1033=EDGE_CURVE('',#799,#800,#434,.F.);
#1034=EDGE_CURVE('',#800,#766,#500,.T.);
#1035=EDGE_CURVE('',#776,#801,#501,.T.);
#1036=EDGE_CURVE('',#801,#802,#435,.F.);
#1037=EDGE_CURVE('',#802,#777,#502,.T.);
#1038=EDGE_CURVE('',#761,#802,#377,.T.);
#1039=EDGE_CURVE('',#801,#803,#503,.T.);
#1040=EDGE_CURVE('',#762,#803,#378,.T.);
#1041=EDGE_CURVE('',#803,#804,#504,.T.);
#1042=EDGE_CURVE('',#763,#804,#379,.T.);
#1043=EDGE_CURVE('',#804,#805,#505,.T.);
#1044=EDGE_CURVE('',#769,#805,#380,.F.);
#1045=EDGE_CURVE('',#805,#806,#506,.T.);
#1046=EDGE_CURVE('',#770,#806,#381,.F.);
#1047=EDGE_CURVE('',#806,#798,#507,.T.);
#1048=EDGE_CURVE('',#797,#749,#508,.T.);
#1049=EDGE_CURVE('',#768,#800,#382,.T.);
#1050=EDGE_CURVE('',#799,#807,#509,.T.);
#1051=EDGE_CURVE('',#778,#807,#383,.T.);
#1052=EDGE_CURVE('',#807,#808,#510,.T.);
#1053=EDGE_CURVE('',#779,#808,#384,.T.);
#1054=EDGE_CURVE('',#808,#809,#511,.T.);
#1055=EDGE_CURVE('',#780,#809,#385,.F.);
#1056=EDGE_CURVE('',#810,#781,#386,.T.);
#1057=EDGE_CURVE('',#810,#794,#512,.T.);
#1058=EDGE_CURVE('',#793,#771,#513,.T.);
#1059=EDGE_CURVE('',#809,#810,#514,.T.);
#1060=EDGE_CURVE('',#752,#797,#387,.T.);
#1061=EDGE_CURVE('',#795,#753,#388,.T.);
#1062=EDGE_CURVE('',#662,#796,#389,.T.);
#1063=EDGE_CURVE('',#663,#798,#390,.T.);
#1064=EDGE_CURVE('',#664,#806,#391,.T.);
#1065=EDGE_CURVE('',#665,#805,#392,.T.);
#1066=EDGE_CURVE('',#666,#804,#393,.T.);
#1067=EDGE_CURVE('',#782,#803,#394,.T.);
#1068=EDGE_CURVE('',#783,#801,#395,.T.);
#1069=EDGE_CURVE('',#773,#793,#396,.T.);
#1070=EDGE_CURVE('',#791,#774,#397,.T.);
#1071=EDGE_CURVE('',#784,#792,#398,.T.);
#1072=EDGE_CURVE('',#785,#794,#399,.T.);
#1073=EDGE_CURVE('',#786,#810,#400,.T.);
#1074=EDGE_CURVE('',#787,#809,#401,.T.);
#1075=EDGE_CURVE('',#788,#808,#402,.T.);
#1076=EDGE_CURVE('',#789,#807,#403,.T.);
#1077=EDGE_CURVE('',#790,#799,#404,.T.);
#1078=EDGE_CURVE('',#774,#784,#436,.T.);
#1079=ORIENTED_EDGE('',*,*,#811,.F.);
#1080=ORIENTED_EDGE('',*,*,#812,.F.);
#1081=ORIENTED_EDGE('',*,*,#813,.F.);
#1082=ORIENTED_EDGE('',*,*,#814,.F.);
#1083=ORIENTED_EDGE('',*,*,#815,.F.);
#1084=ORIENTED_EDGE('',*,*,#816,.F.);
#1085=ORIENTED_EDGE('',*,*,#817,.F.);
#1086=ORIENTED_EDGE('',*,*,#818,.F.);
#1087=ORIENTED_EDGE('',*,*,#819,.F.);
#1088=ORIENTED_EDGE('',*,*,#820,.T.);
#1089=ORIENTED_EDGE('',*,*,#821,.T.);
#1090=ORIENTED_EDGE('',*,*,#822,.T.);
#1091=ORIENTED_EDGE('',*,*,#823,.T.);
#1092=ORIENTED_EDGE('',*,*,#824,.T.);
#1093=ORIENTED_EDGE('',*,*,#825,.T.);
#1094=ORIENTED_EDGE('',*,*,#826,.T.);
#1095=ORIENTED_EDGE('',*,*,#827,.T.);
#1096=ORIENTED_EDGE('',*,*,#828,.T.);
#1097=ORIENTED_EDGE('',*,*,#829,.T.);
#1098=ORIENTED_EDGE('',*,*,#830,.T.);
#1099=ORIENTED_EDGE('',*,*,#831,.T.);
#1100=ORIENTED_EDGE('',*,*,#832,.F.);
#1101=ORIENTED_EDGE('',*,*,#833,.F.);
#1102=ORIENTED_EDGE('',*,*,#834,.F.);
#1103=ORIENTED_EDGE('',*,*,#828,.F.);
#1104=ORIENTED_EDGE('',*,*,#835,.T.);
#1105=ORIENTED_EDGE('',*,*,#836,.T.);
#1106=ORIENTED_EDGE('',*,*,#837,.F.);
#1107=ORIENTED_EDGE('',*,*,#838,.F.);
#1108=ORIENTED_EDGE('',*,*,#839,.F.);
#1109=ORIENTED_EDGE('',*,*,#840,.F.);
#1110=ORIENTED_EDGE('',*,*,#841,.T.);
#1111=ORIENTED_EDGE('',*,*,#818,.T.);
#1112=ORIENTED_EDGE('',*,*,#842,.F.);
#1113=ORIENTED_EDGE('',*,*,#831,.F.);
#1114=ORIENTED_EDGE('',*,*,#827,.F.);
#1115=ORIENTED_EDGE('',*,*,#843,.F.);
#1116=ORIENTED_EDGE('',*,*,#844,.F.);
#1117=ORIENTED_EDGE('',*,*,#845,.F.);
#1118=ORIENTED_EDGE('',*,*,#846,.T.);
#1119=ORIENTED_EDGE('',*,*,#847,.T.);
#1120=ORIENTED_EDGE('',*,*,#848,.F.);
#1121=ORIENTED_EDGE('',*,*,#849,.T.);
#1122=ORIENTED_EDGE('',*,*,#850,.F.);
#1123=ORIENTED_EDGE('',*,*,#844,.T.);
#1124=ORIENTED_EDGE('',*,*,#851,.T.);
#1125=ORIENTED_EDGE('',*,*,#852,.F.);
#1126=ORIENTED_EDGE('',*,*,#853,.F.);
#1127=ORIENTED_EDGE('',*,*,#854,.F.);
#1128=ORIENTED_EDGE('',*,*,#842,.T.);
#1129=ORIENTED_EDGE('',*,*,#817,.T.);
#1130=ORIENTED_EDGE('',*,*,#855,.F.);
#1131=ORIENTED_EDGE('',*,*,#832,.T.);
#1132=ORIENTED_EDGE('',*,*,#840,.T.);
#1133=ORIENTED_EDGE('',*,*,#856,.T.);
#1134=ORIENTED_EDGE('',*,*,#857,.F.);
#1135=ORIENTED_EDGE('',*,*,#858,.F.);
#1136=ORIENTED_EDGE('',*,*,#838,.T.);
#1137=ORIENTED_EDGE('',*,*,#859,.T.);
#1138=ORIENTED_EDGE('',*,*,#860,.T.);
#1139=ORIENTED_EDGE('',*,*,#861,.F.);
#1140=ORIENTED_EDGE('',*,*,#839,.T.);
#1141=ORIENTED_EDGE('',*,*,#861,.T.);
#1142=ORIENTED_EDGE('',*,*,#862,.F.);
#1143=ORIENTED_EDGE('',*,*,#856,.F.);
#1144=ORIENTED_EDGE('',*,*,#843,.T.);
#1145=ORIENTED_EDGE('',*,*,#830,.F.);
#1146=ORIENTED_EDGE('',*,*,#863,.F.);
#1147=ORIENTED_EDGE('',*,*,#864,.F.);
#1148=ORIENTED_EDGE('',*,*,#865,.F.);
#1149=ORIENTED_EDGE('',*,*,#851,.F.);
#1150=ORIENTED_EDGE('',*,*,#866,.T.);
#1151=ORIENTED_EDGE('',*,*,#867,.F.);
#1152=ORIENTED_EDGE('',*,*,#868,.F.);
#1153=ORIENTED_EDGE('',*,*,#869,.F.);
#1154=ORIENTED_EDGE('',*,*,#870,.T.);
#1155=ORIENTED_EDGE('',*,*,#871,.F.);
#1156=ORIENTED_EDGE('',*,*,#872,.F.);
#1157=ORIENTED_EDGE('',*,*,#873,.F.);
#1158=ORIENTED_EDGE('',*,*,#862,.T.);
#1159=ORIENTED_EDGE('',*,*,#874,.F.);
#1160=ORIENTED_EDGE('',*,*,#875,.F.);
#1161=ORIENTED_EDGE('',*,*,#876,.F.);
#1162=ORIENTED_EDGE('',*,*,#877,.F.);
#1163=ORIENTED_EDGE('',*,*,#878,.F.);
#1164=ORIENTED_EDGE('',*,*,#879,.F.);
#1165=ORIENTED_EDGE('',*,*,#880,.F.);
#1166=ORIENTED_EDGE('',*,*,#881,.F.);
#1167=ORIENTED_EDGE('',*,*,#882,.T.);
#1168=ORIENTED_EDGE('',*,*,#883,.T.);
#1169=ORIENTED_EDGE('',*,*,#878,.T.);
#1170=ORIENTED_EDGE('',*,*,#879,.T.);
#1171=ORIENTED_EDGE('',*,*,#883,.F.);
#1172=ORIENTED_EDGE('',*,*,#853,.T.);
#1173=ORIENTED_EDGE('',*,*,#884,.T.);
#1174=ORIENTED_EDGE('',*,*,#885,.F.);
#1175=ORIENTED_EDGE('',*,*,#884,.F.);
#1176=ORIENTED_EDGE('',*,*,#852,.T.);
#1177=ORIENTED_EDGE('',*,*,#886,.T.);
#1178=ORIENTED_EDGE('',*,*,#887,.F.);
#1179=ORIENTED_EDGE('',*,*,#886,.F.);
#1180=ORIENTED_EDGE('',*,*,#865,.T.);
#1181=ORIENTED_EDGE('',*,*,#888,.T.);
#1182=ORIENTED_EDGE('',*,*,#889,.F.);
#1183=ORIENTED_EDGE('',*,*,#888,.F.);
#1184=ORIENTED_EDGE('',*,*,#864,.T.);
#1185=ORIENTED_EDGE('',*,*,#890,.T.);
#1186=ORIENTED_EDGE('',*,*,#891,.F.);
#1187=ORIENTED_EDGE('',*,*,#890,.F.);
#1188=ORIENTED_EDGE('',*,*,#863,.T.);
#1189=ORIENTED_EDGE('',*,*,#892,.F.);
#1190=ORIENTED_EDGE('',*,*,#872,.T.);
#1191=ORIENTED_EDGE('',*,*,#893,.F.);
#1192=ORIENTED_EDGE('',*,*,#860,.F.);
#1193=ORIENTED_EDGE('',*,*,#894,.T.);
#1194=ORIENTED_EDGE('',*,*,#895,.T.);
#1195=ORIENTED_EDGE('',*,*,#874,.T.);
#1196=ORIENTED_EDGE('',*,*,#875,.T.);
#1197=ORIENTED_EDGE('',*,*,#895,.F.);
#1198=ORIENTED_EDGE('',*,*,#896,.T.);
#1199=ORIENTED_EDGE('',*,*,#897,.T.);
#1200=ORIENTED_EDGE('',*,*,#898,.F.);
#1201=ORIENTED_EDGE('',*,*,#897,.F.);
#1202=ORIENTED_EDGE('',*,*,#899,.T.);
#1203=ORIENTED_EDGE('',*,*,#900,.T.);
#1204=ORIENTED_EDGE('',*,*,#901,.F.);
#1205=ORIENTED_EDGE('',*,*,#900,.F.);
#1206=ORIENTED_EDGE('',*,*,#902,.T.);
#1207=ORIENTED_EDGE('',*,*,#903,.T.);
#1208=ORIENTED_EDGE('',*,*,#904,.F.);
#1209=ORIENTED_EDGE('',*,*,#905,.T.);
#1210=ORIENTED_EDGE('',*,*,#906,.T.);
#1211=ORIENTED_EDGE('',*,*,#907,.F.);
#1212=ORIENTED_EDGE('',*,*,#868,.T.);
#1213=ORIENTED_EDGE('',*,*,#908,.F.);
#1214=ORIENTED_EDGE('',*,*,#903,.F.);
#1215=ORIENTED_EDGE('',*,*,#909,.T.);
#1216=ORIENTED_EDGE('',*,*,#905,.F.);
#1217=ORIENTED_EDGE('',*,*,#910,.F.);
#1218=ORIENTED_EDGE('',*,*,#829,.F.);
#1219=ORIENTED_EDGE('',*,*,#834,.T.);
#1220=ORIENTED_EDGE('',*,*,#911,.T.);
#1221=ORIENTED_EDGE('',*,*,#892,.T.);
#1222=ORIENTED_EDGE('',*,*,#873,.T.);
#1223=ORIENTED_EDGE('',*,*,#911,.F.);
#1224=ORIENTED_EDGE('',*,*,#833,.T.);
#1225=ORIENTED_EDGE('',*,*,#912,.F.);
#1226=ORIENTED_EDGE('',*,*,#816,.T.);
#1227=ORIENTED_EDGE('',*,*,#913,.T.);
#1228=ORIENTED_EDGE('',*,*,#871,.T.);
#1229=ORIENTED_EDGE('',*,*,#914,.F.);
#1230=ORIENTED_EDGE('',*,*,#913,.F.);
#1231=ORIENTED_EDGE('',*,*,#815,.T.);
#1232=ORIENTED_EDGE('',*,*,#915,.T.);
#1233=ORIENTED_EDGE('',*,*,#893,.T.);
#1234=ORIENTED_EDGE('',*,*,#915,.F.);
#1235=ORIENTED_EDGE('',*,*,#814,.T.);
#1236=ORIENTED_EDGE('',*,*,#916,.T.);
#1237=ORIENTED_EDGE('',*,*,#891,.T.);
#1238=ORIENTED_EDGE('',*,*,#916,.F.);
#1239=ORIENTED_EDGE('',*,*,#813,.T.);
#1240=ORIENTED_EDGE('',*,*,#917,.T.);
#1241=ORIENTED_EDGE('',*,*,#889,.T.);
#1242=ORIENTED_EDGE('',*,*,#917,.F.);
#1243=ORIENTED_EDGE('',*,*,#812,.T.);
#1244=ORIENTED_EDGE('',*,*,#918,.T.);
#1245=ORIENTED_EDGE('',*,*,#919,.T.);
#1246=ORIENTED_EDGE('',*,*,#887,.T.);
#1247=ORIENTED_EDGE('',*,*,#919,.F.);
#1248=ORIENTED_EDGE('',*,*,#920,.T.);
#1249=ORIENTED_EDGE('',*,*,#921,.T.);
#1250=ORIENTED_EDGE('',*,*,#885,.T.);
#1251=ORIENTED_EDGE('',*,*,#921,.F.);
#1252=ORIENTED_EDGE('',*,*,#922,.T.);
#1253=ORIENTED_EDGE('',*,*,#923,.T.);
#1254=ORIENTED_EDGE('',*,*,#880,.T.);
#1255=ORIENTED_EDGE('',*,*,#924,.F.);
#1256=ORIENTED_EDGE('',*,*,#925,.T.);
#1257=ORIENTED_EDGE('',*,*,#926,.T.);
#1258=ORIENTED_EDGE('',*,*,#907,.T.);
#1259=ORIENTED_EDGE('',*,*,#869,.T.);
#1260=ORIENTED_EDGE('',*,*,#926,.F.);
#1261=ORIENTED_EDGE('',*,*,#927,.T.);
#1262=ORIENTED_EDGE('',*,*,#928,.F.);
#1263=ORIENTED_EDGE('',*,*,#929,.T.);
#1264=ORIENTED_EDGE('',*,*,#930,.T.);
#1265=ORIENTED_EDGE('',*,*,#867,.T.);
#1266=ORIENTED_EDGE('',*,*,#931,.F.);
#1267=ORIENTED_EDGE('',*,*,#930,.F.);
#1268=ORIENTED_EDGE('',*,*,#932,.T.);
#1269=ORIENTED_EDGE('',*,*,#933,.T.);
#1270=ORIENTED_EDGE('',*,*,#908,.T.);
#1271=ORIENTED_EDGE('',*,*,#933,.F.);
#1272=ORIENTED_EDGE('',*,*,#934,.T.);
#1273=ORIENTED_EDGE('',*,*,#935,.T.);
#1274=ORIENTED_EDGE('',*,*,#910,.T.);
#1275=ORIENTED_EDGE('',*,*,#935,.F.);
#1276=ORIENTED_EDGE('',*,*,#936,.T.);
#1277=ORIENTED_EDGE('',*,*,#937,.T.);
#1278=ORIENTED_EDGE('',*,*,#904,.T.);
#1279=ORIENTED_EDGE('',*,*,#937,.F.);
#1280=ORIENTED_EDGE('',*,*,#938,.T.);
#1281=ORIENTED_EDGE('',*,*,#939,.T.);
#1282=ORIENTED_EDGE('',*,*,#901,.T.);
#1283=ORIENTED_EDGE('',*,*,#939,.F.);
#1284=ORIENTED_EDGE('',*,*,#940,.T.);
#1285=ORIENTED_EDGE('',*,*,#941,.T.);
#1286=ORIENTED_EDGE('',*,*,#898,.T.);
#1287=ORIENTED_EDGE('',*,*,#941,.F.);
#1288=ORIENTED_EDGE('',*,*,#942,.T.);
#1289=ORIENTED_EDGE('',*,*,#857,.T.);
#1290=ORIENTED_EDGE('',*,*,#876,.T.);
#1291=ORIENTED_EDGE('',*,*,#870,.F.);
#1292=ORIENTED_EDGE('',*,*,#912,.T.);
#1293=ORIENTED_EDGE('',*,*,#855,.T.);
#1294=ORIENTED_EDGE('',*,*,#914,.T.);
#1295=ORIENTED_EDGE('',*,*,#866,.F.);
#1296=ORIENTED_EDGE('',*,*,#928,.T.);
#1297=ORIENTED_EDGE('',*,*,#943,.T.);
#1298=ORIENTED_EDGE('',*,*,#931,.T.);
#1299=ORIENTED_EDGE('',*,*,#944,.T.);
#1300=ORIENTED_EDGE('',*,*,#945,.T.);
#1301=ORIENTED_EDGE('',*,*,#835,.F.);
#1302=ORIENTED_EDGE('',*,*,#946,.T.);
#1303=ORIENTED_EDGE('',*,*,#945,.F.);
#1304=ORIENTED_EDGE('',*,*,#947,.T.);
#1305=ORIENTED_EDGE('',*,*,#948,.T.);
#1306=ORIENTED_EDGE('',*,*,#836,.F.);
#1307=ORIENTED_EDGE('',*,*,#946,.F.);
#1308=ORIENTED_EDGE('',*,*,#850,.T.);
#1309=ORIENTED_EDGE('',*,*,#949,.T.);
#1310=ORIENTED_EDGE('',*,*,#950,.F.);
#1311=ORIENTED_EDGE('',*,*,#951,.T.);
#1312=ORIENTED_EDGE('',*,*,#952,.T.);
#1313=ORIENTED_EDGE('',*,*,#847,.F.);
#1314=ORIENTED_EDGE('',*,*,#953,.T.);
#1315=ORIENTED_EDGE('',*,*,#952,.F.);
#1316=ORIENTED_EDGE('',*,*,#954,.F.);
#1317=ORIENTED_EDGE('',*,*,#955,.F.);
#1318=ORIENTED_EDGE('',*,*,#848,.T.);
#1319=ORIENTED_EDGE('',*,*,#953,.F.);
#1320=ORIENTED_EDGE('',*,*,#846,.F.);
#1321=ORIENTED_EDGE('',*,*,#956,.T.);
#1322=ORIENTED_EDGE('',*,*,#957,.T.);
#1323=ORIENTED_EDGE('',*,*,#958,.F.);
#1324=ORIENTED_EDGE('',*,*,#959,.F.);
#1325=ORIENTED_EDGE('',*,*,#960,.F.);
#1326=ORIENTED_EDGE('',*,*,#961,.F.);
#1327=ORIENTED_EDGE('',*,*,#962,.F.);
#1328=ORIENTED_EDGE('',*,*,#961,.T.);
#1329=ORIENTED_EDGE('',*,*,#963,.T.);
#1330=ORIENTED_EDGE('',*,*,#964,.T.);
#1331=ORIENTED_EDGE('',*,*,#965,.T.);
#1332=ORIENTED_EDGE('',*,*,#944,.F.);
#1333=ORIENTED_EDGE('',*,*,#950,.T.);
#1334=ORIENTED_EDGE('',*,*,#966,.F.);
#1335=ORIENTED_EDGE('',*,*,#954,.T.);
#1336=ORIENTED_EDGE('',*,*,#951,.F.);
#1337=ORIENTED_EDGE('',*,*,#957,.F.);
#1338=ORIENTED_EDGE('',*,*,#967,.T.);
#1339=ORIENTED_EDGE('',*,*,#968,.T.);
#1340=ORIENTED_EDGE('',*,*,#969,.T.);
#1341=ORIENTED_EDGE('',*,*,#958,.T.);
#1342=ORIENTED_EDGE('',*,*,#962,.T.);
#1343=ORIENTED_EDGE('',*,*,#970,.T.);
#1344=ORIENTED_EDGE('',*,*,#820,.F.);
#1345=ORIENTED_EDGE('',*,*,#971,.F.);
#1346=ORIENTED_EDGE('',*,*,#972,.T.);
#1347=ORIENTED_EDGE('',*,*,#973,.T.);
#1348=ORIENTED_EDGE('',*,*,#974,.T.);
#1349=ORIENTED_EDGE('',*,*,#975,.T.);
#1350=ORIENTED_EDGE('',*,*,#947,.F.);
#1351=ORIENTED_EDGE('',*,*,#967,.F.);
#1352=ORIENTED_EDGE('',*,*,#956,.F.);
#1353=ORIENTED_EDGE('',*,*,#845,.T.);
#1354=ORIENTED_EDGE('',*,*,#854,.T.);
#1355=ORIENTED_EDGE('',*,*,#882,.F.);
#1356=ORIENTED_EDGE('',*,*,#976,.T.);
#1357=ORIENTED_EDGE('',*,*,#977,.T.);
#1358=ORIENTED_EDGE('',*,*,#978,.F.);
#1359=ORIENTED_EDGE('',*,*,#968,.F.);
#1360=ORIENTED_EDGE('',*,*,#978,.T.);
#1361=ORIENTED_EDGE('',*,*,#979,.T.);
#1362=ORIENTED_EDGE('',*,*,#980,.T.);
#1363=ORIENTED_EDGE('',*,*,#981,.F.);
#1364=ORIENTED_EDGE('',*,*,#970,.F.);
#1365=ORIENTED_EDGE('',*,*,#965,.F.);
#1366=ORIENTED_EDGE('',*,*,#982,.T.);
#1367=ORIENTED_EDGE('',*,*,#821,.F.);
#1368=ORIENTED_EDGE('',*,*,#972,.F.);
#1369=ORIENTED_EDGE('',*,*,#983,.T.);
#1370=ORIENTED_EDGE('',*,*,#984,.T.);
#1371=ORIENTED_EDGE('',*,*,#985,.F.);
#1372=ORIENTED_EDGE('',*,*,#974,.F.);
#1373=ORIENTED_EDGE('',*,*,#986,.T.);
#1374=ORIENTED_EDGE('',*,*,#987,.F.);
#1375=ORIENTED_EDGE('',*,*,#988,.F.);
#1376=ORIENTED_EDGE('',*,*,#975,.F.);
#1377=ORIENTED_EDGE('',*,*,#988,.T.);
#1378=ORIENTED_EDGE('',*,*,#989,.T.);
#1379=ORIENTED_EDGE('',*,*,#990,.F.);
#1380=ORIENTED_EDGE('',*,*,#894,.F.);
#1381=ORIENTED_EDGE('',*,*,#859,.F.);
#1382=ORIENTED_EDGE('',*,*,#837,.T.);
#1383=ORIENTED_EDGE('',*,*,#948,.F.);
#1384=ORIENTED_EDGE('',*,*,#973,.F.);
#1385=ORIENTED_EDGE('',*,*,#985,.T.);
#1386=ORIENTED_EDGE('',*,*,#991,.T.);
#1387=ORIENTED_EDGE('',*,*,#986,.F.);
#1388=ORIENTED_EDGE('',*,*,#969,.F.);
#1389=ORIENTED_EDGE('',*,*,#981,.T.);
#1390=ORIENTED_EDGE('',*,*,#992,.T.);
#1391=ORIENTED_EDGE('',*,*,#993,.T.);
#1392=ORIENTED_EDGE('',*,*,#994,.T.);
#1393=ORIENTED_EDGE('',*,*,#959,.T.);
#1394=ORIENTED_EDGE('',*,*,#995,.F.);
#1395=ORIENTED_EDGE('',*,*,#996,.F.);
#1396=ORIENTED_EDGE('',*,*,#997,.F.);
#1397=ORIENTED_EDGE('',*,*,#924,.T.);
#1398=ORIENTED_EDGE('',*,*,#997,.T.);
#1399=ORIENTED_EDGE('',*,*,#998,.T.);
#1400=ORIENTED_EDGE('',*,*,#999,.T.);
#1401=ORIENTED_EDGE('',*,*,#1000,.T.);
#1402=ORIENTED_EDGE('',*,*,#927,.F.);
#1403=ORIENTED_EDGE('',*,*,#925,.F.);
#1404=ORIENTED_EDGE('',*,*,#1001,.F.);
#1405=ORIENTED_EDGE('',*,*,#1002,.T.);
#1406=ORIENTED_EDGE('',*,*,#1003,.F.);
#1407=ORIENTED_EDGE('',*,*,#923,.F.);
#1408=ORIENTED_EDGE('',*,*,#1004,.T.);
#1409=ORIENTED_EDGE('',*,*,#1005,.F.);
#1410=ORIENTED_EDGE('',*,*,#976,.F.);
#1411=ORIENTED_EDGE('',*,*,#881,.T.);
#1412=ORIENTED_EDGE('',*,*,#990,.T.);
#1413=ORIENTED_EDGE('',*,*,#1006,.T.);
#1414=ORIENTED_EDGE('',*,*,#1007,.T.);
#1415=ORIENTED_EDGE('',*,*,#1008,.T.);
#1416=ORIENTED_EDGE('',*,*,#899,.F.);
#1417=ORIENTED_EDGE('',*,*,#896,.F.);
#1418=ORIENTED_EDGE('',*,*,#1008,.F.);
#1419=ORIENTED_EDGE('',*,*,#1009,.T.);
#1420=ORIENTED_EDGE('',*,*,#1010,.T.);
#1421=ORIENTED_EDGE('',*,*,#1011,.T.);
#1422=ORIENTED_EDGE('',*,*,#995,.T.);
#1423=ORIENTED_EDGE('',*,*,#906,.F.);
#1424=ORIENTED_EDGE('',*,*,#909,.F.);
#1425=ORIENTED_EDGE('',*,*,#902,.F.);
#1426=ORIENTED_EDGE('',*,*,#819,.T.);
#1427=ORIENTED_EDGE('',*,*,#1012,.T.);
#1428=ORIENTED_EDGE('',*,*,#1013,.T.);
#1429=ORIENTED_EDGE('',*,*,#1014,.T.);
#1430=ORIENTED_EDGE('',*,*,#1001,.T.);
#1431=ORIENTED_EDGE('',*,*,#922,.F.);
#1432=ORIENTED_EDGE('',*,*,#920,.F.);
#1433=ORIENTED_EDGE('',*,*,#918,.F.);
#1434=ORIENTED_EDGE('',*,*,#811,.T.);
#1435=ORIENTED_EDGE('',*,*,#841,.F.);
#1436=ORIENTED_EDGE('',*,*,#858,.T.);
#1437=ORIENTED_EDGE('',*,*,#942,.F.);
#1438=ORIENTED_EDGE('',*,*,#940,.F.);
#1439=ORIENTED_EDGE('',*,*,#938,.F.);
#1440=ORIENTED_EDGE('',*,*,#936,.F.);
#1441=ORIENTED_EDGE('',*,*,#934,.F.);
#1442=ORIENTED_EDGE('',*,*,#932,.F.);
#1443=ORIENTED_EDGE('',*,*,#929,.F.);
#1444=ORIENTED_EDGE('',*,*,#1015,.F.);
#1445=ORIENTED_EDGE('',*,*,#1016,.T.);
#1446=ORIENTED_EDGE('',*,*,#1017,.T.);
#1447=ORIENTED_EDGE('',*,*,#1018,.T.);
#1448=ORIENTED_EDGE('',*,*,#1019,.T.);
#1449=ORIENTED_EDGE('',*,*,#1020,.T.);
#1450=ORIENTED_EDGE('',*,*,#1021,.T.);
#1451=ORIENTED_EDGE('',*,*,#1022,.T.);
#1452=ORIENTED_EDGE('',*,*,#983,.F.);
#1453=ORIENTED_EDGE('',*,*,#971,.T.);
#1454=ORIENTED_EDGE('',*,*,#1003,.T.);
#1455=ORIENTED_EDGE('',*,*,#1023,.F.);
#1456=ORIENTED_EDGE('',*,*,#1004,.F.);
#1457=ORIENTED_EDGE('',*,*,#877,.T.);
#1458=ORIENTED_EDGE('',*,*,#1024,.F.);
#1459=ORIENTED_EDGE('',*,*,#1025,.T.);
#1460=ORIENTED_EDGE('',*,*,#1026,.T.);
#1461=ORIENTED_EDGE('',*,*,#1027,.T.);
#1462=ORIENTED_EDGE('',*,*,#1028,.F.);
#1463=ORIENTED_EDGE('',*,*,#1029,.T.);
#1464=ORIENTED_EDGE('',*,*,#1030,.T.);
#1465=ORIENTED_EDGE('',*,*,#1031,.T.);
#1466=ORIENTED_EDGE('',*,*,#955,.T.);
#1467=ORIENTED_EDGE('',*,*,#966,.T.);
#1468=ORIENTED_EDGE('',*,*,#949,.F.);
#1469=ORIENTED_EDGE('',*,*,#849,.F.);
#1470=ORIENTED_EDGE('',*,*,#991,.F.);
#1471=ORIENTED_EDGE('',*,*,#1032,.T.);
#1472=ORIENTED_EDGE('',*,*,#1033,.T.);
#1473=ORIENTED_EDGE('',*,*,#1034,.T.);
#1474=ORIENTED_EDGE('',*,*,#1023,.T.);
#1475=ORIENTED_EDGE('',*,*,#1035,.T.);
#1476=ORIENTED_EDGE('',*,*,#1036,.T.);
#1477=ORIENTED_EDGE('',*,*,#1037,.T.);
#1478=ORIENTED_EDGE('',*,*,#1005,.T.);
#1479=ORIENTED_EDGE('',*,*,#1037,.F.);
#1480=ORIENTED_EDGE('',*,*,#1038,.F.);
#1481=ORIENTED_EDGE('',*,*,#977,.F.);
#1482=ORIENTED_EDGE('',*,*,#1036,.F.);
#1483=ORIENTED_EDGE('',*,*,#1039,.T.);
#1484=ORIENTED_EDGE('',*,*,#1040,.F.);
#1485=ORIENTED_EDGE('',*,*,#979,.F.);
#1486=ORIENTED_EDGE('',*,*,#1038,.T.);
#1487=ORIENTED_EDGE('',*,*,#1040,.T.);
#1488=ORIENTED_EDGE('',*,*,#1041,.T.);
#1489=ORIENTED_EDGE('',*,*,#1042,.F.);
#1490=ORIENTED_EDGE('',*,*,#980,.F.);
#1491=ORIENTED_EDGE('',*,*,#1042,.T.);
#1492=ORIENTED_EDGE('',*,*,#1043,.T.);
#1493=ORIENTED_EDGE('',*,*,#1044,.F.);
#1494=ORIENTED_EDGE('',*,*,#992,.F.);
#1495=ORIENTED_EDGE('',*,*,#1044,.T.);
#1496=ORIENTED_EDGE('',*,*,#1045,.T.);
#1497=ORIENTED_EDGE('',*,*,#1046,.F.);
#1498=ORIENTED_EDGE('',*,*,#993,.F.);
#1499=ORIENTED_EDGE('',*,*,#1046,.T.);
#1500=ORIENTED_EDGE('',*,*,#1047,.T.);
#1501=ORIENTED_EDGE('',*,*,#1030,.F.);
#1502=ORIENTED_EDGE('',*,*,#1048,.T.);
#1503=ORIENTED_EDGE('',*,*,#994,.F.);
#1504=ORIENTED_EDGE('',*,*,#987,.T.);
#1505=ORIENTED_EDGE('',*,*,#1034,.F.);
#1506=ORIENTED_EDGE('',*,*,#1049,.F.);
#1507=ORIENTED_EDGE('',*,*,#989,.F.);
#1508=ORIENTED_EDGE('',*,*,#1033,.F.);
#1509=ORIENTED_EDGE('',*,*,#1050,.T.);
#1510=ORIENTED_EDGE('',*,*,#1051,.F.);
#1511=ORIENTED_EDGE('',*,*,#1006,.F.);
#1512=ORIENTED_EDGE('',*,*,#1049,.T.);
#1513=ORIENTED_EDGE('',*,*,#1051,.T.);
#1514=ORIENTED_EDGE('',*,*,#1052,.T.);
#1515=ORIENTED_EDGE('',*,*,#1053,.F.);
#1516=ORIENTED_EDGE('',*,*,#1007,.F.);
#1517=ORIENTED_EDGE('',*,*,#1053,.T.);
#1518=ORIENTED_EDGE('',*,*,#1054,.T.);
#1519=ORIENTED_EDGE('',*,*,#1055,.F.);
#1520=ORIENTED_EDGE('',*,*,#1009,.F.);
#1521=ORIENTED_EDGE('',*,*,#1056,.F.);
#1522=ORIENTED_EDGE('',*,*,#1057,.T.);
#1523=ORIENTED_EDGE('',*,*,#1026,.F.);
#1524=ORIENTED_EDGE('',*,*,#1058,.T.);
#1525=ORIENTED_EDGE('',*,*,#1011,.F.);
#1526=ORIENTED_EDGE('',*,*,#1055,.T.);
#1527=ORIENTED_EDGE('',*,*,#1059,.T.);
#1528=ORIENTED_EDGE('',*,*,#1056,.T.);
#1529=ORIENTED_EDGE('',*,*,#1010,.F.);
#1530=ORIENTED_EDGE('',*,*,#960,.T.);
#1531=ORIENTED_EDGE('',*,*,#1048,.F.);
#1532=ORIENTED_EDGE('',*,*,#1060,.F.);
#1533=ORIENTED_EDGE('',*,*,#963,.F.);
#1534=ORIENTED_EDGE('',*,*,#1029,.F.);
#1535=ORIENTED_EDGE('',*,*,#1061,.T.);
#1536=ORIENTED_EDGE('',*,*,#964,.F.);
#1537=ORIENTED_EDGE('',*,*,#1060,.T.);
#1538=ORIENTED_EDGE('',*,*,#822,.F.);
#1539=ORIENTED_EDGE('',*,*,#1062,.T.);
#1540=ORIENTED_EDGE('',*,*,#1031,.F.);
#1541=ORIENTED_EDGE('',*,*,#1063,.F.);
#1542=ORIENTED_EDGE('',*,*,#1063,.T.);
#1543=ORIENTED_EDGE('',*,*,#1047,.F.);
#1544=ORIENTED_EDGE('',*,*,#1064,.F.);
#1545=ORIENTED_EDGE('',*,*,#823,.F.);
#1546=ORIENTED_EDGE('',*,*,#1064,.T.);
#1547=ORIENTED_EDGE('',*,*,#1045,.F.);
#1548=ORIENTED_EDGE('',*,*,#1065,.F.);
#1549=ORIENTED_EDGE('',*,*,#824,.F.);
#1550=ORIENTED_EDGE('',*,*,#1065,.T.);
#1551=ORIENTED_EDGE('',*,*,#1043,.F.);
#1552=ORIENTED_EDGE('',*,*,#1066,.F.);
#1553=ORIENTED_EDGE('',*,*,#825,.F.);
#1554=ORIENTED_EDGE('',*,*,#1066,.T.);
#1555=ORIENTED_EDGE('',*,*,#1041,.F.);
#1556=ORIENTED_EDGE('',*,*,#1067,.F.);
#1557=ORIENTED_EDGE('',*,*,#1012,.F.);
#1558=ORIENTED_EDGE('',*,*,#826,.F.);
#1559=ORIENTED_EDGE('',*,*,#1067,.T.);
#1560=ORIENTED_EDGE('',*,*,#1039,.F.);
#1561=ORIENTED_EDGE('',*,*,#1068,.F.);
#1562=ORIENTED_EDGE('',*,*,#1013,.F.);
#1563=ORIENTED_EDGE('',*,*,#1068,.T.);
#1564=ORIENTED_EDGE('',*,*,#1035,.F.);
#1565=ORIENTED_EDGE('',*,*,#1002,.F.);
#1566=ORIENTED_EDGE('',*,*,#1014,.F.);
#1567=ORIENTED_EDGE('',*,*,#996,.T.);
#1568=ORIENTED_EDGE('',*,*,#1058,.F.);
#1569=ORIENTED_EDGE('',*,*,#1069,.F.);
#1570=ORIENTED_EDGE('',*,*,#998,.F.);
#1571=ORIENTED_EDGE('',*,*,#1025,.F.);
#1572=ORIENTED_EDGE('',*,*,#1070,.T.);
#1573=ORIENTED_EDGE('',*,*,#999,.F.);
#1574=ORIENTED_EDGE('',*,*,#1069,.T.);
#1575=ORIENTED_EDGE('',*,*,#1016,.F.);
#1576=ORIENTED_EDGE('',*,*,#1071,.T.);
#1577=ORIENTED_EDGE('',*,*,#1027,.F.);
#1578=ORIENTED_EDGE('',*,*,#1072,.F.);
#1579=ORIENTED_EDGE('',*,*,#1072,.T.);
#1580=ORIENTED_EDGE('',*,*,#1057,.F.);
#1581=ORIENTED_EDGE('',*,*,#1073,.F.);
#1582=ORIENTED_EDGE('',*,*,#1017,.F.);
#1583=ORIENTED_EDGE('',*,*,#1073,.T.);
#1584=ORIENTED_EDGE('',*,*,#1059,.F.);
#1585=ORIENTED_EDGE('',*,*,#1074,.F.);
#1586=ORIENTED_EDGE('',*,*,#1018,.F.);
#1587=ORIENTED_EDGE('',*,*,#1074,.T.);
#1588=ORIENTED_EDGE('',*,*,#1054,.F.);
#1589=ORIENTED_EDGE('',*,*,#1075,.F.);
#1590=ORIENTED_EDGE('',*,*,#1019,.F.);
#1591=ORIENTED_EDGE('',*,*,#1075,.T.);
#1592=ORIENTED_EDGE('',*,*,#1052,.F.);
#1593=ORIENTED_EDGE('',*,*,#1076,.F.);
#1594=ORIENTED_EDGE('',*,*,#1020,.F.);
#1595=ORIENTED_EDGE('',*,*,#1076,.T.);
#1596=ORIENTED_EDGE('',*,*,#1050,.F.);
#1597=ORIENTED_EDGE('',*,*,#1077,.F.);
#1598=ORIENTED_EDGE('',*,*,#1021,.F.);
#1599=ORIENTED_EDGE('',*,*,#1077,.T.);
#1600=ORIENTED_EDGE('',*,*,#1032,.F.);
#1601=ORIENTED_EDGE('',*,*,#984,.F.);
#1602=ORIENTED_EDGE('',*,*,#1022,.F.);
#1603=ORIENTED_EDGE('',*,*,#1028,.T.);
#1604=ORIENTED_EDGE('',*,*,#1062,.F.);
#1605=ORIENTED_EDGE('',*,*,#982,.F.);
#1606=ORIENTED_EDGE('',*,*,#1061,.F.);
#1607=ORIENTED_EDGE('',*,*,#1024,.T.);
#1608=ORIENTED_EDGE('',*,*,#1071,.F.);
#1609=ORIENTED_EDGE('',*,*,#1078,.F.);
#1610=ORIENTED_EDGE('',*,*,#1070,.F.);
#1611=ORIENTED_EDGE('',*,*,#1000,.F.);
#1612=ORIENTED_EDGE('',*,*,#1078,.T.);
#1613=ORIENTED_EDGE('',*,*,#1015,.T.);
#1614=ORIENTED_EDGE('',*,*,#943,.F.);
#1615=CYLINDRICAL_SURFACE('',#1769,2.6664);
#1616=CYLINDRICAL_SURFACE('',#1772,2.6664);
#1617=CYLINDRICAL_SURFACE('',#1775,0.19998);
#1618=CYLINDRICAL_SURFACE('',#1791,0.26664);
#1619=CYLINDRICAL_SURFACE('',#1793,0.19998);
#1620=CYLINDRICAL_SURFACE('',#1795,0.6666);
#1621=CYLINDRICAL_SURFACE('',#1798,3.6663);
#1622=CYLINDRICAL_SURFACE('',#1808,2.6664);
#1623=CYLINDRICAL_SURFACE('',#1810,2.6664);
#1624=CYLINDRICAL_SURFACE('',#1826,0.19998);
#1625=CYLINDRICAL_SURFACE('',#1838,0.19998);
#1626=CYLINDRICAL_SURFACE('',#1849,0.6666);
#1627=CYLINDRICAL_SURFACE('',#1853,0.6666);
#1628=CYLINDRICAL_SURFACE('',#1857,0.19998);
#1629=CYLINDRICAL_SURFACE('',#1869,0.6666);
#1630=CYLINDRICAL_SURFACE('',#1872,0.26664);
#1631=CYLINDRICAL_SURFACE('',#1874,0.19998);
#1632=CYLINDRICAL_SURFACE('',#1876,0.6666);
#1633=CYLINDRICAL_SURFACE('',#1878,0.6666);
#1634=CYLINDRICAL_SURFACE('',#1880,3.6663);
#1635=CYLINDRICAL_SURFACE('',#1882,0.19998);
#1636=CYLINDRICAL_SURFACE('',#1885,0.19998);
#1637=CYLINDRICAL_SURFACE('',#1887,0.6666);
#1638=CYLINDRICAL_SURFACE('',#1891,3.6663);
#1639=CYLINDRICAL_SURFACE('',#1893,2.6664);
#1640=CYLINDRICAL_SURFACE('',#1905,2.6664);
#1641=CYLINDRICAL_SURFACE('',#1907,2.6664);
#1642=CYLINDRICAL_SURFACE('',#1920,0.19998);
#1643=CYLINDRICAL_SURFACE('',#1930,0.19998);
#1644=CYLINDRICAL_SURFACE('',#1940,0.26664);
#1645=ADVANCED_FACE('',(#95),#1615,.F.);
#1646=ADVANCED_FACE('',(#96),#1616,.F.);
#1647=ADVANCED_FACE('',(#97),#1617,.T.);
#1648=ADVANCED_FACE('',(#98),#75,.T.);
#1649=ADVANCED_FACE('',(#99),#76,.T.);
#1650=ADVANCED_FACE('',(#100),#77,.F.);
#1651=ADVANCED_FACE('',(#101),#1618,.T.);
#1652=ADVANCED_FACE('',(#102),#1619,.T.);
#1653=ADVANCED_FACE('',(#103),#1620,.T.);
#1654=ADVANCED_FACE('',(#104),#78,.T.);
#1655=ADVANCED_FACE('',(#105),#1621,.T.);
#1656=ADVANCED_FACE('',(#106),#79,.F.);
#1657=ADVANCED_FACE('',(#107),#80,.T.);
#1658=ADVANCED_FACE('',(#108),#1622,.F.);
#1659=ADVANCED_FACE('',(#109),#1623,.F.);
#1660=ADVANCED_FACE('',(#110),#15,.F.);
#1661=ADVANCED_FACE('',(#111),#16,.F.);
#1662=ADVANCED_FACE('',(#112),#17,.F.);
#1663=ADVANCED_FACE('',(#113),#18,.F.);
#1664=ADVANCED_FACE('',(#114),#19,.F.);
#1665=ADVANCED_FACE('',(#115),#20,.F.);
#1666=ADVANCED_FACE('',(#116),#21,.F.);
#1667=ADVANCED_FACE('',(#117),#22,.F.);
#1668=ADVANCED_FACE('',(#118),#23,.F.);
#1669=ADVANCED_FACE('',(#119),#24,.F.);
#1670=ADVANCED_FACE('',(#120),#25,.F.);
#1671=ADVANCED_FACE('',(#121),#26,.F.);
#1672=ADVANCED_FACE('',(#122),#27,.F.);
#1673=ADVANCED_FACE('',(#123),#1624,.T.);
#1674=ADVANCED_FACE('',(#124),#28,.F.);
#1675=ADVANCED_FACE('',(#125),#29,.F.);
#1676=ADVANCED_FACE('',(#126),#30,.F.);
#1677=ADVANCED_FACE('',(#127),#31,.F.);
#1678=ADVANCED_FACE('',(#128),#32,.F.);
#1679=ADVANCED_FACE('',(#129),#33,.F.);
#1680=ADVANCED_FACE('',(#130),#34,.F.);
#1681=ADVANCED_FACE('',(#131),#35,.F.);
#1682=ADVANCED_FACE('',(#132),#1625,.T.);
#1683=ADVANCED_FACE('',(#133),#36,.F.);
#1684=ADVANCED_FACE('',(#134),#37,.F.);
#1685=ADVANCED_FACE('',(#135),#38,.F.);
#1686=ADVANCED_FACE('',(#136),#39,.F.);
#1687=ADVANCED_FACE('',(#137),#40,.F.);
#1688=ADVANCED_FACE('',(#138),#41,.F.);
#1689=ADVANCED_FACE('',(#139),#42,.F.);
#1690=ADVANCED_FACE('',(#140),#43,.F.);
#1691=ADVANCED_FACE('',(#141),#44,.F.);
#1692=ADVANCED_FACE('',(#142),#1626,.T.);
#1693=ADVANCED_FACE('',(#143),#81,.T.);
#1694=ADVANCED_FACE('',(#144),#82,.F.);
#1695=ADVANCED_FACE('',(#145),#1627,.T.);
#1696=ADVANCED_FACE('',(#146),#83,.F.);
#1697=ADVANCED_FACE('',(#147),#84,.T.);
#1698=ADVANCED_FACE('',(#148),#1628,.T.);
#1699=ADVANCED_FACE('',(#149),#85,.F.);
#1700=ADVANCED_FACE('',(#150),#86,.F.);
#1701=ADVANCED_FACE('',(#151),#1629,.F.);
#1702=ADVANCED_FACE('',(#152),#87,.T.);
#1703=ADVANCED_FACE('',(#153),#1630,.T.);
#1704=ADVANCED_FACE('',(#154),#1631,.T.);
#1705=ADVANCED_FACE('',(#155),#1632,.T.);
#1706=ADVANCED_FACE('',(#156),#1633,.F.);
#1707=ADVANCED_FACE('',(#157),#88,.F.);
#1708=ADVANCED_FACE('',(#158),#1634,.T.);
#1709=ADVANCED_FACE('',(#159),#1635,.T.);
#1710=ADVANCED_FACE('',(#160),#89,.F.);
#1711=ADVANCED_FACE('',(#161),#1636,.T.);
#1712=ADVANCED_FACE('',(#162),#1637,.T.);
#1713=ADVANCED_FACE('',(#163),#90,.T.);
#1714=ADVANCED_FACE('',(#164),#1638,.T.);
#1715=ADVANCED_FACE('',(#165),#1639,.F.);
#1716=ADVANCED_FACE('',(#166),#91,.F.);
#1717=ADVANCED_FACE('',(#167),#92,.T.);
#1718=ADVANCED_FACE('',(#168),#93,.F.);
#1719=ADVANCED_FACE('',(#169),#94,.F.);
#1720=ADVANCED_FACE('',(#170),#1640,.F.);
#1721=ADVANCED_FACE('',(#171),#1641,.F.);
#1722=ADVANCED_FACE('',(#172),#45,.T.);
#1723=ADVANCED_FACE('',(#173),#46,.T.);
#1724=ADVANCED_FACE('',(#174),#47,.T.);
#1725=ADVANCED_FACE('',(#175),#48,.T.);
#1726=ADVANCED_FACE('',(#176),#49,.T.);
#1727=ADVANCED_FACE('',(#177),#50,.T.);
#1728=ADVANCED_FACE('',(#178),#51,.T.);
#1729=ADVANCED_FACE('',(#179),#52,.T.);
#1730=ADVANCED_FACE('',(#180),#53,.T.);
#1731=ADVANCED_FACE('',(#181),#54,.T.);
#1732=ADVANCED_FACE('',(#182),#55,.T.);
#1733=ADVANCED_FACE('',(#183),#56,.T.);
#1734=ADVANCED_FACE('',(#184),#57,.T.);
#1735=ADVANCED_FACE('',(#185),#1642,.T.);
#1736=ADVANCED_FACE('',(#186),#58,.T.);
#1737=ADVANCED_FACE('',(#187),#59,.T.);
#1738=ADVANCED_FACE('',(#188),#60,.T.);
#1739=ADVANCED_FACE('',(#189),#61,.T.);
#1740=ADVANCED_FACE('',(#190),#62,.T.);
#1741=ADVANCED_FACE('',(#191),#63,.T.);
#1742=ADVANCED_FACE('',(#192),#64,.T.);
#1743=ADVANCED_FACE('',(#193),#65,.T.);
#1744=ADVANCED_FACE('',(#194),#1643,.T.);
#1745=ADVANCED_FACE('',(#195),#66,.T.);
#1746=ADVANCED_FACE('',(#196),#67,.T.);
#1747=ADVANCED_FACE('',(#197),#68,.T.);
#1748=ADVANCED_FACE('',(#198),#69,.T.);
#1749=ADVANCED_FACE('',(#199),#70,.T.);
#1750=ADVANCED_FACE('',(#200),#71,.T.);
#1751=ADVANCED_FACE('',(#201),#72,.T.);
#1752=ADVANCED_FACE('',(#202),#73,.T.);
#1753=ADVANCED_FACE('',(#203),#74,.T.);
#1754=ADVANCED_FACE('',(#204),#1644,.T.);
#1755=CLOSED_SHELL('',(#1645,#1646,#1647,#1648,#1649,#1650,#1651,#1652,
#1653,#1654,#1655,#1656,#1657,#1658,#1659,#1660,#1661,#1662,#1663,#1664,
#1665,#1666,#1667,#1668,#1669,#1670,#1671,#1672,#1673,#1674,#1675,#1676,
#1677,#1678,#1679,#1680,#1681,#1682,#1683,#1684,#1685,#1686,#1687,#1688,
#1689,#1690,#1691,#1692,#1693,#1694,#1695,#1696,#1697,#1698,#1699,#1700,
#1701,#1702,#1703,#1704,#1705,#1706,#1707,#1708,#1709,#1710,#1711,#1712,
#1713,#1714,#1715,#1716,#1717,#1718,#1719,#1720,#1721,#1722,#1723,#1724,
#1725,#1726,#1727,#1728,#1729,#1730,#1731,#1732,#1733,#1734,#1735,#1736,
#1737,#1738,#1739,#1740,#1741,#1742,#1743,#1744,#1745,#1746,#1747,#1748,
#1749,#1750,#1751,#1752,#1753,#1754));
#1756=DERIVED_UNIT_ELEMENT(#1758,1.);
#1757=DERIVED_UNIT_ELEMENT(#5619,-3.);
#1758=(
MASS_UNIT()
NAMED_UNIT(*)
SI_UNIT(.KILO.,.GRAM.)
);
#1759=DERIVED_UNIT((#1756,#1757));
#1760=MEASURE_REPRESENTATION_ITEM('density measure',
POSITIVE_RATIO_MEASURE(1020.),#1759);
#1761=PROPERTY_DEFINITION_REPRESENTATION(#1766,#1763);
#1762=PROPERTY_DEFINITION_REPRESENTATION(#1767,#1764);
#1763=REPRESENTATION('material name',(#1765),#5616);
#1764=REPRESENTATION('density',(#1760),#5616);
#1765=DESCRIPTIVE_REPRESENTATION_ITEM('SolidWorks Materials|ABS',
'SolidWorks Materials|ABS');
#1766=PROPERTY_DEFINITION('material property','material name',#5626);
#1767=PROPERTY_DEFINITION('material property','density of part',#5626);
#1768=AXIS2_PLACEMENT_3D('',#2355,#1941,#1942);
#1769=AXIS2_PLACEMENT_3D('',#2356,#1943,#1944);
#1770=AXIS2_PLACEMENT_3D('',#2420,#1946,#1947);
#1771=AXIS2_PLACEMENT_3D('',#2423,#1949,#1950);
#1772=AXIS2_PLACEMENT_3D('',#2424,#1951,#1952);
#1773=AXIS2_PLACEMENT_3D('',#2429,#1954,#1955);
#1774=AXIS2_PLACEMENT_3D('',#2433,#1957,#1958);
#1775=AXIS2_PLACEMENT_3D('',#2492,#1959,#1960);
#1776=AXIS2_PLACEMENT_3D('',#2495,#1961,#1962);
#1777=AXIS2_PLACEMENT_3D('',#2499,#1964,#1965);
#1778=AXIS2_PLACEMENT_3D('',#2501,#1967,#1968);
#1779=AXIS2_PLACEMENT_3D('',#2527,#1972,#1973);
#1780=AXIS2_PLACEMENT_3D('',#2530,#1974,#1975);
#1781=AXIS2_PLACEMENT_3D('',#2534,#1977,#1978);
#1782=AXIS2_PLACEMENT_3D('',#2536,#1979,#1980);
#1783=AXIS2_PLACEMENT_3D('',#2540,#1982,#1983);
#1784=AXIS2_PLACEMENT_3D('',#2541,#1984,#1985);
#1785=AXIS2_PLACEMENT_3D('',#2542,#1986,#1987);
#1786=AXIS2_PLACEMENT_3D('',#2544,#1988,#1989);
#1787=AXIS2_PLACEMENT_3D('',#2548,#1991,#1992);
#1788=AXIS2_PLACEMENT_3D('',#2552,#1994,#1995);
#1789=AXIS2_PLACEMENT_3D('',#2558,#1999,#2000);
#1790=AXIS2_PLACEMENT_3D('',#2585,#2002,#2003);
#1791=AXIS2_PLACEMENT_3D('',#2587,#2005,#2006);
#1792=AXIS2_PLACEMENT_3D('',#2588,#2007,#2008);
#1793=AXIS2_PLACEMENT_3D('',#2589,#2009,#2010);
#1794=AXIS2_PLACEMENT_3D('',#2593,#2012,#2013);
#1795=AXIS2_PLACEMENT_3D('',#2595,#2015,#2016);
#1796=AXIS2_PLACEMENT_3D('',#2599,#2018,#2019);
#1797=AXIS2_PLACEMENT_3D('',#2601,#2021,#2022);
#1798=AXIS2_PLACEMENT_3D('',#2603,#2024,#2025);
#1799=AXIS2_PLACEMENT_3D('',#2605,#2026,#2027);
#1800=AXIS2_PLACEMENT_3D('',#2651,#2028,#2029);
#1801=AXIS2_PLACEMENT_3D('',#2654,#2030,#2031);
#1802=AXIS2_PLACEMENT_3D('',#2656,#2032,#2033);
#1803=AXIS2_PLACEMENT_3D('',#2658,#2034,#2035);
#1804=AXIS2_PLACEMENT_3D('',#2660,#2037,#2038);
#1805=AXIS2_PLACEMENT_3D('',#2663,#2039,#2040);
#1806=AXIS2_PLACEMENT_3D('',#2665,#2041,#2042);
#1807=AXIS2_PLACEMENT_3D('',#2667,#2043,#2044);
#1808=AXIS2_PLACEMENT_3D('',#2669,#2046,#2047);
#1809=AXIS2_PLACEMENT_3D('',#2712,#2048,#2049);
#1810=AXIS2_PLACEMENT_3D('',#2724,#2050,#2051);
#1811=AXIS2_PLACEMENT_3D('',#2770,#2053,#2054);
#1812=AXIS2_PLACEMENT_3D('',#2813,#2055,#2056);
#1813=AXIS2_PLACEMENT_3D('',#2848,#2057,#2058);
#1814=AXIS2_PLACEMENT_3D('',#2865,#2059,#2060);
#1815=AXIS2_PLACEMENT_3D('',#2889,#2061,#2062);
#1816=AXIS2_PLACEMENT_3D('',#2928,#2063,#2064);
#1817=AXIS2_PLACEMENT_3D('',#2961,#2065,#2066);
#1818=AXIS2_PLACEMENT_3D('',#3144,#2067,#2068);
#1819=AXIS2_PLACEMENT_3D('',#3161,#2069,#2070);
#1820=AXIS2_PLACEMENT_3D('',#3163,#2071,#2072);
#1821=AXIS2_PLACEMENT_3D('',#3210,#2073,#2074);
#1822=AXIS2_PLACEMENT_3D('',#3260,#2075,#2076);
#1823=AXIS2_PLACEMENT_3D('',#3294,#2077,#2078);
#1824=AXIS2_PLACEMENT_3D('',#3296,#2079,#2080);
#1825=AXIS2_PLACEMENT_3D('',#3437,#2081,#2082);
#1826=AXIS2_PLACEMENT_3D('',#3438,#2083,#2084);
#1827=AXIS2_PLACEMENT_3D('',#3439,#2085,#2086);
#1828=AXIS2_PLACEMENT_3D('',#3461,#2087,#2088);
#1829=AXIS2_PLACEMENT_3D('',#3462,#2089,#2090);
#1830=AXIS2_PLACEMENT_3D('',#3478,#2091,#2092);
#1831=AXIS2_PLACEMENT_3D('',#3500,#2093,#2094);
#1832=AXIS2_PLACEMENT_3D('',#3513,#2095,#2096);
#1833=AXIS2_PLACEMENT_3D('',#3540,#2097,#2098);
#1834=AXIS2_PLACEMENT_3D('',#3561,#2099,#2100);
#1835=AXIS2_PLACEMENT_3D('',#3666,#2101,#2102);
#1836=AXIS2_PLACEMENT_3D('',#3689,#2103,#2104);
#1837=AXIS2_PLACEMENT_3D('',#3710,#2105,#2106);
#1838=AXIS2_PLACEMENT_3D('',#3711,#2107,#2108);
#1839=AXIS2_PLACEMENT_3D('',#3714,#2110,#2111);
#1840=AXIS2_PLACEMENT_3D('',#3738,#2112,#2113);
#1841=AXIS2_PLACEMENT_3D('',#3739,#2114,#2115);
#1842=AXIS2_PLACEMENT_3D('',#3740,#2116,#2117);
#1843=AXIS2_PLACEMENT_3D('',#3762,#2118,#2119);
#1844=AXIS2_PLACEMENT_3D('',#3834,#2120,#2121);
#1845=AXIS2_PLACEMENT_3D('',#3852,#2122,#2123);
#1846=AXIS2_PLACEMENT_3D('',#3879,#2124,#2125);
#1847=AXIS2_PLACEMENT_3D('',#3900,#2126,#2127);
#1848=AXIS2_PLACEMENT_3D('',#4034,#2128,#2129);
#1849=AXIS2_PLACEMENT_3D('',#4035,#2130,#2131);
#1850=AXIS2_PLACEMENT_3D('',#4038,#2132,#2133);
#1851=AXIS2_PLACEMENT_3D('',#4041,#2136,#2137);
#1852=AXIS2_PLACEMENT_3D('',#4045,#2140,#2141);
#1853=AXIS2_PLACEMENT_3D('',#4049,#2144,#2145);
#1854=AXIS2_PLACEMENT_3D('',#4052,#2146,#2147);
#1855=AXIS2_PLACEMENT_3D('',#4055,#2150,#2151);
#1856=AXIS2_PLACEMENT_3D('',#4059,#2154,#2155);
#1857=AXIS2_PLACEMENT_3D('',#4063,#2158,#2159);
#1858=AXIS2_PLACEMENT_3D('',#4066,#2160,#2161);
#1859=AXIS2_PLACEMENT_3D('',#4070,#2163,#2164);
#1860=AXIS2_PLACEMENT_3D('',#4072,#2166,#2167);
#1861=AXIS2_PLACEMENT_3D('',#4098,#2171,#2172);
#1862=AXIS2_PLACEMENT_3D('',#4101,#2174,#2175);
#1863=AXIS2_PLACEMENT_3D('',#4104,#2177,#2178);
#1864=AXIS2_PLACEMENT_3D('',#4105,#2179,#2180);
#1865=AXIS2_PLACEMENT_3D('',#4107,#2181,#2182);
#1866=AXIS2_PLACEMENT_3D('',#4109,#2183,#2184);
#1867=AXIS2_PLACEMENT_3D('',#4113,#2186,#2187);
#1868=AXIS2_PLACEMENT_3D('',#4114,#2188,#2189);
#1869=AXIS2_PLACEMENT_3D('',#4115,#2190,#2191);
#1870=AXIS2_PLACEMENT_3D('',#4154,#2194,#2195);
#1871=AXIS2_PLACEMENT_3D('',#4156,#2196,#2197);
#1872=AXIS2_PLACEMENT_3D('',#4181,#2199,#2200);
#1873=AXIS2_PLACEMENT_3D('',#4182,#2201,#2202);
#1874=AXIS2_PLACEMENT_3D('',#4183,#2203,#2204);
#1875=AXIS2_PLACEMENT_3D('',#4187,#2206,#2207);
#1876=AXIS2_PLACEMENT_3D('',#4189,#2209,#2210);
#1877=AXIS2_PLACEMENT_3D('',#4193,#2212,#2213);
#1878=AXIS2_PLACEMENT_3D('',#4195,#2215,#2216);
#1879=AXIS2_PLACEMENT_3D('',#4232,#2218,#2219);
#1880=AXIS2_PLACEMENT_3D('',#4234,#2221,#2222);
#1881=AXIS2_PLACEMENT_3D('',#4281,#2223,#2224);
#1882=AXIS2_PLACEMENT_3D('',#4282,#2225,#2226);
#1883=AXIS2_PLACEMENT_3D('',#4286,#2228,#2229);
#1884=AXIS2_PLACEMENT_3D('',#4288,#2231,#2232);
#1885=AXIS2_PLACEMENT_3D('',#4312,#2235,#2236);
#1886=AXIS2_PLACEMENT_3D('',#4316,#2238,#2239);
#1887=AXIS2_PLACEMENT_3D('',#4318,#2241,#2242);
#1888=AXIS2_PLACEMENT_3D('',#4321,#2244,#2245);
#1889=AXIS2_PLACEMENT_3D('',#4322,#2246,#2247);
#1890=AXIS2_PLACEMENT_3D('',#4324,#2248,#2249);
#1891=AXIS2_PLACEMENT_3D('',#4349,#2251,#2252);
#1892=AXIS2_PLACEMENT_3D('',#4396,#2253,#2254);
#1893=AXIS2_PLACEMENT_3D('',#4397,#2255,#2256);
#1894=AXIS2_PLACEMENT_3D('',#4490,#2258,#2259);
#1895=AXIS2_PLACEMENT_3D('',#4638,#2260,#2261);
#1896=AXIS2_PLACEMENT_3D('',#4640,#2263,#2264);
#1897=AXIS2_PLACEMENT_3D('',#4643,#2265,#2266);
#1898=AXIS2_PLACEMENT_3D('',#4647,#2268,#2269);
#1899=AXIS2_PLACEMENT_3D('',#4648,#2270,#2271);
#1900=AXIS2_PLACEMENT_3D('',#4649,#2272,#2273);
#1901=AXIS2_PLACEMENT_3D('',#4652,#2274,#2275);
#1902=AXIS2_PLACEMENT_3D('',#4656,#2277,#2278);
#1903=AXIS2_PLACEMENT_3D('',#4657,#2279,#2280);
#1904=AXIS2_PLACEMENT_3D('',#4658,#2281,#2282);
#1905=AXIS2_PLACEMENT_3D('',#4659,#2283,#2284);
#1906=AXIS2_PLACEMENT_3D('',#4673,#2285,#2286);
#1907=AXIS2_PLACEMENT_3D('',#4714,#2287,#2288);
#1908=AXIS2_PLACEMENT_3D('',#4728,#2289,#2290);
#1909=AXIS2_PLACEMENT_3D('',#4799,#2291,#2292);
#1910=AXIS2_PLACEMENT_3D('',#4820,#2293,#2294);
#1911=AXIS2_PLACEMENT_3D('',#4865,#2295,#2296);
#1912=AXIS2_PLACEMENT_3D('',#4886,#2297,#2298);
#1913=AXIS2_PLACEMENT_3D('',#4952,#2299,#2300);
#1914=AXIS2_PLACEMENT_3D('',#5060,#2301,#2302);
#1915=AXIS2_PLACEMENT_3D('',#5081,#2303,#2304);
#1916=AXIS2_PLACEMENT_3D('',#5126,#2305,#2306);
#1917=AXIS2_PLACEMENT_3D('',#5147,#2307,#2308);
#1918=AXIS2_PLACEMENT_3D('',#5173,#2309,#2310);
#1919=AXIS2_PLACEMENT_3D('',#5280,#2311,#2312);
#1920=AXIS2_PLACEMENT_3D('',#5281,#2313,#2314);
#1921=AXIS2_PLACEMENT_3D('',#5282,#2315,#2316);
#1922=AXIS2_PLACEMENT_3D('',#5304,#2317,#2318);
#1923=AXIS2_PLACEMENT_3D('',#5305,#2319,#2320);
#1924=AXIS2_PLACEMENT_3D('',#5321,#2321,#2322);
#1925=AXIS2_PLACEMENT_3D('',#5343,#2323,#2324);
#1926=AXIS2_PLACEMENT_3D('',#5356,#2325,#2326);
#1927=AXIS2_PLACEMENT_3D('',#5372,#2327,#2328);
#1928=AXIS2_PLACEMENT_3D('',#5385,#2329,#2330);
#1929=AXIS2_PLACEMENT_3D('',#5440,#2331,#2332);
#1930=AXIS2_PLACEMENT_3D('',#5441,#2333,#2334);
#1931=AXIS2_PLACEMENT_3D('',#5442,#2335,#2336);
#1932=AXIS2_PLACEMENT_3D('',#5464,#2337,#2338);
#1933=AXIS2_PLACEMENT_3D('',#5465,#2339,#2340);
#1934=AXIS2_PLACEMENT_3D('',#5481,#2341,#2342);
#1935=AXIS2_PLACEMENT_3D('',#5506,#2343,#2344);
#1936=AXIS2_PLACEMENT_3D('',#5519,#2345,#2346);
#1937=AXIS2_PLACEMENT_3D('',#5535,#2347,#2348);
#1938=AXIS2_PLACEMENT_3D('',#5548,#2349,#2350);
#1939=AXIS2_PLACEMENT_3D('',#5612,#2351,#2352);
#1940=AXIS2_PLACEMENT_3D('',#5613,#2353,#2354);
#1941=DIRECTION('axis',(0.,0.,1.));
#1942=DIRECTION('refdir',(1.,0.,0.));
#1943=DIRECTION('center_axis',(1.,0.,0.));
#1944=DIRECTION('ref_axis',(0.,0.,-1.));
#1945=DIRECTION('',(1.,0.,0.));
#1946=DIRECTION('center_axis',(0.681103942477289,7.05634179717662E-16,0.732186738163083));
#1947=DIRECTION('ref_axis',(-0.732186738163083,7.38454374122318E-16,0.681103942477289));
#1948=DIRECTION('',(-1.,0.,0.));
#1949=DIRECTION('center_axis',(-1.,0.,0.));
#1950=DIRECTION('ref_axis',(0.,0.,-1.));
#1951=DIRECTION('center_axis',(1.,0.,0.));
#1952=DIRECTION('ref_axis',(0.,0.,-1.));
#1953=DIRECTION('',(1.,0.,0.));
#1954=DIRECTION('center_axis',(-1.,0.,0.));
#1955=DIRECTION('ref_axis',(0.,0.,-1.));
#1956=DIRECTION('',(1.,0.,0.));
#1957=DIRECTION('center_axis',(0.681103942477289,-7.05634179717662E-16,
-0.732186738163083));
#1958=DIRECTION('ref_axis',(0.732186738163083,7.38454374122318E-16,0.681103942477289));
#1959=DIRECTION('center_axis',(1.,0.,0.));
#1960=DIRECTION('ref_axis',(0.,0.,-1.));
#1961=DIRECTION('center_axis',(-1.,0.,0.));
#1962=DIRECTION('ref_axis',(0.,0.,-1.));
#1963=DIRECTION('',(1.,-7.0772098939586E-15,0.));
#1964=DIRECTION('center_axis',(1.,-5.78241158658936E-15,-4.7482839012446E-15));
#1965=DIRECTION('ref_axis',(5.78241158658936E-15,1.,0.));
#1966=DIRECTION('',(-1.,0.,0.));
#1967=DIRECTION('center_axis',(-6.98296267768627E-15,-1.,0.));
#1968=DIRECTION('ref_axis',(0.,0.,1.));
#1969=DIRECTION('',(0.,0.,1.));
#1970=DIRECTION('',(-1.,7.14731157645524E-15,0.));
#1971=DIRECTION('',(0.707106781186546,-5.15434403361983E-15,-0.707106781186549));
#1972=DIRECTION('center_axis',(1.,0.,0.));
#1973=DIRECTION('ref_axis',(0.,0.,-1.));
#1974=DIRECTION('center_axis',(1.,0.,0.));
#1975=DIRECTION('ref_axis',(0.,0.707106781186548,-0.707106781186548));
#1976=DIRECTION('',(0.,0.,1.));
#1977=DIRECTION('center_axis',(1.,0.,0.));
#1978=DIRECTION('ref_axis',(0.,0.,-1.));
#1979=DIRECTION('center_axis',(-1.,0.,0.));
#1980=DIRECTION('ref_axis',(0.,0.,-1.));
#1981=DIRECTION('',(0.,0.,-1.));
#1982=DIRECTION('center_axis',(-1.,0.,0.));
#1983=DIRECTION('ref_axis',(0.,0.,-1.));
#1984=DIRECTION('center_axis',(-1.,0.,0.));
#1985=DIRECTION('ref_axis',(0.,0.,-1.));
#1986=DIRECTION('center_axis',(-1.,0.,0.));
#1987=DIRECTION('ref_axis',(0.,0.,-1.));
#1988=DIRECTION('center_axis',(-1.,0.,0.));
#1989=DIRECTION('ref_axis',(0.,0.,-1.));
#1990=DIRECTION('',(0.,1.,1.92747052886312E-16));
#1991=DIRECTION('center_axis',(1.,0.,0.));
#1992=DIRECTION('ref_axis',(0.,0.,1.));
#1993=DIRECTION('',(0.,0.,1.));
#1994=DIRECTION('center_axis',(1.,0.,0.));
#1995=DIRECTION('ref_axis',(0.,0.707106781186548,0.707106781186547));
#1996=DIRECTION('',(0.,-1.,0.));
#1997=DIRECTION('',(0.,0.,-1.));
#1998=DIRECTION('',(0.,1.,0.));
#1999=DIRECTION('center_axis',(0.,1.92747052886312E-16,-1.));
#2000=DIRECTION('ref_axis',(-1.,0.,0.));
#2001=DIRECTION('',(-1.,0.,0.));
#2002=DIRECTION('center_axis',(0.,1.92747052886312E-16,-1.));
#2003=DIRECTION('ref_axis',(-1.,-3.29873428595683E-15,-6.35821311873212E-31));
#2004=DIRECTION('',(-1.,0.,0.));
#2005=DIRECTION('center_axis',(1.,0.,0.));
#2006=DIRECTION('ref_axis',(0.,0.,-1.));
#2007=DIRECTION('center_axis',(0.970142500145332,2.33740134728722E-16,0.242535625036331));
#2008=DIRECTION('ref_axis',(-0.242535625036331,0.,0.970142500145332));
#2009=DIRECTION('center_axis',(1.,0.,0.));
#2010=DIRECTION('ref_axis',(0.,0.,-1.));
#2011=DIRECTION('',(-1.,6.76411903549079E-15,0.));
#2012=DIRECTION('center_axis',(-1.,-7.17019036737732E-13,8.58297465346301E-13));
#2013=DIRECTION('ref_axis',(8.58297465346301E-13,0.,1.));
#2014=DIRECTION('',(-1.,0.,0.));
#2015=DIRECTION('center_axis',(1.,0.,0.));
#2016=DIRECTION('ref_axis',(0.,0.,-1.));
#2017=DIRECTION('',(-1.,0.,0.));
#2018=DIRECTION('center_axis',(1.,-2.79290479632219E-13,-1.61248433597805E-13));
#2019=DIRECTION('ref_axis',(2.79290479632219E-13,1.,0.));
#2020=DIRECTION('',(-1.,6.79454675876523E-15,0.));
#2021=DIRECTION('center_axis',(6.79729464656489E-15,1.,0.));
#2022=DIRECTION('ref_axis',(0.,0.,-1.));
#2023=DIRECTION('',(0.707106781186549,-1.17104693927695E-15,-0.707106781186546));
#2024=DIRECTION('center_axis',(1.,0.,0.));
#2025=DIRECTION('ref_axis',(0.,0.,-1.));
#2026=DIRECTION('center_axis',(0.773957299203322,6.10273589242315E-16,0.633237790257261));
#2027=DIRECTION('ref_axis',(-0.633237790257261,7.32328307089969E-16,0.773957299203322));
#2028=DIRECTION('center_axis',(-0.707106781186549,-1.02219561112338E-15,
-0.707106781186546));
#2029=DIRECTION('ref_axis',(-0.707106781186546,0.,0.707106781186549));
#2030=DIRECTION('center_axis',(-0.707106781186549,-1.02219561112338E-15,
-0.707106781186546));
#2031=DIRECTION('ref_axis',(-0.707106781186546,1.02219561112338E-15,0.707106781186549));
#2032=DIRECTION('center_axis',(-0.707106781186549,-1.02219561112338E-15,
-0.707106781186546));
#2033=DIRECTION('ref_axis',(-0.707106781186546,1.02219561112338E-15,0.707106781186549));
#2034=DIRECTION('center_axis',(-0.707106781186549,-1.02219561112338E-15,
-0.707106781186546));
#2035=DIRECTION('ref_axis',(-0.707106781186546,1.02219561112338E-15,0.707106781186549));
#2036=DIRECTION('',(0.707106781186546,0.,-0.707106781186549));
#2037=DIRECTION('center_axis',(-0.707106781186549,-6.81463740748921E-16,
-0.707106781186546));
#2038=DIRECTION('ref_axis',(-0.707106781186546,0.,0.707106781186549));
#2039=DIRECTION('center_axis',(-0.707106781186549,-6.81463740748921E-16,
-0.707106781186546));
#2040=DIRECTION('ref_axis',(-0.707106781186546,6.81463740748924E-16,0.707106781186549));
#2041=DIRECTION('center_axis',(-0.707106781186549,-6.81463740748921E-16,
-0.707106781186546));
#2042=DIRECTION('ref_axis',(-0.707106781186546,6.81463740748924E-16,0.707106781186549));
#2043=DIRECTION('center_axis',(-0.707106781186549,-6.81463740748921E-16,
-0.707106781186546));
#2044=DIRECTION('ref_axis',(-0.707106781186546,6.81463740748924E-16,0.707106781186549));
#2045=DIRECTION('',(0.707106781186547,-5.15434403361981E-15,-0.707106781186549));
#2046=DIRECTION('center_axis',(0.707106781186546,2.46885013108227E-15,-0.707106781186549));
#2047=DIRECTION('ref_axis',(-0.707106781186549,0.,-0.707106781186546));
#2048=DIRECTION('center_axis',(-0.110431526074847,-3.85569612510297E-16,
-0.993883734673619));
#2049=DIRECTION('ref_axis',(-0.993883734673619,-3.38647863849722E-15,0.110431526074847));
#2050=DIRECTION('center_axis',(0.707106781186546,2.46885013108227E-15,-0.707106781186549));
#2051=DIRECTION('ref_axis',(-0.707106781186549,0.,-0.707106781186546));
#2052=DIRECTION('',(0.707106781186549,1.99749263359346E-9,-0.707106781186546));
#2053=DIRECTION('center_axis',(0.110431526074847,1.72716100543651E-16,0.993883734673619));
#2054=DIRECTION('ref_axis',(-0.993883734673619,-3.25101949295733E-15,0.110431526074847));
#2055=DIRECTION('center_axis',(-1.,1.1619871731483E-10,-6.70873607212069E-11));
#2056=DIRECTION('ref_axis',(-1.1619871731483E-10,-1.,0.));
#2057=DIRECTION('center_axis',(-0.883452208599444,-0.468521285664552,2.03188718309284E-16));
#2058=DIRECTION('ref_axis',(0.468521285664552,-0.883452208599444,0.));
#2059=DIRECTION('center_axis',(-0.621900227728898,-0.783096486233175,0.));
#2060=DIRECTION('ref_axis',(0.783096486233174,-0.621900227728898,0.));
#2061=DIRECTION('center_axis',(-0.283548083845221,-0.958958020013235,-1.84836332199244E-16));
#2062=DIRECTION('ref_axis',(0.958958020013235,-0.283548083845221,0.));
#2063=DIRECTION('center_axis',(0.216930457819688,0.955580498174154,-0.199517137056886));
#2064=DIRECTION('ref_axis',(-0.975187284919459,0.221381479196912,0.));
#2065=DIRECTION('center_axis',(0.554032374196446,0.621366443159344,-0.55403237419645));
#2066=DIRECTION('ref_axis',(0.,-0.665508252817274,-0.746390491252467));
#2067=DIRECTION('center_axis',(0.883452208599448,-0.468521285664545,0.));
#2068=DIRECTION('ref_axis',(0.468521285664545,0.883452208599448,0.));
#2069=DIRECTION('center_axis',(0.,0.,1.));
#2070=DIRECTION('ref_axis',(-1.,-3.49148133884315E-15,0.));
#2071=DIRECTION('center_axis',(0.621900227728902,-0.783096486233172,0.));
#2072=DIRECTION('ref_axis',(0.783096486233172,0.621900227728902,0.));
#2073=DIRECTION('center_axis',(0.283548083845225,-0.958958020013234,0.));
#2074=DIRECTION('ref_axis',(0.958958020013234,0.283548083845225,0.));
#2075=DIRECTION('center_axis',(-0.21693045781969,0.955580498174154,0.199517137056886));
#2076=DIRECTION('ref_axis',(-0.975187284919459,-0.221381479196914,0.));
#2077=DIRECTION('center_axis',(-0.554032374196447,0.621366443159345,0.554032374196448));
#2078=DIRECTION('ref_axis',(0.,0.665508252817272,-0.746390491252469));
#2079=DIRECTION('center_axis',(0.773957299203322,9.15410383863471E-16,0.633237790257261));
#2080=DIRECTION('ref_axis',(-0.633237790257261,1.22054717848328E-15,0.773957299203322));
#2081=DIRECTION('center_axis',(0.707106781186545,-4.08878244448899E-15,
-0.70710678118655));
#2082=DIRECTION('ref_axis',(-0.70710678118655,0.,-0.707106781186545));
#2083=DIRECTION('center_axis',(-0.707106781186546,4.93770026216452E-15,
0.707106781186549));
#2084=DIRECTION('ref_axis',(0.707106781186549,0.,0.707106781186546));
#2085=DIRECTION('center_axis',(-0.707106781186546,6.13317366673349E-15,
0.707106781186549));
#2086=DIRECTION('ref_axis',(0.707106781186549,0.,0.707106781186546));
#2087=DIRECTION('center_axis',(0.682782671177564,0.260030090334298,-0.682782671177563));
#2088=DIRECTION('ref_axis',(-0.707106781186547,0.,-0.707106781186548));
#2089=DIRECTION('center_axis',(0.611447501075744,-0.502258804657977,-0.611447501075741));
#2090=DIRECTION('ref_axis',(-0.707106781186546,0.,-0.707106781186549));
#2091=DIRECTION('center_axis',(0.571512294785506,0.563370511893784,-0.596646765882076));
#2092=DIRECTION('ref_axis',(-0.722153967252003,0.,-0.691732352562892));
#2093=DIRECTION('center_axis',(0.22651349466135,0.946172903838795,-0.231189257487377));
#2094=DIRECTION('ref_axis',(0.,-0.237358677823435,-0.971422080283288));
#2095=DIRECTION('center_axis',(0.29560738760777,0.954377945093248,-0.042178315652692));
#2096=DIRECTION('ref_axis',(-0.955228003561227,0.295870683259483,0.));
#2097=DIRECTION('center_axis',(0.512899717585774,0.83166973041617,0.212742424565315));
#2098=DIRECTION('ref_axis',(-0.851154080847191,0.524915927227565,0.));
#2099=DIRECTION('center_axis',(0.489037209954084,0.828638801832627,0.272397399726418));
#2100=DIRECTION('ref_axis',(-0.861205427197557,0.508257033562226,0.));
#2101=DIRECTION('center_axis',(1.,-4.10363293723376E-11,-4.91219558795019E-11));
#2102=DIRECTION('ref_axis',(-4.91219558795019E-11,0.,-1.));
#2103=DIRECTION('center_axis',(-1.,0.,0.));
#2104=DIRECTION('ref_axis',(0.,0.,1.));
#2105=DIRECTION('center_axis',(-0.707106781186687,0.,0.707106781186408));
#2106=DIRECTION('ref_axis',(0.707106781186408,0.,0.707106781186687));
#2107=DIRECTION('center_axis',(0.707106781186546,0.,-0.707106781186549));
#2108=DIRECTION('ref_axis',(-0.707106781186549,0.,-0.707106781186546));
#2109=DIRECTION('',(0.707106781186546,0.,-0.707106781186549));
#2110=DIRECTION('center_axis',(0.707106781186546,1.02219561112225E-15,-0.707106781186549));
#2111=DIRECTION('ref_axis',(-0.707106781186549,0.,-0.707106781186546));
#2112=DIRECTION('center_axis',(0.681103942477289,1.05845126957649E-15,0.732186738163083));
#2113=DIRECTION('ref_axis',(-0.732186738163083,1.03383612377125E-15,0.681103942477289));
#2114=DIRECTION('center_axis',(-0.682782671177562,0.260030090334302,0.682782671177564));
#2115=DIRECTION('ref_axis',(0.707106781186549,0.,0.707106781186546));
#2116=DIRECTION('center_axis',(-0.611447501075765,-0.502258804657921,0.611447501075766));
#2117=DIRECTION('ref_axis',(0.707106781186548,0.,0.707106781186547));
#2118=DIRECTION('center_axis',(-0.571512294785511,0.563370511893785,0.59664676588207));
#2119=DIRECTION('ref_axis',(0.722153967251996,0.,0.691732352562899));
#2120=DIRECTION('center_axis',(-0.226513494661351,0.946172903838795,0.231189257487377));
#2121=DIRECTION('ref_axis',(0.,0.237358677823435,-0.971422080283288));
#2122=DIRECTION('center_axis',(-0.295607387607776,0.954377945093247,0.0421783156526892));
#2123=DIRECTION('ref_axis',(-0.955228003561225,-0.295870683259488,0.));
#2124=DIRECTION('center_axis',(-0.512899717585779,0.831669730416167,-0.212742424565314));
#2125=DIRECTION('ref_axis',(-0.851154080847187,-0.52491592722757,0.));
#2126=DIRECTION('center_axis',(-0.489037209954094,0.828638801832621,-0.272397399726419));
#2127=DIRECTION('ref_axis',(-0.861205427197551,-0.508257033562236,0.));
#2128=DIRECTION('center_axis',(0.970142500145338,3.50610202093048E-16,0.242535625036308));
#2129=DIRECTION('ref_axis',(-0.242535625036308,0.,0.970142500145338));
#2130=DIRECTION('center_axis',(-1.,0.,0.));
#2131=DIRECTION('ref_axis',(0.,0.707106781186548,-0.707106781186548));
#2132=DIRECTION('center_axis',(1.,0.,0.));
#2133=DIRECTION('ref_axis',(0.,0.707106781186548,-0.707106781186548));
#2134=DIRECTION('',(1.,0.,0.));
#2135=DIRECTION('',(-1.,0.,0.));
#2136=DIRECTION('center_axis',(0.,1.,0.));
#2137=DIRECTION('ref_axis',(0.,0.,1.));
#2138=DIRECTION('',(0.,0.,1.));
#2139=DIRECTION('',(-1.,0.,0.));
#2140=DIRECTION('center_axis',(0.,0.,1.));
#2141=DIRECTION('ref_axis',(1.,0.,0.));
#2142=DIRECTION('',(1.,0.,0.));
#2143=DIRECTION('',(0.,1.,0.));
#2144=DIRECTION('center_axis',(-1.,0.,1.15648231731787E-16));
#2145=DIRECTION('ref_axis',(0.,0.707106781186548,0.707106781186547));
#2146=DIRECTION('center_axis',(1.,0.,0.));
#2147=DIRECTION('ref_axis',(0.,0.707106781186548,0.707106781186547));
#2148=DIRECTION('',(1.,0.,-1.15648231731787E-16));
#2149=DIRECTION('',(-1.,0.,1.15648231731787E-16));
#2150=DIRECTION('center_axis',(-1.15648231731787E-16,0.,-1.));
#2151=DIRECTION('ref_axis',(-1.,0.,1.15648231731787E-16));
#2152=DIRECTION('',(0.,-1.,0.));
#2153=DIRECTION('',(1.,0.,1.15648231731787E-16));
#2154=DIRECTION('center_axis',(0.,1.,0.));
#2155=DIRECTION('ref_axis',(0.,0.,1.));
#2156=DIRECTION('',(1.,0.,0.));
#2157=DIRECTION('',(0.,0.,1.));
#2158=DIRECTION('center_axis',(1.,0.,0.));
#2159=DIRECTION('ref_axis',(0.,0.,-1.));
#2160=DIRECTION('center_axis',(-1.,0.,0.));
#2161=DIRECTION('ref_axis',(0.,0.,-1.));
#2162=DIRECTION('',(1.,0.,0.));
#2163=DIRECTION('center_axis',(1.,5.78241158658936E-15,4.7482839012446E-15));
#2164=DIRECTION('ref_axis',(-5.78241158658936E-15,1.,0.));
#2165=DIRECTION('',(-1.,-7.0772098939586E-15,0.));
#2166=DIRECTION('center_axis',(-6.98296267768627E-15,1.,0.));
#2167=DIRECTION('ref_axis',(0.,0.,1.));
#2168=DIRECTION('',(0.,0.,1.));
#2169=DIRECTION('',(-0.707106781186546,-5.15434403361983E-15,-0.707106781186549));
#2170=DIRECTION('',(1.,7.14731157645524E-15,0.));
#2171=DIRECTION('center_axis',(1.,0.,0.));
#2172=DIRECTION('ref_axis',(0.,0.,-1.));
#2173=DIRECTION('',(0.,0.,-1.));
#2174=DIRECTION('center_axis',(1.,0.,0.));
#2175=DIRECTION('ref_axis',(0.,0.,1.));
#2176=DIRECTION('',(0.,1.,1.92747052886312E-16));
#2177=DIRECTION('center_axis',(-1.,0.,0.));
#2178=DIRECTION('ref_axis',(0.,0.,-1.));
#2179=DIRECTION('center_axis',(-1.,0.,0.));
#2180=DIRECTION('ref_axis',(0.,0.,-1.));
#2181=DIRECTION('center_axis',(-1.,0.,0.));
#2182=DIRECTION('ref_axis',(0.,0.,-1.));
#2183=DIRECTION('center_axis',(-1.,0.,0.));
#2184=DIRECTION('ref_axis',(0.,0.,-1.));
#2185=DIRECTION('',(0.,0.,-1.));
#2186=DIRECTION('center_axis',(-1.,0.,0.));
#2187=DIRECTION('ref_axis',(0.,0.,-1.));
#2188=DIRECTION('center_axis',(1.,0.,0.));
#2189=DIRECTION('ref_axis',(0.,0.,-1.));
#2190=DIRECTION('center_axis',(-1.,0.,0.));
#2191=DIRECTION('ref_axis',(0.,0.,1.));
#2192=DIRECTION('',(-1.,0.,0.));
#2193=DIRECTION('',(1.,0.,0.));
#2194=DIRECTION('center_axis',(0.,-1.92747052886312E-16,1.));
#2195=DIRECTION('ref_axis',(1.,0.,0.));
#2196=DIRECTION('center_axis',(0.,-1.92747052886312E-16,1.));
#2197=DIRECTION('ref_axis',(1.,-3.29873428595683E-15,-6.35821311873212E-31));
#2198=DIRECTION('',(1.,0.,0.));
#2199=DIRECTION('center_axis',(1.,0.,0.));
#2200=DIRECTION('ref_axis',(0.,0.,-1.));
#2201=DIRECTION('center_axis',(0.970142500145332,-2.33740134728722E-16,
-0.242535625036331));
#2202=DIRECTION('ref_axis',(0.242535625036331,0.,0.970142500145332));
#2203=DIRECTION('center_axis',(1.,0.,0.));
#2204=DIRECTION('ref_axis',(0.,0.,-1.));
#2205=DIRECTION('',(1.,0.,0.));
#2206=DIRECTION('center_axis',(-1.,7.17019036737732E-13,-8.58297465346301E-13));
#2207=DIRECTION('ref_axis',(-8.58297465346301E-13,0.,1.));
#2208=DIRECTION('',(1.,6.76411903549079E-15,0.));
#2209=DIRECTION('center_axis',(1.,0.,0.));
#2210=DIRECTION('ref_axis',(0.,0.,-1.));
#2211=DIRECTION('',(1.,6.79454675876523E-15,0.));
#2212=DIRECTION('center_axis',(1.,2.79290479632219E-13,1.61248433597805E-13));
#2213=DIRECTION('ref_axis',(-2.79290479632219E-13,1.,0.));
#2214=DIRECTION('',(1.,0.,0.));
#2215=DIRECTION('center_axis',(1.,0.,0.));
#2216=DIRECTION('ref_axis',(0.,0.,-1.));
#2217=DIRECTION('',(-1.,0.,0.));
#2218=DIRECTION('center_axis',(6.79729464656489E-15,-1.,0.));
#2219=DIRECTION('ref_axis',(0.,0.,-1.));
#2220=DIRECTION('',(-0.707106781186549,-1.17104693927695E-15,-0.707106781186546));
#2221=DIRECTION('center_axis',(1.,0.,0.));
#2222=DIRECTION('ref_axis',(0.,0.,-1.));
#2223=DIRECTION('center_axis',(0.773957299203322,-6.10273589242315E-16,
-0.633237790257261));
#2224=DIRECTION('ref_axis',(0.633237790257261,7.32328307089969E-16,0.773957299203322));
#2225=DIRECTION('center_axis',(1.,0.,0.));
#2226=DIRECTION('ref_axis',(0.,-0.427425207132553,0.904050713349475));
#2227=DIRECTION('',(1.,0.,0.));
#2228=DIRECTION('center_axis',(-1.,0.,0.));
#2229=DIRECTION('ref_axis',(0.,0.,1.));
#2230=DIRECTION('',(-1.,0.,0.));
#2231=DIRECTION('center_axis',(0.,1.,0.));
#2232=DIRECTION('ref_axis',(0.,0.,1.));
#2233=DIRECTION('',(-0.707106781186546,0.,-0.707106781186549));
#2234=DIRECTION('',(1.,0.,0.));
#2235=DIRECTION('center_axis',(1.,0.,0.));
#2236=DIRECTION('ref_axis',(0.,0.,-1.));
#2237=DIRECTION('',(1.,0.,0.));
#2238=DIRECTION('center_axis',(1.,4.10363293723376E-11,4.91219558795019E-11));
#2239=DIRECTION('ref_axis',(4.91219558795019E-11,0.,-1.));
#2240=DIRECTION('',(1.,1.99605111400411E-16,0.));
#2241=DIRECTION('center_axis',(-1.,0.,0.));
#2242=DIRECTION('ref_axis',(0.,0.,1.));
#2243=DIRECTION('',(-1.,-1.80386197122556E-16,0.));
#2244=DIRECTION('center_axis',(-1.,-1.1619871731483E-10,6.70873607212069E-11));
#2245=DIRECTION('ref_axis',(1.1619871731483E-10,-1.,0.));
#2246=DIRECTION('center_axis',(0.,0.,-1.));
#2247=DIRECTION('ref_axis',(-1.,0.,0.));
#2248=DIRECTION('center_axis',(0.,0.,-1.));
#2249=DIRECTION('ref_axis',(1.,-3.49148133884315E-15,0.));
#2250=DIRECTION('',(1.,0.,0.));
#2251=DIRECTION('center_axis',(1.,0.,0.));
#2252=DIRECTION('ref_axis',(0.,0.,-1.));
#2253=DIRECTION('center_axis',(0.773957299203322,-9.15410383863471E-16,
-0.633237790257261));
#2254=DIRECTION('ref_axis',(0.633237790257261,1.22054717848328E-15,0.773957299203322));
#2255=DIRECTION('center_axis',(1.,0.,0.));
#2256=DIRECTION('ref_axis',(0.,0.,-1.));
#2257=DIRECTION('',(-1.,0.,0.));
#2258=DIRECTION('center_axis',(0.681103942477289,-1.05845126957649E-15,
-0.732186738163083));
#2259=DIRECTION('ref_axis',(0.732186738163083,1.03383612377125E-15,0.681103942477289));
#2260=DIRECTION('center_axis',(1.85668031121377E-16,-1.,0.));
#2261=DIRECTION('ref_axis',(0.,0.,-1.));
#2262=DIRECTION('',(-0.707106781186549,1.99749263359346E-9,-0.707106781186546));
#2263=DIRECTION('center_axis',(-0.707106781186549,1.02219561112338E-15,
0.707106781186546));
#2264=DIRECTION('ref_axis',(0.707106781186546,0.,0.707106781186549));
#2265=DIRECTION('center_axis',(-0.707106781186549,1.02219561112338E-15,
0.707106781186546));
#2266=DIRECTION('ref_axis',(0.707106781186546,1.02219561112338E-15,0.707106781186549));
#2267=DIRECTION('',(-0.707106781186546,0.,-0.707106781186549));
#2268=DIRECTION('center_axis',(-0.707106781186549,1.02219561112338E-15,
0.707106781186546));
#2269=DIRECTION('ref_axis',(0.707106781186546,1.02219561112338E-15,0.707106781186549));
#2270=DIRECTION('center_axis',(-0.707106781186549,1.02219561112338E-15,
0.707106781186546));
#2271=DIRECTION('ref_axis',(0.707106781186546,1.02219561112338E-15,0.707106781186549));
#2272=DIRECTION('center_axis',(-0.707106781186549,6.81463740748921E-16,
0.707106781186546));
#2273=DIRECTION('ref_axis',(0.707106781186546,0.,0.707106781186549));
#2274=DIRECTION('center_axis',(-0.707106781186549,6.81463740748921E-16,
0.707106781186546));
#2275=DIRECTION('ref_axis',(0.707106781186546,6.81463740748924E-16,0.707106781186549));
#2276=DIRECTION('',(-0.707106781186547,-5.15434403361981E-15,-0.707106781186549));
#2277=DIRECTION('center_axis',(-0.707106781186549,6.81463740748921E-16,
0.707106781186546));
#2278=DIRECTION('ref_axis',(0.707106781186546,6.81463740748924E-16,0.707106781186549));
#2279=DIRECTION('center_axis',(-0.707106781186549,6.81463740748921E-16,
0.707106781186546));
#2280=DIRECTION('ref_axis',(0.707106781186546,6.81463740748924E-16,0.707106781186549));
#2281=DIRECTION('center_axis',(0.,1.,0.));
#2282=DIRECTION('ref_axis',(0.,0.,1.));
#2283=DIRECTION('center_axis',(0.707106781186546,-2.46885013108227E-15,
0.707106781186549));
#2284=DIRECTION('ref_axis',(0.707106781186549,0.,-0.707106781186546));
#2285=DIRECTION('center_axis',(-0.110431526074847,3.85569612510297E-16,
0.993883734673619));
#2286=DIRECTION('ref_axis',(0.993883734673619,-3.38647863849722E-15,0.110431526074847));
#2287=DIRECTION('center_axis',(0.707106781186546,-2.46885013108227E-15,
0.707106781186549));
#2288=DIRECTION('ref_axis',(0.707106781186549,0.,-0.707106781186546));
#2289=DIRECTION('center_axis',(0.110431526074847,-1.72716100543651E-16,
-0.993883734673619));
#2290=DIRECTION('ref_axis',(0.993883734673619,-3.25101949295733E-15,0.110431526074847));
#2291=DIRECTION('center_axis',(-0.883452208599444,0.468521285664552,-2.03188718309284E-16));
#2292=DIRECTION('ref_axis',(-0.468521285664552,-0.883452208599444,0.));
#2293=DIRECTION('center_axis',(-0.621900227728898,0.783096486233175,0.));
#2294=DIRECTION('ref_axis',(-0.783096486233174,-0.621900227728898,0.));
#2295=DIRECTION('center_axis',(-0.283548083845221,0.958958020013235,1.84836332199244E-16));
#2296=DIRECTION('ref_axis',(-0.958958020013235,-0.283548083845221,0.));
#2297=DIRECTION('center_axis',(0.216930457819688,-0.955580498174154,0.199517137056886));
#2298=DIRECTION('ref_axis',(0.975187284919459,0.221381479196912,0.));
#2299=DIRECTION('center_axis',(0.554032374196446,-0.621366443159344,0.55403237419645));
#2300=DIRECTION('ref_axis',(0.,-0.665508252817274,-0.746390491252467));
#2301=DIRECTION('center_axis',(0.883452208599448,0.468521285664545,0.));
#2302=DIRECTION('ref_axis',(-0.468521285664545,0.883452208599448,0.));
#2303=DIRECTION('center_axis',(0.621900227728902,0.783096486233172,0.));
#2304=DIRECTION('ref_axis',(-0.783096486233172,0.621900227728902,0.));
#2305=DIRECTION('center_axis',(0.283548083845225,0.958958020013234,0.));
#2306=DIRECTION('ref_axis',(-0.958958020013234,0.283548083845225,0.));
#2307=DIRECTION('center_axis',(-0.21693045781969,-0.955580498174154,-0.199517137056886));
#2308=DIRECTION('ref_axis',(0.975187284919459,-0.221381479196914,0.));
#2309=DIRECTION('center_axis',(-0.554032374196447,-0.621366443159345,-0.554032374196448));
#2310=DIRECTION('ref_axis',(0.,0.665508252817272,-0.746390491252469));
#2311=DIRECTION('center_axis',(0.707106781186545,4.08878244448899E-15,0.70710678118655));
#2312=DIRECTION('ref_axis',(0.70710678118655,0.,-0.707106781186545));
#2313=DIRECTION('center_axis',(-0.707106781186546,-4.93770026216452E-15,
-0.707106781186549));
#2314=DIRECTION('ref_axis',(-0.707106781186549,0.,0.707106781186546));
#2315=DIRECTION('center_axis',(-0.707106781186546,-6.13317366673349E-15,
-0.707106781186549));
#2316=DIRECTION('ref_axis',(-0.707106781186549,0.,0.707106781186546));
#2317=DIRECTION('center_axis',(0.611447501075744,0.502258804657977,0.611447501075741));
#2318=DIRECTION('ref_axis',(0.707106781186546,0.,-0.707106781186549));
#2319=DIRECTION('center_axis',(0.682782671177564,-0.260030090334298,0.682782671177563));
#2320=DIRECTION('ref_axis',(0.707106781186547,0.,-0.707106781186548));
#2321=DIRECTION('center_axis',(0.571512294785506,-0.563370511893784,0.596646765882076));
#2322=DIRECTION('ref_axis',(0.722153967252003,0.,-0.691732352562892));
#2323=DIRECTION('center_axis',(0.22651349466135,-0.946172903838795,0.231189257487377));
#2324=DIRECTION('ref_axis',(0.,-0.237358677823435,-0.971422080283288));
#2325=DIRECTION('center_axis',(0.29560738760777,-0.954377945093248,0.042178315652692));
#2326=DIRECTION('ref_axis',(0.955228003561227,0.295870683259483,0.));
#2327=DIRECTION('center_axis',(0.512899717585774,-0.83166973041617,-0.212742424565315));
#2328=DIRECTION('ref_axis',(0.851154080847191,0.524915927227565,0.));
#2329=DIRECTION('center_axis',(0.489037209954084,-0.828638801832627,-0.272397399726418));
#2330=DIRECTION('ref_axis',(0.861205427197557,0.508257033562226,0.));
#2331=DIRECTION('center_axis',(-0.707106781186687,0.,-0.707106781186408));
#2332=DIRECTION('ref_axis',(-0.707106781186408,0.,0.707106781186687));
#2333=DIRECTION('center_axis',(0.707106781186546,0.,0.707106781186549));
#2334=DIRECTION('ref_axis',(0.707106781186549,0.,-0.707106781186546));
#2335=DIRECTION('center_axis',(0.707106781186546,-1.02219561112225E-15,
0.707106781186549));
#2336=DIRECTION('ref_axis',(0.707106781186549,0.,-0.707106781186546));
#2337=DIRECTION('center_axis',(-0.611447501075765,0.502258804657921,-0.611447501075766));
#2338=DIRECTION('ref_axis',(-0.707106781186548,0.,0.707106781186547));
#2339=DIRECTION('center_axis',(-0.682782671177562,-0.260030090334302,-0.682782671177564));
#2340=DIRECTION('ref_axis',(-0.707106781186549,0.,0.707106781186546));
#2341=DIRECTION('center_axis',(-0.571512294785511,-0.563370511893785,-0.59664676588207));
#2342=DIRECTION('ref_axis',(-0.722153967251996,0.,0.691732352562899));
#2343=DIRECTION('center_axis',(-0.226513494661351,-0.946172903838795,-0.231189257487377));
#2344=DIRECTION('ref_axis',(0.,0.237358677823435,-0.971422080283288));
#2345=DIRECTION('center_axis',(-0.295607387607776,-0.954377945093247,-0.0421783156526892));
#2346=DIRECTION('ref_axis',(0.955228003561225,-0.295870683259488,0.));
#2347=DIRECTION('center_axis',(-0.512899717585779,-0.831669730416167,0.212742424565314));
#2348=DIRECTION('ref_axis',(0.851154080847187,-0.52491592722757,0.));
#2349=DIRECTION('center_axis',(-0.489037209954094,-0.828638801832621,0.272397399726419));
#2350=DIRECTION('ref_axis',(0.861205427197551,-0.508257033562236,0.));
#2351=DIRECTION('center_axis',(0.970142500145338,-3.50610202093048E-16,
-0.242535625036308));
#2352=DIRECTION('ref_axis',(0.242535625036308,0.,0.970142500145338));
#2353=DIRECTION('center_axis',(1.,0.,0.));
#2354=DIRECTION('ref_axis',(0.,0.,-1.));
#2355=CARTESIAN_POINT('',(0.,0.,0.));
#2356=CARTESIAN_POINT('Origin',(-23.4256894741117,7.16369423076917,-1.41713493615624));
#2357=CARTESIAN_POINT('',(17.6038662227544,7.16369489004459,1.2492757162068));
#2358=CARTESIAN_POINT('',(26.4800319528508,7.16369423076917,1.24926506384376));
#2359=CARTESIAN_POINT('',(-23.4256894741117,7.16369423076917,1.24926506384376));
#2360=CARTESIAN_POINT('',(17.6453741246244,7.28141969974982,1.24666492005542));
#2361=CARTESIAN_POINT('Ctrl Pts',(17.6453741246243,7.28141969974982,1.24666492005542));
#2362=CARTESIAN_POINT('Ctrl Pts',(17.6321755880535,7.24178072378615,1.24841674725233));
#2363=CARTESIAN_POINT('Ctrl Pts',(17.61834038769,7.20254012329003,1.24927128412278));
#2364=CARTESIAN_POINT('Ctrl Pts',(17.6038662227544,7.16369489004459,1.2492757162068));
#2365=CARTESIAN_POINT('',(17.7960070087943,7.79658740931758,1.17306489871112));
#2366=CARTESIAN_POINT('Ctrl Pts',(17.7960070087943,7.79658740931758,1.17306489871112));
#2367=CARTESIAN_POINT('Ctrl Pts',(17.7519826504197,7.62552247413669,1.21486315269423));
#2368=CARTESIAN_POINT('Ctrl Pts',(17.7026680693427,7.45348978409196,1.23906035797488));
#2369=CARTESIAN_POINT('Ctrl Pts',(17.6453741246243,7.28141969974984,1.24666492005543));
#2370=CARTESIAN_POINT('',(18.5861296283331,9.10241167251734,0.413456127151301));
#2371=CARTESIAN_POINT('Ctrl Pts',(18.5861296283331,9.10241167251733,0.413456127151302));
#2372=CARTESIAN_POINT('Ctrl Pts',(18.4989455212106,9.02246555254851,0.498124374631764));
#2373=CARTESIAN_POINT('Ctrl Pts',(18.4158596076194,8.93605915267858,0.578574998211241));
#2374=CARTESIAN_POINT('Ctrl Pts',(18.3372492809259,8.84241493060046,0.654478870986389));
#2375=CARTESIAN_POINT('Ctrl Pts',(18.3366346932765,8.84168280564001,0.655072299161887));
#2376=CARTESIAN_POINT('Ctrl Pts',(18.3360203797399,8.84095023836844,0.655665449187135));
#2377=CARTESIAN_POINT('Ctrl Pts',(18.3354063404676,8.84021722837261,0.656258320931773));
#2378=CARTESIAN_POINT('Ctrl Pts',(18.2741389461202,8.76707921504888,0.715413669160145));
#2379=CARTESIAN_POINT('Ctrl Pts',(18.2155997094801,8.68953625553758,0.771800770697524));
#2380=CARTESIAN_POINT('Ctrl Pts',(18.1603656750888,8.60702742690169,0.824886379359515));
#2381=CARTESIAN_POINT('Ctrl Pts',(18.1453474085717,8.58459307836778,0.83932048376443));
#2382=CARTESIAN_POINT('Ctrl Pts',(18.1305736625454,8.56179141319955,0.853510349638155));
#2383=CARTESIAN_POINT('Ctrl Pts',(18.1160564234302,8.5386107235159,0.867444889893615));
#2384=CARTESIAN_POINT('Ctrl Pts',(18.1153181101316,8.53743180710301,0.868153568472097));
#2385=CARTESIAN_POINT('Ctrl Pts',(18.1145804633069,8.53625191520615,0.86886158366293));
#2386=CARTESIAN_POINT('Ctrl Pts',(18.1138434846284,8.53507104645283,0.869568933918756));
#2387=CARTESIAN_POINT('Ctrl Pts',(18.0604892772348,8.44958103404005,0.920778166088743));
#2388=CARTESIAN_POINT('Ctrl Pts',(18.0106344136376,8.35896830193458,0.968504660632744));
#2389=CARTESIAN_POINT('Ctrl Pts',(17.9657049155704,8.26437926795797,1.0114285869051));
#2390=CARTESIAN_POINT('Ctrl Pts',(17.9537228693486,8.23915374294777,1.02287577618485));
#2391=CARTESIAN_POINT('Ctrl Pts',(17.9420912843484,8.21364560490709,1.0339812523002));
#2392=CARTESIAN_POINT('Ctrl Pts',(17.9308375560439,8.18787699635118,1.04471966483851));
#2393=CARTESIAN_POINT('Ctrl Pts',(17.9303938521959,8.1868610103185,1.04514305118971));
#2394=CARTESIAN_POINT('Ctrl Pts',(17.9299507348446,8.18584461589082,1.04556586838374));
#2395=CARTESIAN_POINT('Ctrl Pts',(17.9295082056621,8.18482781438239,1.04598811486733));
#2396=CARTESIAN_POINT('Ctrl Pts',(17.8869118207964,8.08695388856977,1.08663215469889));
#2397=CARTESIAN_POINT('Ctrl Pts',(17.8497628486949,7.98531128715126,1.1219902184737));
#2398=CARTESIAN_POINT('Ctrl Pts',(17.8186260989991,7.87888549708453,1.15157964291643));
#2399=CARTESIAN_POINT('Ctrl Pts',(17.8106927572479,7.85176923825882,1.15911874120444));
#2400=CARTESIAN_POINT('Ctrl Pts',(17.8031498520775,7.82434227204723,1.16628323535962));
#2401=CARTESIAN_POINT('Ctrl Pts',(17.7960070087933,7.79658740931812,1.17306489871098));
#2402=CARTESIAN_POINT('',(19.514553379175,9.65550652088806,-0.468156290025334));
#2403=CARTESIAN_POINT('Ctrl Pts',(19.514553379175,9.65550652088806,-0.468156290025338));
#2404=CARTESIAN_POINT('Ctrl Pts',(19.3999730547271,9.61491431067533,-0.361569941951481));
#2405=CARTESIAN_POINT('Ctrl Pts',(19.2871258044459,9.56678415697531,-0.25583921567505));
#2406=CARTESIAN_POINT('Ctrl Pts',(19.1770417963399,9.51079343871104,-0.15196190603937));
#2407=CARTESIAN_POINT('Ctrl Pts',(19.1277223934789,9.48570869808378,-0.105423203732142));
#2408=CARTESIAN_POINT('Ctrl Pts',(19.0789579804594,9.45904574419815,-0.0592568185282579));
#2409=CARTESIAN_POINT('Ctrl Pts',(19.0308431954071,9.43077329283569,-0.0135542063820603));
#2410=CARTESIAN_POINT('Ctrl Pts',(19.0304365456444,9.4305343437138,-0.0131679434825272));
#2411=CARTESIAN_POINT('Ctrl Pts',(19.0300299422296,9.43029527957327,-0.012781713648938));
#2412=CARTESIAN_POINT('Ctrl Pts',(19.0296233852217,9.43005610039546,-0.0123955169382698));
#2413=CARTESIAN_POINT('Ctrl Pts',(18.9228481992999,9.36723981464784,0.0890323880922259));
#2414=CARTESIAN_POINT('Ctrl Pts',(18.8192724670202,9.29649230538985,0.188177067214354));
#2415=CARTESIAN_POINT('Ctrl Pts',(18.7193741283861,9.21658140184918,0.284514163399958));
#2416=CARTESIAN_POINT('Ctrl Pts',(18.6741916256101,9.18043891269049,0.32808597025227));
#2417=CARTESIAN_POINT('Ctrl Pts',(18.629761623341,9.14242135826269,0.371083214299186));
#2418=CARTESIAN_POINT('Ctrl Pts',(18.5861296283331,9.10241167251734,0.413456127151302));
#2419=CARTESIAN_POINT('',(22.3541062590686,9.22409423076904,-3.10960082946119));
#2420=CARTESIAN_POINT('Origin',(20.5347054237657,7.16369423076917,-1.41713493615624));
#2421=CARTESIAN_POINT('',(26.4800319528508,9.22409423076904,-3.10960082946119));
#2422=CARTESIAN_POINT('',(25.8134319528508,9.22409423076904,-3.10960082946119));
#2423=CARTESIAN_POINT('Origin',(26.4800319528508,7.16369423076917,-1.41713493615624));
#2424=CARTESIAN_POINT('Origin',(-23.4256894741117,7.16369423076917,-1.41713493615624));
#2425=CARTESIAN_POINT('',(-13.5159680471492,7.16369423076917,1.24926506384376));
#2426=CARTESIAN_POINT('',(-4.6398023170529,7.16369489004459,1.2492757162068));
#2427=CARTESIAN_POINT('',(-23.4256894741117,7.16369423076917,1.24926506384376));
#2428=CARTESIAN_POINT('',(-13.5159680471492,9.22409423076904,-3.10960082946119));
#2429=CARTESIAN_POINT('Origin',(-13.5159680471492,7.16369423076917,-1.41713493615624));
#2430=CARTESIAN_POINT('',(-9.39004235336702,9.22409423076904,-3.10960082946119));
#2431=CARTESIAN_POINT('',(-12.8493680471492,9.22409423076904,-3.10960082946119));
#2432=CARTESIAN_POINT('',(-6.55048947347348,9.65550652088806,-0.468156290025334));
#2433=CARTESIAN_POINT('Origin',(-7.5706415180642,7.16369423076917,-1.41713493615624));
#2434=CARTESIAN_POINT('',(-5.62206572263157,9.10241167251734,0.413456127151301));
#2435=CARTESIAN_POINT('Ctrl Pts',(-6.55048947347347,9.65550652088806,-0.468156290025338));
#2436=CARTESIAN_POINT('Ctrl Pts',(-6.43590914902559,9.61491431067533,-0.361569941951487));
#2437=CARTESIAN_POINT('Ctrl Pts',(-6.32306189874436,9.56678415697531,-0.255839215675063));
#2438=CARTESIAN_POINT('Ctrl Pts',(-6.21297789063835,9.51079343871105,-0.151961906039389));
#2439=CARTESIAN_POINT('Ctrl Pts',(-6.16365848777741,9.48570869808379,-0.105423203732155));
#2440=CARTESIAN_POINT('Ctrl Pts',(-6.11489407475781,9.45904574419815,-0.059256818528264));
#2441=CARTESIAN_POINT('Ctrl Pts',(-6.06677928970559,9.43077329283569,-0.0135542063820603));
#2442=CARTESIAN_POINT('Ctrl Pts',(-6.06637263994288,9.4305343437138,-0.0131679434825272));
#2443=CARTESIAN_POINT('Ctrl Pts',(-6.06596603652808,9.43029527957327,-0.012781713648938));
#2444=CARTESIAN_POINT('Ctrl Pts',(-6.06555947952021,9.43005610039546,-0.0123955169382698));
#2445=CARTESIAN_POINT('Ctrl Pts',(-5.95878429359834,9.36723981464783,0.0890323880922418));
#2446=CARTESIAN_POINT('Ctrl Pts',(-5.85520856131865,9.29649230538983,0.188177067214385));
#2447=CARTESIAN_POINT('Ctrl Pts',(-5.75531022268446,9.21658140184914,0.284514163400003));
#2448=CARTESIAN_POINT('Ctrl Pts',(-5.7101277199085,9.18043891269046,0.3280859702523));
#2449=CARTESIAN_POINT('Ctrl Pts',(-5.66569771763942,9.14242135826268,0.371083214299201));
#2450=CARTESIAN_POINT('Ctrl Pts',(-5.62206572263157,9.10241167251734,0.413456127151302));
#2451=CARTESIAN_POINT('',(-4.83194310309279,7.79658740931758,1.17306489871112));
#2452=CARTESIAN_POINT('Ctrl Pts',(-5.62206572263157,9.10241167251733,0.413456127151302));
#2453=CARTESIAN_POINT('Ctrl Pts',(-5.53488161550902,9.02246555254851,0.498124374631764));
#2454=CARTESIAN_POINT('Ctrl Pts',(-5.4517957019179,8.93605915267858,0.578574998211241));
#2455=CARTESIAN_POINT('Ctrl Pts',(-5.37318537522433,8.84241493060046,0.654478870986389));
#2456=CARTESIAN_POINT('Ctrl Pts',(-5.37257078757499,8.84168280564001,0.655072299161887));
#2457=CARTESIAN_POINT('Ctrl Pts',(-5.37195647403834,8.84095023836844,0.655665449187135));
#2458=CARTESIAN_POINT('Ctrl Pts',(-5.37134243476609,8.84021722837261,0.656258320931773));
#2459=CARTESIAN_POINT('Ctrl Pts',(-5.31007504041864,8.76707921504888,0.715413669160149));
#2460=CARTESIAN_POINT('Ctrl Pts',(-5.25153580377859,8.68953625553757,0.77180077069753));
#2461=CARTESIAN_POINT('Ctrl Pts',(-5.19630176938729,8.60702742690167,0.824886379359524));
#2462=CARTESIAN_POINT('Ctrl Pts',(-5.18128350287018,8.58459307836777,0.839320483764436));
#2463=CARTESIAN_POINT('Ctrl Pts',(-5.1665097568439,8.56179141319955,0.853510349638158));
#2464=CARTESIAN_POINT('Ctrl Pts',(-5.15199251772862,8.5386107235159,0.867444889893615));
#2465=CARTESIAN_POINT('Ctrl Pts',(-5.15125420443008,8.53743180710301,0.868153568472097));
#2466=CARTESIAN_POINT('Ctrl Pts',(-5.15051655760533,8.53625191520615,0.86886158366293));
#2467=CARTESIAN_POINT('Ctrl Pts',(-5.14977957892688,8.53507104645283,0.869568933918756));
#2468=CARTESIAN_POINT('Ctrl Pts',(-5.09642537153329,8.44958103404005,0.920778166088744));
#2469=CARTESIAN_POINT('Ctrl Pts',(-5.04657050793602,8.35896830193457,0.968504660632746));
#2470=CARTESIAN_POINT('Ctrl Pts',(-5.00164100986889,8.26437926795797,1.0114285869051));
#2471=CARTESIAN_POINT('Ctrl Pts',(-4.98965896364704,8.23915374294777,1.02287577618485));
#2472=CARTESIAN_POINT('Ctrl Pts',(-4.97802737864689,8.21364560490709,1.0339812523002));
#2473=CARTESIAN_POINT('Ctrl Pts',(-4.96677365034233,8.18787699635118,1.04471966483851));
#2474=CARTESIAN_POINT('Ctrl Pts',(-4.96632994649437,8.1868610103185,1.04514305118971));
#2475=CARTESIAN_POINT('Ctrl Pts',(-4.96588682914309,8.18584461589082,1.04556586838374));
#2476=CARTESIAN_POINT('Ctrl Pts',(-4.96544429996052,8.18482781438239,1.04598811486733));
#2477=CARTESIAN_POINT('Ctrl Pts',(-4.92284791509488,8.08695388856978,1.08663215469889));
#2478=CARTESIAN_POINT('Ctrl Pts',(-4.88569894299331,7.98531128715126,1.1219902184737));
#2479=CARTESIAN_POINT('Ctrl Pts',(-4.85456219329755,7.87888549708453,1.15157964291643));
#2480=CARTESIAN_POINT('Ctrl Pts',(-4.84662885154634,7.85176923825882,1.15911874120444));
#2481=CARTESIAN_POINT('Ctrl Pts',(-4.83908594637599,7.82434227204723,1.16628323535962));
#2482=CARTESIAN_POINT('Ctrl Pts',(-4.83194310309172,7.79658740931812,1.17306489871098));
#2483=CARTESIAN_POINT('',(-4.68131021892285,7.28141969974982,1.24666492005542));
#2484=CARTESIAN_POINT('Ctrl Pts',(-4.83194310309279,7.79658740931758,1.17306489871112));
#2485=CARTESIAN_POINT('Ctrl Pts',(-4.78791874471813,7.62552247413669,1.21486315269423));
#2486=CARTESIAN_POINT('Ctrl Pts',(-4.73860416364116,7.45348978409196,1.23906035797488));
#2487=CARTESIAN_POINT('Ctrl Pts',(-4.68131021892276,7.28141969974984,1.24666492005543));
#2488=CARTESIAN_POINT('Ctrl Pts',(-4.6813102189228,7.28141969974982,1.24666492005542));
#2489=CARTESIAN_POINT('Ctrl Pts',(-4.668111682352,7.24178072378615,1.24841674725233));
#2490=CARTESIAN_POINT('Ctrl Pts',(-4.6542764819885,7.20254012329003,1.24927128412278));
#2491=CARTESIAN_POINT('Ctrl Pts',(-4.6398023170529,7.16369489004459,1.2492757162068));
#2492=CARTESIAN_POINT('Origin',(36.3897533798133,9.36347423076903,-4.09600452872707));
#2493=CARTESIAN_POINT('',(26.4800319528508,9.4903846153844,-4.25055469752924));
#2494=CARTESIAN_POINT('',(26.4800319528508,9.1634942307691,-4.09600452872707));
#2495=CARTESIAN_POINT('Origin',(26.4800319528508,9.36347423076903,-4.09600452872707));
#2496=CARTESIAN_POINT('',(23.5128582882727,9.16349423076912,-4.09600452872707));
#2497=CARTESIAN_POINT('',(23.5128582882727,9.16349423076912,-4.09600452872707));
#2498=CARTESIAN_POINT('',(23.5128582882727,9.49038461538442,-4.25055469752922));
#2499=CARTESIAN_POINT('Origin',(23.5128582882727,9.36347423076912,-4.09600452872707));
#2500=CARTESIAN_POINT('',(25.8134319528508,9.4903846153844,-4.25055469752924));
#2501=CARTESIAN_POINT('Origin',(20.2518909955624,9.16349423076914,3.91633166384376));
#2502=CARTESIAN_POINT('',(26.4800319528508,9.1634942307691,-3.27884741879169));
#2503=CARTESIAN_POINT('',(26.4800319528508,9.1634942307691,-1.41680163615624));
#2504=CARTESIAN_POINT('',(22.3964179064012,9.16349423076913,-3.27884741879169));
#2505=CARTESIAN_POINT('',(25.8134319528508,9.1634942307691,-3.27884741879169));
#2506=CARTESIAN_POINT('',(22.9040594346596,9.16349423076912,-3.78648894705013));
#2507=CARTESIAN_POINT('',(22.3964179064012,9.16349423076913,-3.27884741879169));
#2508=CARTESIAN_POINT('Ctrl Pts',(23.5128582882727,9.16349423076912,-4.096004528727));
#2509=CARTESIAN_POINT('Ctrl Pts',(23.4656741532819,9.16349423076912,-4.096004528727));
#2510=CARTESIAN_POINT('Ctrl Pts',(23.4190389667429,9.16349423077035,-4.0892691929549));
#2511=CARTESIAN_POINT('Ctrl Pts',(23.3736569302343,9.16349423080019,-4.0777526423543));
#2512=CARTESIAN_POINT('Ctrl Pts',(23.3622591296839,9.16349423080768,-4.07486023476587));
#2513=CARTESIAN_POINT('Ctrl Pts',(23.3509404109338,9.16349423081649,-4.07166597469585));
#2514=CARTESIAN_POINT('Ctrl Pts',(23.339712032114,9.16349423082571,-4.06820037240283));
#2515=CARTESIAN_POINT('Ctrl Pts',(23.2838378944322,9.1634942308716,-4.05095500307766));
#2516=CARTESIAN_POINT('Ctrl Pts',(23.2301974894471,9.16349423090176,-4.02699361938311));
#2517=CARTESIAN_POINT('Ctrl Pts',(23.1792187283062,9.16349423083413,-3.99866570764905));
#2518=CARTESIAN_POINT('Ctrl Pts',(23.1333952428888,9.16349423077332,-3.97320248294134));
#2519=CARTESIAN_POINT('Ctrl Pts',(23.0899021741323,9.16349423077343,-3.94431801112736));
#2520=CARTESIAN_POINT('Ctrl Pts',(23.0484037063899,9.16349423077073,-3.91288898223994));
#2521=CARTESIAN_POINT('Ctrl Pts',(23.0437350087077,9.16349423077043,-3.90935312556129));
#2522=CARTESIAN_POINT('Ctrl Pts',(23.0390915839823,9.1634942307702,-3.90578501700913));
#2523=CARTESIAN_POINT('Ctrl Pts',(23.0344729741141,9.16349423077001,-3.90218587285497));
#2524=CARTESIAN_POINT('Ctrl Pts',(22.9887506743649,9.16349423076819,-3.86655585591206));
#2525=CARTESIAN_POINT('Ctrl Pts',(22.9454578827909,9.16349423076912,-3.82788740044657));
#2526=CARTESIAN_POINT('Ctrl Pts',(22.9040594346596,9.16349423076912,-3.78648894705013));
#2527=CARTESIAN_POINT('Origin',(26.4800319528508,4.49729423076917,-6.74993493615624));
#2528=CARTESIAN_POINT('',(26.4800319528508,3.83069423076917,-8.74993493615624));
#2529=CARTESIAN_POINT('',(26.4800319528508,4.49729423076917,-8.08333493615624));
#2530=CARTESIAN_POINT('Origin',(26.4800319528508,3.83069423076917,-8.08333493615624));
#2531=CARTESIAN_POINT('',(26.4800319528508,4.49729423076917,-5.75003493615624));
#2532=CARTESIAN_POINT('',(26.4800319528508,4.49729423076917,-4.08353493615624));
#2533=CARTESIAN_POINT('',(26.4800319528508,4.8305942307691,-5.17274240199358));
#2534=CARTESIAN_POINT('Origin',(26.4800319528508,5.16389423076917,-5.75003493615624));
#2535=CARTESIAN_POINT('',(26.4800319528508,5.1638942307691,-4.59544986783091));
#2536=CARTESIAN_POINT('Origin',(26.4800319528508,4.49729423076903,-4.59544986783091));
#2537=CARTESIAN_POINT('',(26.4800319528508,5.1638942307691,-3.25482431578475));
#2538=CARTESIAN_POINT('',(26.4800319528508,5.1638942307691,-1.41680163615624));
#2539=CARTESIAN_POINT('',(26.4800319528508,5.11738725402485,-3.12661342883392));
#2540=CARTESIAN_POINT('Origin',(26.4800319528508,4.96391423076903,-3.25482431578475));
#2541=CARTESIAN_POINT('Origin',(26.4800319528508,7.16369423076917,-1.41713493615624));
#2542=CARTESIAN_POINT('Origin',(26.4800319528508,9.43013423076903,-3.27884741879169));
#2543=CARTESIAN_POINT('',(26.4800319528508,7.16369423076917,2.24916506384376));
#2544=CARTESIAN_POINT('Origin',(26.4800319528508,7.16369423076917,-1.41713493615624));
#2545=CARTESIAN_POINT('',(26.4800319528508,5.16389423076917,2.24916506384376));
#2546=CARTESIAN_POINT('',(26.4800319528508,5.83049423076917,2.24916506384376));
#2547=CARTESIAN_POINT('',(26.4800319528508,4.49729423076917,2.91576506384376));
#2548=CARTESIAN_POINT('Origin',(26.4800319528508,5.16389423076917,2.91576506384376));
#2549=CARTESIAN_POINT('',(26.4800319528508,4.49729423076917,5.24906506384376));
#2550=CARTESIAN_POINT('',(26.4800319528508,4.49729423076917,-4.08353493615624));
#2551=CARTESIAN_POINT('',(26.4800319528508,3.83069423076917,5.91566506384376));
#2552=CARTESIAN_POINT('Origin',(26.4800319528508,3.83069423076917,5.24906506384376));
#2553=CARTESIAN_POINT('',(26.4800319528508,2.16409423076917,5.91566506384376));
#2554=CARTESIAN_POINT('',(26.4800319528508,4.49729423076917,5.91566506384376));
#2555=CARTESIAN_POINT('',(26.4800319528508,2.16409423076917,-8.74993493615624));
#2556=CARTESIAN_POINT('',(26.4800319528508,2.16409423076917,-4.08353493615624));
#2557=CARTESIAN_POINT('',(26.4800319528508,4.49729423076917,-8.74993493615624));
#2558=CARTESIAN_POINT('Origin',(36.3897533798133,7.16369423076917,2.24916506384376));
#2559=CARTESIAN_POINT('',(18.0733820120026,7.16369423076917,2.24916506384376));
#2560=CARTESIAN_POINT('',(25.8134319528508,7.16369423076917,2.24916506384376));
#2561=CARTESIAN_POINT('',(17.5912302911467,6.19834544957989,2.24916506384376));
#2562=CARTESIAN_POINT('Ctrl Pts',(17.5912302911467,6.19834544957989,2.24916506384376));
#2563=CARTESIAN_POINT('Ctrl Pts',(17.6313944764495,6.2489201797294,2.24916506384376));
#2564=CARTESIAN_POINT('Ctrl Pts',(17.6692222565016,6.30140965321319,2.24916506384381));
#2565=CARTESIAN_POINT('Ctrl Pts',(17.7047827587983,6.355128392209,2.2491650638437));
#2566=CARTESIAN_POINT('Ctrl Pts',(17.71957163252,6.37746889912496,2.24916506384365));
#2567=CARTESIAN_POINT('Ctrl Pts',(17.733967915222,6.40002252689737,2.24916506384357));
#2568=CARTESIAN_POINT('Ctrl Pts',(17.747974623973,6.42274157180909,2.2491650638433));
#2569=CARTESIAN_POINT('Ctrl Pts',(17.7865904049049,6.48537681873883,2.24916506384256));
#2570=CARTESIAN_POINT('Ctrl Pts',(17.8222488350215,6.54926775906359,2.249165063842));
#2571=CARTESIAN_POINT('Ctrl Pts',(17.85550945969,6.61445294786991,2.24916506382795));
#2572=CARTESIAN_POINT('Ctrl Pts',(17.8631021297914,6.62933329479771,2.24916506382474));
#2573=CARTESIAN_POINT('Ctrl Pts',(17.8705696478252,6.64428117539165,2.24916506382073));
#2574=CARTESIAN_POINT('Ctrl Pts',(17.8779183531464,6.65929719461094,2.24916506381553));
#2575=CARTESIAN_POINT('Ctrl Pts',(17.8780798228958,6.65962713475067,2.24916506381542));
#2576=CARTESIAN_POINT('Ctrl Pts',(17.878241231415,6.65995709966139,2.2491650638153));
#2577=CARTESIAN_POINT('Ctrl Pts',(17.8784025787725,6.66028708933184,2.24916506381519));
#2578=CARTESIAN_POINT('Ctrl Pts',(17.9186498733852,6.74260136885621,2.24916506378688));
#2579=CARTESIAN_POINT('Ctrl Pts',(17.9550958473064,6.82645453203243,2.24916506380512));
#2580=CARTESIAN_POINT('Ctrl Pts',(17.9879810403206,6.91190027252964,2.24916506382349));
#2581=CARTESIAN_POINT('Ctrl Pts',(18.0197045262598,6.99432754446507,2.24916506384121));
#2582=CARTESIAN_POINT('Ctrl Pts',(18.048113754083,7.07823712905423,2.24916506384376));
#2583=CARTESIAN_POINT('Ctrl Pts',(18.0733820120024,7.16369423076846,2.24916506384376));
#2584=CARTESIAN_POINT('',(16.3094762348782,5.16389423076917,2.24916506384376));
#2585=CARTESIAN_POINT('Origin',(13.4813319528508,7.83029423077249,2.24916506384376));
#2586=CARTESIAN_POINT('',(25.8134319528508,5.16389423076917,2.24916506384376));
#2587=CARTESIAN_POINT('Origin',(36.3897533798133,9.43013423076903,-3.27884741879169));
#2588=CARTESIAN_POINT('Origin',(22.3964179064012,9.43013423076903,-3.27884741879169));
#2589=CARTESIAN_POINT('Origin',(36.3897533798133,4.96391423076903,-3.25482431578475));
#2590=CARTESIAN_POINT('',(18.3187213324813,5.16389423076911,-3.25482431578673));
#2591=CARTESIAN_POINT('',(25.8134319528508,5.1638942307691,-3.25482431578475));
#2592=CARTESIAN_POINT('',(18.3187213324794,5.11738725402809,-3.12661342883779));
#2593=CARTESIAN_POINT('Origin',(18.3187213324794,4.96391423077251,-3.25482431578891));
#2594=CARTESIAN_POINT('',(25.8134319528508,5.11738725402485,-3.12661342883392));
#2595=CARTESIAN_POINT('Origin',(36.3897533798133,4.49729423076903,-4.59544986783091));
#2596=CARTESIAN_POINT('',(19.6593468845254,4.83059423077084,-5.17274240199257));
#2597=CARTESIAN_POINT('',(25.8134319528508,4.8305942307691,-5.17274240199358));
#2598=CARTESIAN_POINT('',(19.6593468845255,5.16389423076911,-4.59544986783098));
#2599=CARTESIAN_POINT('Origin',(19.6593468845254,4.49729423076903,-4.59544986783091));
#2600=CARTESIAN_POINT('',(25.8134319528508,5.1638942307691,-4.59544986783091));
#2601=CARTESIAN_POINT('Origin',(20.2518909955624,5.16389423076914,3.91633166384376));
#2602=CARTESIAN_POINT('',(18.3187213324813,5.16389423076911,-3.25482431578673));
#2603=CARTESIAN_POINT('Origin',(36.3897533798133,7.16369423076917,-1.41713493615624));
#2604=CARTESIAN_POINT('',(18.9556581996303,9.60364713807314,1.31935652192268));
#2605=CARTESIAN_POINT('Origin',(21.1946057562403,7.16369423076917,-1.41713493615624));
#2606=CARTESIAN_POINT('',(18.2320474735375,7.91302774421893,2.17177227574281));
#2607=CARTESIAN_POINT('Ctrl Pts',(18.2320474735375,7.91302774421893,2.17177227574281));
#2608=CARTESIAN_POINT('Ctrl Pts',(18.2478007103828,7.99784158358987,2.1540638624313));
#2609=CARTESIAN_POINT('Ctrl Pts',(18.2659685661843,8.08116080897792,2.13356805754874));
#2610=CARTESIAN_POINT('Ctrl Pts',(18.2864136984862,8.16302853098776,2.11038010164046));
#2611=CARTESIAN_POINT('Ctrl Pts',(18.306057549586,8.24168771094758,2.08810092308373));
#2612=CARTESIAN_POINT('Ctrl Pts',(18.3278032464168,8.3190073862492,2.06333684250519));
#2613=CARTESIAN_POINT('Ctrl Pts',(18.3515021313179,8.3950453835754,2.03620313068487));
#2614=CARTESIAN_POINT('Ctrl Pts',(18.3522630582251,8.39748682157462,2.03533191790405));
#2615=CARTESIAN_POINT('Ctrl Pts',(18.3530260523523,8.3999271391209,2.03445819349368));
#2616=CARTESIAN_POINT('Ctrl Pts',(18.3537911111087,8.40236634398413,2.03358195830939));
#2617=CARTESIAN_POINT('Ctrl Pts',(18.3783546819337,8.48068135039833,2.00544887071491));
#2618=CARTESIAN_POINT('Ctrl Pts',(18.405046761807,8.55785347511229,1.97472764641095));
#2619=CARTESIAN_POINT('Ctrl Pts',(18.433428757881,8.63301292077111,1.94186168145387));
#2620=CARTESIAN_POINT('Ctrl Pts',(18.4603489668928,8.70430135239088,1.91068844600857));
#2621=CARTESIAN_POINT('Ctrl Pts',(18.4887890724749,8.77377587039344,1.87758616945697));
#2622=CARTESIAN_POINT('Ctrl Pts',(18.5186019072098,8.84158908395841,1.8426842290625));
#2623=CARTESIAN_POINT('Ctrl Pts',(18.5199856779493,8.84473665249776,1.84106424611562));
#2624=CARTESIAN_POINT('Ctrl Pts',(18.521372253769,8.84788018996622,1.83944061714382));
#2625=CARTESIAN_POINT('Ctrl Pts',(18.5227616163447,8.85101971354144,1.8378133585877));
#2626=CARTESIAN_POINT('Ctrl Pts',(18.5651860495705,8.94688562400199,1.78812472931027));
#2627=CARTESIAN_POINT('Ctrl Pts',(18.6102067219315,9.0390112616025,1.73505530118213));
#2628=CARTESIAN_POINT('Ctrl Pts',(18.657699730595,9.1279249298103,1.67862653168952));
#2629=CARTESIAN_POINT('Ctrl Pts',(18.6785903871705,9.1670352106636,1.65380531952331));
#2630=CARTESIAN_POINT('Ctrl Pts',(18.6999597277508,9.20552367834344,1.62833359872148));
#2631=CARTESIAN_POINT('Ctrl Pts',(18.7217985996294,9.24343385331588,1.60221080009161));
#2632=CARTESIAN_POINT('Ctrl Pts',(18.7230035706354,9.24552556674908,1.60076946122028));
#2633=CARTESIAN_POINT('Ctrl Pts',(18.7242099696087,9.24761550458997,1.59932615015276));
#2634=CARTESIAN_POINT('Ctrl Pts',(18.7254177937808,9.24970367118128,1.59788086882698));
#2635=CARTESIAN_POINT('Ctrl Pts',(18.7761896179963,9.33748137058241,1.53712734930755));
#2636=CARTESIAN_POINT('Ctrl Pts',(18.8294825904702,9.42212820002213,1.47288895845877));
#2637=CARTESIAN_POINT('Ctrl Pts',(18.8848644359464,9.5033046543738,1.40561694632079));
#2638=CARTESIAN_POINT('Ctrl Pts',(18.9081060691587,9.5373712941057,1.37738546688691));
#2639=CARTESIAN_POINT('Ctrl Pts',(18.9317151834403,9.57082690339968,1.34862020801002));
#2640=CARTESIAN_POINT('Ctrl Pts',(18.9556581996303,9.60364713807314,1.31935652192268));
#2641=CARTESIAN_POINT('Ctrl Pts',(18.0733820120026,7.16369423076917,2.24916506384376));
#2642=CARTESIAN_POINT('Ctrl Pts',(18.095875092028,7.25667047158429,2.24916506384376));
#2643=CARTESIAN_POINT('Ctrl Pts',(18.1171535045921,7.34953624504843,2.24563263280328));
#2644=CARTESIAN_POINT('Ctrl Pts',(18.1373782926884,7.44226113065371,2.238566935207));
#2645=CARTESIAN_POINT('Ctrl Pts',(18.1574432126752,7.53425306656903,2.23155708886175));
#2646=CARTESIAN_POINT('Ctrl Pts',(18.1764710992432,7.62610711697446,2.22106948162579));
#2647=CARTESIAN_POINT('Ctrl Pts',(18.1946192065698,7.71778542866019,2.20705306040515));
#2648=CARTESIAN_POINT('Ctrl Pts',(18.2075211117407,7.78296164027854,2.19708846552104));
#2649=CARTESIAN_POINT('Ctrl Pts',(18.2199783664745,7.84804888826414,2.18533931204598));
#2650=CARTESIAN_POINT('Ctrl Pts',(18.2320474735376,7.9130277442189,2.17177227574282));
#2651=CARTESIAN_POINT('Origin',(21.6659631365792,10.8299942307692,-10.3729251625963));
#2652=CARTESIAN_POINT('',(10.7070532134022,9.36347423076917,0.58598476058072));
#2653=CARTESIAN_POINT('',(10.7493648607348,9.37862423076918,0.543673113248108));
#2654=CARTESIAN_POINT('Origin',(10.7070532134022,9.43013423076917,0.585984760580719));
#2655=CARTESIAN_POINT('',(13.5889177406282,9.84239244264697,-2.29587976664529));
#2656=CARTESIAN_POINT('Origin',(12.5687656960375,7.16369423076917,-1.27572772205456));
#2657=CARTESIAN_POINT('',(10.1994116763689,9.363474230763,1.09362628005782));
#2658=CARTESIAN_POINT('Origin',(12.2388155298002,7.16369423076917,-0.945777555817291));
#2659=CARTESIAN_POINT('',(10.1994116851446,9.36347423076917,1.09362628883834));
#2660=CARTESIAN_POINT('Origin',(25.4368221792908,10.8299942307692,-6.60206611988473));
#2661=CARTESIAN_POINT('',(22.2550106922995,9.36347423076912,-3.42025463289337));
#2662=CARTESIAN_POINT('',(22.2126990449669,9.37862423076903,-3.37794298556075));
#2663=CARTESIAN_POINT('Origin',(22.2550106922995,9.43013423076903,-3.42025463289337));
#2664=CARTESIAN_POINT('',(19.3731461650733,9.84239244264698,-0.538390105667202));
#2665=CARTESIAN_POINT('Origin',(20.3932982096641,7.16369423076917,-1.55854215025793));
#2666=CARTESIAN_POINT('',(22.7626522293332,9.3634742307631,-3.92789615237094));
#2667=CARTESIAN_POINT('Origin',(20.7232483759013,7.16369423076917,-1.88849231649519));
#2668=CARTESIAN_POINT('',(22.2550106922995,9.36347423076912,-3.42025463289337));
#2669=CARTESIAN_POINT('Origin',(23.551392657935,7.83029423077253,-8.48749564124054));
#2670=CARTESIAN_POINT('',(16.9354020990261,5.69717423076983,-4.1340205079535));
#2671=CARTESIAN_POINT('Ctrl Pts',(16.9354020990261,5.69717423076983,-4.1340205079535));
#2672=CARTESIAN_POINT('Ctrl Pts',(16.997969274237,5.66767978345625,-4.14097241995682));
#2673=CARTESIAN_POINT('Ctrl Pts',(17.0609519025131,5.64034926230493,-4.14927824632943));
#2674=CARTESIAN_POINT('Ctrl Pts',(17.1242642184475,5.61475282179888,-4.15852656903918));
#2675=CARTESIAN_POINT('Ctrl Pts',(17.1676642853295,5.59720667436279,-4.1648662174666));
#2676=CARTESIAN_POINT('Ctrl Pts',(17.2112196342055,5.58047630288287,-4.17164962421509));
#2677=CARTESIAN_POINT('Ctrl Pts',(17.2549065508884,5.56443313696728,-4.17875321242942));
#2678=CARTESIAN_POINT('Ctrl Pts',(17.3336407944866,5.53551952554328,-4.19155557266343));
#2679=CARTESIAN_POINT('Ctrl Pts',(17.4128016496411,5.50883622786211,-4.20539684628708));
#2680=CARTESIAN_POINT('Ctrl Pts',(17.4923999547615,5.48399387847074,-4.21991430549902));
#2681=CARTESIAN_POINT('Ctrl Pts',(17.522881170808,5.47448079879203,-4.22547359234584));
#2682=CARTESIAN_POINT('Ctrl Pts',(17.5534267165559,5.46523812425217,-4.23113235879331));
#2683=CARTESIAN_POINT('Ctrl Pts',(17.5840378196972,5.45624551064362,-4.23687125914407));
#2684=CARTESIAN_POINT('Ctrl Pts',(17.5866207683816,5.45548671866599,-4.2373555045188));
#2685=CARTESIAN_POINT('Ctrl Pts',(17.5892041840049,5.45472970753308,-4.23784032069561));
#2686=CARTESIAN_POINT('Ctrl Pts',(17.5917880691455,5.45397446957791,-4.23832569986121));
#2687=CARTESIAN_POINT('Ctrl Pts',(17.7006399441641,5.42215840073807,-4.25877337047999));
#2688=CARTESIAN_POINT('Ctrl Pts',(17.8102913893561,5.39345288995362,-4.28008584344014));
#2689=CARTESIAN_POINT('Ctrl Pts',(17.9206239939328,5.36742663899809,-4.30169913999733));
#2690=CARTESIAN_POINT('Ctrl Pts',(18.034211763124,5.34063253042257,-4.32395009790971));
#2691=CARTESIAN_POINT('Ctrl Pts',(18.148520670274,5.31667900498532,-4.34652086803371));
#2692=CARTESIAN_POINT('Ctrl Pts',(18.263513057154,5.29533162744259,-4.36893512518637));
#2693=CARTESIAN_POINT('Ctrl Pts',(18.2649046636082,5.2950732873109,-4.36920637640367));
#2694=CARTESIAN_POINT('Ctrl Pts',(18.2662963702077,5.29481532884052,-4.36947760469734));
#2695=CARTESIAN_POINT('Ctrl Pts',(18.2676881754334,5.2945577520416,-4.36974880905204));
#2696=CARTESIAN_POINT('Ctrl Pts',(18.3815171061519,5.27349180756963,-4.39192928454761));
#2697=CARTESIAN_POINT('Ctrl Pts',(18.4962487021587,5.25491950060584,-4.41394995735051));
#2698=CARTESIAN_POINT('Ctrl Pts',(18.6112156189344,5.23886437780372,-4.43521530478));
#2699=CARTESIAN_POINT('Ctrl Pts',(18.7266427704924,5.22274498324278,-4.45656578150425));
#2700=CARTESIAN_POINT('Ctrl Pts',(18.8423062961684,5.20916309808744,-4.47715585833921));
#2701=CARTESIAN_POINT('Ctrl Pts',(18.9585244413172,5.19808653114801,-4.49657592295342));
#2702=CARTESIAN_POINT('Ctrl Pts',(18.9590320412679,5.19803815260243,-4.49666074296004));
#2703=CARTESIAN_POINT('Ctrl Pts',(18.9595396470457,5.19798982234077,-4.49674553960288));
#2704=CARTESIAN_POINT('Ctrl Pts',(18.9600472586739,5.19794154035973,-4.49683031284794));
#2705=CARTESIAN_POINT('Ctrl Pts',(19.0757825719999,5.18693326180091,-4.51615858968911));
#2706=CARTESIAN_POINT('Ctrl Pts',(19.191821966842,5.1784317118476,-4.53427297479276));
#2707=CARTESIAN_POINT('Ctrl Pts',(19.3083202248666,5.17267208330808,-4.55082973490863));
#2708=CARTESIAN_POINT('Ctrl Pts',(19.4248184828912,5.16691245476855,-4.5673864950245));
#2709=CARTESIAN_POINT('Ctrl Pts',(19.5417756243351,5.16389423077248,-4.58238639447376));
#2710=CARTESIAN_POINT('Ctrl Pts',(19.6593468845255,5.16389423077251,-4.59544986782913));
#2711=CARTESIAN_POINT('',(15.9234811013472,6.37751600766311,-4.02158484191352));
#2712=CARTESIAN_POINT('Origin',(19.4807319528508,7.83029423077251,-4.41683493615624));
#2713=CARTESIAN_POINT('Ctrl Pts',(18.3187213324792,5.16389423077251,-3.25482431578876));
#2714=CARTESIAN_POINT('Ctrl Pts',(18.1943377009072,5.1638942307726,-3.25032852187663));
#2715=CARTESIAN_POINT('Ctrl Pts',(17.9447345457457,5.17196550739556,-3.25140978444637));
#2716=CARTESIAN_POINT('Ctrl Pts',(17.5785918213906,5.21514037237497,-3.29054103501867));
#2717=CARTESIAN_POINT('Ctrl Pts',(17.2857855878057,5.28337671550328,-3.35726224344596));
#2718=CARTESIAN_POINT('Ctrl Pts',(17.0602159751205,5.36230721902252,-3.43051036911342));
#2719=CARTESIAN_POINT('Ctrl Pts',(16.8484464790881,5.45558926370066,-3.51269465718841));
#2720=CARTESIAN_POINT('Ctrl Pts',(16.6052973122946,5.59996340947297,-3.62877732264956));
#2721=CARTESIAN_POINT('Ctrl Pts',(16.2548723525206,5.89622543326314,-3.8265238625297));
#2722=CARTESIAN_POINT('Ctrl Pts',(16.0470122513484,6.17162161393167,-3.95592002742509));
#2723=CARTESIAN_POINT('Ctrl Pts',(15.9234811010036,6.37751600759412,-4.02158484150656));
#2724=CARTESIAN_POINT('Origin',(23.551392657935,7.83029423077253,-8.48749564124054));
#2725=CARTESIAN_POINT('',(13.302717021819,5.16389423111462,1.76117999531157));
#2726=CARTESIAN_POINT('',(14.6433425687025,5.16389423206223,0.420554444624175));
#2727=CARTESIAN_POINT('',(13.3027170216128,5.16389423214767,1.76117999508168));
#2728=CARTESIAN_POINT('',(16.0266618066755,5.69717423076983,1.29975063564101));
#2729=CARTESIAN_POINT('Ctrl Pts',(16.0266618066755,5.69717423076983,1.29975063564101));
#2730=CARTESIAN_POINT('Ctrl Pts',(15.9640946314636,5.66767978345586,1.30670254764457));
#2731=CARTESIAN_POINT('Ctrl Pts',(15.9011120031865,5.64034926230417,1.31500837401734));
#2732=CARTESIAN_POINT('Ctrl Pts',(15.8377996872512,5.61475282179777,1.32425669672722));
#2733=CARTESIAN_POINT('Ctrl Pts',(15.7943996203869,5.59720667436887,1.33059634515204));
#2734=CARTESIAN_POINT('Ctrl Pts',(15.7508442715288,5.58047630289547,1.33737975189755));
#2735=CARTESIAN_POINT('Ctrl Pts',(15.7071573548638,5.56443313698588,1.3444833401087));
#2736=CARTESIAN_POINT('Ctrl Pts',(15.62842311127,5.5355195255624,1.35728570034152));
#2737=CARTESIAN_POINT('Ctrl Pts',(15.5492622561198,5.50883622788166,1.37112697396404));
#2738=CARTESIAN_POINT('Ctrl Pts',(15.4696639510038,5.48399387849062,1.38564443317486));
#2739=CARTESIAN_POINT('Ctrl Pts',(15.4391827349707,5.47448079881566,1.39120372001913));
#2740=CARTESIAN_POINT('Ctrl Pts',(15.4086371892361,5.46523812427934,1.39686248646397));
#2741=CARTESIAN_POINT('Ctrl Pts',(15.3780260861083,5.45624551067412,1.40260138681206));
#2742=CARTESIAN_POINT('Ctrl Pts',(15.3754431374584,5.45548671870661,1.40308563218028));
#2743=CARTESIAN_POINT('Ctrl Pts',(15.3728597218698,5.45472970758376,1.40357044835058));
#2744=CARTESIAN_POINT('Ctrl Pts',(15.3702758367638,5.45397446963861,1.40405582750965));
#2745=CARTESIAN_POINT('Ctrl Pts',(15.2614239617293,5.42215840078977,1.42450349813034));
#2746=CARTESIAN_POINT('Ctrl Pts',(15.1517725165209,5.39345288999766,1.44581597109315));
#2747=CARTESIAN_POINT('Ctrl Pts',(15.0414399119277,5.36742663903551,1.46742926765341));
#2748=CARTESIAN_POINT('Ctrl Pts',(14.9278521427554,5.3406325304616,1.48968022556193));
#2749=CARTESIAN_POINT('Ctrl Pts',(14.8135432356245,5.31667900502526,1.51225099568229));
#2750=CARTESIAN_POINT('Ctrl Pts',(14.6985508487633,5.29533162748262,1.53466525283179));
#2751=CARTESIAN_POINT('Ctrl Pts',(14.6971592423794,5.29507328736396,1.53493650403537));
#2752=CARTESIAN_POINT('Ctrl Pts',(14.6957675358503,5.29481532890657,1.53520773231533));
#2753=CARTESIAN_POINT('Ctrl Pts',(14.6943757306951,5.29455775212059,1.53547893665633));
#2754=CARTESIAN_POINT('Ctrl Pts',(14.5805467999256,5.27349180763254,1.55765941216267));
#2755=CARTESIAN_POINT('Ctrl Pts',(14.4658152038668,5.2549195006551,1.57968008497685));
#2756=CARTESIAN_POINT('Ctrl Pts',(14.3508482870389,5.23886437784165,1.60094543241726));
#2757=CARTESIAN_POINT('Ctrl Pts',(14.235421135606,5.22274498329412,1.62229590911962));
#2758=CARTESIAN_POINT('Ctrl Pts',(14.1197576100554,5.20916309814676,1.64288598593465));
#2759=CARTESIAN_POINT('Ctrl Pts',(14.003539465033,5.19808653120979,1.66230605053245));
#2760=CARTESIAN_POINT('Ctrl Pts',(14.003031864975,5.19803815265394,1.66239087055702));
#2761=CARTESIAN_POINT('Ctrl Pts',(14.0025242590899,5.19798982238203,1.6624756672178));
#2762=CARTESIAN_POINT('Ctrl Pts',(14.0020166473543,5.19794154039076,1.6625604404808));
#2763=CARTESIAN_POINT('Ctrl Pts',(13.8862813341185,5.18693326183567,1.68188871730925));
#2764=CARTESIAN_POINT('Ctrl Pts',(13.7702419393669,5.17843171188211,1.70000310240258));
#2765=CARTESIAN_POINT('Ctrl Pts',(13.6537436814332,5.17267208333767,1.71655986251117));
#2766=CARTESIAN_POINT('Ctrl Pts',(13.5372454234995,5.16691245479322,1.73311662261976));
#2767=CARTESIAN_POINT('Ctrl Pts',(13.4202882821471,5.16389423078754,1.74811652206478));
#2768=CARTESIAN_POINT('Ctrl Pts',(13.3027170220491,5.16389423077249,1.76117999541964));
#2769=CARTESIAN_POINT('',(17.0385828043543,6.37751600766311,1.18731496960104));
#2770=CARTESIAN_POINT('Origin',(13.4813319528508,7.83029423077249,1.58256506384376));
#2771=CARTESIAN_POINT('Ctrl Pts',(14.6433425670469,5.1638942307725,0.420554443699466));
#2772=CARTESIAN_POINT('Ctrl Pts',(14.7677261987379,5.16389423063877,0.416058649617069));
#2773=CARTESIAN_POINT('Ctrl Pts',(15.0173293587551,5.17196550722636,0.417139911967447));
#2774=CARTESIAN_POINT('Ctrl Pts',(15.3834720817407,5.21514037198414,0.456271162337071));
#2775=CARTESIAN_POINT('Ctrl Pts',(15.6762783161093,5.28337671497648,0.522992370625654));
#2776=CARTESIAN_POINT('Ctrl Pts',(15.9018479290772,5.36230721842807,0.596240496263025));
#2777=CARTESIAN_POINT('Ctrl Pts',(16.1136174254459,5.45558926307515,0.678424784352422));
#2778=CARTESIAN_POINT('Ctrl Pts',(16.3567665925697,5.59996340885385,0.794507449887576));
#2779=CARTESIAN_POINT('Ctrl Pts',(16.7071915528153,5.8962254327981,0.992253989980889));
#2780=CARTESIAN_POINT('Ctrl Pts',(16.9150516542275,6.17162161372239,1.12165015504587));
#2781=CARTESIAN_POINT('Ctrl Pts',(17.0385828046979,6.37751600759412,1.18731496919407));
#2782=CARTESIAN_POINT('Ctrl Pts',(16.3094762348782,5.16389423076917,2.24916506384376));
#2783=CARTESIAN_POINT('Ctrl Pts',(15.8182537614614,6.0901522095038,2.24916506384376));
#2784=CARTESIAN_POINT('Ctrl Pts',(16.0266618066755,5.69717423076983,1.29975063564101));
#2785=CARTESIAN_POINT('Ctrl Pts',(16.1933571373919,5.13310350860534,2.24916506384376));
#2786=CARTESIAN_POINT('Ctrl Pts',(15.7709288934199,6.01931335204013,2.20830972972579));
#2787=CARTESIAN_POINT('Ctrl Pts',(15.9221546193632,5.64790907344614,1.3113625514335));
#2788=CARTESIAN_POINT('Ctrl Pts',(15.9571064092713,5.07845946703073,2.25327929512294));
#2789=CARTESIAN_POINT('Ctrl Pts',(15.6368921165254,5.88185402218031,2.14860767868478));
#2790=CARTESIAN_POINT('Ctrl Pts',(15.708706117176,5.56047860965197,1.34239323169928));
#2791=CARTESIAN_POINT('Ctrl Pts',(15.593843631736,5.01129720353407,2.2658654676135));
#2792=CARTESIAN_POINT('Ctrl Pts',(15.3647187418598,5.70055581355532,2.10296437916115));
#2793=CARTESIAN_POINT('Ctrl Pts',(15.3792523831464,5.45301898696331,1.40137462349235));
#2794=CARTESIAN_POINT('Ctrl Pts',(15.2231563529876,4.95605601026302,2.2816720155781));
#2795=CARTESIAN_POINT('Ctrl Pts',(15.0570412329691,5.54969564858984,2.08613373943996));
#2796=CARTESIAN_POINT('Ctrl Pts',(15.0424725226129,5.36463307801782,1.46689513675052));
#2797=CARTESIAN_POINT('Ctrl Pts',(14.8457910337997,4.91114100594543,2.29843783140103));
#2798=CARTESIAN_POINT('Ctrl Pts',(14.7267241702916,5.42561665330164,2.08700633313698));
#2799=CARTESIAN_POINT('Ctrl Pts',(14.6994905721971,5.2927690710509,1.53481013740586));
#2800=CARTESIAN_POINT('Ctrl Pts',(14.461958099711,4.87582126663585,2.31430807489407));
#2801=CARTESIAN_POINT('Ctrl Pts',(14.3802195353911,5.32557546361666,2.0983067209718));
#2802=CARTESIAN_POINT('Ctrl Pts',(14.3508668828139,5.23625748810248,1.60175986903407));
#2803=CARTESIAN_POINT('Ctrl Pts',(13.9491944861298,4.8417598490206,2.33177960832232));
#2804=CARTESIAN_POINT('Ctrl Pts',(13.9142734431813,5.22454681318803,2.11971463871038));
#2805=CARTESIAN_POINT('Ctrl Pts',(13.8858853239067,5.18175922027966,1.68448499058597));
#2806=CARTESIAN_POINT('Ctrl Pts',(13.5620519469123,4.83059423163991,2.33847252917832));
#2807=CARTESIAN_POINT('Ctrl Pts',(13.5475121668241,5.17903700453896,2.13729900025142));
#2808=CARTESIAN_POINT('Ctrl Pts',(13.5361184544395,5.16389423078753,1.73524650203905));
#2809=CARTESIAN_POINT('Ctrl Pts',(13.3027170216612,4.83059423077083,2.33847252968009));
#2810=CARTESIAN_POINT('Ctrl Pts',(13.302717021629,5.16389423080038,2.14604168494341));
#2811=CARTESIAN_POINT('Ctrl Pts',(13.3027170216128,5.16389423077249,1.76117999546812));
#2812=CARTESIAN_POINT('',(13.3027170219721,4.83059423077083,2.33847252968009));
#2813=CARTESIAN_POINT('Origin',(13.3027170219721,4.49729423076916,1.76117999551835));
#2814=CARTESIAN_POINT('Ctrl Pts',(13.3027170219721,4.83059423077083,2.33847252968009));
#2815=CARTESIAN_POINT('Ctrl Pts',(13.561417739007,4.83059423164372,2.33847252917599));
#2816=CARTESIAN_POINT('Ctrl Pts',(13.8194025440121,4.83799747797837,2.33403175954833));
#2817=CARTESIAN_POINT('Ctrl Pts',(14.077098827156,4.85188047608241,2.32669547794638));
#2818=CARTESIAN_POINT('Ctrl Pts',(14.2053469375635,4.85878964936157,2.3230444192606));
#2819=CARTESIAN_POINT('Ctrl Pts',(14.333523086632,4.86730417662888,2.3186762235394));
#2820=CARTESIAN_POINT('Ctrl Pts',(14.461829521845,4.87747740025607,2.31383403703098));
#2821=CARTESIAN_POINT('Ctrl Pts',(14.5802812335369,4.88686925772654,2.30936376023385));
#2822=CARTESIAN_POINT('Ctrl Pts',(14.698845769663,4.89767494962777,2.30448935928682));
#2823=CARTESIAN_POINT('Ctrl Pts',(14.8167903037892,4.90989197837467,2.29945470140644));
#2824=CARTESIAN_POINT('Ctrl Pts',(14.8260931333872,4.91085559180084,2.2990575947097));
#2825=CARTESIAN_POINT('Ctrl Pts',(14.8353951382011,4.91182827284925,2.298659376257));
#2826=CARTESIAN_POINT('Ctrl Pts',(14.844695941258,4.91281003213101,2.29826016762813));
#2827=CARTESIAN_POINT('Ctrl Pts',(14.9707012823071,4.92611070223113,2.29285177233989));
#2828=CARTESIAN_POINT('Ctrl Pts',(15.0964861953963,4.94107675964361,2.28725982847342));
#2829=CARTESIAN_POINT('Ctrl Pts',(15.2220104716584,4.9578880674874,2.28179578301697));
#2830=CARTESIAN_POINT('Ctrl Pts',(15.3374129255461,4.9733437724395,2.27677233836862));
#2831=CARTESIAN_POINT('Ctrl Pts',(15.4525954246947,4.99035838247165,2.27185695293937));
#2832=CARTESIAN_POINT('Ctrl Pts',(15.5674521811515,5.0091987666895,2.26736318298581));
#2833=CARTESIAN_POINT('Ctrl Pts',(15.5758308801073,5.01057315608062,2.26703536643605));
#2834=CARTESIAN_POINT('Ctrl Pts',(15.5842076018065,5.01195744914578,2.26670975882814));
#2835=CARTESIAN_POINT('Ctrl Pts',(15.5925824087705,5.01335177460437,2.26638648464208));
#2836=CARTESIAN_POINT('Ctrl Pts',(15.6885878321289,5.02933576164147,2.26268059921379));
#2837=CARTESIAN_POINT('Ctrl Pts',(15.7843433223971,5.04663513679526,2.2592792578663));
#2838=CARTESIAN_POINT('Ctrl Pts',(15.8798747814393,5.06556630184808,2.25645805714366));
#2839=CARTESIAN_POINT('Ctrl Pts',(15.9051394379884,5.07057291839019,2.2557119503844));
#2840=CARTESIAN_POINT('Ctrl Pts',(15.930388310479,5.07569386966249,2.25500656537213));
#2841=CARTESIAN_POINT('Ctrl Pts',(15.9556216171491,5.08093547622138,2.25434734015357));
#2842=CARTESIAN_POINT('Ctrl Pts',(16.0337558847274,5.09716597247646,2.25230606667743));
#2843=CARTESIAN_POINT('Ctrl Pts',(16.11174235429,5.11455064137019,2.25070520147407));
#2844=CARTESIAN_POINT('Ctrl Pts',(16.1894982141515,5.1334423104293,2.249849076702));
#2845=CARTESIAN_POINT('Ctrl Pts',(16.2295568728855,5.1431750164286,2.24940801399446));
#2846=CARTESIAN_POINT('Ctrl Pts',(16.2695540243478,5.15330825723668,2.24916506384376));
#2847=CARTESIAN_POINT('Ctrl Pts',(16.3094762348782,5.16389423076917,2.24916506384376));
#2848=CARTESIAN_POINT('Origin',(16.3094762348782,5.16389423076917,1.58256506384376));
#2849=CARTESIAN_POINT('Ctrl Pts',(17.5912302911467,6.19834544957989,2.24916506384376));
#2850=CARTESIAN_POINT('Ctrl Pts',(16.519419152586,7.04952994966567,2.24916506384376));
#2851=CARTESIAN_POINT('Ctrl Pts',(17.1802404573171,6.52473520581841,1.17157523001416));
#2852=CARTESIAN_POINT('Ctrl Pts',(17.431358180937,5.99703456051911,2.24916506384376));
#2853=CARTESIAN_POINT('Ctrl Pts',(16.4698273424678,6.90451530156192,2.24916506384391));
#2854=CARTESIAN_POINT('Ctrl Pts',(17.0363555581287,6.36368649456929,1.18756244103511));
#2855=CARTESIAN_POINT('Ctrl Pts',(17.0522415927345,5.61799662241542,2.24916506384376));
#2856=CARTESIAN_POINT('Ctrl Pts',(16.3163423912195,6.59027590478234,2.24916506384371));
#2857=CARTESIAN_POINT('Ctrl Pts',(16.695150628746,6.06045614408722,1.22547409985527));
#2858=CARTESIAN_POINT('Ctrl Pts',(16.5706872474147,5.30242228948297,2.24916506384376));
#2859=CARTESIAN_POINT('Ctrl Pts',(16.0070875723247,6.24900684751204,2.24916506384372));
#2860=CARTESIAN_POINT('Ctrl Pts',(16.2617517179581,5.8079966777406,1.27362953438764));
#2861=CARTESIAN_POINT('Ctrl Pts',(16.3094762348782,5.16389423076917,2.24916506384376));
#2862=CARTESIAN_POINT('Ctrl Pts',(15.8182537614614,6.0901522095038,2.24916506384376));
#2863=CARTESIAN_POINT('Ctrl Pts',(16.0266618066755,5.69717423076983,1.29975063564101));
#2864=CARTESIAN_POINT('',(17.1325276748707,6.56262656504511,1.26437213693162));
#2865=CARTESIAN_POINT('Origin',(17.5912302911467,6.19834544957989,1.58256506384376));
#2866=CARTESIAN_POINT('Ctrl Pts',(17.0385828046979,6.37751600759412,1.18731496919407));
#2867=CARTESIAN_POINT('Ctrl Pts',(17.0671866368984,6.43948919210207,1.21565817767293));
#2868=CARTESIAN_POINT('Ctrl Pts',(17.0993870450792,6.50075554346019,1.24131458113136));
#2869=CARTESIAN_POINT('Ctrl Pts',(17.1325276748707,6.56262656504511,1.26437213693162));
#2870=CARTESIAN_POINT('Ctrl Pts',(18.0733820120026,7.16369423076916,2.24916506384376));
#2871=CARTESIAN_POINT('Ctrl Pts',(17.1241056797707,7.44437959908201,2.24916506384376));
#2872=CARTESIAN_POINT('Ctrl Pts',(17.481053898306,7.33883589301211,1.33190919642504));
#2873=CARTESIAN_POINT('Ctrl Pts',(18.022031603268,6.99002744628771,2.24916506384376));
#2874=CARTESIAN_POINT('Ctrl Pts',(17.1031404427407,7.31975337068591,2.24916506384367));
#2875=CARTESIAN_POINT('Ctrl Pts',(17.4358809862561,7.19879422762645,1.34080607860958));
#2876=CARTESIAN_POINT('Ctrl Pts',(17.9252106240379,6.73798368254732,2.24916506384376));
#2877=CARTESIAN_POINT('Ctrl Pts',(17.0229402088249,7.13412453902994,2.24916506384377));
#2878=CARTESIAN_POINT('Ctrl Pts',(17.3577885482301,6.99185846304118,1.33627174706336));
#2879=CARTESIAN_POINT('Ctrl Pts',(17.7525294629872,6.42087118719336,2.24916506384376));
#2880=CARTESIAN_POINT('Ctrl Pts',(16.8542769279566,6.9644493704603,2.24916506384377));
#2881=CARTESIAN_POINT('Ctrl Pts',(17.2363407981116,6.73682348838805,1.29982459439857));
#2882=CARTESIAN_POINT('Ctrl Pts',(17.6479721923932,6.26979483469932,2.24916506384376));
#2883=CARTESIAN_POINT('Ctrl Pts',(16.7516959912354,6.91640504757088,2.24916506384372));
#2884=CARTESIAN_POINT('Ctrl Pts',(17.1698712873518,6.61668238188273,1.27202691680983));
#2885=CARTESIAN_POINT('Ctrl Pts',(17.5912302911468,6.19834544957982,2.24916506384376));
#2886=CARTESIAN_POINT('Ctrl Pts',(16.699421746125,6.90657993535477,2.24916506384376));
#2887=CARTESIAN_POINT('Ctrl Pts',(17.1360692351065,6.55981401620096,1.25618423044646));
#2888=CARTESIAN_POINT('',(17.4619421728908,7.34448691527519,1.38811484302594));
#2889=CARTESIAN_POINT('Origin',(18.0733820120026,7.16369423076917,1.58256506384376));
#2890=CARTESIAN_POINT('Ctrl Pts',(17.1325276748707,6.56262656504511,1.26437213693162));
#2891=CARTESIAN_POINT('Ctrl Pts',(17.1643428312335,6.62326479107254,1.28792911925982));
#2892=CARTESIAN_POINT('Ctrl Pts',(17.1953558250619,6.68479079758297,1.30855522918855));
#2893=CARTESIAN_POINT('Ctrl Pts',(17.2253579043632,6.7474727452143,1.32599911771539));
#2894=CARTESIAN_POINT('Ctrl Pts',(17.2535256416683,6.80632228750512,1.34237647825331));
#2895=CARTESIAN_POINT('Ctrl Pts',(17.2808033400651,6.86619163062157,1.35594980899723));
#2896=CARTESIAN_POINT('Ctrl Pts',(17.307009597728,6.92732432209481,1.36646331026532));
#2897=CARTESIAN_POINT('Ctrl Pts',(17.3087162040654,6.93130541088772,1.36714797146809));
#2898=CARTESIAN_POINT('Ctrl Pts',(17.3104182589387,6.93529186272287,1.36781964034934));
#2899=CARTESIAN_POINT('Ctrl Pts',(17.3121157089904,6.93928374707235,1.36847823957274));
#2900=CARTESIAN_POINT('Ctrl Pts',(17.3122707556131,6.93964836939842,1.36853839662133));
#2901=CARTESIAN_POINT('Ctrl Pts',(17.3124257638768,6.94001303703199,1.36859844444552));
#2902=CARTESIAN_POINT('Ctrl Pts',(17.3125807337018,6.94037774994519,1.36865838298485));
#2903=CARTESIAN_POINT('Ctrl Pts',(17.3326798949434,6.98768001444722,1.37643224713666));
#2904=CARTESIAN_POINT('Ctrl Pts',(17.3521308787209,7.03574505882495,1.38236391186824));
#2905=CARTESIAN_POINT('Ctrl Pts',(17.3708340637687,7.08438521188681,1.38631050879641));
#2906=CARTESIAN_POINT('Ctrl Pts',(17.3778087103601,7.10252372021536,1.38778224308885));
#2907=CARTESIAN_POINT('Ctrl Pts',(17.3846795556606,7.12074208033177,1.38897839391646));
#2908=CARTESIAN_POINT('Ctrl Pts',(17.3914421011725,7.13903017681,1.38989324378852));
#2909=CARTESIAN_POINT('Ctrl Pts',(17.409356897234,7.18747754299483,1.39231679108382));
#2910=CARTESIAN_POINT('Ctrl Pts',(17.4265098254579,7.23641336713465,1.39276348983473));
#2911=CARTESIAN_POINT('Ctrl Pts',(17.4428468902012,7.28564466529248,1.39110147720905));
#2912=CARTESIAN_POINT('Ctrl Pts',(17.4493416529162,7.30521645525064,1.39044074789183));
#2913=CARTESIAN_POINT('Ctrl Pts',(17.4557076321678,7.32483478654114,1.38944724298647));
#2914=CARTESIAN_POINT('Ctrl Pts',(17.4619421728909,7.34448691527517,1.38811484302595));
#2915=CARTESIAN_POINT('Ctrl Pts',(17.4641925928017,7.34382150319221,1.38057997215832));
#2916=CARTESIAN_POINT('Ctrl Pts',(17.1993556741212,7.4221294157975,2.24916506384376));
#2917=CARTESIAN_POINT('Ctrl Pts',(18.0733820120026,7.16369423076917,2.24916506384376));
#2918=CARTESIAN_POINT('Ctrl Pts',(17.520089091261,7.5199989379812,1.36910786330403));
#2919=CARTESIAN_POINT('Ctrl Pts',(17.2547137740548,7.65033243152956,2.23144004373996));
#2920=CARTESIAN_POINT('Ctrl Pts',(18.1342784124543,7.41541247755105,2.24916506384376));
#2921=CARTESIAN_POINT('Ctrl Pts',(17.5681617391958,7.69568418168263,1.34116165543568));
#2922=CARTESIAN_POINT('Ctrl Pts',(17.3024972162375,7.87825382557362,2.19292235184514));
#2923=CARTESIAN_POINT('Ctrl Pts',(18.1860767462909,7.66552597033066,2.22344855569729));
#2924=CARTESIAN_POINT('Ctrl Pts',(17.6112659621923,7.87097071979166,1.29537993974926));
#2925=CARTESIAN_POINT('Ctrl Pts',(17.3453912689631,8.10590320431572,2.13150150872677));
#2926=CARTESIAN_POINT('Ctrl Pts',(18.2320474735375,7.91302774421892,2.17177227574281));
#2927=CARTESIAN_POINT('',(17.6091325239044,7.87288401648613,1.30222396971117));
#2928=CARTESIAN_POINT('Origin',(18.2320474735375,7.77678528722806,1.51924369176116));
#2929=CARTESIAN_POINT('Ctrl Pts',(17.4619421728909,7.34448691527522,1.38811484302595));
#2930=CARTESIAN_POINT('Ctrl Pts',(17.497824783732,7.45776663785878,1.38060694384492));
#2931=CARTESIAN_POINT('Ctrl Pts',(17.5304794050396,7.57084033817794,1.36630264214883));
#2932=CARTESIAN_POINT('Ctrl Pts',(17.5606085705293,7.68347164695453,1.34494517696265));
#2933=CARTESIAN_POINT('Ctrl Pts',(17.5775390362737,7.74676249766337,1.33294378804779));
#2934=CARTESIAN_POINT('Ctrl Pts',(17.5936721552368,7.8099137180581,1.31871615335395));
#2935=CARTESIAN_POINT('Ctrl Pts',(17.6091325239047,7.87288401648604,1.30222396971116));
#2936=CARTESIAN_POINT('Ctrl Pts',(17.6111947430796,7.87103368079954,1.29560405441531));
#2937=CARTESIAN_POINT('Ctrl Pts',(17.3457306094172,8.10582938715201,2.13151692112709));
#2938=CARTESIAN_POINT('Ctrl Pts',(18.2320474735375,7.91302774421893,2.17177227574281));
#2939=CARTESIAN_POINT('Ctrl Pts',(17.6495532767174,8.02740210556725,1.25501408349685));
#2940=CARTESIAN_POINT('Ctrl Pts',(17.3846882622069,8.31487910051056,2.07834513055738));
#2941=CARTESIAN_POINT('Ctrl Pts',(18.2635547368029,8.0826596565148,2.13635456518946));
#2942=CARTESIAN_POINT('Ctrl Pts',(17.7234485966185,8.24665839564445,1.17680694785448));
#2943=CARTESIAN_POINT('Ctrl Pts',(17.459872746644,8.60857723228252,1.97542871232946));
#2944=CARTESIAN_POINT('Ctrl Pts',(18.3250087750574,8.32654518720964,2.06685682024662));
#2945=CARTESIAN_POINT('Ctrl Pts',(17.8480877172341,8.5124191300179,1.04486236846145));
#2946=CARTESIAN_POINT('Ctrl Pts',(17.5866555496466,8.9647071461291,1.80070084927666));
#2947=CARTESIAN_POINT('Ctrl Pts',(18.4318573603027,8.6352981010101,1.94386837760963));
#2948=CARTESIAN_POINT('Ctrl Pts',(17.9850866746263,8.75508674973499,0.899822325524024));
#2949=CARTESIAN_POINT('Ctrl Pts',(17.7262970152131,9.2905689079034,1.60751818195577));
#2950=CARTESIAN_POINT('Ctrl Pts',(18.5513081473501,8.9257575499837,1.80483162499418));
#2951=CARTESIAN_POINT('Ctrl Pts',(18.1749907961767,9.0191581582794,0.698769103701226));
#2952=CARTESIAN_POINT('Ctrl Pts',(17.9198670265398,9.6448914372864,1.33841259939748));
#2953=CARTESIAN_POINT('Ctrl Pts',(18.7207224162759,9.25683442113947,1.60445309780559));
#2954=CARTESIAN_POINT('Ctrl Pts',(18.343497273318,9.19669017654889,0.520415084781915));
#2955=CARTESIAN_POINT('Ctrl Pts',(18.0910800830175,9.8818260792216,1.09923222168085));
#2956=CARTESIAN_POINT('Ctrl Pts',(18.8750573714691,9.49316239069913,1.41786864399494));
#2957=CARTESIAN_POINT('Ctrl Pts',(18.4305562647578,9.2773412064388,0.428291214574978));
#2958=CARTESIAN_POINT('Ctrl Pts',(18.1794597043906,9.98920746506155,0.975577250111295));
#2959=CARTESIAN_POINT('Ctrl Pts',(18.9556581996303,9.60364713807314,1.31935652192268));
#2960=CARTESIAN_POINT('',(18.4277602406343,9.28544239946415,0.434580958233191));
#2961=CARTESIAN_POINT('Origin',(18.9556581996303,9.16001933674515,0.821812620453783));
#2962=CARTESIAN_POINT('Ctrl Pts',(17.6091325239044,7.87288401648613,1.30222396971117));
#2963=CARTESIAN_POINT('Ctrl Pts',(17.627388594286,7.94767407775325,1.2829411631818));
#2964=CARTESIAN_POINT('Ctrl Pts',(17.6481711787236,8.02038611608163,1.26095860485845));
#2965=CARTESIAN_POINT('Ctrl Pts',(17.671314017005,8.09115994422486,1.23648412776472));
#2966=CARTESIAN_POINT('Ctrl Pts',(17.6944568552864,8.16193377236809,1.212009650671));
#2967=CARTESIAN_POINT('Ctrl Pts',(17.7199596571704,8.2307694685151,1.18504320061434));
#2968=CARTESIAN_POINT('Ctrl Pts',(17.7476373373005,8.29780177793458,1.15577499870488));
#2969=CARTESIAN_POINT('Ctrl Pts',(17.7482547082833,8.29929698282704,1.1551221499657));
#2970=CARTESIAN_POINT('Ctrl Pts',(17.7488731699684,8.30079126338829,1.15446811938647));
#2971=CARTESIAN_POINT('Ctrl Pts',(17.7494927226395,8.30228462879123,1.15381290757531));
#2972=CARTESIAN_POINT('Ctrl Pts',(17.762760914238,8.33426618454158,1.13978104837621));
#2973=CARTESIAN_POINT('Ctrl Pts',(17.7765288857121,8.36582834939083,1.12520812368817));
#2974=CARTESIAN_POINT('Ctrl Pts',(17.7907786674442,8.39699972461287,1.11012212591305));
#2975=CARTESIAN_POINT('Ctrl Pts',(17.8056938367893,8.4296266341961,1.09433169376575));
#2976=CARTESIAN_POINT('Ctrl Pts',(17.8211369771856,8.46182595859324,1.07797895737698));
#2977=CARTESIAN_POINT('Ctrl Pts',(17.8371009376297,8.49361820269121,1.06107133477143));
#2978=CARTESIAN_POINT('Ctrl Pts',(17.859091186495,8.53741180654935,1.03778119758297));
#2979=CARTESIAN_POINT('Ctrl Pts',(17.8820741063283,8.58043059983498,1.01343343216661));
#2980=CARTESIAN_POINT('Ctrl Pts',(17.905849179529,8.62237839595691,0.988238222055699));
#2981=CARTESIAN_POINT('Ctrl Pts',(17.9165934362785,8.64133513639698,0.976852187446934));
#2982=CARTESIAN_POINT('Ctrl Pts',(17.9274990468029,8.66007353707733,0.965293539897779));
#2983=CARTESIAN_POINT('Ctrl Pts',(17.9385456604359,8.67856838891383,0.953583671398589));
#2984=CARTESIAN_POINT('Ctrl Pts',(17.9395579510684,8.6802632219083,0.95251060135354));
#2985=CARTESIAN_POINT('Ctrl Pts',(17.9405714237413,8.68195602892443,0.951436273935915));
#2986=CARTESIAN_POINT('Ctrl Pts',(17.9415860705599,8.68364680473409,0.9503606973172));
#2987=CARTESIAN_POINT('Ctrl Pts',(17.9811124280847,8.74951229400316,0.908460771949797));
#2988=CARTESIAN_POINT('Ctrl Pts',(18.0224185428487,8.81229933820164,0.864667123580725));
#2989=CARTESIAN_POINT('Ctrl Pts',(18.0653627776605,8.87234292145098,0.819123963366037));
#2990=CARTESIAN_POINT('Ctrl Pts',(18.0986149838661,8.91883534634308,0.78385937985781));
#2991=CARTESIAN_POINT('Ctrl Pts',(18.132849973649,8.96368177909037,0.747545221363871));
#2992=CARTESIAN_POINT('Ctrl Pts',(18.168010464489,9.0070199807611,0.710240561575832));
#2993=CARTESIAN_POINT('Ctrl Pts',(18.1688526581539,9.00805805383753,0.709347008971927));
#2994=CARTESIAN_POINT('Ctrl Pts',(18.1696953830173,9.00909526523063,0.708452889786102));
#2995=CARTESIAN_POINT('Ctrl Pts',(18.1705386375844,9.01013161591383,0.707558205614092));
#2996=CARTESIAN_POINT('Ctrl Pts',(18.2270673186151,9.07960474953083,0.647581873244896));
#2997=CARTESIAN_POINT('Ctrl Pts',(18.2859782717402,9.14520640068592,0.585064505791108));
#2998=CARTESIAN_POINT('Ctrl Pts',(18.3471246472692,9.20711543735768,0.520167007771199));
#2999=CARTESIAN_POINT('Ctrl Pts',(18.3735890996029,9.23390997318839,0.492079051157727));
#3000=CARTESIAN_POINT('Ctrl Pts',(18.4004720109914,9.26001334639857,0.463545560330277));
#3001=CARTESIAN_POINT('Ctrl Pts',(18.4277602406343,9.28544239946415,0.434580958233191));
#3002=CARTESIAN_POINT('Ctrl Pts',(18.4837024811568,9.15929643064472,0.351053579985403));
#3003=CARTESIAN_POINT('Ctrl Pts',(17.956159980464,10.0993714404662,0.878493080213306));
#3004=CARTESIAN_POINT('Ctrl Pts',(18.9553415121831,9.60265352697424,1.32024201330892));
#3005=CARTESIAN_POINT('Ctrl Pts',(18.6282787002565,9.32154552274391,0.206477360847021));
#3006=CARTESIAN_POINT('Ctrl Pts',(18.1653304501868,10.2642040725296,0.66932841864863));
#3007=CARTESIAN_POINT('Ctrl Pts',(19.099910103476,9.8009645030955,1.14355063294797));
#3008=CARTESIAN_POINT('Ctrl Pts',(18.95261297387,9.61423029117812,-0.117856912853337));
#3009=CARTESIAN_POINT('Ctrl Pts',(18.6020035468682,10.5337842679145,0.232666675897296));
#3010=CARTESIAN_POINT('Ctrl Pts',(19.4242314826464,10.1587109859521,0.747162761287602));
#3011=CARTESIAN_POINT('Ctrl Pts',(19.7118105459566,10.0463343433454,-0.877054485143321));
#3012=CARTESIAN_POINT('Ctrl Pts',(19.528355686732,10.860891878667,-0.693665108188364));
#3013=CARTESIAN_POINT('Ctrl Pts',(20.1834103254417,10.6868974156412,-0.180727494283274));
#3014=CARTESIAN_POINT('Ctrl Pts',(20.802134304654,10.2581289873697,-1.96737824413275));
#3015=CARTESIAN_POINT('Ctrl Pts',(20.7489634151785,10.9246746395187,-1.91425220764958));
#3016=CARTESIAN_POINT('Ctrl Pts',(21.2737210115263,10.9458310791436,-1.51337062163078));
#3017=CARTESIAN_POINT('Ctrl Pts',(22.0963000488439,9.93782309584018,-3.26154398866925));
#3018=CARTESIAN_POINT('Ctrl Pts',(22.1723864792233,10.4187780880157,-3.33765759014659));
#3019=CARTESIAN_POINT('Ctrl Pts',(22.5678606194881,10.5543976756772,-3.09519253880192));
#3020=CARTESIAN_POINT('Ctrl Pts',(22.7891314919459,9.38148050704399,-3.95437543195687));
#3021=CARTESIAN_POINT('Ctrl Pts',(22.9380873837482,9.71888094497754,-4.10335079961838));
#3022=CARTESIAN_POINT('Ctrl Pts',(23.2606694699539,9.8744293963222,-3.94202825158955));
#3023=CARTESIAN_POINT('Ctrl Pts',(23.0610792183064,9.04322536011474,-4.22632315839019));
#3024=CARTESIAN_POINT('Ctrl Pts',(23.2286056350399,9.31261027322158,-4.39386626502315));
#3025=CARTESIAN_POINT('Ctrl Pts',(23.5326120505045,9.46099972922462,-4.27443137482381));
#3026=CARTESIAN_POINT('Ctrl Pts',(22.7626522556629,9.36347423075308,-3.92789612603203));
#3027=CARTESIAN_POINT('Ctrl Pts',(22.7885891549497,9.36985779936371,-3.95381913191537));
#3028=CARTESIAN_POINT('Ctrl Pts',(22.8154073246901,9.37615326574439,-3.97856758241006));
#3029=CARTESIAN_POINT('Ctrl Pts',(22.843115633107,9.38237834419734,-4.00207712104434));
#3030=CARTESIAN_POINT('Ctrl Pts',(22.8697305963259,9.38835778659297,-4.02465899420052));
#3031=CARTESIAN_POINT('Ctrl Pts',(22.8971677824444,9.39427367652283,-4.0460983381528));
#3032=CARTESIAN_POINT('Ctrl Pts',(22.9254585106482,9.40013318798214,-4.0662997623438));
#3033=CARTESIAN_POINT('Ctrl Pts',(22.9530905508124,9.40585627346864,-4.08603084033509));
#3034=CARTESIAN_POINT('Ctrl Pts',(22.981538112177,9.41152667427978,-4.1045811788527));
#3035=CARTESIAN_POINT('Ctrl Pts',(23.0108371276827,9.41712472590567,-4.12181904664853));
#3036=CARTESIAN_POINT('Ctrl Pts',(23.037924944205,9.42230029213911,-4.13775597121848));
#3037=CARTESIAN_POINT('Ctrl Pts',(23.065741678693,9.42741433262414,-4.15257052414155));
#3038=CARTESIAN_POINT('Ctrl Pts',(23.0943046395803,9.43241933312583,-4.1661247088545));
#3039=CARTESIAN_POINT('Ctrl Pts',(23.0966362557158,9.43282789510839,-4.16723114722077));
#3040=CARTESIAN_POINT('Ctrl Pts',(23.0989728323221,9.43323571034097,-4.16832916980591));
#3041=CARTESIAN_POINT('Ctrl Pts',(23.1013143716264,9.43364274193825,-4.16941869255744));
#3042=CARTESIAN_POINT('Ctrl Pts',(23.1300886706244,9.43864460069864,-4.18280742934303));
#3043=CARTESIAN_POINT('Ctrl Pts',(23.1595521124142,9.44349269428041,-4.19489752588088));
#3044=CARTESIAN_POINT('Ctrl Pts',(23.1896271855101,9.44820376671718,-4.2054662082466));
#3045=CARTESIAN_POINT('Ctrl Pts',(23.2174042517694,9.45255487072983,-4.21522734795886));
#3046=CARTESIAN_POINT('Ctrl Pts',(23.2457037977495,9.4567890516373,-4.22368986774055));
#3047=CARTESIAN_POINT('Ctrl Pts',(23.2744341318985,9.46089452413817,-4.23065915598669));
#3048=CARTESIAN_POINT('Ctrl Pts',(23.302050022776,9.46484074627385,-4.23735810709185));
#3049=CARTESIAN_POINT('Ctrl Pts',(23.330064564027,9.46866791676192,-4.24267660291336));
#3050=CARTESIAN_POINT('Ctrl Pts',(23.3583568955099,9.47234266458214,-4.24643492414043));
#3051=CARTESIAN_POINT('Ctrl Pts',(23.3852346034331,9.47583367410403,-4.25000532837819));
#3052=CARTESIAN_POINT('Ctrl Pts',(23.4123632267213,9.47918677088711,-4.25216684517679));
#3053=CARTESIAN_POINT('Ctrl Pts',(23.4395970598684,9.4823558814998,-4.25277086772033));
#3054=CARTESIAN_POINT('Ctrl Pts',(23.4639786626085,9.48519308754351,-4.25331163029398));
#3055=CARTESIAN_POINT('Ctrl Pts',(23.4884441613225,9.48788238589832,-4.25260361483653));
#3056=CARTESIAN_POINT('Ctrl Pts',(23.5128568789727,9.49038204306371,-4.25055297505154));
#3057=CARTESIAN_POINT('Ctrl Pts',(18.4277602406343,9.28544239946415,0.43458095823319));
#3058=CARTESIAN_POINT('Ctrl Pts',(18.4727356091924,9.32738509157982,0.386852876628234));
#3059=CARTESIAN_POINT('Ctrl Pts',(18.5185902822477,9.36708719649465,0.338425639039298));
#3060=CARTESIAN_POINT('Ctrl Pts',(18.565247796995,9.40468999624634,0.289386461701977));
#3061=CARTESIAN_POINT('Ctrl Pts',(18.6131984591753,9.44333498532677,0.238988127396324));
#3062=CARTESIAN_POINT('Ctrl Pts',(18.6619974020566,9.47976302609049,0.187943153404021));
#3063=CARTESIAN_POINT('Ctrl Pts',(18.711599068279,9.51410770792059,0.13631023548504));
#3064=CARTESIAN_POINT('Ctrl Pts',(18.7629110431241,9.54963662427255,0.0828969696168102));
#3065=CARTESIAN_POINT('Ctrl Pts',(18.8150823867359,9.58293646490852,0.0288542087910205));
#3066=CARTESIAN_POINT('Ctrl Pts',(18.8680971803366,9.61412828091597,-0.0257863219067866));
#3067=CARTESIAN_POINT('Ctrl Pts',(18.8719240083307,9.61637983574772,-0.0297305023569675));
#3068=CARTESIAN_POINT('Ctrl Pts',(18.8757552442479,9.61862039366616,-0.0336778101971015));
#3069=CARTESIAN_POINT('Ctrl Pts',(18.8795908880076,9.62084999404095,-0.0376282392301578));
#3070=CARTESIAN_POINT('Ctrl Pts',(18.9017753674988,9.63374548874458,-0.060476610287547));
#3071=CARTESIAN_POINT('Ctrl Pts',(18.9241036096357,9.64627837746501,-0.083424585659009));
#3072=CARTESIAN_POINT('Ctrl Pts',(18.9465667214703,9.65845071039656,-0.10646243114891));
#3073=CARTESIAN_POINT('Ctrl Pts',(19.0207948451823,9.69867351840987,-0.182589730771091));
#3074=CARTESIAN_POINT('Ctrl Pts',(19.0964931716755,9.73495828418571,-0.259695002760284));
#3075=CARTESIAN_POINT('Ctrl Pts',(19.1733197664669,9.76740389759576,-0.337413364616186));
#3076=CARTESIAN_POINT('Ctrl Pts',(19.2391628529283,9.79521092633168,-0.40402072673087));
#3077=CARTESIAN_POINT('Ctrl Pts',(19.3058357231954,9.8201987146478,-0.471079663789218));
#3078=CARTESIAN_POINT('Ctrl Pts',(19.3731364838725,9.8424308363242,-0.538380424466377));
#3079=CARTESIAN_POINT('Ctrl Pts',(16.6525876708233,5.16389423076917,-5.08343493615624));
#3080=CARTESIAN_POINT('Ctrl Pts',(17.1438101442402,6.09015220950381,-5.08343493615624));
#3081=CARTESIAN_POINT('Ctrl Pts',(16.9354020990261,5.69717423076983,-4.1340205079535));
#3082=CARTESIAN_POINT('Ctrl Pts',(16.7687067683277,5.13310350860043,-5.08343493615624));
#3083=CARTESIAN_POINT('Ctrl Pts',(17.1911350122885,6.01931335202944,-5.04257960203244));
#3084=CARTESIAN_POINT('Ctrl Pts',(17.0399092863546,5.64790907343837,-4.14563242374758));
#3085=CARTESIAN_POINT('Ctrl Pts',(17.0049574964858,5.0784594670185,-5.08754916743667));
#3086=CARTESIAN_POINT('Ctrl Pts',(17.325171789209,5.88185402214988,-4.98287755098525));
#3087=CARTESIAN_POINT('Ctrl Pts',(17.2533577885758,5.56047860963236,-4.17666310401966));
#3088=CARTESIAN_POINT('Ctrl Pts',(17.3682202740797,5.01129720351446,-5.10013533993038));
#3089=CARTESIAN_POINT('Ctrl Pts',(17.5973451639288,5.70055581350352,-4.93723425146342));
#3090=CARTESIAN_POINT('Ctrl Pts',(17.5828115226587,5.45301898693195,-4.23564449582415));
#3091=CARTESIAN_POINT('Ctrl Pts',(17.7389075528885,4.95605601023916,-5.1159418878983));
#3092=CARTESIAN_POINT('Ctrl Pts',(17.9050226728789,5.54969564852538,-4.92040361174852));
#3093=CARTESIAN_POINT('Ctrl Pts',(17.9195913832473,5.36463307797965,-4.30116500909435));
#3094=CARTESIAN_POINT('Ctrl Pts',(18.1162728721395,4.9111410059199,-5.13270770372395));
#3095=CARTESIAN_POINT('Ctrl Pts',(18.2353397356194,5.42561665323117,-4.92127620545335));
#3096=CARTESIAN_POINT('Ctrl Pts',(18.2625733337204,5.29276907101006,-4.36908000976089));
#3097=CARTESIAN_POINT('Ctrl Pts',(18.50010580629,4.87582126661167,-5.14857794721817));
#3098=CARTESIAN_POINT('Ctrl Pts',(18.581844370582,5.32557546354724,-4.93257659329528));
#3099=CARTESIAN_POINT('Ctrl Pts',(18.6111970231595,5.23625748806377,-4.43602974139742));
#3100=CARTESIAN_POINT('Ctrl Pts',(19.0128694199529,4.84175984900201,-5.16604948064528));
#3101=CARTESIAN_POINT('Ctrl Pts',(19.0477904628722,5.22454681312777,-4.95398451104068));
#3102=CARTESIAN_POINT('Ctrl Pts',(19.0761785821399,5.18175922025004,-4.51875486295547));
#3103=CARTESIAN_POINT('Ctrl Pts',(19.4000119592316,4.83059423163082,-5.17274240149606));
#3104=CARTESIAN_POINT('Ctrl Pts',(19.4145517392905,5.17903700449525,-4.97156887258133));
#3105=CARTESIAN_POINT('Ctrl Pts',(19.4259454516614,5.16389423077244,-4.56951637440495));
#3106=CARTESIAN_POINT('Ctrl Pts',(19.6593468845257,4.83059423077084,-5.17274240199257));
#3107=CARTESIAN_POINT('Ctrl Pts',(19.6593468845256,5.16389423077238,-4.98031155727207));
#3108=CARTESIAN_POINT('Ctrl Pts',(19.6593468845255,5.16389423077251,-4.59544986782913));
#3109=CARTESIAN_POINT('',(16.6525876708233,5.16389423076917,-5.08343493615624));
#3110=CARTESIAN_POINT('Ctrl Pts',(19.6593468845254,4.83059423077084,-5.17274240199257));
#3111=CARTESIAN_POINT('Ctrl Pts',(19.4006461673451,4.83059423162872,-5.17274240149727));
#3112=CARTESIAN_POINT('Ctrl Pts',(19.1426613621951,4.83799747795735,-5.1683016318725));
#3113=CARTESIAN_POINT('Ctrl Pts',(18.8849650789063,4.85188047606303,-5.16096535026913));
#3114=CARTESIAN_POINT('Ctrl Pts',(18.7567169684783,4.85878964934021,-5.15731429158412));
#3115=CARTESIAN_POINT('Ctrl Pts',(18.6285408193893,4.86730417660613,-5.1529460958632));
#3116=CARTESIAN_POINT('Ctrl Pts',(18.500234384156,4.87747740023239,-5.14810390935472));
#3117=CARTESIAN_POINT('Ctrl Pts',(18.3817826724964,4.88686925769796,-5.14363363255948));
#3118=CARTESIAN_POINT('Ctrl Pts',(18.2632181364029,4.89767494959343,-5.1387592316144));
#3119=CARTESIAN_POINT('Ctrl Pts',(18.1452736023086,4.90989197833374,-5.13372457373579));
#3120=CARTESIAN_POINT('Ctrl Pts',(18.1359707726576,4.91085559176513,-5.13332746703683));
#3121=CARTESIAN_POINT('Ctrl Pts',(18.1266687677908,4.91182827281887,-5.13292924858188));
#3122=CARTESIAN_POINT('Ctrl Pts',(18.117367964681,4.91281003210606,-5.13253003995076));
#3123=CARTESIAN_POINT('Ctrl Pts',(17.9913626236111,4.92611070220625,-5.12712164466186));
#3124=CARTESIAN_POINT('Ctrl Pts',(17.865577710501,4.9410767596193,-5.12152970079449));
#3125=CARTESIAN_POINT('Ctrl Pts',(17.7400534342181,4.95788806746408,-5.11606565533703));
#3126=CARTESIAN_POINT('Ctrl Pts',(17.6246509803376,4.97334377241359,-5.11104221068889));
#3127=CARTESIAN_POINT('Ctrl Pts',(17.5094684811962,4.99035838244282,-5.10612682525972));
#3128=CARTESIAN_POINT('Ctrl Pts',(17.3946117247463,5.00919876665733,-5.10163305530596));
#3129=CARTESIAN_POINT('Ctrl Pts',(17.3862330257632,5.01057315605277,-5.10130523875511));
#3130=CARTESIAN_POINT('Ctrl Pts',(17.3778563040368,5.0119574491223,-5.10097963114611));
#3131=CARTESIAN_POINT('Ctrl Pts',(17.3694814970455,5.01335177458533,-5.10065635695898));
#3132=CARTESIAN_POINT('Ctrl Pts',(17.2734760736827,5.02933576162209,-5.09695047153028));
#3133=CARTESIAN_POINT('Ctrl Pts',(17.17772058341,5.04663513677557,-5.09354913018231));
#3134=CARTESIAN_POINT('Ctrl Pts',(17.0821891243633,5.06556630182807,-5.09072792945913));
#3135=CARTESIAN_POINT('Ctrl Pts',(17.0569244677991,5.07057291837285,-5.08998182269932));
#3136=CARTESIAN_POINT('Ctrl Pts',(17.0316755952935,5.07569386964794,-5.08927643768654));
#3137=CARTESIAN_POINT('Ctrl Pts',(17.0064422886084,5.08093547620976,-5.08861721246752));
#3138=CARTESIAN_POINT('Ctrl Pts',(16.928308021031,5.09716597246404,-5.08657593899118));
#3139=CARTESIAN_POINT('Ctrl Pts',(16.8503215514693,5.11455064135686,-5.08497507378756));
#3140=CARTESIAN_POINT('Ctrl Pts',(16.7725656916087,5.13344231041499,-5.08411894901513));
#3141=CARTESIAN_POINT('Ctrl Pts',(16.7325070328551,5.14317501641865,-5.08367788630718));
#3142=CARTESIAN_POINT('Ctrl Pts',(16.6925098813732,5.15330825723147,-5.08343493615624));
#3143=CARTESIAN_POINT('Ctrl Pts',(16.6525876708233,5.16389423076917,-5.08343493615624));
#3144=CARTESIAN_POINT('Origin',(16.6525876708233,5.16389423076917,-4.41683493615624));
#3145=CARTESIAN_POINT('Ctrl Pts',(15.3708336145548,6.19834544957989,-5.08343493615624));
#3146=CARTESIAN_POINT('Ctrl Pts',(16.4426447531156,7.04952994966567,-5.08343493615624));
#3147=CARTESIAN_POINT('Ctrl Pts',(15.7818234483844,6.52473520581841,-4.00584510232665));
#3148=CARTESIAN_POINT('Ctrl Pts',(15.5307057247642,5.99703456051876,-5.08343493615624));
#3149=CARTESIAN_POINT('Ctrl Pts',(16.4922365632322,6.90451530156161,-5.08343493615721));
#3150=CARTESIAN_POINT('Ctrl Pts',(15.9257083475727,6.36368649456945,-4.02183231334764));
#3151=CARTESIAN_POINT('Ctrl Pts',(15.9098223129672,5.61799662241565,-5.08343493615624));
#3152=CARTESIAN_POINT('Ctrl Pts',(16.6457215144831,6.59027590478219,-5.08343493615564));
#3153=CARTESIAN_POINT('Ctrl Pts',(16.2669132769558,6.06045614408708,-4.05974397216779));
#3154=CARTESIAN_POINT('Ctrl Pts',(16.3913766582869,5.30242228948285,-5.08343493615624));
#3155=CARTESIAN_POINT('Ctrl Pts',(16.9549763333762,6.24900684751237,-5.08343493615652));
#3156=CARTESIAN_POINT('Ctrl Pts',(16.700312187743,5.80799667774072,-4.10789940669999));
#3157=CARTESIAN_POINT('Ctrl Pts',(16.6525876708233,5.16389423076917,-5.08343493615624));
#3158=CARTESIAN_POINT('Ctrl Pts',(17.1438101442402,6.09015220950381,-5.08343493615624));
#3159=CARTESIAN_POINT('Ctrl Pts',(16.9354020990261,5.69717423076984,-4.1340205079535));
#3160=CARTESIAN_POINT('',(15.3708336145548,6.19834544957989,-5.08343493615624));
#3161=CARTESIAN_POINT('Origin',(19.4807319528508,7.83029423077251,-5.08343493615624));
#3162=CARTESIAN_POINT('',(15.8295362308309,6.56262656504512,-4.0986420092441));
#3163=CARTESIAN_POINT('Origin',(15.3708336145548,6.19834544957989,-4.41683493615624));
#3164=CARTESIAN_POINT('Ctrl Pts',(15.9234811010036,6.37751600759412,-4.02158484150656));
#3165=CARTESIAN_POINT('Ctrl Pts',(15.8948772688031,6.43948919210207,-4.04992804998541));
#3166=CARTESIAN_POINT('Ctrl Pts',(15.8626768606224,6.50075554346019,-4.07558445344384));
#3167=CARTESIAN_POINT('Ctrl Pts',(15.8295362308309,6.56262656504512,-4.0986420092441));
#3168=CARTESIAN_POINT('Ctrl Pts',(14.8886818936989,7.16369423076916,-5.08343493615624));
#3169=CARTESIAN_POINT('Ctrl Pts',(15.8379582259308,7.44437959908202,-5.08343493615624));
#3170=CARTESIAN_POINT('Ctrl Pts',(15.4810100073955,7.33883589301211,-4.16617906873753));
#3171=CARTESIAN_POINT('Ctrl Pts',(14.9400323024319,6.99002744628739,-5.08343493615624));
#3172=CARTESIAN_POINT('Ctrl Pts',(15.8589234629584,7.31975337068448,-5.08343493615678));
#3173=CARTESIAN_POINT('Ctrl Pts',(15.5261829194454,7.19879422762595,-4.17507595092224));
#3174=CARTESIAN_POINT('Ctrl Pts',(15.0368532816638,6.73798368254732,-5.08343493615624));
#3175=CARTESIAN_POINT('Ctrl Pts',(15.9391236968768,7.13412453903049,-5.08343493615628));
#3176=CARTESIAN_POINT('Ctrl Pts',(15.6042753574713,6.99185846304138,-4.17054161937584));
#3177=CARTESIAN_POINT('Ctrl Pts',(15.2095344427146,6.42087118719345,-5.08343493615624));
#3178=CARTESIAN_POINT('Ctrl Pts',(16.1077869777454,6.96444937045984,-5.083434936156));
#3179=CARTESIAN_POINT('Ctrl Pts',(15.72572310759,6.73682348838789,-4.13409446671101));
#3180=CARTESIAN_POINT('Ctrl Pts',(15.3140917133077,6.26979483469909,-5.08343493615624));
#3181=CARTESIAN_POINT('Ctrl Pts',(16.2103679144649,6.91640504757184,-5.08343493615686));
#3182=CARTESIAN_POINT('Ctrl Pts',(15.7921926183495,6.61668238188306,-4.10629678912242));
#3183=CARTESIAN_POINT('Ctrl Pts',(15.3708336145547,6.19834544957982,-5.08343493615624));
#3184=CARTESIAN_POINT('Ctrl Pts',(16.2626421595765,6.90657993535477,-5.08343493615624));
#3185=CARTESIAN_POINT('Ctrl Pts',(15.825994670595,6.55981401620096,-4.09045410275895));
#3186=CARTESIAN_POINT('',(14.8886818936989,7.16369423076917,-5.08343493615624));
#3187=CARTESIAN_POINT('Ctrl Pts',(15.3708336145548,6.19834544957989,-5.08343493615624));
#3188=CARTESIAN_POINT('Ctrl Pts',(15.3306694292478,6.24892017973404,-5.08343493615624));
#3189=CARTESIAN_POINT('Ctrl Pts',(15.2928416491923,6.30140965322313,-5.0834349361563));
#3190=CARTESIAN_POINT('Ctrl Pts',(15.2572811468927,6.35512839222449,-5.08343493615618));
#3191=CARTESIAN_POINT('Ctrl Pts',(15.2424922731747,6.37746889913539,-5.08343493615614));
#3192=CARTESIAN_POINT('Ctrl Pts',(15.2280959904762,6.40002252690263,-5.08343493615605));
#3193=CARTESIAN_POINT('Ctrl Pts',(15.2140892817285,6.4227415718091,-5.08343493615578));
#3194=CARTESIAN_POINT('Ctrl Pts',(15.1754735007909,6.48537681874843,-5.08343493615504));
#3195=CARTESIAN_POINT('Ctrl Pts',(15.1398150706694,6.54926775908312,-5.08343493615449));
#3196=CARTESIAN_POINT('Ctrl Pts',(15.1065544459966,6.6144529478997,-5.08343493614043));
#3197=CARTESIAN_POINT('Ctrl Pts',(15.0989617759004,6.62933329481769,-5.08343493613723));
#3198=CARTESIAN_POINT('Ctrl Pts',(15.0914942578717,6.64428117540174,-5.08343493613321));
#3199=CARTESIAN_POINT('Ctrl Pts',(15.0841455525553,6.65929719461103,-5.08343493612802));
#3200=CARTESIAN_POINT('Ctrl Pts',(15.0839840828059,6.65962713475076,-5.0834349361279));
#3201=CARTESIAN_POINT('Ctrl Pts',(15.0838226742867,6.65995709966148,-5.08343493612779));
#3202=CARTESIAN_POINT('Ctrl Pts',(15.0836613269292,6.66028708933193,-5.08343493612767));
#3203=CARTESIAN_POINT('Ctrl Pts',(15.043414032319,6.7426013688511,-5.08343493609936));
#3204=CARTESIAN_POINT('Ctrl Pts',(15.0069680583993,6.82645453202183,-5.0834349361176));
#3205=CARTESIAN_POINT('Ctrl Pts',(14.9740828653866,6.91190027251342,-5.08343493613597));
#3206=CARTESIAN_POINT('Ctrl Pts',(14.9423593794447,6.99432754445395,-5.08343493615369));
#3207=CARTESIAN_POINT('Ctrl Pts',(14.9139501516194,7.07823712904845,-5.08343493615624));
#3208=CARTESIAN_POINT('Ctrl Pts',(14.8886818936992,7.16369423076845,-5.08343493615624));
#3209=CARTESIAN_POINT('',(15.5001217328107,7.34448691527518,-4.22238471533843));
#3210=CARTESIAN_POINT('Origin',(14.8886818936989,7.16369423076916,-4.41683493615624));
#3211=CARTESIAN_POINT('Ctrl Pts',(15.8295362308309,6.56262656504512,-4.0986420092441));
#3212=CARTESIAN_POINT('Ctrl Pts',(15.797721074468,6.62326479107254,-4.12219899157231));
#3213=CARTESIAN_POINT('Ctrl Pts',(15.7667080806394,6.68479079758292,-4.14282510150067));
#3214=CARTESIAN_POINT('Ctrl Pts',(15.7367060013382,6.74747274521426,-4.16026899002757));
#3215=CARTESIAN_POINT('Ctrl Pts',(15.7085382640318,6.80632228750774,-4.17664635056627));
#3216=CARTESIAN_POINT('Ctrl Pts',(15.6812605656338,6.86619163062696,-4.19021968131082));
#3217=CARTESIAN_POINT('Ctrl Pts',(15.6550543079699,6.92732432210309,-4.20073318257916));
#3218=CARTESIAN_POINT('Ctrl Pts',(15.6533477016338,6.93130541089325,-4.20141784378144));
#3219=CARTESIAN_POINT('Ctrl Pts',(15.6516456467616,6.93529186272564,-4.20208951266222));
#3220=CARTESIAN_POINT('Ctrl Pts',(15.6499481967111,6.93928374707235,-4.20274811188516));
#3221=CARTESIAN_POINT('Ctrl Pts',(15.6497931500884,6.93964836939842,-4.20280826893375));
#3222=CARTESIAN_POINT('Ctrl Pts',(15.6496381418247,6.94001303703199,-4.20286831675794));
#3223=CARTESIAN_POINT('Ctrl Pts',(15.6494831719997,6.94037774994519,-4.20292825529728));
#3224=CARTESIAN_POINT('Ctrl Pts',(15.629384010758,6.98768001444757,-4.21070211944918));
#3225=CARTESIAN_POINT('Ctrl Pts',(15.6099330269803,7.03574505882566,-4.2166337841808));
#3226=CARTESIAN_POINT('Ctrl Pts',(15.5912298419324,7.08438521188789,-4.22058038110897));
#3227=CARTESIAN_POINT('Ctrl Pts',(15.5842551953412,7.10252372021609,-4.22205211540138));
#3228=CARTESIAN_POINT('Ctrl Pts',(15.5773843500408,7.12074208033213,-4.22324826622895));
#3229=CARTESIAN_POINT('Ctrl Pts',(15.570621804529,7.13903017681001,-4.224163116101));
#3230=CARTESIAN_POINT('Ctrl Pts',(15.5527070084674,7.1874775429952,-4.22658666339632));
#3231=CARTESIAN_POINT('Ctrl Pts',(15.5355540802434,7.23641336713539,-4.22703336214728));
#3232=CARTESIAN_POINT('Ctrl Pts',(15.5192170155,7.2856446652936,-4.22537134952155));
#3233=CARTESIAN_POINT('Ctrl Pts',(15.5127222527851,7.30521645525139,-4.22471062020433));
#3234=CARTESIAN_POINT('Ctrl Pts',(15.5063562735336,7.32483478654151,-4.22371711529896));
#3235=CARTESIAN_POINT('Ctrl Pts',(15.5001217328107,7.34448691527517,-4.22238471533844));
#3236=CARTESIAN_POINT('Ctrl Pts',(15.4978713128998,7.3438215031922,-4.21484984447081));
#3237=CARTESIAN_POINT('Ctrl Pts',(15.7627082315803,7.4221294157975,-5.08343493615624));
#3238=CARTESIAN_POINT('Ctrl Pts',(14.8886818936989,7.16369423076916,-5.08343493615624));
#3239=CARTESIAN_POINT('Ctrl Pts',(15.4419748144408,7.5199989379814,-4.20337773561657));
#3240=CARTESIAN_POINT('Ctrl Pts',(15.7073501316478,7.65033243153072,-5.06570991605027));
#3241=CARTESIAN_POINT('Ctrl Pts',(14.8277854932502,7.41541247755225,-5.08343493615624));
#3242=CARTESIAN_POINT('Ctrl Pts',(15.3939021665058,7.69568418168253,-4.17543152774837));
#3243=CARTESIAN_POINT('Ctrl Pts',(15.6595666894638,7.8782538255741,-5.02719222415741));
#3244=CARTESIAN_POINT('Ctrl Pts',(14.7759871594106,7.66552597033101,-5.0577184280097));
#3245=CARTESIAN_POINT('Ctrl Pts',(15.3507979435092,7.87097071979166,-4.12964981206174));
#3246=CARTESIAN_POINT('Ctrl Pts',(15.6166726367384,8.10590320431572,-4.96577138103926));
#3247=CARTESIAN_POINT('Ctrl Pts',(14.7300164321641,7.91302774421892,-5.0060421480553));
#3248=CARTESIAN_POINT('',(14.7300164321641,7.91302774421892,-5.0060421480553));
#3249=CARTESIAN_POINT('Ctrl Pts',(14.8886818936989,7.16369423076917,-5.08343493615624));
#3250=CARTESIAN_POINT('Ctrl Pts',(14.8661888136735,7.25667047158427,-5.08343493615624));
#3251=CARTESIAN_POINT('Ctrl Pts',(14.8449104011094,7.34953624504838,-5.07990250511577));
#3252=CARTESIAN_POINT('Ctrl Pts',(14.8246856130132,7.44226113065365,-5.07283680751949));
#3253=CARTESIAN_POINT('Ctrl Pts',(14.8046206930263,7.53425306656913,-5.06582696117423));
#3254=CARTESIAN_POINT('Ctrl Pts',(14.7855928064583,7.62610711697472,-5.05533935393824));
#3255=CARTESIAN_POINT('Ctrl Pts',(14.7674446991316,7.71778542866061,-5.04132293271757));
#3256=CARTESIAN_POINT('Ctrl Pts',(14.7545427939608,7.78296164027881,-5.03135833783347));
#3257=CARTESIAN_POINT('Ctrl Pts',(14.742085539227,7.84804888826427,-5.01960918435844));
#3258=CARTESIAN_POINT('Ctrl Pts',(14.7300164321639,7.91302774421889,-5.0060421480553));
#3259=CARTESIAN_POINT('',(15.3529313817971,7.87288401648613,-4.13649384202365));
#3260=CARTESIAN_POINT('Origin',(14.7300164321641,7.77678528722806,-4.35351356407365));
#3261=CARTESIAN_POINT('Ctrl Pts',(15.5001217328106,7.34448691527521,-4.22238471533843));
#3262=CARTESIAN_POINT('Ctrl Pts',(15.4642391219386,7.45776663795649,-4.21487681615093));
#3263=CARTESIAN_POINT('Ctrl Pts',(15.4315845006055,7.57084033837298,-4.20057251443652));
#3264=CARTESIAN_POINT('Ctrl Pts',(15.4014553350942,7.68347164724595,-4.17921504921975));
#3265=CARTESIAN_POINT('Ctrl Pts',(15.3845248693783,7.74676249785721,-4.16721366031648));
#3266=CARTESIAN_POINT('Ctrl Pts',(15.368391750441,7.80991371815473,-4.15298602564103));
#3267=CARTESIAN_POINT('Ctrl Pts',(15.3529313817968,7.87288401648604,-4.13649384202364));
#3268=CARTESIAN_POINT('Ctrl Pts',(9.42945185519632,9.46099972922514,1.4401615025109));
#3269=CARTESIAN_POINT('Ctrl Pts',(9.73345827066129,9.31261027322221,1.55959639271084));
#3270=CARTESIAN_POINT('Ctrl Pts',(9.90098468739516,9.04322536011495,1.39205328607769));
#3271=CARTESIAN_POINT('Ctrl Pts',(9.70139443574669,9.87442939632577,1.10775837927407));
#3272=CARTESIAN_POINT('Ctrl Pts',(10.0239765219522,9.71888094498135,1.26908092730611));
#3273=CARTESIAN_POINT('Ctrl Pts',(10.172932413755,9.38148050704712,1.12010555964497));
#3274=CARTESIAN_POINT('Ctrl Pts',(10.3942032862126,10.5543976756762,0.260922666489864));
#3275=CARTESIAN_POINT('Ctrl Pts',(10.7896774264784,10.418778088015,0.503387717834118));
#3276=CARTESIAN_POINT('Ctrl Pts',(10.865763856858,9.93782309583903,0.427274116356403));
#3277=CARTESIAN_POINT('Ctrl Pts',(11.6883428941741,10.945831079144,-1.32089925068303));
#3278=CARTESIAN_POINT('Ctrl Pts',(12.213100490523,10.9246746395207,-0.920017664663196));
#3279=CARTESIAN_POINT('Ctrl Pts',(12.1599296010475,10.2581289873702,-0.866891628179751));
#3280=CARTESIAN_POINT('Ctrl Pts',(12.7786535802586,10.686897415641,-2.65354237803008));
#3281=CARTESIAN_POINT('Ctrl Pts',(13.4337082189699,10.8608918786687,-2.14060476412501));
#3282=CARTESIAN_POINT('Ctrl Pts',(13.250253359745,10.0463343433456,-1.95721538716925));
#3283=CARTESIAN_POINT('Ctrl Pts',(13.5378324230551,10.1587109859503,-3.58143263360283));
#3284=CARTESIAN_POINT('Ctrl Pts',(14.3600603588361,10.5337842679167,-3.06693654821271));
#3285=CARTESIAN_POINT('Ctrl Pts',(14.009450931833,9.61423029117737,-2.71641295946061));
#3286=CARTESIAN_POINT('Ctrl Pts',(13.8621538022263,9.80096450309279,-3.97782050526351));
#3287=CARTESIAN_POINT('Ctrl Pts',(14.7967334555185,10.2642040725295,-3.50359829096616));
#3288=CARTESIAN_POINT('Ctrl Pts',(14.3337852054474,9.32154552274245,-3.04074723316184));
#3289=CARTESIAN_POINT('Ctrl Pts',(14.00672239352,9.60265352696929,-4.15451188562581));
#3290=CARTESIAN_POINT('Ctrl Pts',(15.0059039252434,10.0993714404653,-3.71276295253225));
#3291=CARTESIAN_POINT('Ctrl Pts',(14.4783614245479,9.15929643064147,-3.18532345230106));
#3292=CARTESIAN_POINT('',(14.5343036650672,9.28544239946414,-3.26885083054568));
#3293=CARTESIAN_POINT('',(14.0064057060713,9.60364713807313,-4.15362639423517));
#3294=CARTESIAN_POINT('Origin',(14.0064057060713,9.16001933674514,-3.65608249276627));
#3295=CARTESIAN_POINT('',(9.4492056174289,9.49038461538455,1.41628482521663));
#3296=CARTESIAN_POINT('Origin',(11.7674581494612,7.16369423076917,-1.41713493615624));
#3297=CARTESIAN_POINT('Ctrl Pts',(10.1994116500397,9.36347423075289,1.09362625371856));
#3298=CARTESIAN_POINT('Ctrl Pts',(10.1734747507527,9.36985779936355,1.11954925960208));
#3299=CARTESIAN_POINT('Ctrl Pts',(10.1466565810123,9.37615326574427,1.14429771009693));
#3300=CARTESIAN_POINT('Ctrl Pts',(10.1189482725952,9.38237834419725,1.16780724873136));
#3301=CARTESIAN_POINT('Ctrl Pts',(10.0923333093763,9.38835778659292,1.19038912188766));
#3302=CARTESIAN_POINT('Ctrl Pts',(10.0648961232577,9.39427367652281,1.21182846584005));
#3303=CARTESIAN_POINT('Ctrl Pts',(10.0366053950538,9.40013318798214,1.23202989003115));
#3304=CARTESIAN_POINT('Ctrl Pts',(10.0089733548896,9.40585627346865,1.25176096802243));
#3305=CARTESIAN_POINT('Ctrl Pts',(9.98052579352514,9.41152667427978,1.27031130654004));
#3306=CARTESIAN_POINT('Ctrl Pts',(9.95122677801946,9.41712472590567,1.28754917433586));
#3307=CARTESIAN_POINT('Ctrl Pts',(9.92413896149717,9.42230029213912,1.30348609890584));
#3308=CARTESIAN_POINT('Ctrl Pts',(9.89632222700913,9.42741433262416,1.31830065182893));
#3309=CARTESIAN_POINT('Ctrl Pts',(9.86775926612183,9.43241933312586,1.3318548365419));
#3310=CARTESIAN_POINT('Ctrl Pts',(9.8654276499864,9.43282789510841,1.33296127490814));
#3311=CARTESIAN_POINT('Ctrl Pts',(9.8630910733801,9.43323571034098,1.33405929749326));
#3312=CARTESIAN_POINT('Ctrl Pts',(9.8607495340759,9.43364274193825,1.33514882024477));
#3313=CARTESIAN_POINT('Ctrl Pts',(9.83197523507767,9.43864460069868,1.34853755703045));
#3314=CARTESIAN_POINT('Ctrl Pts',(9.80251179328774,9.44349269428047,1.36062765356838));
#3315=CARTESIAN_POINT('Ctrl Pts',(9.77243672019162,9.44820376671727,1.37119633593415));
#3316=CARTESIAN_POINT('Ctrl Pts',(9.74465965393233,9.45255487072992,1.38095747564641));
#3317=CARTESIAN_POINT('Ctrl Pts',(9.71636010795224,9.45678905163739,1.38941999542808));
#3318=CARTESIAN_POINT('Ctrl Pts',(9.68762977380323,9.46089452413825,1.39638928367421));
#3319=CARTESIAN_POINT('Ctrl Pts',(9.66001388292572,9.46484074627394,1.40308823477936));
#3320=CARTESIAN_POINT('Ctrl Pts',(9.63199934167474,9.468667916762,1.40840673060086));
#3321=CARTESIAN_POINT('Ctrl Pts',(9.60370701019182,9.47234266458222,1.41216505182792));
#3322=CARTESIAN_POINT('Ctrl Pts',(9.57682930226858,9.47583367410411,1.41573545606567));
#3323=CARTESIAN_POINT('Ctrl Pts',(9.54970067898036,9.47918677088718,1.41789697286426));
#3324=CARTESIAN_POINT('Ctrl Pts',(9.52246684583329,9.48235588149988,1.4185009954078));
#3325=CARTESIAN_POINT('Ctrl Pts',(9.49808524309311,9.48519308754359,1.41904175798144));
#3326=CARTESIAN_POINT('Ctrl Pts',(9.47361974437899,9.48788238589841,1.41833374252398));
#3327=CARTESIAN_POINT('Ctrl Pts',(9.4492070267287,9.49038204306381,1.41628310273897));
#3328=CARTESIAN_POINT('Ctrl Pts',(14.5343036650672,9.28544239946414,-3.26885083054568));
#3329=CARTESIAN_POINT('Ctrl Pts',(14.4824276342037,9.33382044416836,-3.2137997322718));
#3330=CARTESIAN_POINT('Ctrl Pts',(14.4291920541442,9.37936728491164,-3.15761092156684));
#3331=CARTESIAN_POINT('Ctrl Pts',(14.374825014404,9.42217254378412,-3.10054944804523));
#3332=CARTESIAN_POINT('Ctrl Pts',(14.3173168851843,9.46745090306738,-3.04019121245926));
#3333=CARTESIAN_POINT('Ctrl Pts',(14.2585427076584,9.50966245627938,-2.97885657179608));
#3334=CARTESIAN_POINT('Ctrl Pts',(14.1987375001421,9.5489253987223,-2.91681218343793));
#3335=CARTESIAN_POINT('Ctrl Pts',(14.1599383375828,9.57439758333072,-2.87656033230698));
#3336=CARTESIAN_POINT('Ctrl Pts',(14.1207045037818,9.59862894771273,-2.83600877989527));
#3337=CARTESIAN_POINT('Ctrl Pts',(14.081093437698,9.62165201804181,-2.79522094025916));
#3338=CARTESIAN_POINT('Ctrl Pts',(14.0593431432916,9.63429390343665,-2.77282448371307));
#3339=CARTESIAN_POINT('Ctrl Pts',(14.037479953719,9.64656872035188,-2.75035723398177));
#3340=CARTESIAN_POINT('Ctrl Pts',(14.0155065953578,9.65848478066038,-2.72782264172431));
#3341=CARTESIAN_POINT('Ctrl Pts',(13.9585134580762,9.68939192056378,-2.6693738106899));
#3342=CARTESIAN_POINT('Ctrl Pts',(13.900781409922,9.71788739535629,-2.61047435189454));
#3343=CARTESIAN_POINT('Ctrl Pts',(13.8423545118897,9.74410499490211,-2.55117940495019));
#3344=CARTESIAN_POINT('Ctrl Pts',(13.7813592191018,9.77147509693305,-2.48927790458781));
#3345=CARTESIAN_POINT('Ctrl Pts',(13.7196060654042,9.79636326051116,-2.42694486080586));
#3346=CARTESIAN_POINT('Ctrl Pts',(13.6571155521849,9.81888639558898,-2.36421031836412));
#3347=CARTESIAN_POINT('Ctrl Pts',(13.6344830156639,9.82704372461314,-2.34148940042314));
#3348=CARTESIAN_POINT('Ctrl Pts',(13.6117535316831,9.83489046001279,-2.31871555770024));
#3349=CARTESIAN_POINT('Ctrl Pts',(13.588927421829,9.84243083632416,-2.29588944784611));
#3350=CARTESIAN_POINT('Ctrl Pts',(15.350869162622,7.87103368079954,-4.1298739267278));
#3351=CARTESIAN_POINT('Ctrl Pts',(15.6163332962844,8.10582938715201,-4.96578679343957));
#3352=CARTESIAN_POINT('Ctrl Pts',(14.7300164321641,7.91302774421893,-5.0060421480553));
#3353=CARTESIAN_POINT('Ctrl Pts',(15.312510628984,8.02740210556738,-4.08928395580911));
#3354=CARTESIAN_POINT('Ctrl Pts',(15.5773756434952,8.31487910050968,-4.91261500286967));
#3355=CARTESIAN_POINT('Ctrl Pts',(14.698509168899,8.08265965651444,-4.97062443750202));
#3356=CARTESIAN_POINT('Ctrl Pts',(15.2386153090831,8.24665839564442,-4.01107682016696));
#3357=CARTESIAN_POINT('Ctrl Pts',(15.5021911590577,8.60857723228274,-4.80969858464197));
#3358=CARTESIAN_POINT('Ctrl Pts',(14.6370551306442,8.32654518720978,-4.90112669255905));
#3359=CARTESIAN_POINT('Ctrl Pts',(15.1139761884673,8.5124191300179,-3.87913224077402));
#3360=CARTESIAN_POINT('Ctrl Pts',(15.3754083560546,8.96470714612897,-4.63497072158921));
#3361=CARTESIAN_POINT('Ctrl Pts',(14.5302065453986,8.63529810100998,-4.77813824992217));
#3362=CARTESIAN_POINT('Ctrl Pts',(14.9769772310753,8.75508674973496,-3.73409219783643));
#3363=CARTESIAN_POINT('Ctrl Pts',(15.2357668904891,9.29056890790351,-4.44178805426813));
#3364=CARTESIAN_POINT('Ctrl Pts',(14.4107557583518,8.92575754998387,-4.63910149730653));
#3365=CARTESIAN_POINT('Ctrl Pts',(14.7870731095243,9.01915815827964,-3.53303897601404));
#3366=CARTESIAN_POINT('Ctrl Pts',(15.0421968791576,9.64489143728569,-4.17268247171107));
#3367=CARTESIAN_POINT('Ctrl Pts',(14.2413414894235,9.25683442113841,-4.438722970119));
#3368=CARTESIAN_POINT('Ctrl Pts',(14.6185666323845,9.19669017654843,-3.35468495709368));
#3369=CARTESIAN_POINT('Ctrl Pts',(14.8709838226922,9.88182607922365,-3.9335020939904));
#3370=CARTESIAN_POINT('Ctrl Pts',(14.0870065342368,9.49316239070128,-4.2521385163055));
#3371=CARTESIAN_POINT('Ctrl Pts',(14.5315076409437,9.2773412064388,-3.26256108688747));
#3372=CARTESIAN_POINT('Ctrl Pts',(14.7826042013109,9.98920746506154,-3.80984712242379));
#3373=CARTESIAN_POINT('Ctrl Pts',(14.0064057060713,9.60364713807313,-4.15362639423517));
#3374=CARTESIAN_POINT('Ctrl Pts',(14.7300164321641,7.91302774421893,-5.0060421480553));
#3375=CARTESIAN_POINT('Ctrl Pts',(14.714263195315,7.99784158361004,-4.98833373473957));
#3376=CARTESIAN_POINT('Ctrl Pts',(14.6960953395085,8.08116080901754,-4.96783792985147));
#3377=CARTESIAN_POINT('Ctrl Pts',(14.6756502072007,8.16302853104615,-4.94464997393639));
#3378=CARTESIAN_POINT('Ctrl Pts',(14.6560063561047,8.24168771098583,-4.92237079538394));
#3379=CARTESIAN_POINT('Ctrl Pts',(14.6342606592788,8.31900738626801,-4.89760671481095));
#3380=CARTESIAN_POINT('Ctrl Pts',(14.6105617743835,8.39504538357538,-4.87047300299736));
#3381=CARTESIAN_POINT('Ctrl Pts',(14.6098008474763,8.3974868215746,-4.86960179021655));
#3382=CARTESIAN_POINT('Ctrl Pts',(14.6090378533492,8.39992713912087,-4.86872806580618));
#3383=CARTESIAN_POINT('Ctrl Pts',(14.6082727945928,8.40236634398411,-4.86785183062188));
#3384=CARTESIAN_POINT('Ctrl Pts',(14.5837092237677,8.4806813503983,-4.83971874302741));
#3385=CARTESIAN_POINT('Ctrl Pts',(14.5570171438944,8.55785347511221,-4.80899751872348));
#3386=CARTESIAN_POINT('Ctrl Pts',(14.5286351478205,8.63301292077106,-4.77613155376637));
#3387=CARTESIAN_POINT('Ctrl Pts',(14.5017149388086,8.70430135239084,-4.74495831832107));
#3388=CARTESIAN_POINT('Ctrl Pts',(14.4732748332267,8.77377587039348,-4.71185604176941));
#3389=CARTESIAN_POINT('Ctrl Pts',(14.4434619984918,8.84158908395843,-4.67695410137497));
#3390=CARTESIAN_POINT('Ctrl Pts',(14.4420782277523,8.84473665249778,-4.67533411842809));
#3391=CARTESIAN_POINT('Ctrl Pts',(14.4406916519326,8.84788018996625,-4.67371048945629));
#3392=CARTESIAN_POINT('Ctrl Pts',(14.4393022893569,8.85101971354146,-4.67208323090018));
#3393=CARTESIAN_POINT('Ctrl Pts',(14.3968778560868,8.94688562410186,-4.62239460157102));
#3394=CARTESIAN_POINT('Ctrl Pts',(14.3518571836763,9.03901126179446,-4.56932517338414));
#3395=CARTESIAN_POINT('Ctrl Pts',(14.3043641749583,9.12792493008826,-4.51289640382567));
#3396=CARTESIAN_POINT('Ctrl Pts',(14.2834735184301,9.16703521084603,-4.48807519171513));
#3397=CARTESIAN_POINT('Ctrl Pts',(14.2621041778993,9.2055236784334,-4.46260347097201));
#3398=CARTESIAN_POINT('Ctrl Pts',(14.2402653060727,9.24343385331613,-4.43648067240393));
#3399=CARTESIAN_POINT('Ctrl Pts',(14.2390603350667,9.24552556674933,-4.43503933353259));
#3400=CARTESIAN_POINT('Ctrl Pts',(14.2378539360933,9.24761550459023,-4.43359602246508));
#3401=CARTESIAN_POINT('Ctrl Pts',(14.2366461119213,9.24970367118153,-4.43215074113929));
#3402=CARTESIAN_POINT('Ctrl Pts',(14.1858742877104,9.33748137057555,-4.37139722162469));
#3403=CARTESIAN_POINT('Ctrl Pts',(14.1325813152429,9.42212820000938,-4.30715883078076));
#3404=CARTESIAN_POINT('Ctrl Pts',(14.0771994697711,9.50330465435465,-4.23988681864908));
#3405=CARTESIAN_POINT('Ctrl Pts',(14.0539578365541,9.53737129409342,-4.21165533920993));
#3406=CARTESIAN_POINT('Ctrl Pts',(14.0303487222673,9.57082690339382,-4.18289008032772));
#3407=CARTESIAN_POINT('Ctrl Pts',(14.0064057060713,9.60364713807313,-4.15362639423517));
#3408=CARTESIAN_POINT('Ctrl Pts',(15.3529313817971,7.87288401648613,-4.13649384202365));
#3409=CARTESIAN_POINT('Ctrl Pts',(15.3164059119601,8.0225187512867,-4.09791415323989));
#3410=CARTESIAN_POINT('Ctrl Pts',(15.2464468653366,8.23408006713194,-4.02396564603123));
#3411=CARTESIAN_POINT('Ctrl Pts',(15.1278834763865,8.49381876188423,-3.89844897787016));
#3412=CARTESIAN_POINT('Ctrl Pts',(14.9922890649338,8.7407834886517,-3.75478558594445));
#3413=CARTESIAN_POINT('Ctrl Pts',(14.7991591835371,9.01518191645478,-3.54996004941768));
#3414=CARTESIAN_POINT('Ctrl Pts',(14.6256134325939,9.20035366508231,-3.36576994617139));
#3415=CARTESIAN_POINT('Ctrl Pts',(14.5343036650672,9.28544239946414,-3.26885083054568));
#3416=CARTESIAN_POINT('Ctrl Pts',(22.9040594346596,9.16349423076912,-3.78648894705013));
#3417=CARTESIAN_POINT('Ctrl Pts',(22.7626522205579,9.16349423076912,-3.92789616115181));
#3418=CARTESIAN_POINT('Ctrl Pts',(22.7626522205579,9.36347423076912,-3.92789616115181));
#3419=CARTESIAN_POINT('Ctrl Pts',(22.9454350501165,9.16349423076912,-3.82786456776926));
#3420=CARTESIAN_POINT('Ctrl Pts',(22.8023691370248,9.1634942307691,-3.98435534002922));
#3421=CARTESIAN_POINT('Ctrl Pts',(22.8093578110803,9.37497246047851,-3.9746017516742));
#3422=CARTESIAN_POINT('Ctrl Pts',(23.0320663797429,9.16349423076912,-3.90524724392452));
#3423=CARTESIAN_POINT('Ctrl Pts',(22.8886591081045,9.16349423076913,-4.09575201841955));
#3424=CARTESIAN_POINT('Ctrl Pts',(22.9094197548692,9.39785033098579,-4.06145134280478));
#3425=CARTESIAN_POINT('Ctrl Pts',(23.1764551422662,9.16349423076912,-4.00295020582552));
#3426=CARTESIAN_POINT('Ctrl Pts',(23.0408584259373,9.16349423076911,-4.25481736104727));
#3427=CARTESIAN_POINT('Ctrl Pts',(23.0832753140491,9.4315801929147,-4.16861290370588));
#3428=CARTESIAN_POINT('Ctrl Pts',(23.3374402834639,9.16349423076912,-4.07491943767214));
#3429=CARTESIAN_POINT('Ctrl Pts',(23.2369262027878,9.16349423076913,-4.40913595650575));
#3430=CARTESIAN_POINT('Ctrl Pts',(23.2844727397733,9.46373935077883,-4.24264472003674));
#3431=CARTESIAN_POINT('Ctrl Pts',(23.4538563148399,9.16349423076912,-4.09600447855885));
#3432=CARTESIAN_POINT('Ctrl Pts',(23.4082346782262,9.16349423076908,-4.49225547618867));
#3433=CARTESIAN_POINT('Ctrl Pts',(23.4351050057379,9.48242608753971,-4.25708992060645));
#3434=CARTESIAN_POINT('Ctrl Pts',(23.5128582882727,9.16349423076912,-4.096004528727));
#3435=CARTESIAN_POINT('Ctrl Pts',(23.5128582882727,9.16349423076912,-4.51898393808026));
#3436=CARTESIAN_POINT('Ctrl Pts',(23.5128582882727,9.4903846153845,-4.25055469752916));
#3437=CARTESIAN_POINT('Origin',(22.9040594346596,9.36347423076912,-3.78648894705013));
#3438=CARTESIAN_POINT('Origin',(25.5782293933925,9.3634742307691,-6.46065890578304));
#3439=CARTESIAN_POINT('Origin',(22.3964179064012,9.36347423076912,-3.27884741879169));
#3440=CARTESIAN_POINT('Ctrl Pts',(19.5139659565623,9.65526948934191,-0.467534107285763));
#3441=CARTESIAN_POINT('Ctrl Pts',(19.4009707826384,9.69282987392524,-0.566214723232227));
#3442=CARTESIAN_POINT('Ctrl Pts',(19.372516744148,9.84215264960529,-0.537760684741883));
#3443=CARTESIAN_POINT('Ctrl Pts',(19.748885540954,9.73855534635111,-0.68605974925212));
#3444=CARTESIAN_POINT('Ctrl Pts',(19.6361053359962,9.77229565279895,-0.801349276590129));
#3445=CARTESIAN_POINT('Ctrl Pts',(19.6074373788337,9.93168310810997,-0.772681319427536));
#3446=CARTESIAN_POINT('Ctrl Pts',(20.2421754275291,9.84723952789958,-1.14492623521875));
#3447=CARTESIAN_POINT('Ctrl Pts',(20.1328391992639,9.86416014956427,-1.29808313985776));
#3448=CARTESIAN_POINT('Ctrl Pts',(20.1007305567666,10.0485117005593,-1.26597449736047));
#3449=CARTESIAN_POINT('Ctrl Pts',(21.0021275718881,9.82572290638458,-1.85185037006269));
#3450=CARTESIAN_POINT('Ctrl Pts',(20.869564188544,9.7967301729134,-2.03480812913805));
#3451=CARTESIAN_POINT('Ctrl Pts',(20.8606788634839,10.0253653149444,-2.02592280407776));
#3452=CARTESIAN_POINT('Ctrl Pts',(21.7299567594802,9.62123353924723,-2.52889754716888));
#3453=CARTESIAN_POINT('Ctrl Pts',(21.5593029030476,9.53266554537992,-2.72454684364091));
#3454=CARTESIAN_POINT('Ctrl Pts',(21.5885018287552,9.80552238078392,-2.75374576934908));
#3455=CARTESIAN_POINT('Ctrl Pts',(22.1604570004431,9.37221127455411,-2.92936408725226));
#3456=CARTESIAN_POINT('Ctrl Pts',(21.9332220459977,9.25466341045337,-3.09846598659297));
#3457=CARTESIAN_POINT('Ctrl Pts',(22.0189913245332,9.53781755675466,-3.18423526512707));
#3458=CARTESIAN_POINT('Ctrl Pts',(22.3546899768486,9.2237275334265,-3.11004717173368));
#3459=CARTESIAN_POINT('Ctrl Pts',(22.0979581448293,9.09769387987605,-3.2632020854232));
#3460=CARTESIAN_POINT('Ctrl Pts',(22.2132194659304,9.37819664051388,-3.37846340652428));
#3461=CARTESIAN_POINT('Origin',(19.514553379175,9.84239244264698,-0.396982891565515));
#3462=CARTESIAN_POINT('Origin',(22.3541062590686,9.37862423076903,-3.23653577145906));
#3463=CARTESIAN_POINT('Ctrl Pts',(18.5033717988776,9.02313667009789,0.494009454278977));
#3464=CARTESIAN_POINT('Ctrl Pts',(18.3761889246701,9.08375744667513,0.435040471961743));
#3465=CARTESIAN_POINT('Ctrl Pts',(18.342714988869,9.20246249385222,0.525129825882295));
#3466=CARTESIAN_POINT('Ctrl Pts',(18.6667714666679,9.18659722418254,0.334593855827461));
#3467=CARTESIAN_POINT('Ctrl Pts',(18.5431702029306,9.24660645221864,0.266048155506563));
#3468=CARTESIAN_POINT('Ctrl Pts',(18.5107703608826,9.37419089451703,0.345682028406172));
#3469=CARTESIAN_POINT('Ctrl Pts',(19.0192333909822,9.45393424078579,-0.00483351550781164));
#3470=CARTESIAN_POINT('Ctrl Pts',(18.9017934072146,9.50752868230705,-0.090264835665432));
#3471=CARTESIAN_POINT('Ctrl Pts',(18.8712616833412,9.64875432349255,-0.0325635936483973));
#3472=CARTESIAN_POINT('Ctrl Pts',(19.4132533006553,9.62575675367581,-0.37450575705248));
#3473=CARTESIAN_POINT('Ctrl Pts',(19.299571980523,9.66684492809923,-0.471202929180042));
#3474=CARTESIAN_POINT('Ctrl Pts',(19.2708052187548,9.81528348243887,-0.436940963394982));
#3475=CARTESIAN_POINT('Ctrl Pts',(19.6150068514381,9.68903816473392,-0.561408102319148));
#3476=CARTESIAN_POINT('Ctrl Pts',(19.5028409201357,9.72327173427799,-0.662428397104766));
#3477=CARTESIAN_POINT('Ctrl Pts',(19.4747187620724,9.8737674483483,-0.63966798782882));
#3478=CARTESIAN_POINT('Origin',(18.5861296283331,9.24781548064845,0.550750456899367));
#3479=CARTESIAN_POINT('Ctrl Pts',(17.7960070087943,7.79658740931758,1.17306489871112));
#3480=CARTESIAN_POINT('Ctrl Pts',(17.6502436310245,7.82951712179734,1.16501880507793));
#3481=CARTESIAN_POINT('Ctrl Pts',(17.6091325239044,7.87288401648613,1.30222396971117));
#3482=CARTESIAN_POINT('Ctrl Pts',(17.8310724532922,7.93284078449393,1.13977255171051));
#3483=CARTESIAN_POINT('Ctrl Pts',(17.6866931735963,7.97216548049711,1.12832719024833));
#3484=CARTESIAN_POINT('Ctrl Pts',(17.6461630852702,8.02458796456562,1.26311077965628));
#3485=CARTESIAN_POINT('Ctrl Pts',(17.9207262842535,8.19043910149229,1.05451588207176));
#3486=CARTESIAN_POINT('Ctrl Pts',(17.7797543807763,8.24042460375651,1.03465338935086));
#3487=CARTESIAN_POINT('Ctrl Pts',(17.7405565795671,8.30954934668402,1.16333553065317));
#3488=CARTESIAN_POINT('Ctrl Pts',(18.107911041266,8.54316454933904,0.87546605901993));
#3489=CARTESIAN_POINT('Ctrl Pts',(17.9726233430822,8.60234022888526,0.840577347342056));
#3490=CARTESIAN_POINT('Ctrl Pts',(17.9357397736345,8.69344526137281,0.956615282028839));
#3491=CARTESIAN_POINT('Ctrl Pts',(18.3306952217783,8.84732694358135,0.661034706544402));
#3492=CARTESIAN_POINT('Ctrl Pts',(18.2007500557732,8.90960444475402,0.611129384301832));
#3493=CARTESIAN_POINT('Ctrl Pts',(18.1659831770255,9.01859376164026,0.712422737237627));
#3494=CARTESIAN_POINT('Ctrl Pts',(18.4980676620997,9.02166057292427,0.49897690148445));
#3495=CARTESIAN_POINT('Ctrl Pts',(18.3711673260785,9.08281749488902,0.439820406315701));
#3496=CARTESIAN_POINT('Ctrl Pts',(18.3376987033794,9.20151685310745,0.530175162550587));
#3497=CARTESIAN_POINT('Ctrl Pts',(18.5861296283331,9.10241167251733,0.413456127151302));
#3498=CARTESIAN_POINT('Ctrl Pts',(18.4606398544162,9.16241452235603,0.349909126475628));
#3499=CARTESIAN_POINT('Ctrl Pts',(18.4277602406343,9.28544239946415,0.43458095823319));
#3500=CARTESIAN_POINT('Origin',(17.7960070087943,7.84405439770871,1.36732988632617));
#3501=CARTESIAN_POINT('Ctrl Pts',(17.6453741246244,7.28141969974985,1.24666492005542));
#3502=CARTESIAN_POINT('Ctrl Pts',(17.5020057996922,7.32573979457809,1.24470621285872));
#3503=CARTESIAN_POINT('Ctrl Pts',(17.4619421728909,7.34448691527522,1.38811484302595));
#3504=CARTESIAN_POINT('Ctrl Pts',(17.7027532201451,7.45374552538102,1.23904905560051));
#3505=CARTESIAN_POINT('Ctrl Pts',(17.5583267711688,7.49392015585434,1.23440205331703));
#3506=CARTESIAN_POINT('Ctrl Pts',(17.5178400388725,7.52095386249862,1.37641905241285));
#3507=CARTESIAN_POINT('Ctrl Pts',(17.7520396477335,7.62574392715045,1.21480904254416));
#3508=CARTESIAN_POINT('Ctrl Pts',(17.6068560991123,7.66208167002668,1.20823244438552));
#3509=CARTESIAN_POINT('Ctrl Pts',(17.5660170354493,7.69727402727929,1.34821695789462));
#3510=CARTESIAN_POINT('Ctrl Pts',(17.7960070087946,7.7965874093175,1.17306489871114));
#3511=CARTESIAN_POINT('Ctrl Pts',(17.6502436310248,7.82951712179726,1.16501880507795));
#3512=CARTESIAN_POINT('Ctrl Pts',(17.6091325239047,7.87288401648604,1.30222396971116));
#3513=CARTESIAN_POINT('Origin',(17.6453741246244,7.29024910992337,1.4464499092713));
#3514=CARTESIAN_POINT('Ctrl Pts',(17.2701384597535,6.50290167229138,1.16608827422655));
#3515=CARTESIAN_POINT('Ctrl Pts',(17.1840173784857,6.55275157392962,1.17883995743805));
#3516=CARTESIAN_POINT('Ctrl Pts',(17.1325276748707,6.56262656504511,1.26437213693162));
#3517=CARTESIAN_POINT('Ctrl Pts',(17.3501361509209,6.62356837594545,1.19695500672964));
#3518=CARTESIAN_POINT('Ctrl Pts',(17.2507935170261,6.68201053546157,1.20934547124102));
#3519=CARTESIAN_POINT('Ctrl Pts',(17.1965476440132,6.68464568648456,1.31177461841609));
#3520=CARTESIAN_POINT('Ctrl Pts',(17.4910577875099,6.87446672929006,1.24313596630326));
#3521=CARTESIAN_POINT('Ctrl Pts',(17.3661740970597,6.94090806475867,1.2497874280884));
#3522=CARTESIAN_POINT('Ctrl Pts',(17.3179168613219,6.93556867972824,1.38269538107018));
#3523=CARTESIAN_POINT('Ctrl Pts',(17.5992209171014,7.14280843221766,1.25279078436845));
#3524=CARTESIAN_POINT('Ctrl Pts',(17.4573137713713,7.19283138527409,1.25289218669914));
#3525=CARTESIAN_POINT('Ctrl Pts',(17.4179224376534,7.20573066326626,1.39752241546758));
#3526=CARTESIAN_POINT('Ctrl Pts',(17.6453741246244,7.28141969974981,1.24666492005542));
#3527=CARTESIAN_POINT('Ctrl Pts',(17.5020057996921,7.32573979457805,1.24470621285873));
#3528=CARTESIAN_POINT('Ctrl Pts',(17.4619421728909,7.34448691527517,1.38811484302595));
#3529=CARTESIAN_POINT('',(17.2701384597535,6.50290167229138,1.16608827422655));
#3530=CARTESIAN_POINT('Ctrl Pts',(17.6038662227544,7.16369489004459,1.2492757162068));
#3531=CARTESIAN_POINT('Ctrl Pts',(17.5675639295023,7.066268126221,1.24928683220653));
#3532=CARTESIAN_POINT('Ctrl Pts',(17.5272418000248,6.97132849037501,1.24395139272947));
#3533=CARTESIAN_POINT('Ctrl Pts',(17.4828681607605,6.87882756668581,1.23400443092615));
#3534=CARTESIAN_POINT('Ctrl Pts',(17.4282477692005,6.76496634738225,1.22176051860482));
#3535=CARTESIAN_POINT('Ctrl Pts',(17.3674859473362,6.65480129361822,1.20252959870371));
#3536=CARTESIAN_POINT('Ctrl Pts',(17.2998183066352,6.54857145076455,1.17734271622728));
#3537=CARTESIAN_POINT('Ctrl Pts',(17.2900690376191,6.53326630188115,1.17371389615323));
#3538=CARTESIAN_POINT('Ctrl Pts',(17.2801764923308,6.5180428130494,1.16996140183686));
#3539=CARTESIAN_POINT('Ctrl Pts',(17.2701384597547,6.50290167229318,1.16608827422701));
#3540=CARTESIAN_POINT('Origin',(17.2701384597535,6.45334223040555,1.35983001500526));
#3541=CARTESIAN_POINT('Ctrl Pts',(17.1462974746386,6.31377822841121,1.1101833020709));
#3542=CARTESIAN_POINT('Ctrl Pts',(17.0796771526576,6.34856019625871,1.12188067820493));
#3543=CARTESIAN_POINT('Ctrl Pts',(17.029896536432,6.35844373072032,1.17852560709186));
#3544=CARTESIAN_POINT('Ctrl Pts',(17.1894826326816,6.38276623800628,1.1333734965245));
#3545=CARTESIAN_POINT('Ctrl Pts',(17.1162808276268,6.42551005616161,1.1466700167574));
#3546=CARTESIAN_POINT('Ctrl Pts',(17.0642390112153,6.4350269600098,1.21414038994331));
#3547=CARTESIAN_POINT('Ctrl Pts',(17.235849038856,6.45092243677355,1.15321482705379));
#3548=CARTESIAN_POINT('Ctrl Pts',(17.1556639403207,6.49892273403248,1.16657225244326));
#3549=CARTESIAN_POINT('Ctrl Pts',(17.1032195584963,6.50805091799203,1.24461225009592));
#3550=CARTESIAN_POINT('Ctrl Pts',(17.2815828948131,6.5201984831616,1.17045232678856));
#3551=CARTESIAN_POINT('Ctrl Pts',(17.1936849595663,6.57109762324116,1.18311067417994));
#3552=CARTESIAN_POINT('Ctrl Pts',(17.142282491853,6.5808294489653,1.27108520915608));
#3553=CARTESIAN_POINT('',(17.1571578330928,6.33100903084971,1.11591151383931));
#3554=CARTESIAN_POINT('Ctrl Pts',(17.2701384597535,6.50290167229138,1.16608827422655));
#3555=CARTESIAN_POINT('Ctrl Pts',(17.2470751517068,6.46811350333469,1.15718940591457));
#3556=CARTESIAN_POINT('Ctrl Pts',(17.2239342894267,6.43357519386174,1.14761017074803));
#3557=CARTESIAN_POINT('Ctrl Pts',(17.2011857551581,6.39900352916315,1.13726070486675));
#3558=CARTESIAN_POINT('Ctrl Pts',(17.1862978374809,6.37637789131238,1.13048743348916));
#3559=CARTESIAN_POINT('Ctrl Pts',(17.1715779589225,6.35373822018971,1.12338325189987));
#3560=CARTESIAN_POINT('Ctrl Pts',(17.1571578330928,6.33100903084971,1.11591151383931));
#3561=CARTESIAN_POINT('Origin',(17.1571578330928,6.26855764085574,1.30588999758898));
#3562=CARTESIAN_POINT('Ctrl Pts',(17.0385828046979,6.37751600759412,1.18731496919407));
#3563=CARTESIAN_POINT('Ctrl Pts',(17.0887529508187,6.36744240933211,1.12788821290277));
#3564=CARTESIAN_POINT('Ctrl Pts',(17.1571578330928,6.3310090308497,1.11591151383931));
#3565=CARTESIAN_POINT('Ctrl Pts',(16.9164376593808,6.1739317179515,1.12238690024908));
#3566=CARTESIAN_POINT('Ctrl Pts',(16.9649353652553,6.16622334491043,1.06497029213646));
#3567=CARTESIAN_POINT('Ctrl Pts',(17.027997441008,6.12742474066812,1.04898750406815));
#3568=CARTESIAN_POINT('Ctrl Pts',(16.7113242419731,5.90143308201452,0.994908617789894));
#3569=CARTESIAN_POINT('Ctrl Pts',(16.7563505271555,5.89480598437272,0.94096396193422));
#3570=CARTESIAN_POINT('Ctrl Pts',(16.8104118363669,5.85492610539257,0.918801014692469));
#3571=CARTESIAN_POINT('Ctrl Pts',(16.3656652681318,5.60654834485486,0.799293962142767));
#3572=CARTESIAN_POINT('Ctrl Pts',(16.4016259367368,5.59848516783823,0.746712350193061));
#3573=CARTESIAN_POINT('Ctrl Pts',(16.4444551010875,5.56004136808599,0.717952255919155));
#3574=CARTESIAN_POINT('Ctrl Pts',(16.1251446968688,5.46171438528689,0.683553380054998));
#3575=CARTESIAN_POINT('Ctrl Pts',(16.154995691482,5.45305631347887,0.630639276043522));
#3576=CARTESIAN_POINT('Ctrl Pts',(16.1905747366341,5.41520740854847,0.597858883330686));
#3577=CARTESIAN_POINT('Ctrl Pts',(15.9150762192227,5.36758151888968,0.601012099233692));
#3578=CARTESIAN_POINT('Ctrl Pts',(15.9399010659148,5.35890236400296,0.546990965409274));
#3579=CARTESIAN_POINT('Ctrl Pts',(15.9695333930376,5.32107454213935,0.510868979387896));
#3580=CARTESIAN_POINT('Ctrl Pts',(15.6906978610082,5.28748051642041,0.526946979187748));
#3581=CARTESIAN_POINT('Ctrl Pts',(15.7104195756126,5.2791209174348,0.471164619109851));
#3582=CARTESIAN_POINT('Ctrl Pts',(15.7339634043902,5.24097353970546,0.431560374283778));
#3583=CARTESIAN_POINT('Ctrl Pts',(15.3966323901269,5.21725659000465,0.458324060776435));
#3584=CARTESIAN_POINT('Ctrl Pts',(15.4095577701261,5.20991516462059,0.399022022538642));
#3585=CARTESIAN_POINT('Ctrl Pts',(15.4262971189095,5.17074961302451,0.35507318078908));
#3586=CARTESIAN_POINT('Ctrl Pts',(15.0259571288694,5.17239758522149,0.417371024984901));
#3587=CARTESIAN_POINT('Ctrl Pts',(15.031190031263,5.16780530564929,0.352230751189544));
#3588=CARTESIAN_POINT('Ctrl Pts',(15.040185796513,5.12589060933741,0.302618206899249));
#3589=CARTESIAN_POINT('Ctrl Pts',(14.7708295190191,5.16389423064004,0.415946479121256));
#3590=CARTESIAN_POINT('Ctrl Pts',(14.7722914523329,5.1622297012872,0.346021571803193));
#3591=CARTESIAN_POINT('Ctrl Pts',(14.7754374808233,5.11738725204531,0.292343554151849));
#3592=CARTESIAN_POINT('Ctrl Pts',(14.6433425672542,5.1638942307725,0.420554443691971));
#3593=CARTESIAN_POINT('Ctrl Pts',(14.6433425671606,5.16389423085069,0.348014073321304));
#3594=CARTESIAN_POINT('Ctrl Pts',(14.6433425670387,5.11738725402808,0.292343556525294));
#3595=CARTESIAN_POINT('',(14.6433425670387,5.11738725402808,0.292343556525294));
#3596=CARTESIAN_POINT('Ctrl Pts',(17.1571578330928,6.3310090308497,1.11591151383931));
#3597=CARTESIAN_POINT('Ctrl Pts',(17.1027767726729,6.24529289817575,1.08773415646315));
#3598=CARTESIAN_POINT('Ctrl Pts',(17.0456808476281,6.16363263571287,1.05609017770113));
#3599=CARTESIAN_POINT('Ctrl Pts',(16.9852702637125,6.08611019903789,1.0218508134999));
#3600=CARTESIAN_POINT('Ctrl Pts',(16.9282430508922,6.01292950439687,0.989529068160317));
#3601=CARTESIAN_POINT('Ctrl Pts',(16.8682618239713,5.94343592873823,0.954895201891991));
#3602=CARTESIAN_POINT('Ctrl Pts',(16.8048609330618,5.87767434873852,0.918675453858448));
#3603=CARTESIAN_POINT('Ctrl Pts',(16.7748870571899,5.84658441596667,0.901551936884234));
#3604=CARTESIAN_POINT('Ctrl Pts',(16.7441494578775,5.81632827630808,0.884073800072769));
#3605=CARTESIAN_POINT('Ctrl Pts',(16.7126024362305,5.78690881910128,0.866316593922398));
#3606=CARTESIAN_POINT('Ctrl Pts',(16.7083669238326,5.78295895413045,0.863932506205885));
#3607=CARTESIAN_POINT('Ctrl Pts',(16.7041168245872,5.77902416934725,0.861543386644433));
#3608=CARTESIAN_POINT('Ctrl Pts',(16.6998523335932,5.77510472526381,0.859149663822267));
#3609=CARTESIAN_POINT('Ctrl Pts',(16.6562565104228,5.7350363111369,0.834678673727339));
#3610=CARTESIAN_POINT('Ctrl Pts',(16.6111234607313,5.69654091189816,0.809708550771956));
#3611=CARTESIAN_POINT('Ctrl Pts',(16.5646290910296,5.65988907026449,0.784682988752965));
#3612=CARTESIAN_POINT('Ctrl Pts',(16.5238863935032,5.62777131262956,0.762753260265175));
#3613=CARTESIAN_POINT('Ctrl Pts',(16.4821018690426,5.59706086985846,0.740775039493671));
#3614=CARTESIAN_POINT('Ctrl Pts',(16.4394139366318,5.56794365713552,0.719046018165623));
#3615=CARTESIAN_POINT('Ctrl Pts',(16.4333876544273,5.5638331619448,0.715978518590104));
#3616=CARTESIAN_POINT('Ctrl Pts',(16.4273433680307,5.55975440530386,0.712915974809427));
#3617=CARTESIAN_POINT('Ctrl Pts',(16.4212809232721,5.55570720712818,0.709858868725106));
#3618=CARTESIAN_POINT('Ctrl Pts',(16.3457749737673,5.50530055547942,0.671783520111917));
#3619=CARTESIAN_POINT('Ctrl Pts',(16.2675161999362,5.4598598254262,0.634610555021172));
#3620=CARTESIAN_POINT('Ctrl Pts',(16.1861175679425,5.41894822662654,0.59919377092109));
#3621=CARTESIAN_POINT('Ctrl Pts',(16.1688273142454,5.4102580078222,0.591670730702521));
#3622=CARTESIAN_POINT('Ctrl Pts',(16.1513954189255,5.40177225590963,0.584226781453415));
#3623=CARTESIAN_POINT('Ctrl Pts',(16.1338182144928,5.39348696375717,0.576869876252503));
#3624=CARTESIAN_POINT('Ctrl Pts',(16.1267290928147,5.3901453945997,0.573902737971632));
#3625=CARTESIAN_POINT('Ctrl Pts',(16.1196163348932,5.38683643326975,0.570949757545229));
#3626=CARTESIAN_POINT('Ctrl Pts',(16.1124792365286,5.38355987437445,0.568011362964002));
#3627=CARTESIAN_POINT('Ctrl Pts',(16.0653228807715,5.36191093960696,0.548596753111752));
#3628=CARTESIAN_POINT('Ctrl Pts',(16.0171312257818,5.34168478566266,0.529826604572333));
#3629=CARTESIAN_POINT('Ctrl Pts',(15.9677172114967,5.32282865382123,0.511829264550637));
#3630=CARTESIAN_POINT('Ctrl Pts',(15.9604710969459,5.32006357405017,0.50919011876796));
#3631=CARTESIAN_POINT('Ctrl Pts',(15.9531987161137,5.31732795498768,0.506567584413838));
#3632=CARTESIAN_POINT('Ctrl Pts',(15.9459020634799,5.31462223608072,0.503962766460884));
#3633=CARTESIAN_POINT('Ctrl Pts',(15.9173744108044,5.30404371287434,0.493778734744644));
#3634=CARTESIAN_POINT('Ctrl Pts',(15.8884477847346,5.29391129937857,0.483854993403083));
#3635=CARTESIAN_POINT('Ctrl Pts',(15.8592344490386,5.28425360115642,0.474258626894543));
#3636=CARTESIAN_POINT('Ctrl Pts',(15.8369623448027,5.27689061927305,0.466942404009616));
#3637=CARTESIAN_POINT('Ctrl Pts',(15.8145224360206,5.26980025146967,0.459813157934255));
#3638=CARTESIAN_POINT('Ctrl Pts',(15.7919726327856,5.26299685524881,0.452902081504541));
#3639=CARTESIAN_POINT('Ctrl Pts',(15.7849448548094,5.2608765370524,0.450748204141676));
#3640=CARTESIAN_POINT('Ctrl Pts',(15.777906403169,5.2587840861697,0.448615512145965));
#3641=CARTESIAN_POINT('Ctrl Pts',(15.7708576543209,5.25671924673984,0.446504147020842));
#3642=CARTESIAN_POINT('Ctrl Pts',(15.7115259730415,5.23933880127586,0.428732079187748));
#3643=CARTESIAN_POINT('Ctrl Pts',(15.6515229640654,5.22394390053556,0.412501961708007));
#3644=CARTESIAN_POINT('Ctrl Pts',(15.5908733506546,5.21031599120443,0.397829926841253));
#3645=CARTESIAN_POINT('Ctrl Pts',(15.5356100400229,5.1978983788855,0.38446091795821));
#3646=CARTESIAN_POINT('Ctrl Pts',(15.4798089399883,5.1869481255192,0.372385306737963));
#3647=CARTESIAN_POINT('Ctrl Pts',(15.4234759248868,5.17732410556865,0.361635056574634));
#3648=CARTESIAN_POINT('Ctrl Pts',(15.4179853621188,5.1763860892824,0.360587270952172));
#3649=CARTESIAN_POINT('Ctrl Pts',(15.4124897436538,5.17546068260298,0.35955208518967));
#3650=CARTESIAN_POINT('Ctrl Pts',(15.4069890965793,5.17454777732728,0.358529460689799));
#3651=CARTESIAN_POINT('Ctrl Pts',(15.3450519697099,5.16426849034252,0.347014738416213));
#3652=CARTESIAN_POINT('Ctrl Pts',(15.282472356871,5.1555848932305,0.337104972026965));
#3653=CARTESIAN_POINT('Ctrl Pts',(15.2194152817377,5.14832466271621,0.328723790107714));
#3654=CARTESIAN_POINT('Ctrl Pts',(15.1594374580384,5.14141896934427,0.320751884489158));
#3655=CARTESIAN_POINT('Ctrl Pts',(15.0990424391109,5.13579727676699,0.314158340827206));
#3656=CARTESIAN_POINT('Ctrl Pts',(15.0383344277398,5.1313269179992,0.30889296646252));
#3657=CARTESIAN_POINT('Ctrl Pts',(15.0033053133338,5.12874747740849,0.305854794121759));
#3658=CARTESIAN_POINT('Ctrl Pts',(14.9681719920009,5.12655137703525,0.3032588107935));
#3659=CARTESIAN_POINT('Ctrl Pts',(14.9329760881787,5.12471553361422,0.301082755342651));
#3660=CARTESIAN_POINT('Ctrl Pts',(14.8536993622258,5.12058040310254,0.296181317024517));
#3661=CARTESIAN_POINT('Ctrl Pts',(14.7740613116264,5.11828499642698,0.293424618643567));
#3662=CARTESIAN_POINT('Ctrl Pts',(14.6943648905777,5.11760416973497,0.292604998310507));
#3663=CARTESIAN_POINT('Ctrl Pts',(14.6773590876173,5.1174588933923,0.292430105866117));
#3664=CARTESIAN_POINT('Ctrl Pts',(14.6603506474677,5.11738725401102,0.292343556504879));
#3665=CARTESIAN_POINT('Ctrl Pts',(14.6433425670387,5.11738725402808,0.292343556525294));
#3666=CARTESIAN_POINT('Origin',(14.6433425670387,4.9639142307725,0.420554443476409));
#3667=CARTESIAN_POINT('Ctrl Pts',(10.0580044710419,9.16349423076917,0.952219074737594));
#3668=CARTESIAN_POINT('Ctrl Pts',(10.1994116851436,9.16349423076917,1.09362628883928));
#3669=CARTESIAN_POINT('Ctrl Pts',(10.1994116851436,9.36347423076917,1.09362628883928));
#3670=CARTESIAN_POINT('Ctrl Pts',(10.0166288557124,9.16349423076917,0.99359469532955));
#3671=CARTESIAN_POINT('Ctrl Pts',(10.1596947688026,9.16349423076914,1.15008546753813));
#3672=CARTESIAN_POINT('Ctrl Pts',(10.1527060947649,9.37497246044326,1.14033187921797));
#3673=CARTESIAN_POINT('Ctrl Pts',(9.92999752590078,9.16349423076917,1.07097737167003));
#3674=CARTESIAN_POINT('Ctrl Pts',(10.0734047975321,9.16349423076919,1.26148214619885));
#3675=CARTESIAN_POINT('Ctrl Pts',(10.0526441507671,9.39785033100192,1.22718147055784));
#3676=CARTESIAN_POINT('Ctrl Pts',(9.78560876345189,9.16349423076917,1.16868033349687));
#3677=CARTESIAN_POINT('Ctrl Pts',(9.92120547978688,9.16349423076916,1.42054748870403));
#3678=CARTESIAN_POINT('Ctrl Pts',(9.87878859167123,9.43158019291021,1.33434303137517));
#3679=CARTESIAN_POINT('Ctrl Pts',(9.62462362223303,9.16349423076917,1.24064956536406));
#3680=CARTESIAN_POINT('Ctrl Pts',(9.72513770290561,9.16349423076918,1.5748660842037));
#3681=CARTESIAN_POINT('Ctrl Pts',(9.67759116592301,9.46373935078014,1.4083748477292));
#3682=CARTESIAN_POINT('Ctrl Pts',(9.50820759086271,9.16349423076917,1.2617346062463));
#3683=CARTESIAN_POINT('Ctrl Pts',(9.55382922747718,9.16349423076914,1.65798560387565));
#3684=CARTESIAN_POINT('Ctrl Pts',(9.52695889996505,9.48242608753963,1.42282004829403));
#3685=CARTESIAN_POINT('Ctrl Pts',(9.4492056174289,9.16349423076917,1.26173465641447));
#3686=CARTESIAN_POINT('Ctrl Pts',(9.4492056174289,9.16349423076917,1.68471406576774));
#3687=CARTESIAN_POINT('Ctrl Pts',(9.4492056174289,9.49038461538455,1.41628482521663));
#3688=CARTESIAN_POINT('',(9.4492056174289,9.16349423076917,1.26173465641447));
#3689=CARTESIAN_POINT('Origin',(9.4492056174289,9.36347423076917,1.26173465641447));
#3690=CARTESIAN_POINT('',(10.0580044710429,9.16349423076917,0.952219074736628));
#3691=CARTESIAN_POINT('Ctrl Pts',(9.4492056174289,9.16349423076917,1.26173465641448));
#3692=CARTESIAN_POINT('Ctrl Pts',(9.49638975142275,9.16349423076917,1.26173465641447));
#3693=CARTESIAN_POINT('Ctrl Pts',(9.54302493698228,9.1634942307704,1.25499932093016));
#3694=CARTESIAN_POINT('Ctrl Pts',(9.58840697258282,9.16349423080024,1.24348277077695));
#3695=CARTESIAN_POINT('Ctrl Pts',(9.59980477410831,9.16349423080773,1.2405903629956));
#3696=CARTESIAN_POINT('Ctrl Pts',(9.61112349382117,9.16349423081655,1.23739610267899));
#3697=CARTESIAN_POINT('Ctrl Pts',(9.62235187358888,9.16349423082577,1.23393050009336));
#3698=CARTESIAN_POINT('Ctrl Pts',(9.67822601126759,9.16349423087166,1.21668513076889));
#3699=CARTESIAN_POINT('Ctrl Pts',(9.73186641625862,9.16349423090181,1.19272374707045));
#3700=CARTESIAN_POINT('Ctrl Pts',(9.78284517739772,9.16349423083417,1.16439583533928));
#3701=CARTESIAN_POINT('Ctrl Pts',(9.8286686491396,9.16349423077337,1.13893261823249));
#3702=CARTESIAN_POINT('Ctrl Pts',(9.87216170552813,9.16349423077348,1.11004815611614));
#3703=CARTESIAN_POINT('Ctrl Pts',(9.91366016206077,9.16349423077078,1.07861913814229));
#3704=CARTESIAN_POINT('Ctrl Pts',(9.91832887229389,9.16349423077047,1.07508327223084));
#3705=CARTESIAN_POINT('Ctrl Pts',(9.92297230943535,9.16349423077024,1.07151515427044));
#3706=CARTESIAN_POINT('Ctrl Pts',(9.92759093158854,9.16349423077006,1.06791600054214));
#3707=CARTESIAN_POINT('Ctrl Pts',(9.97331323130118,9.16349423076823,1.03228598361962));
#3708=CARTESIAN_POINT('Ctrl Pts',(10.0166060229407,9.16349423076917,0.993617528104182));
#3709=CARTESIAN_POINT('Ctrl Pts',(10.0580044710419,9.16349423076917,0.952219074737595));
#3710=CARTESIAN_POINT('Origin',(10.0580044710429,9.36347423076917,0.952219074736628));
#3711=CARTESIAN_POINT('Origin',(15.2354989960375,9.36347423076917,-4.22527545025794));
#3712=CARTESIAN_POINT('',(10.5656459993005,9.16349423076917,0.444577546479034));
#3713=CARTESIAN_POINT('',(10.0580044710429,9.16349423076917,0.952219074736627));
#3714=CARTESIAN_POINT('Origin',(10.5656459993005,9.36347423076917,0.444577546479034));
#3715=CARTESIAN_POINT('Ctrl Pts',(10.7488444397725,9.37819664051498,0.544193534210452));
#3716=CARTESIAN_POINT('Ctrl Pts',(10.8641057608733,9.09769387987746,0.428932213109647));
#3717=CARTESIAN_POINT('Ctrl Pts',(10.6073739288544,9.22372753342746,0.275777299420031));
#3718=CARTESIAN_POINT('Ctrl Pts',(10.9430725811691,9.53781755675532,0.349965392813837));
#3719=CARTESIAN_POINT('Ctrl Pts',(11.0288418597028,9.25466341045569,0.264196114278873));
#3720=CARTESIAN_POINT('Ctrl Pts',(10.801606905259,9.37221127455502,0.0950942149384626));
#3721=CARTESIAN_POINT('Ctrl Pts',(11.3735620769471,9.80552238078412,-0.0805241029641759));
#3722=CARTESIAN_POINT('Ctrl Pts',(11.402761002655,9.53266554537967,-0.109723028671604));
#3723=CARTESIAN_POINT('Ctrl Pts',(11.2321071462224,9.62123353924719,-0.305372325143892));
#3724=CARTESIAN_POINT('Ctrl Pts',(12.1013850422177,10.0253653149444,-0.808347068234828));
#3725=CARTESIAN_POINT('Ctrl Pts',(12.0924997171578,9.79673017291391,-0.799461743174931));
#3726=CARTESIAN_POINT('Ctrl Pts',(11.9599363338136,9.82572290638464,-0.982419502249781));
#3727=CARTESIAN_POINT('Ctrl Pts',(12.8613333489344,10.0485117005592,-1.56829537495151));
#3728=CARTESIAN_POINT('Ctrl Pts',(12.8292247064367,9.86416014956407,-1.53618673245403));
#3729=CARTESIAN_POINT('Ctrl Pts',(12.7198884781718,9.84723952789948,-1.68934363709339));
#3730=CARTESIAN_POINT('Ctrl Pts',(13.354626526867,9.93168310811019,-2.06158855288413));
#3731=CARTESIAN_POINT('Ctrl Pts',(13.3259585697052,9.77229565279975,-2.03292059572167));
#3732=CARTESIAN_POINT('Ctrl Pts',(13.2131783647471,9.73855534635151,-2.14821012305895));
#3733=CARTESIAN_POINT('Ctrl Pts',(13.5895471615521,9.84215264960583,-2.2965091875692));
#3734=CARTESIAN_POINT('Ctrl Pts',(13.5610931230618,9.6928298739258,-2.2680551490789));
#3735=CARTESIAN_POINT('Ctrl Pts',(13.4480979491379,9.65526948934244,-2.36673576502533));
#3736=CARTESIAN_POINT('',(10.6079576466331,9.22409423076917,0.275330957148554));
#3737=CARTESIAN_POINT('',(13.4475105265265,9.65550652088805,-2.36611358228716));
#3738=CARTESIAN_POINT('Origin',(12.4273584819358,7.16369423076917,-1.41713493615624));
#3739=CARTESIAN_POINT('Origin',(13.4475105265265,9.84239244264697,-2.43728698074698));
#3740=CARTESIAN_POINT('Origin',(10.6079576466331,9.37862423076917,0.402265899146414));
#3741=CARTESIAN_POINT('Ctrl Pts',(13.5532965747458,9.8539003998773,-2.26029427198232));
#3742=CARTESIAN_POINT('Ctrl Pts',(13.5249758075049,9.70414688729343,-2.23385971221274));
#3743=CARTESIAN_POINT('Ctrl Pts',(13.4122948289543,9.66773206825482,-2.33337817176633));
#3744=CARTESIAN_POINT('Ctrl Pts',(13.734418289259,9.79684618699323,-2.44105258529761));
#3745=CARTESIAN_POINT('Ctrl Pts',(13.705497016837,9.64921807811431,-2.40433762221463));
#3746=CARTESIAN_POINT('Ctrl Pts',(13.5913712867321,9.60682625212027,-2.49972352319656));
#3747=CARTESIAN_POINT('Ctrl Pts',(14.0859061739773,9.6449074051264,-2.79737407344064));
#3748=CARTESIAN_POINT('Ctrl Pts',(14.0554275118048,9.50392017159307,-2.74001640918883));
#3749=CARTESIAN_POINT('Ctrl Pts',(13.9378669606897,9.45075437443705,-2.82519102863102));
#3750=CARTESIAN_POINT('Ctrl Pts',(14.412525808448,9.40328728886501,-3.13930426391595));
#3751=CARTESIAN_POINT('Ctrl Pts',(14.380379452646,9.27422985689887,-3.06213258660831));
#3752=CARTESIAN_POINT('Ctrl Pts',(14.2573872422048,9.21498933567235,-3.13238741957395));
#3753=CARTESIAN_POINT('Ctrl Pts',(14.5643835320907,9.25694509157953,-3.30081310506932));
#3754=CARTESIAN_POINT('Ctrl Pts',(14.5312981675266,9.13539408217778,-3.21423404215697));
#3755=CARTESIAN_POINT('Ctrl Pts',(14.4052237163639,9.0751315924035,-3.27619349061969));
#3756=CARTESIAN_POINT('',(14.3759342773684,9.10241167251733,-3.24772599946379));
#3757=CARTESIAN_POINT('Ctrl Pts',(13.4475105265265,9.65550652088805,-2.36611358228716));
#3758=CARTESIAN_POINT('Ctrl Pts',(13.6133390704519,9.59675867598102,-2.52037269291538));
#3759=CARTESIAN_POINT('Ctrl Pts',(13.9354710798918,9.4490859848794,-2.82314976295301));
#3760=CARTESIAN_POINT('Ctrl Pts',(14.2355750218108,9.23111836368059,-3.11141707059955));
#3761=CARTESIAN_POINT('Ctrl Pts',(14.3759342773684,9.10241167251733,-3.24772599946379));
#3762=CARTESIAN_POINT('Origin',(14.3759342773684,9.24781548064844,-3.38502032921186));
#3763=CARTESIAN_POINT('Ctrl Pts',(14.5343036650672,9.28544239946414,-3.26885083054568));
#3764=CARTESIAN_POINT('Ctrl Pts',(14.5014240512853,9.16241452235603,-3.18417899878812));
#3765=CARTESIAN_POINT('Ctrl Pts',(14.3759342773684,9.10241167251733,-3.24772599946379));
#3766=CARTESIAN_POINT('Ctrl Pts',(14.6243922203983,9.20149167587883,-3.36447371274047));
#3767=CARTESIAN_POINT('Ctrl Pts',(14.5909234073071,9.08279362838875,-3.2741172378687));
#3768=CARTESIAN_POINT('Ctrl Pts',(14.4640226618305,9.02163634796459,-3.33327242963718));
#3769=CARTESIAN_POINT('Ctrl Pts',(14.7962871853691,9.01847013955272,-3.54691217161857));
#3770=CARTESIAN_POINT('Ctrl Pts',(14.7615179020125,8.9094885075707,-3.44560428055916));
#3771=CARTESIAN_POINT('Ctrl Pts',(14.6315721279257,8.84720136384075,-3.49550290676706));
#3772=CARTESIAN_POINT('Ctrl Pts',(14.9889323875834,8.74606077835763,-3.75122701170574));
#3773=CARTESIAN_POINT('Ctrl Pts',(14.9524560256062,8.65197582689456,-3.63764862132399));
#3774=CARTESIAN_POINT('Ctrl Pts',(14.817967990572,8.59239664863245,-3.67490521801668));
#3775=CARTESIAN_POINT('Ctrl Pts',(15.1251499397136,8.49928850852755,-3.89555397930608));
#3776=CARTESIAN_POINT('Ctrl Pts',(15.0872019406609,8.4190988496509,-3.77322030312658));
#3777=CARTESIAN_POINT('Ctrl Pts',(14.9489349104754,8.36476053866226,-3.80040194817837));
#3778=CARTESIAN_POINT('Ctrl Pts',(15.244842548204,8.23847786299811,-4.02226915695492));
#3779=CARTESIAN_POINT('Ctrl Pts',(15.2053406279728,8.17344597807548,-3.89210620432854));
#3780=CARTESIAN_POINT('Ctrl Pts',(15.0634931942206,8.12621099029603,-3.90985026926446));
#3781=CARTESIAN_POINT('Ctrl Pts',(15.3158887532149,8.02463740023531,-4.09736790591761));
#3782=CARTESIAN_POINT('Ctrl Pts',(15.2753588471792,7.97221199233363,-3.96258509870558));
#3783=CARTESIAN_POINT('Ctrl Pts',(15.1309800254553,7.93288518533621,-3.9740315750569));
#3784=CARTESIAN_POINT('Ctrl Pts',(15.3529313817971,7.87288401648613,-4.13649384202365));
#3785=CARTESIAN_POINT('Ctrl Pts',(15.311820274677,7.82951712179734,-3.99928867739042));
#3786=CARTESIAN_POINT('Ctrl Pts',(15.1660568969072,7.79658740931758,-4.0073347710236));
#3787=CARTESIAN_POINT('',(15.1660568969072,7.79658740931758,-4.0073347710236));
#3788=CARTESIAN_POINT('Ctrl Pts',(14.3759342773684,9.10241167251733,-3.24772599946379));
#3789=CARTESIAN_POINT('Ctrl Pts',(14.4383041481544,9.04521972166233,-3.30829607154196));
#3790=CARTESIAN_POINT('Ctrl Pts',(14.4985803260088,8.98474304452184,-3.36670840358489));
#3791=CARTESIAN_POINT('Ctrl Pts',(14.5567019594167,8.92055223473079,-3.42292273101834));
#3792=CARTESIAN_POINT('Ctrl Pts',(14.5798543633724,8.89498221077604,-3.44531537108243));
#3793=CARTESIAN_POINT('Ctrl Pts',(14.6026646321744,8.86882241299847,-3.46735896949235));
#3794=CARTESIAN_POINT('Ctrl Pts',(14.6251278606915,8.84204391588732,-3.48904988591851));
#3795=CARTESIAN_POINT('Ctrl Pts',(14.6257408760417,8.84131313803973,-3.48964182508345));
#3796=CARTESIAN_POINT('Ctrl Pts',(14.6263536332633,8.84058190020755,-3.49023350086957));
#3797=CARTESIAN_POINT('Ctrl Pts',(14.6269661319685,8.83985020213144,-3.4908249129263));
#3798=CARTESIAN_POINT('Ctrl Pts',(14.6732475808002,8.78456184514111,-3.53551301856424));
#3799=CARTESIAN_POINT('Ctrl Pts',(14.7180513241056,8.72664267391112,-3.578693640199));
#3800=CARTESIAN_POINT('Ctrl Pts',(14.7609905775579,8.66606510960435,-3.62000853131308));
#3801=CARTESIAN_POINT('Ctrl Pts',(14.790581695054,8.62431874284427,-3.64848023724644));
#3802=CARTESIAN_POINT('Ctrl Pts',(14.8192876717218,8.58131058413815,-3.67606622365228));
#3803=CARTESIAN_POINT('Ctrl Pts',(14.8469890335449,8.53704229299901,-3.70265628756846));
#3804=CARTESIAN_POINT('Ctrl Pts',(14.8477262191755,8.53586423004579,-3.70336389945989));
#3805=CARTESIAN_POINT('Ctrl Pts',(14.8484626913122,8.53468528187328,-3.70407080246025));
#3806=CARTESIAN_POINT('Ctrl Pts',(14.8491984508516,8.53350544371967,-3.70477699751546));
#3807=CARTESIAN_POINT('Ctrl Pts',(14.8737934805072,8.49406571807205,-3.72838374319151));
#3808=CARTESIAN_POINT('Ctrl Pts',(14.897594667496,8.45363373841823,-3.75120180969052));
#3809=CARTESIAN_POINT('Ctrl Pts',(14.9204886108627,8.4122725330891,-3.77312750807641));
#3810=CARTESIAN_POINT('Ctrl Pts',(14.9286969274155,8.39744302727144,-3.78098867336844));
#3811=CARTESIAN_POINT('Ctrl Pts',(14.9367883280608,8.38249383943036,-3.78873484002401));
#3812=CARTESIAN_POINT('Ctrl Pts',(14.9447564638193,8.36742725976036,-3.7963601328751));
#3813=CARTESIAN_POINT('Ctrl Pts',(14.9454665623937,8.3660845671821,-3.79703967822265));
#3814=CARTESIAN_POINT('Ctrl Pts',(14.946175688333,8.36474092931741,-3.79771826964646));
#3815=CARTESIAN_POINT('Ctrl Pts',(14.9468838310975,8.36339635891818,-3.798395897016));
#3816=CARTESIAN_POINT('Ctrl Pts',(14.9686262996258,8.3221133280698,-3.8192014358085));
#3817=CARTESIAN_POINT('Ctrl Pts',(14.989439121407,8.27994955535761,-3.83909537532598));
#3818=CARTESIAN_POINT('Ctrl Pts',(15.0092269981309,8.23697987980137,-3.8579866482457));
#3819=CARTESIAN_POINT('Ctrl Pts',(15.0168003428439,8.22053424646048,-3.86521683892689));
#3820=CARTESIAN_POINT('Ctrl Pts',(15.0242239052615,8.20397077748365,-3.87230050736937));
#3821=CARTESIAN_POINT('Ctrl Pts',(15.0314936509943,8.18729454163501,-3.87923383861997));
#3822=CARTESIAN_POINT('Ctrl Pts',(15.0319357074203,8.18628049829856,-3.87965543845928));
#3823=CARTESIAN_POINT('Ctrl Pts',(15.0323771914362,8.18526603808259,-3.88007648266905));
#3824=CARTESIAN_POINT('Ctrl Pts',(15.0328181033279,8.18425115931503,-3.88049697166375));
#3825=CARTESIAN_POINT('Ctrl Pts',(15.0591906042557,8.1235476678818,-3.90564790683304));
#3826=CARTESIAN_POINT('Ctrl Pts',(15.0835193197016,8.06134878332401,-3.92881559097797));
#3827=CARTESIAN_POINT('Ctrl Pts',(15.1056342757188,7.99739292670273,-3.9498679530249));
#3828=CARTESIAN_POINT('Ctrl Pts',(15.1264542682736,7.93718206950511,-3.96968757286655));
#3829=CARTESIAN_POINT('Ctrl Pts',(15.1453118140542,7.87541269679607,-3.98763227953994));
#3830=CARTESIAN_POINT('Ctrl Pts',(15.1620759616814,7.81186488535855,-4.00355444365248));
#3831=CARTESIAN_POINT('Ctrl Pts',(15.1634163653242,7.80678382070572,-4.00482752518651));
#3832=CARTESIAN_POINT('Ctrl Pts',(15.1647433690403,7.80169136923505,-4.00608766206626));
#3833=CARTESIAN_POINT('Ctrl Pts',(15.166056896913,7.79658740932071,-4.00733477102284));
#3834=CARTESIAN_POINT('Origin',(15.1660568969072,7.84405439770871,-4.20159975863865));
#3835=CARTESIAN_POINT('Ctrl Pts',(15.3166897810771,7.28141969974984,-4.08093479236791));
#3836=CARTESIAN_POINT('Ctrl Pts',(15.4600581060094,7.32573979457809,-4.07897608517121));
#3837=CARTESIAN_POINT('Ctrl Pts',(15.5001217328106,7.34448691527521,-4.22238471533843));
#3838=CARTESIAN_POINT('Ctrl Pts',(15.2593106855561,7.45374552538052,-4.07331892791302));
#3839=CARTESIAN_POINT('Ctrl Pts',(15.4037371345323,7.49392015585376,-4.06867192562975));
#3840=CARTESIAN_POINT('Ctrl Pts',(15.4442238668289,7.52095386249861,-4.2106889247249));
#3841=CARTESIAN_POINT('Ctrl Pts',(15.2100242579682,7.62574392715031,-4.04907891485667));
#3842=CARTESIAN_POINT('Ctrl Pts',(15.3552078065892,7.66208167002718,-4.04250231669769));
#3843=CARTESIAN_POINT('Ctrl Pts',(15.3960468702521,7.69727402727968,-4.18248683020675));
#3844=CARTESIAN_POINT('Ctrl Pts',(15.1660568969069,7.7965874093175,-4.00733477102362));
#3845=CARTESIAN_POINT('Ctrl Pts',(15.3118202746767,7.82951712179726,-3.99928867739044));
#3846=CARTESIAN_POINT('Ctrl Pts',(15.3529313817968,7.87288401648604,-4.13649384202364));
#3847=CARTESIAN_POINT('',(15.3166897810771,7.28141969974981,-4.08093479236791));
#3848=CARTESIAN_POINT('Ctrl Pts',(15.1660568969072,7.79658740931758,-4.0073347710236));
#3849=CARTESIAN_POINT('Ctrl Pts',(15.2100812552818,7.62552247413669,-4.04913302500672));
#3850=CARTESIAN_POINT('Ctrl Pts',(15.2593958363588,7.45348978409196,-4.07333023028736));
#3851=CARTESIAN_POINT('Ctrl Pts',(15.3166897810772,7.28141969974984,-4.08093479236791));
#3852=CARTESIAN_POINT('Origin',(15.3166897810771,7.29024910992336,-4.28071978158378));
#3853=CARTESIAN_POINT('Ctrl Pts',(15.691925445948,6.50290167229138,-4.00035814653904));
#3854=CARTESIAN_POINT('Ctrl Pts',(15.7780465272159,6.55275157392962,-4.01310982975054));
#3855=CARTESIAN_POINT('Ctrl Pts',(15.8295362308309,6.56262656504512,-4.0986420092441));
#3856=CARTESIAN_POINT('Ctrl Pts',(15.6119277547797,6.62356837594507,-4.03122487904203));
#3857=CARTESIAN_POINT('Ctrl Pts',(15.7112703886744,6.6820105354612,-4.04361534355373));
#3858=CARTESIAN_POINT('Ctrl Pts',(15.7655162616878,6.68464568648471,-4.14604449072803));
#3859=CARTESIAN_POINT('Ctrl Pts',(15.471006118192,6.87446672929019,-4.07740583861579));
#3860=CARTESIAN_POINT('Ctrl Pts',(15.5958898086423,6.94090806475878,-4.0840573004008));
#3861=CARTESIAN_POINT('Ctrl Pts',(15.6441470443798,6.93556867972816,-4.21696525338281));
#3862=CARTESIAN_POINT('Ctrl Pts',(15.3628429886003,7.14280843221778,-4.08706065668093));
#3863=CARTESIAN_POINT('Ctrl Pts',(15.5047501343305,7.19283138527435,-4.08716205901154));
#3864=CARTESIAN_POINT('Ctrl Pts',(15.5441414680482,7.20573066326629,-4.23179228778031));
#3865=CARTESIAN_POINT('Ctrl Pts',(15.3166897810771,7.28141969974981,-4.08093479236791));
#3866=CARTESIAN_POINT('Ctrl Pts',(15.4600581060094,7.32573979457805,-4.07897608517121));
#3867=CARTESIAN_POINT('Ctrl Pts',(15.5001217328107,7.34448691527517,-4.22238471533844));
#3868=CARTESIAN_POINT('',(15.691925445948,6.50290167229138,-4.00035814653903));
#3869=CARTESIAN_POINT('Ctrl Pts',(15.3166897810772,7.28141969974982,-4.08093479236791));
#3870=CARTESIAN_POINT('Ctrl Pts',(15.3629912391102,7.14236319358325,-4.08708033380755));
#3871=CARTESIAN_POINT('Ctrl Pts',(15.4171297971211,7.008209731372,-4.08218723944336));
#3872=CARTESIAN_POINT('Ctrl Pts',(15.479195744941,6.87882756668581,-4.06827430323864));
#3873=CARTESIAN_POINT('Ctrl Pts',(15.5338161364835,6.76496634741827,-4.05603039092117));
#3874=CARTESIAN_POINT('Ctrl Pts',(15.594577958326,6.65480129368785,-4.03679947102832));
#3875=CARTESIAN_POINT('Ctrl Pts',(15.6622455990016,6.5485714508657,-4.01161258856375));
#3876=CARTESIAN_POINT('Ctrl Pts',(15.6719948680386,6.53326630194821,-4.00798376848225));
#3877=CARTESIAN_POINT('Ctrl Pts',(15.6818874133484,6.51804281308275,-4.00423127415788));
#3878=CARTESIAN_POINT('Ctrl Pts',(15.6919254459468,6.50290167229318,-4.00035814653949));
#3879=CARTESIAN_POINT('Origin',(15.691925445948,6.45334223040555,-4.19409988731774));
#3880=CARTESIAN_POINT('Ctrl Pts',(15.8157664310629,6.31377822841119,-3.94445317438338));
#3881=CARTESIAN_POINT('Ctrl Pts',(15.8823867530439,6.34856019625869,-3.95615055051737));
#3882=CARTESIAN_POINT('Ctrl Pts',(15.9321673692695,6.35844373072029,-4.01279547940432));
#3883=CARTESIAN_POINT('Ctrl Pts',(15.7725812730201,6.38276623800633,-3.96764336883701));
#3884=CARTESIAN_POINT('Ctrl Pts',(15.8457830780749,6.42551005616164,-3.98093988906998));
#3885=CARTESIAN_POINT('Ctrl Pts',(15.8978248944863,6.43502696000987,-4.04841026225587));
#3886=CARTESIAN_POINT('Ctrl Pts',(15.7262148668456,6.45092243677361,-3.98748469936629));
#3887=CARTESIAN_POINT('Ctrl Pts',(15.8063999653807,6.49892273403265,-4.00084212475627));
#3888=CARTESIAN_POINT('Ctrl Pts',(15.8588443472053,6.50805091799218,-4.07888212240861));
#3889=CARTESIAN_POINT('Ctrl Pts',(15.6804810108885,6.52019848316158,-4.00472219910104));
#3890=CARTESIAN_POINT('Ctrl Pts',(15.7683789461352,6.57109762324112,-4.01738054649227));
#3891=CARTESIAN_POINT('Ctrl Pts',(15.8197814138485,6.58082944896526,-4.1053550814685));
#3892=CARTESIAN_POINT('',(15.8049060726087,6.3310090308497,-3.9501813861518));
#3893=CARTESIAN_POINT('Ctrl Pts',(15.691925445948,6.50290167229138,-4.00035814653904));
#3894=CARTESIAN_POINT('Ctrl Pts',(15.7149887539948,6.46811350333466,-3.99145927822705));
#3895=CARTESIAN_POINT('Ctrl Pts',(15.7381296162748,6.43357519386168,-3.9818800430605));
#3896=CARTESIAN_POINT('Ctrl Pts',(15.7608781505435,6.39900352916305,-3.97153057717921));
#3897=CARTESIAN_POINT('Ctrl Pts',(15.7757660682207,6.37637789131231,-3.96475730580163));
#3898=CARTESIAN_POINT('Ctrl Pts',(15.790485946779,6.35373822018967,-3.95765312421234));
#3899=CARTESIAN_POINT('Ctrl Pts',(15.8049060726087,6.3310090308497,-3.9501813861518));
#3900=CARTESIAN_POINT('Origin',(15.8049060726087,6.26855764085574,-4.14015986990146));
#3901=CARTESIAN_POINT('Ctrl Pts',(15.9234811010036,6.37751600759412,-4.02158484150656));
#3902=CARTESIAN_POINT('Ctrl Pts',(15.8733109548828,6.3674424093321,-3.96215808521526));
#3903=CARTESIAN_POINT('Ctrl Pts',(15.8049060726087,6.3310090308497,-3.9501813861518));
#3904=CARTESIAN_POINT('Ctrl Pts',(16.0456262460824,6.17393171834969,-3.95665677268917));
#3905=CARTESIAN_POINT('Ctrl Pts',(15.9971285402056,6.16622334530185,-3.89924016457154));
#3906=CARTESIAN_POINT('Ctrl Pts',(15.9340664644416,6.12742474106643,-3.88325737651157));
#3907=CARTESIAN_POINT('Ctrl Pts',(16.2507396630335,5.90143308289934,-3.82917849054914));
#3908=CARTESIAN_POINT('Ctrl Pts',(16.2057133778419,5.89480598525257,-3.77523383468039));
#3909=CARTESIAN_POINT('Ctrl Pts',(16.1516520685968,5.85492610627736,-3.75307088746049));
#3910=CARTESIAN_POINT('Ctrl Pts',(16.5963986359821,5.60654834604482,-3.63356383531361));
#3911=CARTESIAN_POINT('Ctrl Pts',(16.5604379673408,5.59848516903058,-3.58098222335814));
#3912=CARTESIAN_POINT('Ctrl Pts',(16.5176088029347,5.56004136927595,-3.55222212911542));
#3913=CARTESIAN_POINT('Ctrl Pts',(16.8369192065962,5.46171438649794,-3.51782325337505));
#3914=CARTESIAN_POINT('Ctrl Pts',(16.8070682119296,5.45305631469229,-3.4649091493689));
#3915=CARTESIAN_POINT('Ctrl Pts',(16.7714891667094,5.41520740975953,-3.43212875669361));
#3916=CARTESIAN_POINT('Ctrl Pts',(17.0469876836245,5.36758152004585,-3.43528197258834));
#3917=CARTESIAN_POINT('Ctrl Pts',(17.0221628368662,5.35890236515728,-3.3812608387821));
#3918=CARTESIAN_POINT('Ctrl Pts',(16.9925305096635,5.32107454329551,-3.34513885280576));
#3919=CARTESIAN_POINT('Ctrl Pts',(17.2713660411545,5.28748051746143,-3.36121685249825));
#3920=CARTESIAN_POINT('Ctrl Pts',(17.2516443264697,5.2791209184675,-3.30543449245575));
#3921=CARTESIAN_POINT('Ctrl Pts',(17.2281004976024,5.24097354074648,-3.26583024768291));
#3922=CARTESIAN_POINT('Ctrl Pts',(17.56543151137,5.21725659076455,-3.29259393383223));
#3923=CARTESIAN_POINT('Ctrl Pts',(17.5525061312763,5.20991516535894,-3.23329189565261));
#3924=CARTESIAN_POINT('Ctrl Pts',(17.5357667824019,5.17074961378445,-3.18934305396564));
#3925=CARTESIAN_POINT('Ctrl Pts',(17.9361067716114,5.17239758562624,-3.25164089761049));
#3926=CARTESIAN_POINT('Ctrl Pts',(17.9308738691109,5.16780530600621,-3.18650062390555));
#3927=CARTESIAN_POINT('Ctrl Pts',(17.9218781037604,5.12589060974206,-3.13688807969594));
#3928=CARTESIAN_POINT('Ctrl Pts',(18.1912343809685,5.16389423077259,-3.25021635139169));
#3929=CARTESIAN_POINT('Ctrl Pts',(18.1897724475553,5.16222970135214,-3.18029144418429));
#3930=CARTESIAN_POINT('Ctrl Pts',(18.1866264189515,5.11738725217808,-3.12661342662326));
#3931=CARTESIAN_POINT('Ctrl Pts',(18.3187213324795,5.16389423077251,-3.25482431578877));
#3932=CARTESIAN_POINT('Ctrl Pts',(18.3187213324795,5.16389423077246,-3.18228394554014));
#3933=CARTESIAN_POINT('Ctrl Pts',(18.3187213324794,5.11738725402809,-3.12661342883779));
#3934=CARTESIAN_POINT('Ctrl Pts',(15.8049060726087,6.3310090308497,-3.9501813861518));
#3935=CARTESIAN_POINT('Ctrl Pts',(15.8592871330514,6.24529289813979,-3.92200402876382));
#3936=CARTESIAN_POINT('Ctrl Pts',(15.9163830581196,6.16363263564672,-3.89036004998853));
#3937=CARTESIAN_POINT('Ctrl Pts',(15.9767936420621,6.08611019894456,-3.8561206857719));
#3938=CARTESIAN_POINT('Ctrl Pts',(16.0338208549127,6.01292950427168,-3.82379894041503));
#3939=CARTESIAN_POINT('Ctrl Pts',(16.0938020818674,5.94343592858449,-3.78916507412712));
#3940=CARTESIAN_POINT('Ctrl Pts',(16.1572029728168,5.87767434855725,-3.75294532607123));
#3941=CARTESIAN_POINT('Ctrl Pts',(16.1871768483163,5.8465844161783,-3.73582180931002));
#3942=CARTESIAN_POINT('Ctrl Pts',(16.2179144472375,5.81632827689106,-3.71834367272019));
#3943=CARTESIAN_POINT('Ctrl Pts',(16.2494614684734,5.78690882003374,-3.7005864667971));
#3944=CARTESIAN_POINT('Ctrl Pts',(16.253696980855,5.78295895507358,-3.69820237908922));
#3945=CARTESIAN_POINT('Ctrl Pts',(16.2579470800839,5.77902417030094,-3.69581325953642));
#3946=CARTESIAN_POINT('Ctrl Pts',(16.2622115710614,5.77510472622793,-3.6934195367229));
#3947=CARTESIAN_POINT('Ctrl Pts',(16.3058073941226,5.73503631215276,-3.66894854668284));
#3948=CARTESIAN_POINT('Ctrl Pts',(16.3509404436993,5.69654091295784,-3.64397842378163));
#3949=CARTESIAN_POINT('Ctrl Pts',(16.3974348132812,5.65988907135963,-3.6189528618136));
#3950=CARTESIAN_POINT('Ctrl Pts',(16.4381775107087,5.627771313751,-3.59702313336721));
#3951=CARTESIAN_POINT('Ctrl Pts',(16.4799620350668,5.59706087100024,-3.57504491263466));
#3952=CARTESIAN_POINT('Ctrl Pts',(16.5226499673723,5.56794365829146,-3.55331589134161));
#3953=CARTESIAN_POINT('Ctrl Pts',(16.5286762495546,5.56383316310769,-3.55024839177473));
#3954=CARTESIAN_POINT('Ctrl Pts',(16.534720535929,5.5597544064735,-3.54718584800259));
#3955=CARTESIAN_POINT('Ctrl Pts',(16.5407829806653,5.55570720830437,-3.54412874192672));
#3956=CARTESIAN_POINT('Ctrl Pts',(16.616288930139,5.50530055657224,-3.50605339329416));
#3957=CARTESIAN_POINT('Ctrl Pts',(16.6945477039417,5.45985982643689,-3.46888042817476));
#3958=CARTESIAN_POINT('Ctrl Pts',(16.7759463359047,5.41894822755925,-3.43346364404047));
#3959=CARTESIAN_POINT('Ctrl Pts',(16.7932365893812,5.41025800884591,-3.42594060390775));
#3960=CARTESIAN_POINT('Ctrl Pts',(16.810668484477,5.40177225701947,-3.41849665474229));
#3961=CARTESIAN_POINT('Ctrl Pts',(16.8282456886817,5.39348696494843,-3.41113974962255));
#3962=CARTESIAN_POINT('Ctrl Pts',(16.8353348103349,5.39014539579219,-3.40817261134634));
#3963=CARTESIAN_POINT('Ctrl Pts',(16.8424475682314,5.38683643446331,-3.40521963092447));
#3964=CARTESIAN_POINT('Ctrl Pts',(16.8495846665708,5.38355987556894,-3.40228123634764));
#3965=CARTESIAN_POINT('Ctrl Pts',(16.8967410221972,5.3619109407911,-3.38286662650963));
#3966=CARTESIAN_POINT('Ctrl Pts',(16.9449326770505,5.34168478683222,-3.36409647797948));
#3967=CARTESIAN_POINT('Ctrl Pts',(16.9943466911961,5.32282865496986,-3.34609913795929));
#3968=CARTESIAN_POINT('Ctrl Pts',(17.0015928057229,5.32006357519707,-3.34345999217811));
#3969=CARTESIAN_POINT('Ctrl Pts',(17.008865186531,5.31732795613268,-3.34083745782531));
#3970=CARTESIAN_POINT('Ctrl Pts',(17.0161618391407,5.31462223722366,-3.33823263987347));
#3971=CARTESIAN_POINT('Ctrl Pts',(17.0446894917341,5.30404371400474,-3.32804860815732));
#3972=CARTESIAN_POINT('Ctrl Pts',(17.0736161177216,5.29391130049473,-3.3181248668136));
#3973=CARTESIAN_POINT('Ctrl Pts',(17.1028294533356,5.28425360225614,-3.30852850029989));
#3974=CARTESIAN_POINT('Ctrl Pts',(17.1251015575073,5.27689062036084,-3.30121227741163));
#3975=CARTESIAN_POINT('Ctrl Pts',(17.1475414662255,5.2698002525444,-3.29408303133132));
#3976=CARTESIAN_POINT('Ctrl Pts',(17.1700912693977,5.26299685630948,-3.28717195489508));
#3977=CARTESIAN_POINT('Ctrl Pts',(17.1771190473568,5.26087653810796,-3.28501807752944));
#3978=CARTESIAN_POINT('Ctrl Pts',(17.1841574989801,5.25878408722006,-3.28288538553082));
#3979=CARTESIAN_POINT('Ctrl Pts',(17.1912062478114,5.25671924778496,-3.28077402040266));
#3980=CARTESIAN_POINT('Ctrl Pts',(17.2505379289329,5.23933880228129,-3.26300195254865));
#3981=CARTESIAN_POINT('Ctrl Pts',(17.3105409377595,5.22394390149412,-3.24677183503676));
#3982=CARTESIAN_POINT('Ctrl Pts',(17.3711905510233,5.21031599211127,-3.2320998001291));
#3983=CARTESIAN_POINT('Ctrl Pts',(17.4264538615196,5.19789837974556,-3.21873079120916));
#3984=CARTESIAN_POINT('Ctrl Pts',(17.4822549614212,5.1869481263284,-3.20665517994465));
#3985=CARTESIAN_POINT('Ctrl Pts',(17.538587976388,5.17732410632588,-3.19590492973272));
#3986=CARTESIAN_POINT('Ctrl Pts',(17.5440785391446,5.17638609003427,-3.19485714410519));
#3987=CARTESIAN_POINT('Ctrl Pts',(17.5495741575981,5.17546068334949,-3.19382195833759));
#3988=CARTESIAN_POINT('Ctrl Pts',(17.5550748046613,5.17454777806842,-3.19279933383259));
#3989=CARTESIAN_POINT('Ctrl Pts',(17.6170119313843,5.16426849102621,-3.18128461150453));
#3990=CARTESIAN_POINT('Ctrl Pts',(17.6795915440747,5.15558489385536,-3.17137484505556));
#3991=CARTESIAN_POINT('Ctrl Pts',(17.7426486190592,5.14832466328108,-3.16299366307247));
#3992=CARTESIAN_POINT('Ctrl Pts',(17.8026264426002,5.14141896985401,-3.15502175739543));
#3993=CARTESIAN_POINT('Ctrl Pts',(17.8630214613671,5.13579727722004,-3.14842821367076));
#3994=CARTESIAN_POINT('Ctrl Pts',(17.923729472582,5.13132691839381,-3.14316283923965));
#3995=CARTESIAN_POINT('Ctrl Pts',(17.9587585869246,5.12874747776739,-3.14012466685822));
#3996=CARTESIAN_POINT('Ctrl Pts',(17.9938919081958,5.12655137735846,-3.13752868348874));
#3997=CARTESIAN_POINT('Ctrl Pts',(18.0290878119561,5.12471553390198,-3.13535262799656));
#3998=CARTESIAN_POINT('Ctrl Pts',(18.1083645364481,5.12058040337939,-3.13045118966704));
#3999=CARTESIAN_POINT('Ctrl Pts',(18.1880025855799,5.11828499663231,-3.12769449120203));
#4000=CARTESIAN_POINT('Ctrl Pts',(18.2676990051736,5.11760416981919,-3.126874870724));
#4001=CARTESIAN_POINT('Ctrl Pts',(18.2847048093887,5.11745889343729,-3.12669997823259));
#4002=CARTESIAN_POINT('Ctrl Pts',(18.3017132507941,5.1173872540281,-3.12661342883781));
#4003=CARTESIAN_POINT('Ctrl Pts',(18.3187213324794,5.11738725402809,-3.12661342883779));
#4004=CARTESIAN_POINT('Ctrl Pts',(22.2550106922995,9.36347423076903,-3.42025463289337));
#4005=CARTESIAN_POINT('Ctrl Pts',(22.2550106922995,9.16349423076903,-3.42025463289337));
#4006=CARTESIAN_POINT('Ctrl Pts',(22.3964179064012,9.16349423076903,-3.27884741879169));
#4007=CARTESIAN_POINT('Ctrl Pts',(22.2473705551355,9.36347423144431,-3.41261449572937));
#4008=CARTESIAN_POINT('Ctrl Pts',(22.2351038581742,9.14660260636234,-3.40034779876809));
#4009=CARTESIAN_POINT('Ctrl Pts',(22.3887777692372,9.16349423076903,-3.24828687013569));
#4010=CARTESIAN_POINT('Ctrl Pts',(22.2320925378285,9.36612735367966,-3.39733647842241));
#4011=CARTESIAN_POINT('Ctrl Pts',(22.1884226134577,9.1152474597705,-3.35366655405155));
#4012=CARTESIAN_POINT('Ctrl Pts',(22.3734997519302,9.1741067252246,-3.18717480210915));
#4013=CARTESIAN_POINT('Ctrl Pts',(22.2186028127418,9.37377472432472,-3.3838467533357));
#4014=CARTESIAN_POINT('Ctrl Pts',(22.1307188269606,9.09883741830051,-3.29596276755441));
#4015=CARTESIAN_POINT('Ctrl Pts',(22.3600100268435,9.20469620206686,-3.13321589815834));
#4016=CARTESIAN_POINT('Ctrl Pts',(22.2126990449669,9.37862423076903,-3.37794298556075));
#4017=CARTESIAN_POINT('Ctrl Pts',(22.0975490854885,9.09825819509549,-3.26279302608235));
#4018=CARTESIAN_POINT('Ctrl Pts',(22.3541062590686,9.22409423076904,-3.10960082946119));
#4019=CARTESIAN_POINT('Ctrl Pts',(10.6079576466331,9.22409423076917,0.275330957148552));
#4020=CARTESIAN_POINT('Ctrl Pts',(10.8645148202132,9.09825819509563,0.428523153769708));
#4021=CARTESIAN_POINT('Ctrl Pts',(10.7493648607348,9.37862423076917,0.543673113248099));
#4022=CARTESIAN_POINT('Ctrl Pts',(10.6020538788582,9.204696202067,0.298946025845688));
#4023=CARTESIAN_POINT('Ctrl Pts',(10.8313450787411,9.09883741830063,0.461692895241783));
#4024=CARTESIAN_POINT('Ctrl Pts',(10.7434610929599,9.37377472432486,0.54957688102305));
#4025=CARTESIAN_POINT('Ctrl Pts',(10.5885641537715,9.17410672522473,0.352904929796501));
#4026=CARTESIAN_POINT('Ctrl Pts',(10.773641292244,9.11524745977065,0.519396681738894));
#4027=CARTESIAN_POINT('Ctrl Pts',(10.7299713678732,9.3661273536798,0.563066606109757));
#4028=CARTESIAN_POINT('Ctrl Pts',(10.5732861364645,9.16349423076917,0.414016997823036));
#4029=CARTESIAN_POINT('Ctrl Pts',(10.7269600475275,9.14660260636248,0.566077926455431));
#4030=CARTESIAN_POINT('Ctrl Pts',(10.7146933505662,9.36347423144445,0.578344623416713));
#4031=CARTESIAN_POINT('Ctrl Pts',(10.5656459993005,9.16349423076917,0.444577546479034));
#4032=CARTESIAN_POINT('Ctrl Pts',(10.7070532134022,9.16349423076917,0.585984760580719));
#4033=CARTESIAN_POINT('Ctrl Pts',(10.7070532134022,9.36347423076917,0.585984760580719));
#4034=CARTESIAN_POINT('Origin',(10.5656459993005,9.43013423076917,0.444577546479034));
#4035=CARTESIAN_POINT('Origin',(-8.51646804714922,3.83069423076917,-8.08333493615624));
#4036=CARTESIAN_POINT('',(-13.5159680471492,3.83069423076917,-8.74993493615624));
#4037=CARTESIAN_POINT('',(-13.5159680471492,4.49729423076917,-8.08333493615624));
#4038=CARTESIAN_POINT('Origin',(-13.5159680471492,3.83069423076917,-8.08333493615624));
#4039=CARTESIAN_POINT('',(-8.51646804714922,4.49729423076917,-8.08333493615624));
#4040=CARTESIAN_POINT('',(-8.51646804714922,3.83069423076917,-8.74993493615624));
#4041=CARTESIAN_POINT('Origin',(-3.51696804714922,4.49729423076917,-1.41713493615624));
#4042=CARTESIAN_POINT('',(-13.5159680471492,4.49729423076917,-5.75003493615624));
#4043=CARTESIAN_POINT('',(-13.5159680471492,4.49729423076917,-4.08353493615624));
#4044=CARTESIAN_POINT('',(5.81543195285077,4.49729423076917,-5.75003493615624));
#4045=CARTESIAN_POINT('Origin',(-13.5159680471492,4.49729423076917,-8.74993493615624));
#4046=CARTESIAN_POINT('',(-13.5159680471492,2.16409423076917,-8.74993493615624));
#4047=CARTESIAN_POINT('',(-8.51646804714922,2.16409423076917,-8.74993493615624));
#4048=CARTESIAN_POINT('',(-13.5159680471492,4.49729423076917,-8.74993493615624));
#4049=CARTESIAN_POINT('Origin',(-8.51646804714922,3.83069423076917,5.24906506384376));
#4050=CARTESIAN_POINT('',(-13.5159680471492,4.49729423076917,5.24906506384376));
#4051=CARTESIAN_POINT('',(-13.5159680471492,3.83069423076917,5.91566506384376));
#4052=CARTESIAN_POINT('Origin',(-13.5159680471492,3.83069423076917,5.24906506384376));
#4053=CARTESIAN_POINT('',(-8.51646804714922,3.83069423076917,5.91566506384376));
#4054=CARTESIAN_POINT('',(-8.51646804714922,4.49729423076917,5.24906506384376));
#4055=CARTESIAN_POINT('Origin',(-13.5159680471492,4.49729423076917,5.91566506384376));
#4056=CARTESIAN_POINT('',(-13.5159680471492,2.16409423076917,5.91566506384376));
#4057=CARTESIAN_POINT('',(-13.5159680471492,4.49729423076917,5.91566506384376));
#4058=CARTESIAN_POINT('',(21.4805319528508,2.16409423076917,5.91566506384376));
#4059=CARTESIAN_POINT('Origin',(-3.51696804714922,4.49729423076917,-1.41713493615624));
#4060=CARTESIAN_POINT('',(-13.5159680471492,4.49729423076917,2.91576506384376));
#4061=CARTESIAN_POINT('',(-12.8493680471492,4.49729423076917,2.91576506384376));
#4062=CARTESIAN_POINT('',(-13.5159680471492,4.49729423076917,-4.08353493615624));
#4063=CARTESIAN_POINT('Origin',(-23.4256894741118,9.36347423076903,-4.09600452872707));
#4064=CARTESIAN_POINT('',(-13.5159680471492,9.4903846153844,-4.25055469752924));
#4065=CARTESIAN_POINT('',(-13.5159680471492,9.1634942307691,-4.09600452872707));
#4066=CARTESIAN_POINT('Origin',(-13.5159680471492,9.36347423076903,-4.09600452872707));
#4067=CARTESIAN_POINT('',(-10.5487943825712,9.49038461538442,-4.25055469752922));
#4068=CARTESIAN_POINT('',(-12.8493680471492,9.4903846153844,-4.25055469752924));
#4069=CARTESIAN_POINT('',(-10.5487943825711,9.16349423076912,-4.09600452872707));
#4070=CARTESIAN_POINT('Origin',(-10.5487943825711,9.36347423076912,-4.09600452872707));
#4071=CARTESIAN_POINT('',(-10.5487943825711,9.16349423076912,-4.09600452872707));
#4072=CARTESIAN_POINT('Origin',(-7.28782708986089,9.16349423076914,3.91633166384376));
#4073=CARTESIAN_POINT('',(-13.5159680471492,9.1634942307691,-3.27884741879169));
#4074=CARTESIAN_POINT('',(-13.5159680471492,9.1634942307691,-1.41680163615624));
#4075=CARTESIAN_POINT('',(-9.93999552895808,9.16349423076912,-3.78648894705013));
#4076=CARTESIAN_POINT('Ctrl Pts',(-10.5487943825711,9.16349423076912,-4.096004528727));
#4077=CARTESIAN_POINT('Ctrl Pts',(-10.5016102475803,9.16349423076912,-4.096004528727));
#4078=CARTESIAN_POINT('Ctrl Pts',(-10.4549750610413,9.16349423077035,-4.0892691929549));
#4079=CARTESIAN_POINT('Ctrl Pts',(-10.4095930245328,9.16349423080019,-4.0777526423543));
#4080=CARTESIAN_POINT('Ctrl Pts',(-10.3981952239823,9.16349423080768,-4.07486023476587));
#4081=CARTESIAN_POINT('Ctrl Pts',(-10.3868765052323,9.16349423081649,-4.07166597469585));
#4082=CARTESIAN_POINT('Ctrl Pts',(-10.3756481264124,9.16349423082571,-4.06820037240283));
#4083=CARTESIAN_POINT('Ctrl Pts',(-10.3197739887306,9.1634942308716,-4.05095500307766));
#4084=CARTESIAN_POINT('Ctrl Pts',(-10.2661335837455,9.16349423090176,-4.02699361938311));
#4085=CARTESIAN_POINT('Ctrl Pts',(-10.2151548226046,9.16349423083413,-3.99866570764905));
#4086=CARTESIAN_POINT('Ctrl Pts',(-10.1693313371872,9.16349423077332,-3.97320248294133));
#4087=CARTESIAN_POINT('Ctrl Pts',(-10.1258382684307,9.16349423077343,-3.94431801112735));
#4088=CARTESIAN_POINT('Ctrl Pts',(-10.0843398006883,9.16349423077073,-3.91288898223991));
#4089=CARTESIAN_POINT('Ctrl Pts',(-10.0796711030061,9.16349423077043,-3.90935312556127));
#4090=CARTESIAN_POINT('Ctrl Pts',(-10.0750276782807,9.1634942307702,-3.90578501700912));
#4091=CARTESIAN_POINT('Ctrl Pts',(-10.0704090684125,9.16349423077001,-3.90218587285497));
#4092=CARTESIAN_POINT('Ctrl Pts',(-10.0246867686634,9.16349423076819,-3.86655585591206));
#4093=CARTESIAN_POINT('Ctrl Pts',(-9.98139397708936,9.16349423076912,-3.82788740044657));
#4094=CARTESIAN_POINT('Ctrl Pts',(-9.93999552895808,9.16349423076912,-3.78648894705013));
#4095=CARTESIAN_POINT('',(-9.43235400069964,9.16349423076913,-3.27884741879169));
#4096=CARTESIAN_POINT('',(-9.43235400069964,9.16349423076913,-3.27884741879169));
#4097=CARTESIAN_POINT('',(-12.8493680471492,9.1634942307691,-3.27884741879169));
#4098=CARTESIAN_POINT('Origin',(-13.5159680471492,4.49729423076917,-6.74993493615624));
#4099=CARTESIAN_POINT('',(-13.5159680471492,2.16409423076917,-4.08353493615624));
#4100=CARTESIAN_POINT('',(-13.5159680471492,5.16389423076917,2.24916506384376));
#4101=CARTESIAN_POINT('Origin',(-13.5159680471492,5.16389423076917,2.91576506384376));
#4102=CARTESIAN_POINT('',(-13.5159680471492,7.16369423076917,2.24916506384376));
#4103=CARTESIAN_POINT('',(-13.5159680471492,5.83049423076917,2.24916506384376));
#4104=CARTESIAN_POINT('Origin',(-13.5159680471492,7.16369423076917,-1.41713493615624));
#4105=CARTESIAN_POINT('Origin',(-13.5159680471492,9.43013423076903,-3.27884741879169));
#4106=CARTESIAN_POINT('',(-13.5159680471492,5.11738725402485,-3.12661342883392));
#4107=CARTESIAN_POINT('Origin',(-13.5159680471492,7.16369423076917,-1.41713493615624));
#4108=CARTESIAN_POINT('',(-13.5159680471492,5.1638942307691,-3.25482431578475));
#4109=CARTESIAN_POINT('Origin',(-13.5159680471492,4.96391423076903,-3.25482431578475));
#4110=CARTESIAN_POINT('',(-13.5159680471492,5.1638942307691,-4.59544986783091));
#4111=CARTESIAN_POINT('',(-13.5159680471492,5.1638942307691,-1.41680163615624));
#4112=CARTESIAN_POINT('',(-13.5159680471492,4.8305942307691,-5.17274240199358));
#4113=CARTESIAN_POINT('Origin',(-13.5159680471492,4.49729423076903,-4.59544986783091));
#4114=CARTESIAN_POINT('Origin',(-13.5159680471492,5.16389423076917,-5.75003493615624));
#4115=CARTESIAN_POINT('Origin',(-23.4256894741117,5.16389423076917,2.91576506384376));
#4116=CARTESIAN_POINT('',(-0.33865311627051,4.83059423077083,2.33847252968009));
#4117=CARTESIAN_POINT('',(5.81543195285077,4.83059423076917,2.33847252968105));
#4118=CARTESIAN_POINT('',(-3.34541232917666,5.16389423076917,2.24916506384376));
#4119=CARTESIAN_POINT('Ctrl Pts',(-0.33865311627051,4.83059423077083,2.33847252968009));
#4120=CARTESIAN_POINT('Ctrl Pts',(-0.59735383330549,4.83059423164372,2.33847252917599));
#4121=CARTESIAN_POINT('Ctrl Pts',(-0.855338638310532,4.83799747797837,2.33403175954833));
#4122=CARTESIAN_POINT('Ctrl Pts',(-1.11303492145444,4.85188047608241,2.32669547794638));
#4123=CARTESIAN_POINT('Ctrl Pts',(-1.24128303186197,4.85878964936157,2.3230444192606));
#4124=CARTESIAN_POINT('Ctrl Pts',(-1.36945918093046,4.86730417662888,2.3186762235394));
#4125=CARTESIAN_POINT('Ctrl Pts',(-1.49776561614344,4.87747740025607,2.31383403703098));
#4126=CARTESIAN_POINT('Ctrl Pts',(-1.61621732783537,4.88686925772654,2.30936376023385));
#4127=CARTESIAN_POINT('Ctrl Pts',(-1.73478186396143,4.89767494962777,2.30448935928682));
#4128=CARTESIAN_POINT('Ctrl Pts',(-1.85272639808767,4.90989197837467,2.29945470140644));
#4129=CARTESIAN_POINT('Ctrl Pts',(-1.86202922768567,4.91085559180084,2.2990575947097));
#4130=CARTESIAN_POINT('Ctrl Pts',(-1.87133123249959,4.91182827284925,2.298659376257));
#4131=CARTESIAN_POINT('Ctrl Pts',(-1.88063203555643,4.91281003213101,2.29826016762813));
#4132=CARTESIAN_POINT('Ctrl Pts',(-2.00663737660554,4.92611070223113,2.29285177233989));
#4133=CARTESIAN_POINT('Ctrl Pts',(-2.13242228969471,4.94107675964361,2.28725982847342));
#4134=CARTESIAN_POINT('Ctrl Pts',(-2.25794656595689,4.9578880674874,2.28179578301697));
#4135=CARTESIAN_POINT('Ctrl Pts',(-2.37334901984452,4.9733437724395,2.27677233836862));
#4136=CARTESIAN_POINT('Ctrl Pts',(-2.48853151899311,4.99035838247165,2.27185695293937));
#4137=CARTESIAN_POINT('Ctrl Pts',(-2.60338827544996,5.0091987666895,2.26736318298581));
#4138=CARTESIAN_POINT('Ctrl Pts',(-2.61176697440576,5.01057315608062,2.26703536643605));
#4139=CARTESIAN_POINT('Ctrl Pts',(-2.62014369610491,5.01195744914578,2.26670975882814));
#4140=CARTESIAN_POINT('Ctrl Pts',(-2.62851850306894,5.01335177460437,2.26638648464208));
#4141=CARTESIAN_POINT('Ctrl Pts',(-2.72452392642735,5.02933576164147,2.26268059921379));
#4142=CARTESIAN_POINT('Ctrl Pts',(-2.82027941669557,5.04663513679527,2.2592792578663));
#4143=CARTESIAN_POINT('Ctrl Pts',(-2.91581087573784,5.06556630184809,2.25645805714366));
#4144=CARTESIAN_POINT('Ctrl Pts',(-2.94107553228692,5.0705729183902,2.2557119503844));
#4145=CARTESIAN_POINT('Ctrl Pts',(-2.96632440477746,5.0756938696625,2.25500656537213));
#4146=CARTESIAN_POINT('Ctrl Pts',(-2.99155771144756,5.08093547622138,2.25434734015357));
#4147=CARTESIAN_POINT('Ctrl Pts',(-3.06969197902588,5.09716597247646,2.25230606667743));
#4148=CARTESIAN_POINT('Ctrl Pts',(-3.14767844858848,5.11455064137019,2.25070520147407));
#4149=CARTESIAN_POINT('Ctrl Pts',(-3.22543430844996,5.1334423104293,2.249849076702));
#4150=CARTESIAN_POINT('Ctrl Pts',(-3.26549296718393,5.1431750164286,2.24940801399446));
#4151=CARTESIAN_POINT('Ctrl Pts',(-3.30549011864627,5.15330825723667,2.24916506384376));
#4152=CARTESIAN_POINT('Ctrl Pts',(-3.34541232917666,5.16389423076917,2.24916506384376));
#4153=CARTESIAN_POINT('',(-12.8493680471492,5.16389423076917,2.24916506384376));
#4154=CARTESIAN_POINT('Origin',(-23.4256894741117,7.16369423076917,2.24916506384376));
#4155=CARTESIAN_POINT('',(-4.62716638544518,6.19834544957989,2.24916506384376));
#4156=CARTESIAN_POINT('Origin',(-0.517268047149229,7.83029423077249,2.24916506384376));
#4157=CARTESIAN_POINT('',(-5.10931810630108,7.16369423076917,2.24916506384376));
#4158=CARTESIAN_POINT('Ctrl Pts',(-4.62716638544518,6.19834544957989,2.24916506384376));
#4159=CARTESIAN_POINT('Ctrl Pts',(-4.66733057074796,6.2489201797294,2.24916506384376));
#4160=CARTESIAN_POINT('Ctrl Pts',(-4.70515835080002,6.30140965321319,2.24916506384381));
#4161=CARTESIAN_POINT('Ctrl Pts',(-4.74071885309679,6.355128392209,2.2491650638437));
#4162=CARTESIAN_POINT('Ctrl Pts',(-4.75550772681846,6.37746889912496,2.24916506384365));
#4163=CARTESIAN_POINT('Ctrl Pts',(-4.76990400952045,6.40002252689737,2.24916506384357));
#4164=CARTESIAN_POINT('Ctrl Pts',(-4.78391071827148,6.42274157180909,2.2491650638433));
#4165=CARTESIAN_POINT('Ctrl Pts',(-4.82252649920342,6.48537681873885,2.24916506384256));
#4166=CARTESIAN_POINT('Ctrl Pts',(-4.85818492931998,6.54926775906363,2.249165063842));
#4167=CARTESIAN_POINT('Ctrl Pts',(-4.89144555398853,6.61445294786998,2.24916506382795));
#4168=CARTESIAN_POINT('Ctrl Pts',(-4.8990382240899,6.62933329479776,2.24916506382474));
#4169=CARTESIAN_POINT('Ctrl Pts',(-4.90650574212365,6.64428117539167,2.24916506382073));
#4170=CARTESIAN_POINT('Ctrl Pts',(-4.91385444744488,6.65929719461094,2.24916506381553));
#4171=CARTESIAN_POINT('Ctrl Pts',(-4.9140159171943,6.65962713475067,2.24916506381542));
#4172=CARTESIAN_POINT('Ctrl Pts',(-4.91417732571348,6.65995709966139,2.2491650638153));
#4173=CARTESIAN_POINT('Ctrl Pts',(-4.91433867307098,6.66028708933184,2.24916506381519));
#4174=CARTESIAN_POINT('Ctrl Pts',(-4.95458596768362,6.74260136885621,2.24916506378688));
#4175=CARTESIAN_POINT('Ctrl Pts',(-4.99103194160487,6.82645453203244,2.24916506380512));
#4176=CARTESIAN_POINT('Ctrl Pts',(-5.02391713461903,6.91190027252965,2.24916506382349));
#4177=CARTESIAN_POINT('Ctrl Pts',(-5.05564062055824,6.99432754446508,2.24916506384121));
#4178=CARTESIAN_POINT('Ctrl Pts',(-5.08404984838148,7.07823712905423,2.24916506384376));
#4179=CARTESIAN_POINT('Ctrl Pts',(-5.10931810630083,7.16369423076846,2.24916506384376));
#4180=CARTESIAN_POINT('',(-12.8493680471492,7.16369423076917,2.24916506384376));
#4181=CARTESIAN_POINT('Origin',(-23.4256894741118,9.43013423076903,-3.27884741879169));
#4182=CARTESIAN_POINT('Origin',(-9.43235400069964,9.43013423076903,-3.27884741879169));
#4183=CARTESIAN_POINT('Origin',(-23.4256894741117,4.96391423076903,-3.25482431578475));
#4184=CARTESIAN_POINT('',(-5.35465742677783,5.11738725402809,-3.12661342883779));
#4185=CARTESIAN_POINT('',(-12.8493680471492,5.11738725402485,-3.12661342883392));
#4186=CARTESIAN_POINT('',(-5.35465742677972,5.16389423076911,-3.25482431578673));
#4187=CARTESIAN_POINT('Origin',(-5.35465742677783,4.96391423077251,-3.25482431578891));
#4188=CARTESIAN_POINT('',(-12.8493680471492,5.1638942307691,-3.25482431578475));
#4189=CARTESIAN_POINT('Origin',(-23.4256894741117,4.49729423076903,-4.59544986783091));
#4190=CARTESIAN_POINT('',(-6.69528297882398,5.16389423076911,-4.59544986783098));
#4191=CARTESIAN_POINT('',(-12.8493680471492,5.1638942307691,-4.59544986783091));
#4192=CARTESIAN_POINT('',(-6.69528297882387,4.83059423077084,-5.17274240199257));
#4193=CARTESIAN_POINT('Origin',(-6.69528297882387,4.49729423076903,-4.59544986783091));
#4194=CARTESIAN_POINT('',(-12.8493680471492,4.8305942307691,-5.17274240199358));
#4195=CARTESIAN_POINT('Origin',(-23.4256894741117,5.16389423076917,-5.75003493615624));
#4196=CARTESIAN_POINT('',(-3.68852376512179,5.16389423076917,-5.08343493615624));
#4197=CARTESIAN_POINT('Ctrl Pts',(-6.69528297882388,4.83059423077084,-5.17274240199257));
#4198=CARTESIAN_POINT('Ctrl Pts',(-6.43658226164355,4.83059423162872,-5.17274240149727));
#4199=CARTESIAN_POINT('Ctrl Pts',(-6.17859745649359,4.83799747795735,-5.1683016318725));
#4200=CARTESIAN_POINT('Ctrl Pts',(-5.92090117320475,4.85188047606303,-5.16096535026913));
#4201=CARTESIAN_POINT('Ctrl Pts',(-5.79265306277679,4.85878964934021,-5.15731429158412));
#4202=CARTESIAN_POINT('Ctrl Pts',(-5.66447691368779,4.86730417660613,-5.1529460958632));
#4203=CARTESIAN_POINT('Ctrl Pts',(-5.53617047845442,4.87747740023239,-5.14810390935472));
#4204=CARTESIAN_POINT('Ctrl Pts',(-5.41771876679485,4.88686925769796,-5.14363363255948));
#4205=CARTESIAN_POINT('Ctrl Pts',(-5.29915423070135,4.89767494959343,-5.1387592316144));
#4206=CARTESIAN_POINT('Ctrl Pts',(-5.18120969660704,4.90989197833374,-5.13372457373579));
#4207=CARTESIAN_POINT('Ctrl Pts',(-5.1719068669561,4.91085559176513,-5.13332746703683));
#4208=CARTESIAN_POINT('Ctrl Pts',(-5.16260486208923,4.91182827281887,-5.13292924858188));
#4209=CARTESIAN_POINT('Ctrl Pts',(-5.15330405897946,4.91281003210606,-5.13253003995076));
#4210=CARTESIAN_POINT('Ctrl Pts',(-5.02729871790959,4.92611070220625,-5.12712164466186));
#4211=CARTESIAN_POINT('Ctrl Pts',(-4.90151380479947,4.9410767596193,-5.12152970079449));
#4212=CARTESIAN_POINT('Ctrl Pts',(-4.77598952851659,4.95788806746408,-5.11606565533703));
#4213=CARTESIAN_POINT('Ctrl Pts',(-4.66058707463603,4.97334377241359,-5.11104221068889));
#4214=CARTESIAN_POINT('Ctrl Pts',(-4.54540457549463,4.99035838244282,-5.10612682525972));
#4215=CARTESIAN_POINT('Ctrl Pts',(-4.43054781904473,5.00919876665733,-5.10163305530596));
#4216=CARTESIAN_POINT('Ctrl Pts',(-4.42216912006167,5.01057315605277,-5.10130523875511));
#4217=CARTESIAN_POINT('Ctrl Pts',(-4.41379239833526,5.0119574491223,-5.10097963114611));
#4218=CARTESIAN_POINT('Ctrl Pts',(-4.405417591344,5.01335177458533,-5.10065635695898));
#4219=CARTESIAN_POINT('Ctrl Pts',(-4.30941216798108,5.0293357616221,-5.09695047153028));
#4220=CARTESIAN_POINT('Ctrl Pts',(-4.21365667770838,5.04663513677559,-5.09354913018231));
#4221=CARTESIAN_POINT('Ctrl Pts',(-4.11812521866161,5.0655663018281,-5.09072792945913));
#4222=CARTESIAN_POINT('Ctrl Pts',(-4.0928605620975,5.07057291837287,-5.08998182269932));
#4223=CARTESIAN_POINT('Ctrl Pts',(-4.06761168959195,5.07569386964795,-5.08927643768653));
#4224=CARTESIAN_POINT('Ctrl Pts',(-4.04237838290685,5.08093547620976,-5.08861721246752));
#4225=CARTESIAN_POINT('Ctrl Pts',(-3.96424411532945,5.09716597246404,-5.08657593899118));
#4226=CARTESIAN_POINT('Ctrl Pts',(-3.88625764576774,5.11455064135686,-5.08497507378756));
#4227=CARTESIAN_POINT('Ctrl Pts',(-3.80850178590715,5.13344231041498,-5.08411894901513));
#4228=CARTESIAN_POINT('Ctrl Pts',(-3.76844312715356,5.14317501641865,-5.08367788630718));
#4229=CARTESIAN_POINT('Ctrl Pts',(-3.72844597567166,5.15330825723147,-5.08343493615624));
#4230=CARTESIAN_POINT('Ctrl Pts',(-3.68852376512179,5.16389423076917,-5.08343493615624));
#4231=CARTESIAN_POINT('',(5.81543195285077,5.16389423076917,-5.08343493615624));
#4232=CARTESIAN_POINT('Origin',(-7.28782708986086,5.16389423076914,3.91633166384376));
#4233=CARTESIAN_POINT('',(-5.35465742677972,5.16389423076911,-3.25482431578673));
#4234=CARTESIAN_POINT('Origin',(-23.4256894741117,7.16369423076917,-1.41713493615624));
#4235=CARTESIAN_POINT('',(-5.26798356783592,7.91302774421893,2.17177227574281));
#4236=CARTESIAN_POINT('Ctrl Pts',(-5.10931810630109,7.16369423076917,2.24916506384376));
#4237=CARTESIAN_POINT('Ctrl Pts',(-5.13181118632644,7.25667047158429,2.24916506384376));
#4238=CARTESIAN_POINT('Ctrl Pts',(-5.15308959889056,7.34953624504843,2.24563263280328));
#4239=CARTESIAN_POINT('Ctrl Pts',(-5.17331438698684,7.44226113065371,2.238566935207));
#4240=CARTESIAN_POINT('Ctrl Pts',(-5.19337930697363,7.53425306656903,2.23155708886175));
#4241=CARTESIAN_POINT('Ctrl Pts',(-5.21240719354164,7.62610711697446,2.22106948162579));
#4242=CARTESIAN_POINT('Ctrl Pts',(-5.23055530086827,7.71778542866019,2.20705306040515));
#4243=CARTESIAN_POINT('Ctrl Pts',(-5.24345720603912,7.78296164027854,2.19708846552104));
#4244=CARTESIAN_POINT('Ctrl Pts',(-5.25591446077295,7.84804888826414,2.18533931204598));
#4245=CARTESIAN_POINT('Ctrl Pts',(-5.26798356783603,7.9130277442189,2.17177227574282));
#4246=CARTESIAN_POINT('',(-5.99159429392872,9.60364713807314,1.31935652192268));
#4247=CARTESIAN_POINT('Ctrl Pts',(-5.26798356783592,7.91302774421893,2.17177227574281));
#4248=CARTESIAN_POINT('Ctrl Pts',(-5.28373680468124,7.99784158358986,2.1540638624313));
#4249=CARTESIAN_POINT('Ctrl Pts',(-5.3019046604828,8.08116080897791,2.13356805754874));
#4250=CARTESIAN_POINT('Ctrl Pts',(-5.32234979278469,8.16302853098774,2.11038010164046));
#4251=CARTESIAN_POINT('Ctrl Pts',(-5.34199364388444,8.24168771094756,2.08810092308373));
#4252=CARTESIAN_POINT('Ctrl Pts',(-5.36373934071527,8.3190073862492,2.06333684250519));
#4253=CARTESIAN_POINT('Ctrl Pts',(-5.38743822561639,8.3950453835754,2.03620313068487));
#4254=CARTESIAN_POINT('Ctrl Pts',(-5.38819915252361,8.39748682157462,2.03533191790405));
#4255=CARTESIAN_POINT('Ctrl Pts',(-5.38896214665075,8.3999271391209,2.03445819349368));
#4256=CARTESIAN_POINT('Ctrl Pts',(-5.38972720540715,8.40236634398413,2.03358195830939));
#4257=CARTESIAN_POINT('Ctrl Pts',(-5.41429077623213,8.48068135039833,2.00544887071491));
#4258=CARTESIAN_POINT('Ctrl Pts',(-5.44098285610544,8.55785347511229,1.97472764641095));
#4259=CARTESIAN_POINT('Ctrl Pts',(-5.46936485217942,8.63301292077111,1.94186168145387));
#4260=CARTESIAN_POINT('Ctrl Pts',(-5.4962850611913,8.70430135239088,1.91068844600857));
#4261=CARTESIAN_POINT('Ctrl Pts',(-5.52472516677332,8.77377587039344,1.87758616945697));
#4262=CARTESIAN_POINT('Ctrl Pts',(-5.55453800150826,8.84158908395841,1.8426842290625));
#4263=CARTESIAN_POINT('Ctrl Pts',(-5.55592177224773,8.84473665249776,1.84106424611562));
#4264=CARTESIAN_POINT('Ctrl Pts',(-5.55730834806744,8.84788018996622,1.83944061714382));
#4265=CARTESIAN_POINT('Ctrl Pts',(-5.55869771064313,8.85101971354144,1.8378133585877));
#4266=CARTESIAN_POINT('Ctrl Pts',(-5.60112214386898,8.94688562400199,1.78812472931027));
#4267=CARTESIAN_POINT('Ctrl Pts',(-5.64614281622995,9.0390112616025,1.73505530118213));
#4268=CARTESIAN_POINT('Ctrl Pts',(-5.69363582489345,9.1279249298103,1.67862653168952));
#4269=CARTESIAN_POINT('Ctrl Pts',(-5.71452648146896,9.1670352106636,1.65380531952331));
#4270=CARTESIAN_POINT('Ctrl Pts',(-5.7358958220493,9.20552367834344,1.62833359872148));
#4271=CARTESIAN_POINT('Ctrl Pts',(-5.75773469392782,9.24343385331588,1.60221080009161));
#4272=CARTESIAN_POINT('Ctrl Pts',(-5.75893966493382,9.24552556674908,1.60076946122028));
#4273=CARTESIAN_POINT('Ctrl Pts',(-5.76014606390718,9.24761550458997,1.59932615015276));
#4274=CARTESIAN_POINT('Ctrl Pts',(-5.76135388807926,9.24970367118128,1.59788086882698));
#4275=CARTESIAN_POINT('Ctrl Pts',(-5.81212571229474,9.33748137058241,1.53712734930755));
#4276=CARTESIAN_POINT('Ctrl Pts',(-5.86541868476868,9.42212820002214,1.47288895845877));
#4277=CARTESIAN_POINT('Ctrl Pts',(-5.92080053024482,9.50330465437382,1.40561694632078));
#4278=CARTESIAN_POINT('Ctrl Pts',(-5.9440421634572,9.53737129410571,1.3773854668869));
#4279=CARTESIAN_POINT('Ctrl Pts',(-5.96765127773871,9.57082690339968,1.34862020801002));
#4280=CARTESIAN_POINT('Ctrl Pts',(-5.99159429392872,9.60364713807314,1.31935652192268));
#4281=CARTESIAN_POINT('Origin',(-8.23054185053873,7.16369423076917,-1.41713493615624));
#4282=CARTESIAN_POINT('Origin',(-23.4256894741117,9.36347423076917,1.26173465641447));
#4283=CARTESIAN_POINT('',(3.51485828827264,9.49038461538455,1.41628482521663));
#4284=CARTESIAN_POINT('',(3.51485828827264,9.49038461538455,1.41628482521663));
#4285=CARTESIAN_POINT('',(3.51485828827264,9.16349423076917,1.26173465641447));
#4286=CARTESIAN_POINT('Origin',(3.51485828827264,9.36347423076917,1.26173465641447));
#4287=CARTESIAN_POINT('',(5.81543195285077,9.16349423076917,1.26173465641447));
#4288=CARTESIAN_POINT('Origin',(0.253890995562397,9.16349423076917,-6.75060153615624));
#4289=CARTESIAN_POINT('',(2.90605943465863,9.16349423076917,0.952219074736628));
#4290=CARTESIAN_POINT('Ctrl Pts',(3.51485828827264,9.16349423076917,1.26173465641448));
#4291=CARTESIAN_POINT('Ctrl Pts',(3.4676741542788,9.16349423076917,1.26173465641447));
#4292=CARTESIAN_POINT('Ctrl Pts',(3.42103896871927,9.1634942307704,1.25499932093016));
#4293=CARTESIAN_POINT('Ctrl Pts',(3.37565693311872,9.16349423080024,1.24348277077695));
#4294=CARTESIAN_POINT('Ctrl Pts',(3.36425913159324,9.16349423080773,1.2405903629956));
#4295=CARTESIAN_POINT('Ctrl Pts',(3.35294041188037,9.16349423081655,1.23739610267899));
#4296=CARTESIAN_POINT('Ctrl Pts',(3.34171203211267,9.16349423082577,1.23393050009336));
#4297=CARTESIAN_POINT('Ctrl Pts',(3.28583789443396,9.16349423087166,1.21668513076889));
#4298=CARTESIAN_POINT('Ctrl Pts',(3.23219748944293,9.16349423090181,1.19272374707045));
#4299=CARTESIAN_POINT('Ctrl Pts',(3.18121872830383,9.16349423083417,1.16439583533928));
#4300=CARTESIAN_POINT('Ctrl Pts',(3.13539525656194,9.16349423077337,1.13893261823249));
#4301=CARTESIAN_POINT('Ctrl Pts',(3.0919022001734,9.16349423077348,1.11004815611613));
#4302=CARTESIAN_POINT('Ctrl Pts',(3.05040374364076,9.16349423077078,1.07861913814228));
#4303=CARTESIAN_POINT('Ctrl Pts',(3.04573503340764,9.16349423077047,1.07508327223083));
#4304=CARTESIAN_POINT('Ctrl Pts',(3.04109159626619,9.16349423077024,1.07151515427044));
#4305=CARTESIAN_POINT('Ctrl Pts',(3.036472974113,9.16349423077006,1.06791600054214));
#4306=CARTESIAN_POINT('Ctrl Pts',(2.99075067440037,9.16349423076823,1.03228598361962));
#4307=CARTESIAN_POINT('Ctrl Pts',(2.94745788276085,9.16349423076917,0.993617528104182));
#4308=CARTESIAN_POINT('Ctrl Pts',(2.9060594346596,9.16349423076917,0.952219074737595));
#4309=CARTESIAN_POINT('',(2.39841790640104,9.16349423076917,0.444577546479034));
#4310=CARTESIAN_POINT('',(2.90605943465863,9.16349423076917,0.952219074736627));
#4311=CARTESIAN_POINT('',(2.39841790640104,9.16349423076917,0.444577546479034));
#4312=CARTESIAN_POINT('Origin',(-23.4256894741117,4.96391423076916,0.42055444347242));
#4313=CARTESIAN_POINT('',(-1.67927866133714,5.11738725402808,0.292343556525294));
#4314=CARTESIAN_POINT('',(-1.67927866133714,5.11738725402498,0.292343556521583));
#4315=CARTESIAN_POINT('',(-1.67927866300091,5.16389423206223,0.420554444624175));
#4316=CARTESIAN_POINT('Origin',(-1.67927866133714,4.9639142307725,0.420554443476409));
#4317=CARTESIAN_POINT('',(0.253890995636548,5.16389423076917,0.42055444347242));
#4318=CARTESIAN_POINT('Origin',(-23.4256894741117,4.49729423076916,1.76117999551835));
#4319=CARTESIAN_POINT('',(-0.338653116117467,5.16389423111462,1.76117999531157));
#4320=CARTESIAN_POINT('',(5.81543195285077,5.16389423076917,1.76117999551835));
#4321=CARTESIAN_POINT('Origin',(-0.33865311627051,4.49729423076916,1.76117999551835));
#4322=CARTESIAN_POINT('Origin',(-23.4256894741117,4.16399423076917,-5.08343493615624));
#4323=CARTESIAN_POINT('',(-2.40676970885326,6.19834544957989,-5.08343493615624));
#4324=CARTESIAN_POINT('Origin',(-6.51666804714921,7.83029423077251,-5.08343493615624));
#4325=CARTESIAN_POINT('',(-1.92461798799736,7.16369423076917,-5.08343493615624));
#4326=CARTESIAN_POINT('Ctrl Pts',(-2.40676970885326,6.19834544957989,-5.08343493615624));
#4327=CARTESIAN_POINT('Ctrl Pts',(-2.3666055235462,6.24892017973405,-5.08343493615624));
#4328=CARTESIAN_POINT('Ctrl Pts',(-2.32877774349077,6.30140965322315,-5.0834349361563));
#4329=CARTESIAN_POINT('Ctrl Pts',(-2.29321724119113,6.35512839222452,-5.08343493615618));
#4330=CARTESIAN_POINT('Ctrl Pts',(-2.27842836747316,6.37746889913541,-5.08343493615614));
#4331=CARTESIAN_POINT('Ctrl Pts',(-2.26403208477469,6.40002252690264,-5.08343493615605));
#4332=CARTESIAN_POINT('Ctrl Pts',(-2.25002537602698,6.4227415718091,-5.08343493615578));
#4333=CARTESIAN_POINT('Ctrl Pts',(-2.21140959508937,6.48537681874843,-5.08343493615504));
#4334=CARTESIAN_POINT('Ctrl Pts',(-2.1757511649679,6.54926775908312,-5.08343493615449));
#4335=CARTESIAN_POINT('Ctrl Pts',(-2.14249054029503,6.61445294789968,-5.08343493614043));
#4336=CARTESIAN_POINT('Ctrl Pts',(-2.13489787019884,6.62933329481769,-5.08343493613723));
#4337=CARTESIAN_POINT('Ctrl Pts',(-2.12743035217011,6.64428117540173,-5.08343493613321));
#4338=CARTESIAN_POINT('Ctrl Pts',(-2.12008164685374,6.65929719461103,-5.08343493612802));
#4339=CARTESIAN_POINT('Ctrl Pts',(-2.11992017710432,6.65962713475076,-5.0834349361279));
#4340=CARTESIAN_POINT('Ctrl Pts',(-2.11975876858514,6.65995709966148,-5.08343493612779));
#4341=CARTESIAN_POINT('Ctrl Pts',(-2.11959742122764,6.66028708933193,-5.08343493612767));
#4342=CARTESIAN_POINT('Ctrl Pts',(-2.07935012661743,6.7426013688511,-5.08343493609936));
#4343=CARTESIAN_POINT('Ctrl Pts',(-2.04290415269779,6.82645453202182,-5.0834349361176));
#4344=CARTESIAN_POINT('Ctrl Pts',(-2.01001895968502,6.91190027251342,-5.08343493613597));
#4345=CARTESIAN_POINT('Ctrl Pts',(-1.97829547374313,6.99432754445394,-5.08343493615369));
#4346=CARTESIAN_POINT('Ctrl Pts',(-1.94988624591784,7.07823712904845,-5.08343493615624));
#4347=CARTESIAN_POINT('Ctrl Pts',(-1.92461798799761,7.16369423076845,-5.08343493615624));
#4348=CARTESIAN_POINT('',(-1.92461798799736,7.16369423076917,-5.08343493615624));
#4349=CARTESIAN_POINT('Origin',(-23.4256894741117,7.16369423076917,-1.41713493615624));
#4350=CARTESIAN_POINT('',(-1.76595252646252,7.91302774421892,-5.0060421480553));
#4351=CARTESIAN_POINT('Ctrl Pts',(-1.92461798799736,7.16369423076917,-5.08343493615624));
#4352=CARTESIAN_POINT('Ctrl Pts',(-1.90212490797201,7.25667047158427,-5.08343493615624));
#4353=CARTESIAN_POINT('Ctrl Pts',(-1.88084649540789,7.34953624504838,-5.07990250511577));
#4354=CARTESIAN_POINT('Ctrl Pts',(-1.86062170731161,7.44226113065365,-5.07283680751949));
#4355=CARTESIAN_POINT('Ctrl Pts',(-1.84055678732478,7.53425306656913,-5.06582696117423));
#4356=CARTESIAN_POINT('Ctrl Pts',(-1.82152890075674,7.62610711697472,-5.05533935393824));
#4357=CARTESIAN_POINT('Ctrl Pts',(-1.80338079343008,7.71778542866061,-5.04132293271757));
#4358=CARTESIAN_POINT('Ctrl Pts',(-1.79047888825926,7.78296164027881,-5.03135833783347));
#4359=CARTESIAN_POINT('Ctrl Pts',(-1.77802163352546,7.84804888826427,-5.01960918435844));
#4360=CARTESIAN_POINT('Ctrl Pts',(-1.7659525264624,7.91302774421889,-5.0060421480553));
#4361=CARTESIAN_POINT('',(-1.04234180036972,9.60364713807313,-4.15362639423517));
#4362=CARTESIAN_POINT('Ctrl Pts',(-1.76595252646252,7.91302774421893,-5.0060421480553));
#4363=CARTESIAN_POINT('Ctrl Pts',(-1.75019928961345,7.99784158361004,-4.98833373473957));
#4364=CARTESIAN_POINT('Ctrl Pts',(-1.73203143380699,8.08116080901755,-4.96783792985146));
#4365=CARTESIAN_POINT('Ctrl Pts',(-1.71158630149914,8.16302853104617,-4.94464997393638));
#4366=CARTESIAN_POINT('Ctrl Pts',(-1.6919424504032,8.24168771098585,-4.92237079538394));
#4367=CARTESIAN_POINT('Ctrl Pts',(-1.67019675357727,8.31900738626801,-4.89760671481095));
#4368=CARTESIAN_POINT('Ctrl Pts',(-1.64649786868199,8.39504538357538,-4.87047300299736));
#4369=CARTESIAN_POINT('Ctrl Pts',(-1.64573694177477,8.3974868215746,-4.86960179021655));
#4370=CARTESIAN_POINT('Ctrl Pts',(-1.64497394764762,8.39992713912087,-4.86872806580618));
#4371=CARTESIAN_POINT('Ctrl Pts',(-1.64420888889122,8.40236634398411,-4.86785183062188));
#4372=CARTESIAN_POINT('Ctrl Pts',(-1.61964531806621,8.4806813503983,-4.83971874302741));
#4373=CARTESIAN_POINT('Ctrl Pts',(-1.59295323819286,8.55785347511221,-4.80899751872348));
#4374=CARTESIAN_POINT('Ctrl Pts',(-1.56457124211892,8.63301292077106,-4.77613155376637));
#4375=CARTESIAN_POINT('Ctrl Pts',(-1.5376510331071,8.70430135239084,-4.74495831832107));
#4376=CARTESIAN_POINT('Ctrl Pts',(-1.50921092752521,8.77377587039348,-4.71185604176941));
#4377=CARTESIAN_POINT('Ctrl Pts',(-1.47939809279024,8.84158908395843,-4.67695410137497));
#4378=CARTESIAN_POINT('Ctrl Pts',(-1.47801432205077,8.84473665249778,-4.67533411842809));
#4379=CARTESIAN_POINT('Ctrl Pts',(-1.47662774623106,8.84788018996625,-4.67371048945629));
#4380=CARTESIAN_POINT('Ctrl Pts',(-1.47523838365537,8.85101971354146,-4.67208323090018));
#4381=CARTESIAN_POINT('Ctrl Pts',(-1.43281395038529,8.94688562410187,-4.62239460157101));
#4382=CARTESIAN_POINT('Ctrl Pts',(-1.38779327797473,9.03901126179447,-4.56932517338413));
#4383=CARTESIAN_POINT('Ctrl Pts',(-1.34030026925676,9.12792493008828,-4.51289640382566));
#4384=CARTESIAN_POINT('Ctrl Pts',(-1.31940961272853,9.16703521084604,-4.48807519171512));
#4385=CARTESIAN_POINT('Ctrl Pts',(-1.29804027219779,9.20552367843341,-4.46260347097201));
#4386=CARTESIAN_POINT('Ctrl Pts',(-1.27620140037114,9.24343385331613,-4.43648067240393));
#4387=CARTESIAN_POINT('Ctrl Pts',(-1.27499642936515,9.24552556674933,-4.43503933353259));
#4388=CARTESIAN_POINT('Ctrl Pts',(-1.2737900303918,9.24761550459023,-4.43359602246508));
#4389=CARTESIAN_POINT('Ctrl Pts',(-1.27258220621974,9.24970367118153,-4.43215074113929));
#4390=CARTESIAN_POINT('Ctrl Pts',(-1.22181038200889,9.33748137057556,-4.37139722162469));
#4391=CARTESIAN_POINT('Ctrl Pts',(-1.16851740954131,9.4221282000094,-4.30715883078074));
#4392=CARTESIAN_POINT('Ctrl Pts',(-1.11313556406956,9.50330465435466,-4.23988681864907));
#4393=CARTESIAN_POINT('Ctrl Pts',(-1.08989393085251,9.53737129409343,-4.21165533920992));
#4394=CARTESIAN_POINT('Ctrl Pts',(-1.06628481656576,9.57082690339383,-4.18289008032772));
#4395=CARTESIAN_POINT('Ctrl Pts',(-1.04234180036972,9.60364713807313,-4.15362639423517));
#4396=CARTESIAN_POINT('Origin',(1.1966057562403,7.16369423076917,-1.41713493615624));
#4397=CARTESIAN_POINT('Origin',(-23.4256894741117,7.16369423076917,-1.41713493615624));
#4398=CARTESIAN_POINT('',(-4.30607455405195,6.50290167229138,1.16608827422655));
#4399=CARTESIAN_POINT('Ctrl Pts',(-4.6398023170529,7.16369489004459,1.2492757162068));
#4400=CARTESIAN_POINT('Ctrl Pts',(-4.60350002380073,7.066268126221,1.24928683220653));
#4401=CARTESIAN_POINT('Ctrl Pts',(-4.56317789432328,6.97132849037501,1.24395139272947));
#4402=CARTESIAN_POINT('Ctrl Pts',(-4.51880425505897,6.87882756668581,1.23400443092615));
#4403=CARTESIAN_POINT('Ctrl Pts',(-4.46418386349893,6.76496634738229,1.22176051860483));
#4404=CARTESIAN_POINT('Ctrl Pts',(-4.40342204163467,6.65480129361829,1.20252959870372));
#4405=CARTESIAN_POINT('Ctrl Pts',(-4.33575440093368,6.54857145076466,1.17734271622731));
#4406=CARTESIAN_POINT('Ctrl Pts',(-4.32600513191757,6.53326630188122,1.17371389615325));
#4407=CARTESIAN_POINT('Ctrl Pts',(-4.31611258662932,6.51804281304944,1.16996140183687));
#4408=CARTESIAN_POINT('Ctrl Pts',(-4.30607455405314,6.50290167229318,1.16608827422701));
#4409=CARTESIAN_POINT('',(-4.19309392739128,6.33100903084971,1.11591151383931));
#4410=CARTESIAN_POINT('Ctrl Pts',(-4.30607455405195,6.50290167229138,1.16608827422655));
#4411=CARTESIAN_POINT('Ctrl Pts',(-4.28301124600525,6.46811350333469,1.15718940591457));
#4412=CARTESIAN_POINT('Ctrl Pts',(-4.25987038372518,6.43357519386174,1.14761017074803));
#4413=CARTESIAN_POINT('Ctrl Pts',(-4.23712184945659,6.39900352916315,1.13726070486675));
#4414=CARTESIAN_POINT('Ctrl Pts',(-4.22223393177938,6.37637789131238,1.13048743348916));
#4415=CARTESIAN_POINT('Ctrl Pts',(-4.20751405322098,6.35373822018971,1.12338325189987));
#4416=CARTESIAN_POINT('Ctrl Pts',(-4.19309392739128,6.33100903084971,1.11591151383931));
#4417=CARTESIAN_POINT('Ctrl Pts',(-4.19309392739128,6.3310090308497,1.11591151383931));
#4418=CARTESIAN_POINT('Ctrl Pts',(-4.13871286697136,6.24529289817575,1.08773415646315));
#4419=CARTESIAN_POINT('Ctrl Pts',(-4.08161694192659,6.16363263571286,1.05609017770112));
#4420=CARTESIAN_POINT('Ctrl Pts',(-4.02120635801099,6.08611019903787,1.0218508134999));
#4421=CARTESIAN_POINT('Ctrl Pts',(-3.9641791451907,6.01292950439687,0.989529068160319));
#4422=CARTESIAN_POINT('Ctrl Pts',(-3.90419791826977,5.94343592873826,0.954895201892002));
#4423=CARTESIAN_POINT('Ctrl Pts',(-3.84079702736028,5.87767434873855,0.918675453858467));
#4424=CARTESIAN_POINT('Ctrl Pts',(-3.81082315148836,5.84658441596669,0.901551936884247));
#4425=CARTESIAN_POINT('Ctrl Pts',(-3.78008555217601,5.81632827630809,0.884073800072776));
#4426=CARTESIAN_POINT('Ctrl Pts',(-3.7485385305289,5.78690881910128,0.866316593922398));
#4427=CARTESIAN_POINT('Ctrl Pts',(-3.74430301813104,5.78295895413045,0.863932506205885));
#4428=CARTESIAN_POINT('Ctrl Pts',(-3.74005291888561,5.77902416934725,0.861543386644433));
#4429=CARTESIAN_POINT('Ctrl Pts',(-3.73578842789162,5.77510472526381,0.859149663822267));
#4430=CARTESIAN_POINT('Ctrl Pts',(-3.69219260472129,5.7350363111369,0.834678673727339));
#4431=CARTESIAN_POINT('Ctrl Pts',(-3.64705955502978,5.69654091189816,0.809708550771956));
#4432=CARTESIAN_POINT('Ctrl Pts',(-3.60056518532807,5.65988907026449,0.784682988752965));
#4433=CARTESIAN_POINT('Ctrl Pts',(-3.55982248780161,5.62777131262956,0.762753260265175));
#4434=CARTESIAN_POINT('Ctrl Pts',(-3.51803796334104,5.59706086985846,0.740775039493671));
#4435=CARTESIAN_POINT('Ctrl Pts',(-3.47535003093022,5.56794365713552,0.719046018165623));
#4436=CARTESIAN_POINT('Ctrl Pts',(-3.46932374872575,5.5638331619448,0.715978518590104));
#4437=CARTESIAN_POINT('Ctrl Pts',(-3.46327946232916,5.55975440530386,0.712915974809427));
#4438=CARTESIAN_POINT('Ctrl Pts',(-3.45721701757052,5.55570720712818,0.709858868725106));
#4439=CARTESIAN_POINT('Ctrl Pts',(-3.38171106806579,5.50530055547943,0.671783520111923));
#4440=CARTESIAN_POINT('Ctrl Pts',(-3.30345229423469,5.45985982542621,0.634610555021185));
#4441=CARTESIAN_POINT('Ctrl Pts',(-3.22205366224096,5.41894822662656,0.599193770921108));
#4442=CARTESIAN_POINT('Ctrl Pts',(-3.20476340854385,5.41025800782221,0.591670730702533));
#4443=CARTESIAN_POINT('Ctrl Pts',(-3.18733151322394,5.40177225590964,0.584226781453421));
#4444=CARTESIAN_POINT('Ctrl Pts',(-3.16975430879121,5.39348696375717,0.576869876252503));
#4445=CARTESIAN_POINT('Ctrl Pts',(-3.16266518711318,5.3901453945997,0.573902737971632));
#4446=CARTESIAN_POINT('Ctrl Pts',(-3.15555242919167,5.38683643326975,0.570949757545229));
#4447=CARTESIAN_POINT('Ctrl Pts',(-3.14841533082701,5.38355987437445,0.568011362964002));
#4448=CARTESIAN_POINT('Ctrl Pts',(-3.10125897506996,5.36191093960696,0.548596753111752));
#4449=CARTESIAN_POINT('Ctrl Pts',(-3.05306732008021,5.34168478566266,0.529826604572333));
#4450=CARTESIAN_POINT('Ctrl Pts',(-3.00365330579511,5.32282865382123,0.511829264550637));
#4451=CARTESIAN_POINT('Ctrl Pts',(-2.99640719124438,5.32006357405017,0.50919011876796));
#4452=CARTESIAN_POINT('Ctrl Pts',(-2.98913481041218,5.31732795498768,0.506567584413838));
#4453=CARTESIAN_POINT('Ctrl Pts',(-2.9818381577784,5.31462223608072,0.503962766460884));
#4454=CARTESIAN_POINT('Ctrl Pts',(-2.95331050510291,5.30404371287434,0.493778734744644));
#4455=CARTESIAN_POINT('Ctrl Pts',(-2.92438387903306,5.29391129937857,0.483854993403083));
#4456=CARTESIAN_POINT('Ctrl Pts',(-2.89517054333708,5.28425360115642,0.474258626894543));
#4457=CARTESIAN_POINT('Ctrl Pts',(-2.87289843910119,5.27689061927305,0.466942404009616));
#4458=CARTESIAN_POINT('Ctrl Pts',(-2.85045853031903,5.26980025146967,0.459813157934255));
#4459=CARTESIAN_POINT('Ctrl Pts',(-2.82790872708407,5.26299685524881,0.452902081504541));
#4460=CARTESIAN_POINT('Ctrl Pts',(-2.82088094910783,5.2608765370524,0.450748204141676));
#4461=CARTESIAN_POINT('Ctrl Pts',(-2.81384249746749,5.2587840861697,0.448615512145965));
#4462=CARTESIAN_POINT('Ctrl Pts',(-2.80679374861932,5.25671924673984,0.446504147020842));
#4463=CARTESIAN_POINT('Ctrl Pts',(-2.74746206733998,5.23933880127586,0.428732079187748));
#4464=CARTESIAN_POINT('Ctrl Pts',(-2.68745905836381,5.22394390053556,0.412501961708007));
#4465=CARTESIAN_POINT('Ctrl Pts',(-2.6268094449531,5.21031599120443,0.397829926841253));
#4466=CARTESIAN_POINT('Ctrl Pts',(-2.57154613432137,5.1978983788855,0.38446091795821));
#4467=CARTESIAN_POINT('Ctrl Pts',(-2.51574503428672,5.1869481255192,0.372385306737963));
#4468=CARTESIAN_POINT('Ctrl Pts',(-2.45941201918521,5.17732410556865,0.361635056574634));
#4469=CARTESIAN_POINT('Ctrl Pts',(-2.45392145641722,5.1763860892824,0.360587270952172));
#4470=CARTESIAN_POINT('Ctrl Pts',(-2.44842583795229,5.17546068260298,0.35955208518967));
#4471=CARTESIAN_POINT('Ctrl Pts',(-2.44292519087775,5.17454777732728,0.358529460689799));
#4472=CARTESIAN_POINT('Ctrl Pts',(-2.38098806400838,5.16426849034252,0.347014738416213));
#4473=CARTESIAN_POINT('Ctrl Pts',(-2.31840845116941,5.1555848932305,0.337104972026965));
#4474=CARTESIAN_POINT('Ctrl Pts',(-2.25535137603617,5.14832466271621,0.328723790107714));
#4475=CARTESIAN_POINT('Ctrl Pts',(-2.1953735523369,5.14141896934427,0.320751884489158));
#4476=CARTESIAN_POINT('Ctrl Pts',(-2.1349785334094,5.13579727676699,0.314158340827206));
#4477=CARTESIAN_POINT('Ctrl Pts',(-2.07427052203821,5.1313269179992,0.30889296646252));
#4478=CARTESIAN_POINT('Ctrl Pts',(-2.03924140763229,5.12874747740849,0.305854794121759));
#4479=CARTESIAN_POINT('Ctrl Pts',(-2.00410808629932,5.12655137703525,0.3032588107935));
#4480=CARTESIAN_POINT('Ctrl Pts',(-1.96891218247716,5.12471553361422,0.301082755342651));
#4481=CARTESIAN_POINT('Ctrl Pts',(-1.88963545652425,5.12058040310254,0.296181317024518));
#4482=CARTESIAN_POINT('Ctrl Pts',(-1.80999740592489,5.11828499642698,0.293424618643567));
#4483=CARTESIAN_POINT('Ctrl Pts',(-1.73030098487613,5.11760416973497,0.292604998310507));
#4484=CARTESIAN_POINT('Ctrl Pts',(-1.71329518191576,5.1174588933923,0.292430105866117));
#4485=CARTESIAN_POINT('Ctrl Pts',(-1.69628674176617,5.11738725401102,0.292343556504879));
#4486=CARTESIAN_POINT('Ctrl Pts',(-1.67927866133714,5.11738725402808,0.292343556525294));
#4487=CARTESIAN_POINT('',(2.35610625906842,9.22409423076917,0.275330957148554));
#4488=CARTESIAN_POINT('',(10.6079576466331,9.22409423076917,0.275330957148554));
#4489=CARTESIAN_POINT('',(-0.483446620824965,9.65550652088805,-2.36611358228716));
#4490=CARTESIAN_POINT('Origin',(0.536705423765768,7.16369423076917,-1.41713493615624));
#4491=CARTESIAN_POINT('',(-1.41187037166687,9.10241167251733,-3.24772599946379));
#4492=CARTESIAN_POINT('Ctrl Pts',(-0.483446620824967,9.65550652088805,-2.36611358228716));
#4493=CARTESIAN_POINT('Ctrl Pts',(-0.64927516475031,9.59675867598102,-2.52037269291538));
#4494=CARTESIAN_POINT('Ctrl Pts',(-0.971407174190272,9.4490859848794,-2.82314976295301));
#4495=CARTESIAN_POINT('Ctrl Pts',(-1.27151111610924,9.23111836368059,-3.11141707059955));
#4496=CARTESIAN_POINT('Ctrl Pts',(-1.41187037166688,9.10241167251733,-3.24772599946379));
#4497=CARTESIAN_POINT('',(-2.20199299120565,7.79658740931758,-4.0073347710236));
#4498=CARTESIAN_POINT('Ctrl Pts',(-1.41187037166687,9.10241167251733,-3.24772599946379));
#4499=CARTESIAN_POINT('Ctrl Pts',(-1.47424024245289,9.04521972166233,-3.30829607154196));
#4500=CARTESIAN_POINT('Ctrl Pts',(-1.53451642030732,8.98474304452183,-3.3667084035849));
#4501=CARTESIAN_POINT('Ctrl Pts',(-1.59263805371517,8.92055223473077,-3.42292273101836));
#4502=CARTESIAN_POINT('Ctrl Pts',(-1.6157904576709,8.89498221077602,-3.44531537108245));
#4503=CARTESIAN_POINT('Ctrl Pts',(-1.63860072647283,8.86882241299846,-3.46735896949236));
#4504=CARTESIAN_POINT('Ctrl Pts',(-1.66106395498993,8.84204391588732,-3.48904988591851));
#4505=CARTESIAN_POINT('Ctrl Pts',(-1.66167697034018,8.84131313803973,-3.48964182508345));
#4506=CARTESIAN_POINT('Ctrl Pts',(-1.66228972756178,8.84058190020755,-3.49023350086957));
#4507=CARTESIAN_POINT('Ctrl Pts',(-1.662902226267,8.83985020213144,-3.4908249129263));
#4508=CARTESIAN_POINT('Ctrl Pts',(-1.70918367509863,8.78456184514111,-3.53551301856424));
#4509=CARTESIAN_POINT('Ctrl Pts',(-1.75398741840408,8.72664267391112,-3.578693640199));
#4510=CARTESIAN_POINT('Ctrl Pts',(-1.79692667185639,8.66606510960435,-3.62000853131308));
#4511=CARTESIAN_POINT('Ctrl Pts',(-1.82651778935241,8.62431874284427,-3.64848023724644));
#4512=CARTESIAN_POINT('Ctrl Pts',(-1.85522376602021,8.58131058413815,-3.67606622365228));
#4513=CARTESIAN_POINT('Ctrl Pts',(-1.88292512784339,8.53704229299901,-3.70265628756846));
#4514=CARTESIAN_POINT('Ctrl Pts',(-1.88366231347396,8.53586423004579,-3.70336389945989));
#4515=CARTESIAN_POINT('Ctrl Pts',(-1.88439878561064,8.53468528187328,-3.70407080246025));
#4516=CARTESIAN_POINT('Ctrl Pts',(-1.88513454515005,8.53350544371967,-3.70477699751546));
#4517=CARTESIAN_POINT('Ctrl Pts',(-1.90972957480566,8.49406571807205,-3.72838374319151));
#4518=CARTESIAN_POINT('Ctrl Pts',(-1.93353076179445,8.45363373841823,-3.75120180969052));
#4519=CARTESIAN_POINT('Ctrl Pts',(-1.95642470516118,8.4122725330891,-3.77312750807641));
#4520=CARTESIAN_POINT('Ctrl Pts',(-1.96463302171397,8.39744302727144,-3.78098867336844));
#4521=CARTESIAN_POINT('Ctrl Pts',(-1.97272442235924,8.38249383943036,-3.78873484002401));
#4522=CARTESIAN_POINT('Ctrl Pts',(-1.98069255811772,8.36742725976036,-3.7963601328751));
#4523=CARTESIAN_POINT('Ctrl Pts',(-1.98140265669216,8.3660845671821,-3.79703967822265));
#4524=CARTESIAN_POINT('Ctrl Pts',(-1.9821117826315,8.36474092931741,-3.79771826964646));
#4525=CARTESIAN_POINT('Ctrl Pts',(-1.98281992539594,8.36339635891818,-3.798395897016));
#4526=CARTESIAN_POINT('Ctrl Pts',(-2.00456239392423,8.32211332806981,-3.8192014358085));
#4527=CARTESIAN_POINT('Ctrl Pts',(-2.02537521570546,8.27994955535763,-3.83909537532598));
#4528=CARTESIAN_POINT('Ctrl Pts',(-2.04516309242933,8.23697987980139,-3.85798664824569));
#4529=CARTESIAN_POINT('Ctrl Pts',(-2.05273643714238,8.22053424646049,-3.86521683892688));
#4530=CARTESIAN_POINT('Ctrl Pts',(-2.06015999955999,8.20397077748365,-3.87230050736937));
#4531=CARTESIAN_POINT('Ctrl Pts',(-2.06742974529274,8.18729454163501,-3.87923383861997));
#4532=CARTESIAN_POINT('Ctrl Pts',(-2.06787180171872,8.18628049829856,-3.87965543845928));
#4533=CARTESIAN_POINT('Ctrl Pts',(-2.0683132857347,8.18526603808259,-3.88007648266905));
#4534=CARTESIAN_POINT('Ctrl Pts',(-2.06875419762637,8.18425115931503,-3.88049697166375));
#4535=CARTESIAN_POINT('Ctrl Pts',(-2.09512669855416,8.1235476678818,-3.90564790683304));
#4536=CARTESIAN_POINT('Ctrl Pts',(-2.11945541400004,8.06134878332401,-3.92881559097797));
#4537=CARTESIAN_POINT('Ctrl Pts',(-2.14157037001729,7.99739292670273,-3.9498679530249));
#4538=CARTESIAN_POINT('Ctrl Pts',(-2.16239036257201,7.93718206950511,-3.96968757286656));
#4539=CARTESIAN_POINT('Ctrl Pts',(-2.18124790835264,7.87541269679605,-3.98763227953994));
#4540=CARTESIAN_POINT('Ctrl Pts',(-2.19801205597989,7.81186488535853,-4.00355444365249));
#4541=CARTESIAN_POINT('Ctrl Pts',(-2.1993524596227,7.80678382070571,-4.00482752518651));
#4542=CARTESIAN_POINT('Ctrl Pts',(-2.20067946333878,7.80169136923504,-4.00608766206626));
#4543=CARTESIAN_POINT('Ctrl Pts',(-2.20199299121149,7.79658740932071,-4.00733477102284));
#4544=CARTESIAN_POINT('',(-2.35262587537559,7.28141969974981,-4.08093479236791));
#4545=CARTESIAN_POINT('Ctrl Pts',(-2.20199299120565,7.79658740931758,-4.0073347710236));
#4546=CARTESIAN_POINT('Ctrl Pts',(-2.2460173495803,7.62552247413669,-4.04913302500672));
#4547=CARTESIAN_POINT('Ctrl Pts',(-2.29533193065728,7.45348978409196,-4.07333023028736));
#4548=CARTESIAN_POINT('Ctrl Pts',(-2.35262587537568,7.28141969974984,-4.08093479236791));
#4549=CARTESIAN_POINT('',(-2.72786154024649,6.50290167229138,-4.00035814653903));
#4550=CARTESIAN_POINT('Ctrl Pts',(-2.35262587537564,7.28141969974982,-4.08093479236791));
#4551=CARTESIAN_POINT('Ctrl Pts',(-2.3989273334087,7.14236319358325,-4.08708033380755));
#4552=CARTESIAN_POINT('Ctrl Pts',(-2.45306589141954,7.008209731372,-4.08218723944336));
#4553=CARTESIAN_POINT('Ctrl Pts',(-2.51513183923947,6.87882756668581,-4.06827430323864));
#4554=CARTESIAN_POINT('Ctrl Pts',(-2.56975223078193,6.76496634741831,-4.05603039092118));
#4555=CARTESIAN_POINT('Ctrl Pts',(-2.63051405262441,6.65480129368793,-4.03679947102834));
#4556=CARTESIAN_POINT('Ctrl Pts',(-2.69818169329997,6.54857145086581,-4.01161258856378));
#4557=CARTESIAN_POINT('Ctrl Pts',(-2.70793096233703,6.53326630194829,-4.00798376848227));
#4558=CARTESIAN_POINT('Ctrl Pts',(-2.71782350764687,6.51804281308278,-4.00423127415789));
#4559=CARTESIAN_POINT('Ctrl Pts',(-2.7278615402453,6.50290167229318,-4.00035814653949));
#4560=CARTESIAN_POINT('',(-2.84084216690717,6.3310090308497,-3.9501813861518));
#4561=CARTESIAN_POINT('Ctrl Pts',(-2.72786154024649,6.50290167229138,-4.00035814653904));
#4562=CARTESIAN_POINT('Ctrl Pts',(-2.75092484829321,6.46811350333466,-3.99145927822705));
#4563=CARTESIAN_POINT('Ctrl Pts',(-2.77406571057331,6.43357519386168,-3.9818800430605));
#4564=CARTESIAN_POINT('Ctrl Pts',(-2.79681424484192,6.39900352916305,-3.97153057717921));
#4565=CARTESIAN_POINT('Ctrl Pts',(-2.81170216251911,6.37637789131231,-3.96475730580163));
#4566=CARTESIAN_POINT('Ctrl Pts',(-2.82642204107748,6.35373822018967,-3.95765312421234));
#4567=CARTESIAN_POINT('Ctrl Pts',(-2.84084216690717,6.3310090308497,-3.9501813861518));
#4568=CARTESIAN_POINT('Ctrl Pts',(-2.84084216690717,6.3310090308497,-3.9501813861518));
#4569=CARTESIAN_POINT('Ctrl Pts',(-2.89522322734991,6.24529289813977,-3.92200402876381));
#4570=CARTESIAN_POINT('Ctrl Pts',(-2.95231915241814,6.16363263564667,-3.89036004998851));
#4571=CARTESIAN_POINT('Ctrl Pts',(-3.01272973636066,6.08611019894449,-3.85612068577187));
#4572=CARTESIAN_POINT('Ctrl Pts',(-3.0697569492112,6.01292950427161,-3.823798940415));
#4573=CARTESIAN_POINT('Ctrl Pts',(-3.12973817616597,5.94343592858441,-3.78916507412708));
#4574=CARTESIAN_POINT('Ctrl Pts',(-3.19313906711537,5.87767434855717,-3.75294532607119));
#4575=CARTESIAN_POINT('Ctrl Pts',(-3.22311294261477,5.84658441617825,-3.73582180930999));
#4576=CARTESIAN_POINT('Ctrl Pts',(-3.253850541536,5.81632827689103,-3.71834367272018));
#4577=CARTESIAN_POINT('Ctrl Pts',(-3.28539756277187,5.78690882003374,-3.7005864667971));
#4578=CARTESIAN_POINT('Ctrl Pts',(-3.28963307515341,5.78295895507358,-3.69820237908922));
#4579=CARTESIAN_POINT('Ctrl Pts',(-3.2938831743824,5.77902417030094,-3.69581325953642));
#4580=CARTESIAN_POINT('Ctrl Pts',(-3.29814766535987,5.77510472622793,-3.6934195367229));
#4581=CARTESIAN_POINT('Ctrl Pts',(-3.34174348842105,5.73503631215276,-3.66894854668284));
#4582=CARTESIAN_POINT('Ctrl Pts',(-3.38687653799772,5.69654091295784,-3.64397842378163));
#4583=CARTESIAN_POINT('Ctrl Pts',(-3.43337090757962,5.65988907135963,-3.6189528618136));
#4584=CARTESIAN_POINT('Ctrl Pts',(-3.47411360500715,5.627771313751,-3.59702313336721));
#4585=CARTESIAN_POINT('Ctrl Pts',(-3.51589812936526,5.59706087100024,-3.57504491263466));
#4586=CARTESIAN_POINT('Ctrl Pts',(-3.55858606167073,5.56794365829146,-3.55331589134161));
#4587=CARTESIAN_POINT('Ctrl Pts',(-3.56461234385308,5.56383316310769,-3.55024839177473));
#4588=CARTESIAN_POINT('Ctrl Pts',(-3.57065663022745,5.5597544064735,-3.54718584800259));
#4589=CARTESIAN_POINT('Ctrl Pts',(-3.57671907496376,5.55570720830437,-3.54412874192672));
#4590=CARTESIAN_POINT('Ctrl Pts',(-3.65222502443749,5.50530055657223,-3.50605339329416));
#4591=CARTESIAN_POINT('Ctrl Pts',(-3.73048379824012,5.45985982643689,-3.46888042817476));
#4592=CARTESIAN_POINT('Ctrl Pts',(-3.81188243020312,5.41894822755925,-3.43346364404047));
#4593=CARTESIAN_POINT('Ctrl Pts',(-3.82917268367966,5.41025800884591,-3.42594060390775));
#4594=CARTESIAN_POINT('Ctrl Pts',(-3.84660457877541,5.40177225701947,-3.41849665474229));
#4595=CARTESIAN_POINT('Ctrl Pts',(-3.86418178298018,5.39348696494843,-3.41113974962255));
#4596=CARTESIAN_POINT('Ctrl Pts',(-3.87127090463334,5.39014539579219,-3.40817261134634));
#4597=CARTESIAN_POINT('Ctrl Pts',(-3.87838366252982,5.38683643446331,-3.40521963092447));
#4598=CARTESIAN_POINT('Ctrl Pts',(-3.88552076086927,5.38355987556894,-3.40228123634764));
#4599=CARTESIAN_POINT('Ctrl Pts',(-3.93267711649565,5.3619109407911,-3.38286662650963));
#4600=CARTESIAN_POINT('Ctrl Pts',(-3.98086877134894,5.34168478683222,-3.36409647797948));
#4601=CARTESIAN_POINT('Ctrl Pts',(-4.03028278549459,5.32282865496986,-3.34609913795929));
#4602=CARTESIAN_POINT('Ctrl Pts',(-4.03752890002136,5.32006357519707,-3.34345999217811));
#4603=CARTESIAN_POINT('Ctrl Pts',(-4.0448012808295,5.31732795613268,-3.34083745782531));
#4604=CARTESIAN_POINT('Ctrl Pts',(-4.0520979334392,5.31462223722366,-3.33823263987347));
#4605=CARTESIAN_POINT('Ctrl Pts',(-4.0806255860326,5.30404371400474,-3.32804860815732));
#4606=CARTESIAN_POINT('Ctrl Pts',(-4.10955221202001,5.29391130049473,-3.3181248668136));
#4607=CARTESIAN_POINT('Ctrl Pts',(-4.13876554763409,5.28425360225614,-3.30852850029989));
#4608=CARTESIAN_POINT('Ctrl Pts',(-4.16103765180572,5.27689062036084,-3.30121227741163));
#4609=CARTESIAN_POINT('Ctrl Pts',(-4.18347756052392,5.2698002525444,-3.29408303133132));
#4610=CARTESIAN_POINT('Ctrl Pts',(-4.20602736369616,5.26299685630948,-3.28717195489508));
#4611=CARTESIAN_POINT('Ctrl Pts',(-4.21305514165527,5.26087653810796,-3.28501807752944));
#4612=CARTESIAN_POINT('Ctrl Pts',(-4.22009359327859,5.25878408722006,-3.28288538553082));
#4613=CARTESIAN_POINT('Ctrl Pts',(-4.22714234210985,5.25671924778496,-3.28077402040266));
#4614=CARTESIAN_POINT('Ctrl Pts',(-4.28647402323134,5.23933880228129,-3.26300195254865));
#4615=CARTESIAN_POINT('Ctrl Pts',(-4.34647703205792,5.22394390149412,-3.24677183503676));
#4616=CARTESIAN_POINT('Ctrl Pts',(-4.40712664532173,5.21031599211127,-3.2320998001291));
#4617=CARTESIAN_POINT('Ctrl Pts',(-4.46238995581804,5.19789837974556,-3.21873079120916));
#4618=CARTESIAN_POINT('Ctrl Pts',(-4.51819105571967,5.1869481263284,-3.20665517994465));
#4619=CARTESIAN_POINT('Ctrl Pts',(-4.57452407068648,5.17732410632588,-3.19590492973272));
#4620=CARTESIAN_POINT('Ctrl Pts',(-4.58001463344307,5.17638609003427,-3.19485714410519));
#4621=CARTESIAN_POINT('Ctrl Pts',(-4.5855102518966,5.17546068334949,-3.19382195833759));
#4622=CARTESIAN_POINT('Ctrl Pts',(-4.59101089895972,5.17454777806842,-3.19279933383259));
#4623=CARTESIAN_POINT('Ctrl Pts',(-4.6529480256828,5.16426849102621,-3.18128461150453));
#4624=CARTESIAN_POINT('Ctrl Pts',(-4.71552763837315,5.15558489385536,-3.17137484505556));
#4625=CARTESIAN_POINT('Ctrl Pts',(-4.77858471335768,5.14832466328108,-3.16299366307247));
#4626=CARTESIAN_POINT('Ctrl Pts',(-4.83856253689865,5.14141896985401,-3.15502175739543));
#4627=CARTESIAN_POINT('Ctrl Pts',(-4.89895755566558,5.13579727722004,-3.14842821367076));
#4628=CARTESIAN_POINT('Ctrl Pts',(-4.95966556688043,5.13132691839381,-3.14316283923965));
#4629=CARTESIAN_POINT('Ctrl Pts',(-4.99469468122303,5.12874747776739,-3.14012466685822));
#4630=CARTESIAN_POINT('Ctrl Pts',(-5.02982800249423,5.12655137735846,-3.13752868348874));
#4631=CARTESIAN_POINT('Ctrl Pts',(-5.06502390625458,5.12471553390198,-3.13535262799656));
#4632=CARTESIAN_POINT('Ctrl Pts',(-5.14430063074652,5.12058040337939,-3.13045118966704));
#4633=CARTESIAN_POINT('Ctrl Pts',(-5.22393867987836,5.11828499663231,-3.12769449120203));
#4634=CARTESIAN_POINT('Ctrl Pts',(-5.30363509947207,5.11760416981919,-3.126874870724));
#4635=CARTESIAN_POINT('Ctrl Pts',(-5.32064090368718,5.11745889343729,-3.12669997823258));
#4636=CARTESIAN_POINT('Ctrl Pts',(-5.33764934509258,5.1173872540281,-3.12661342883781));
#4637=CARTESIAN_POINT('Ctrl Pts',(-5.35465742677783,5.11738725402809,-3.12661342883779));
#4638=CARTESIAN_POINT('Origin',(0.253890995562397,5.16389423076917,-6.75060153615624));
#4639=CARTESIAN_POINT('',(-0.3386531159113,5.16389423214767,1.76117999508168));
#4640=CARTESIAN_POINT('Origin',(-8.70189923087767,10.8299942307692,-10.3729251625963));
#4641=CARTESIAN_POINT('',(2.25701069229935,9.36347423076917,0.58598476058072));
#4642=CARTESIAN_POINT('',(2.21469904496674,9.37862423076918,0.543673113248108));
#4643=CARTESIAN_POINT('Origin',(2.25701069229935,9.43013423076917,0.585984760580719));
#4644=CARTESIAN_POINT('',(2.76465222933262,9.363474230763,1.09362628005782));
#4645=CARTESIAN_POINT('',(2.76465222055697,9.36347423076917,1.09362628883834));
#4646=CARTESIAN_POINT('',(-0.624853834926652,9.84239244264697,-2.29587976664529));
#4647=CARTESIAN_POINT('Origin',(0.725248375901343,7.16369423076917,-0.945777555817291));
#4648=CARTESIAN_POINT('Origin',(0.395298209664082,7.16369423076917,-1.27572772205456));
#4649=CARTESIAN_POINT('Origin',(-12.4727582735893,10.8299942307692,-6.60206611988473));
#4650=CARTESIAN_POINT('',(-9.29094678659796,9.36347423076912,-3.42025463289337));
#4651=CARTESIAN_POINT('',(-9.24863513926534,9.37862423076903,-3.37794298556075));
#4652=CARTESIAN_POINT('Origin',(-9.29094678659796,9.43013423076903,-3.42025463289337));
#4653=CARTESIAN_POINT('',(-9.79858832363169,9.3634742307631,-3.92789615237094));
#4654=CARTESIAN_POINT('',(-9.29094678659796,9.36347423076912,-3.42025463289337));
#4655=CARTESIAN_POINT('',(-6.40908225937179,9.84239244264698,-0.538390105667202));
#4656=CARTESIAN_POINT('Origin',(-7.75918447019978,7.16369423076917,-1.88849231649519));
#4657=CARTESIAN_POINT('Origin',(-7.42923430396252,7.16369423076917,-1.55854215025793));
#4658=CARTESIAN_POINT('Origin',(-3.51696804714922,2.16409423076917,-1.41713493615624));
#4659=CARTESIAN_POINT('Origin',(-10.5873287522335,7.83029423077253,-8.48749564124054));
#4660=CARTESIAN_POINT('',(-2.95941719564564,6.37751600766311,-4.02158484191352));
#4661=CARTESIAN_POINT('Ctrl Pts',(-5.35465742677769,5.16389423077251,-3.25482431578876));
#4662=CARTESIAN_POINT('Ctrl Pts',(-5.23027379520568,5.1638942307726,-3.25032852187663));
#4663=CARTESIAN_POINT('Ctrl Pts',(-4.98067064004414,5.17196550739556,-3.25140978444637));
#4664=CARTESIAN_POINT('Ctrl Pts',(-4.61452791568907,5.21514037237497,-3.29054103501867));
#4665=CARTESIAN_POINT('Ctrl Pts',(-4.32172168210417,5.28337671550328,-3.35726224344596));
#4666=CARTESIAN_POINT('Ctrl Pts',(-4.09615206941892,5.36230721902252,-3.43051036911342));
#4667=CARTESIAN_POINT('Ctrl Pts',(-3.88438257338656,5.45558926370066,-3.51269465718841));
#4668=CARTESIAN_POINT('Ctrl Pts',(-3.6412334065931,5.59996340947297,-3.62877732264956));
#4669=CARTESIAN_POINT('Ctrl Pts',(-3.29080844681903,5.89622543326314,-3.8265238625297));
#4670=CARTESIAN_POINT('Ctrl Pts',(-3.0829483456469,6.17162161393167,-3.95592002742509));
#4671=CARTESIAN_POINT('Ctrl Pts',(-2.95941719530207,6.37751600759412,-4.02158484150656));
#4672=CARTESIAN_POINT('',(-3.97133819332454,5.69717423076983,-4.1340205079535));
#4673=CARTESIAN_POINT('Origin',(-6.51666804714921,7.83029423077251,-4.41683493615624));
#4674=CARTESIAN_POINT('Ctrl Pts',(-3.97133819332454,5.69717423076983,-4.1340205079535));
#4675=CARTESIAN_POINT('Ctrl Pts',(-4.03390536853547,5.66767978345626,-4.14097241995682));
#4676=CARTESIAN_POINT('Ctrl Pts',(-4.0968879968116,5.64034926230494,-4.14927824632943));
#4677=CARTESIAN_POINT('Ctrl Pts',(-4.16020031274591,5.61475282179889,-4.15852656903918));
#4678=CARTESIAN_POINT('Ctrl Pts',(-4.20360037962793,5.59720667436279,-4.1648662174666));
#4679=CARTESIAN_POINT('Ctrl Pts',(-4.24715572850391,5.58047630288287,-4.17164962421508));
#4680=CARTESIAN_POINT('Ctrl Pts',(-4.29084264518686,5.56443313696728,-4.17875321242942));
#4681=CARTESIAN_POINT('Ctrl Pts',(-4.36957688878505,5.53551952554327,-4.19155557266343));
#4682=CARTESIAN_POINT('Ctrl Pts',(-4.44873774393959,5.50883622786209,-4.20539684628709));
#4683=CARTESIAN_POINT('Ctrl Pts',(-4.52833604905999,5.48399387847073,-4.21991430549903));
#4684=CARTESIAN_POINT('Ctrl Pts',(-4.55881726510647,5.47448079879202,-4.22547359234585));
#4685=CARTESIAN_POINT('Ctrl Pts',(-4.58936281085441,5.46523812425217,-4.23113235879331));
#4686=CARTESIAN_POINT('Ctrl Pts',(-4.61997391399561,5.45624551064362,-4.23687125914407));
#4687=CARTESIAN_POINT('Ctrl Pts',(-4.62255686268006,5.45548671866599,-4.2373555045188));
#4688=CARTESIAN_POINT('Ctrl Pts',(-4.62514027830337,5.45472970753308,-4.23784032069561));
#4689=CARTESIAN_POINT('Ctrl Pts',(-4.62772416344392,5.45397446957791,-4.23832569986121));
#4690=CARTESIAN_POINT('Ctrl Pts',(-4.73657603846251,5.42215840073807,-4.25877337047999));
#4691=CARTESIAN_POINT('Ctrl Pts',(-4.84622748365453,5.39345288995362,-4.28008584344014));
#4692=CARTESIAN_POINT('Ctrl Pts',(-4.95656008823127,5.36742663899809,-4.30169913999733));
#4693=CARTESIAN_POINT('Ctrl Pts',(-5.07014785742247,5.34063253042257,-4.32395009790971));
#4694=CARTESIAN_POINT('Ctrl Pts',(-5.18445676457247,5.31667900498532,-4.34652086803371));
#4695=CARTESIAN_POINT('Ctrl Pts',(-5.29944915145242,5.29533162744259,-4.36893512518637));
#4696=CARTESIAN_POINT('Ctrl Pts',(-5.30084075790666,5.2950732873109,-4.36920637640367));
#4697=CARTESIAN_POINT('Ctrl Pts',(-5.30223246450618,5.29481532884052,-4.36947760469734));
#4698=CARTESIAN_POINT('Ctrl Pts',(-5.30362426973184,5.2945577520416,-4.36974880905204));
#4699=CARTESIAN_POINT('Ctrl Pts',(-5.41745320045038,5.27349180756963,-4.39192928454761));
#4700=CARTESIAN_POINT('Ctrl Pts',(-5.53218479645716,5.25491950060584,-4.41394995735051));
#4701=CARTESIAN_POINT('Ctrl Pts',(-5.64715171323281,5.23886437780372,-4.43521530478));
#4702=CARTESIAN_POINT('Ctrl Pts',(-5.7625788647908,5.22274498324278,-4.45656578150425));
#4703=CARTESIAN_POINT('Ctrl Pts',(-5.87824239046689,5.20916309808744,-4.47715585833921));
#4704=CARTESIAN_POINT('Ctrl Pts',(-5.99446053561566,5.19808653114801,-4.49657592295342));
#4705=CARTESIAN_POINT('Ctrl Pts',(-5.99496813556636,5.19803815260243,-4.49666074296004));
#4706=CARTESIAN_POINT('Ctrl Pts',(-5.99547574134413,5.19798982234077,-4.49674553960288));
#4707=CARTESIAN_POINT('Ctrl Pts',(-5.99598335297239,5.19794154035973,-4.49683031284794));
#4708=CARTESIAN_POINT('Ctrl Pts',(-6.11171866629839,5.18693326180091,-4.51615858968911));
#4709=CARTESIAN_POINT('Ctrl Pts',(-6.22775806114042,5.1784317118476,-4.53427297479276));
#4710=CARTESIAN_POINT('Ctrl Pts',(-6.34425631916506,5.17267208330808,-4.55082973490863));
#4711=CARTESIAN_POINT('Ctrl Pts',(-6.4607545771897,5.16691245476855,-4.5673864950245));
#4712=CARTESIAN_POINT('Ctrl Pts',(-6.5777117186336,5.16389423077248,-4.58238639447376));
#4713=CARTESIAN_POINT('Ctrl Pts',(-6.69528297882394,5.16389423077251,-4.59544986782913));
#4714=CARTESIAN_POINT('Origin',(-10.5873287522335,7.83029423077253,-8.48749564124054));
#4715=CARTESIAN_POINT('',(-4.0745188986528,6.37751600766311,1.18731496960104));
#4716=CARTESIAN_POINT('Ctrl Pts',(-1.67927866134535,5.1638942307725,0.420554443699466));
#4717=CARTESIAN_POINT('Ctrl Pts',(-1.80366229303633,5.16389423063877,0.416058649617069));
#4718=CARTESIAN_POINT('Ctrl Pts',(-2.05326545305356,5.17196550722636,0.417139911967447));
#4719=CARTESIAN_POINT('Ctrl Pts',(-2.41940817603911,5.21514037198414,0.456271162337071));
#4720=CARTESIAN_POINT('Ctrl Pts',(-2.7122144104078,5.28337671497648,0.522992370625654));
#4721=CARTESIAN_POINT('Ctrl Pts',(-2.93778402337565,5.36230721842807,0.596240496263025));
#4722=CARTESIAN_POINT('Ctrl Pts',(-3.14955351974433,5.45558926307515,0.678424784352422));
#4723=CARTESIAN_POINT('Ctrl Pts',(-3.3927026868682,5.59996340885385,0.794507449887576));
#4724=CARTESIAN_POINT('Ctrl Pts',(-3.74312764711378,5.8962254327981,0.992253989980889));
#4725=CARTESIAN_POINT('Ctrl Pts',(-3.95098774852598,6.17162161372239,1.12165015504587));
#4726=CARTESIAN_POINT('Ctrl Pts',(-4.07451889899637,6.37751600759412,1.18731496919407));
#4727=CARTESIAN_POINT('',(-3.06259790097392,5.69717423076983,1.29975063564101));
#4728=CARTESIAN_POINT('Origin',(-0.517268047149229,7.83029423077249,1.58256506384376));
#4729=CARTESIAN_POINT('Ctrl Pts',(-3.06259790097392,5.69717423076983,1.29975063564101));
#4730=CARTESIAN_POINT('Ctrl Pts',(-3.00003072576201,5.66767978345586,1.30670254764457));
#4731=CARTESIAN_POINT('Ctrl Pts',(-2.9370480974849,5.64034926230416,1.31500837401734));
#4732=CARTESIAN_POINT('Ctrl Pts',(-2.87373578154961,5.61475282179776,1.32425669672722));
#4733=CARTESIAN_POINT('Ctrl Pts',(-2.83033571468533,5.59720667436886,1.33059634515205));
#4734=CARTESIAN_POINT('Ctrl Pts',(-2.78678036582723,5.58047630289547,1.33737975189755));
#4735=CARTESIAN_POINT('Ctrl Pts',(-2.74309344916225,5.56443313698588,1.3444833401087));
#4736=CARTESIAN_POINT('Ctrl Pts',(-2.6643592055684,5.53551952556239,1.35728570034152));
#4737=CARTESIAN_POINT('Ctrl Pts',(-2.58519835041823,5.50883622788165,1.37112697396405));
#4738=CARTESIAN_POINT('Ctrl Pts',(-2.50560004530225,5.48399387849061,1.38564443317486));
#4739=CARTESIAN_POINT('Ctrl Pts',(-2.47511882926909,5.47448079881566,1.39120372001913));
#4740=CARTESIAN_POINT('Ctrl Pts',(-2.44457328353453,5.46523812427934,1.39686248646397));
#4741=CARTESIAN_POINT('Ctrl Pts',(-2.41396218040675,5.45624551067412,1.40260138681206));
#4742=CARTESIAN_POINT('Ctrl Pts',(-2.4113792317569,5.45548671870661,1.40308563218028));
#4743=CARTESIAN_POINT('Ctrl Pts',(-2.40879581616821,5.45472970758376,1.40357044835058));
#4744=CARTESIAN_POINT('Ctrl Pts',(-2.40621193106229,5.45397446963861,1.40405582750965));
#4745=CARTESIAN_POINT('Ctrl Pts',(-2.29736005602772,5.42215840078977,1.42450349813034));
#4746=CARTESIAN_POINT('Ctrl Pts',(-2.1877086108194,5.39345288999766,1.44581597109315));
#4747=CARTESIAN_POINT('Ctrl Pts',(-2.0773760062262,5.36742663903551,1.46742926765341));
#4748=CARTESIAN_POINT('Ctrl Pts',(-1.96378823705382,5.3406325304616,1.48968022556193));
#4749=CARTESIAN_POINT('Ctrl Pts',(-1.84947932992294,5.31667900502526,1.51225099568229));
#4750=CARTESIAN_POINT('Ctrl Pts',(-1.73448694306175,5.29533162748262,1.53466525283179));
#4751=CARTESIAN_POINT('Ctrl Pts',(-1.7330953366779,5.29507328736396,1.53493650403537));
#4752=CARTESIAN_POINT('Ctrl Pts',(-1.73170363014877,5.29481532890657,1.53520773231533));
#4753=CARTESIAN_POINT('Ctrl Pts',(-1.73031182499352,5.29455775212059,1.53547893665633));
#4754=CARTESIAN_POINT('Ctrl Pts',(-1.61648289422408,5.27349180763254,1.55765941216267));
#4755=CARTESIAN_POINT('Ctrl Pts',(-1.5017512981653,5.2549195006551,1.57968008497685));
#4756=CARTESIAN_POINT('Ctrl Pts',(-1.38678438133735,5.23886437784165,1.60094543241726));
#4757=CARTESIAN_POINT('Ctrl Pts',(-1.27135722990444,5.22274498329412,1.62229590911962));
#4758=CARTESIAN_POINT('Ctrl Pts',(-1.15569370435385,5.20916309814676,1.64288598593465));
#4759=CARTESIAN_POINT('Ctrl Pts',(-1.03947555933145,5.19808653120979,1.66230605053245));
#4760=CARTESIAN_POINT('Ctrl Pts',(-1.03896795927344,5.19803815265394,1.66239087055702));
#4761=CARTESIAN_POINT('Ctrl Pts',(-1.03846035338835,5.19798982238203,1.6624756672178));
#4762=CARTESIAN_POINT('Ctrl Pts',(-1.03795274165277,5.19794154039076,1.6625604404808));
#4763=CARTESIAN_POINT('Ctrl Pts',(-0.922217428416938,5.18693326183567,1.68188871730925));
#4764=CARTESIAN_POINT('Ctrl Pts',(-0.806178033665315,5.17843171188211,1.70000310240258));
#4765=CARTESIAN_POINT('Ctrl Pts',(-0.689679775731631,5.17267208333767,1.71655986251117));
#4766=CARTESIAN_POINT('Ctrl Pts',(-0.573181517797947,5.16691245479322,1.73311662261976));
#4767=CARTESIAN_POINT('Ctrl Pts',(-0.456224376445562,5.16389423078754,1.74811652206478));
#4768=CARTESIAN_POINT('Ctrl Pts',(-0.338653116347603,5.16389423077249,1.76117999541964));
#4769=CARTESIAN_POINT('Ctrl Pts',(-3.34541232917666,5.16389423076917,2.24916506384376));
#4770=CARTESIAN_POINT('Ctrl Pts',(-2.85418985575981,6.0901522095038,2.24916506384376));
#4771=CARTESIAN_POINT('Ctrl Pts',(-3.06259790097392,5.69717423076983,1.29975063564101));
#4772=CARTESIAN_POINT('Ctrl Pts',(-3.22929323169034,5.13310350860534,2.24916506384376));
#4773=CARTESIAN_POINT('Ctrl Pts',(-2.80686498771833,6.01931335204013,2.20830972972579));
#4774=CARTESIAN_POINT('Ctrl Pts',(-2.95809071366163,5.64790907344614,1.3113625514335));
#4775=CARTESIAN_POINT('Ctrl Pts',(-2.99304250356975,5.07845946703073,2.25327929512294));
#4776=CARTESIAN_POINT('Ctrl Pts',(-2.67282821082386,5.88185402218031,2.14860767868478));
#4777=CARTESIAN_POINT('Ctrl Pts',(-2.74464221147443,5.56047860965197,1.34239323169928));
#4778=CARTESIAN_POINT('Ctrl Pts',(-2.62977972603447,5.01129720353407,2.2658654676135));
#4779=CARTESIAN_POINT('Ctrl Pts',(-2.40065483615826,5.70055581355532,2.10296437916115));
#4780=CARTESIAN_POINT('Ctrl Pts',(-2.4151884774449,5.45301898696331,1.40137462349235));
#4781=CARTESIAN_POINT('Ctrl Pts',(-2.25909244728603,4.95605601026302,2.2816720155781));
#4782=CARTESIAN_POINT('Ctrl Pts',(-2.09297732726758,5.54969564858984,2.08613373943996));
#4783=CARTESIAN_POINT('Ctrl Pts',(-2.07840861691131,5.36463307801782,1.46689513675052));
#4784=CARTESIAN_POINT('Ctrl Pts',(-1.88172712809813,4.91114100594543,2.29843783140103));
#4785=CARTESIAN_POINT('Ctrl Pts',(-1.76266026459003,5.42561665330164,2.08700633313698));
#4786=CARTESIAN_POINT('Ctrl Pts',(-1.73542666649557,5.2927690710509,1.53481013740586));
#4787=CARTESIAN_POINT('Ctrl Pts',(-1.49789419400948,4.87582126663585,2.31430807489407));
#4788=CARTESIAN_POINT('Ctrl Pts',(-1.41615562968951,5.32557546361666,2.0983067209718));
#4789=CARTESIAN_POINT('Ctrl Pts',(-1.3868029771124,5.23625748810248,1.60175986903407));
#4790=CARTESIAN_POINT('Ctrl Pts',(-0.985130580428227,4.8417598490206,2.33177960832232));
#4791=CARTESIAN_POINT('Ctrl Pts',(-0.950209537479774,5.22454681318803,2.11971463871038));
#4792=CARTESIAN_POINT('Ctrl Pts',(-0.921821418205153,5.18175922027966,1.68448499058597));
#4793=CARTESIAN_POINT('Ctrl Pts',(-0.597988041210729,4.83059423163991,2.33847252917832));
#4794=CARTESIAN_POINT('Ctrl Pts',(-0.583448261122514,5.17903700453896,2.13729900025142));
#4795=CARTESIAN_POINT('Ctrl Pts',(-0.572054548737925,5.16389423078753,1.73524650203905));
#4796=CARTESIAN_POINT('Ctrl Pts',(-0.338653115959612,4.83059423077083,2.33847252968009));
#4797=CARTESIAN_POINT('Ctrl Pts',(-0.338653115927408,5.16389423080038,2.14604168494341));
#4798=CARTESIAN_POINT('Ctrl Pts',(-0.338653115911306,5.16389423077249,1.76117999546812));
#4799=CARTESIAN_POINT('Origin',(-3.34541232917666,5.16389423076917,1.58256506384376));
#4800=CARTESIAN_POINT('Ctrl Pts',(-4.62716638544518,6.19834544957989,2.24916506384376));
#4801=CARTESIAN_POINT('Ctrl Pts',(-3.55535524688441,7.04952994966567,2.24916506384376));
#4802=CARTESIAN_POINT('Ctrl Pts',(-4.21617655161559,6.52473520581841,1.17157523001416));
#4803=CARTESIAN_POINT('Ctrl Pts',(-4.46729427523543,5.99703456051911,2.24916506384376));
#4804=CARTESIAN_POINT('Ctrl Pts',(-3.5057634367663,6.90451530156192,2.24916506384391));
#4805=CARTESIAN_POINT('Ctrl Pts',(-4.07229165242719,6.36368649456929,1.18756244103511));
#4806=CARTESIAN_POINT('Ctrl Pts',(-4.08817768703294,5.61799662241542,2.24916506384376));
#4807=CARTESIAN_POINT('Ctrl Pts',(-3.35227848551795,6.59027590478234,2.24916506384371));
#4808=CARTESIAN_POINT('Ctrl Pts',(-3.73108672304444,6.06045614408722,1.22547409985527));
#4809=CARTESIAN_POINT('Ctrl Pts',(-3.60662334171312,5.30242228948297,2.24916506384376));
#4810=CARTESIAN_POINT('Ctrl Pts',(-3.0430236666232,6.24900684751204,2.24916506384372));
#4811=CARTESIAN_POINT('Ctrl Pts',(-3.2976878122566,5.8079966777406,1.27362953438764));
#4812=CARTESIAN_POINT('Ctrl Pts',(-3.34541232917667,5.16389423076917,2.24916506384376));
#4813=CARTESIAN_POINT('Ctrl Pts',(-2.85418985575981,6.0901522095038,2.24916506384376));
#4814=CARTESIAN_POINT('Ctrl Pts',(-3.06259790097392,5.69717423076983,1.29975063564101));
#4815=CARTESIAN_POINT('',(-4.16846376916913,6.56262656504511,1.26437213693162));
#4816=CARTESIAN_POINT('Ctrl Pts',(-4.07451889899637,6.37751600759412,1.18731496919407));
#4817=CARTESIAN_POINT('Ctrl Pts',(-4.10312273119689,6.43948919210207,1.21565817767293));
#4818=CARTESIAN_POINT('Ctrl Pts',(-4.13532313937761,6.50075554346019,1.24131458113136));
#4819=CARTESIAN_POINT('Ctrl Pts',(-4.16846376916913,6.56262656504511,1.26437213693162));
#4820=CARTESIAN_POINT('Origin',(-4.62716638544518,6.19834544957989,1.58256506384376));
#4821=CARTESIAN_POINT('Ctrl Pts',(-5.10931810630103,7.16369423076916,2.24916506384376));
#4822=CARTESIAN_POINT('Ctrl Pts',(-4.16004177406914,7.44437959908201,2.24916506384376));
#4823=CARTESIAN_POINT('Ctrl Pts',(-4.51698999260445,7.33883589301211,1.33190919642504));
#4824=CARTESIAN_POINT('Ctrl Pts',(-5.05796769756647,6.99002744628771,2.24916506384376));
#4825=CARTESIAN_POINT('Ctrl Pts',(-4.1390765370392,7.31975337068591,2.24916506384367));
#4826=CARTESIAN_POINT('Ctrl Pts',(-4.47181708055457,7.19879422762645,1.34080607860958));
#4827=CARTESIAN_POINT('Ctrl Pts',(-4.96114671833637,6.73798368254732,2.24916506384376));
#4828=CARTESIAN_POINT('Ctrl Pts',(-4.0588763031234,7.13412453902994,2.24916506384377));
#4829=CARTESIAN_POINT('Ctrl Pts',(-4.39372464252858,6.99185846304118,1.33627174706336));
#4830=CARTESIAN_POINT('Ctrl Pts',(-4.78846555728563,6.42087118719336,2.24916506384376));
#4831=CARTESIAN_POINT('Ctrl Pts',(-3.89021302225504,6.9644493704603,2.24916506384377));
#4832=CARTESIAN_POINT('Ctrl Pts',(-4.27227689241008,6.73682348838805,1.29982459439857));
#4833=CARTESIAN_POINT('Ctrl Pts',(-4.68390828669165,6.26979483469932,2.24916506384376));
#4834=CARTESIAN_POINT('Ctrl Pts',(-3.78763208553387,6.91640504757088,2.24916506384372));
#4835=CARTESIAN_POINT('Ctrl Pts',(-4.20580738165028,6.61668238188273,1.27202691680983));
#4836=CARTESIAN_POINT('Ctrl Pts',(-4.62716638544526,6.19834544957982,2.24916506384376));
#4837=CARTESIAN_POINT('Ctrl Pts',(-3.73535784042348,6.90657993535477,2.24916506384376));
#4838=CARTESIAN_POINT('Ctrl Pts',(-4.17200532940493,6.55981401620096,1.25618423044646));
#4839=CARTESIAN_POINT('',(-4.49787826718928,7.34448691527519,1.38811484302594));
#4840=CARTESIAN_POINT('Ctrl Pts',(-4.16846376916913,6.56262656504511,1.26437213693162));
#4841=CARTESIAN_POINT('Ctrl Pts',(-4.20027892553198,6.62326479107254,1.28792911925982));
#4842=CARTESIAN_POINT('Ctrl Pts',(-4.23129191936038,6.68479079758297,1.30855522918855));
#4843=CARTESIAN_POINT('Ctrl Pts',(-4.26129399866163,6.7474727452143,1.32599911771539));
#4844=CARTESIAN_POINT('Ctrl Pts',(-4.28946173596671,6.80632228750508,1.3423764782533));
#4845=CARTESIAN_POINT('Ctrl Pts',(-4.31673943436357,6.86619163062149,1.35594980899721));
#4846=CARTESIAN_POINT('Ctrl Pts',(-4.34294569202645,6.9273243220947,1.3664633102653));
#4847=CARTESIAN_POINT('Ctrl Pts',(-4.34465229836379,6.93130541088764,1.36714797146808));
#4848=CARTESIAN_POINT('Ctrl Pts',(-4.34635435323719,6.93529186272283,1.36781964034934));
#4849=CARTESIAN_POINT('Ctrl Pts',(-4.34805180328891,6.93928374707235,1.36847823957274));
#4850=CARTESIAN_POINT('Ctrl Pts',(-4.34820684991151,6.93964836939842,1.36853839662133));
#4851=CARTESIAN_POINT('Ctrl Pts',(-4.34836185817527,6.94001303703199,1.36859844444552));
#4852=CARTESIAN_POINT('Ctrl Pts',(-4.34851682800021,6.94037774994519,1.36865838298485));
#4853=CARTESIAN_POINT('Ctrl Pts',(-4.36861598924185,6.98768001444722,1.37643224713666));
#4854=CARTESIAN_POINT('Ctrl Pts',(-4.38806697301939,7.03574505882495,1.38236391186824));
#4855=CARTESIAN_POINT('Ctrl Pts',(-4.40677015806716,7.08438521188681,1.38631050879641));
#4856=CARTESIAN_POINT('Ctrl Pts',(-4.41374480465858,7.10252372021536,1.38778224308885));
#4857=CARTESIAN_POINT('Ctrl Pts',(-4.42061564995902,7.12074208033177,1.38897839391646));
#4858=CARTESIAN_POINT('Ctrl Pts',(-4.42737819547099,7.13903017681,1.38989324378852));
#4859=CARTESIAN_POINT('Ctrl Pts',(-4.44529299153246,7.18747754299483,1.39231679108382));
#4860=CARTESIAN_POINT('Ctrl Pts',(-4.46244591975638,7.23641336713465,1.39276348983473));
#4861=CARTESIAN_POINT('Ctrl Pts',(-4.47878298449966,7.28564466529248,1.39110147720905));
#4862=CARTESIAN_POINT('Ctrl Pts',(-4.4852777472147,7.30521645525064,1.39044074789183));
#4863=CARTESIAN_POINT('Ctrl Pts',(-4.49164372646628,7.32483478654114,1.38944724298647));
#4864=CARTESIAN_POINT('Ctrl Pts',(-4.49787826718931,7.34448691527517,1.38811484302595));
#4865=CARTESIAN_POINT('Origin',(-5.10931810630104,7.16369423076917,1.58256506384376));
#4866=CARTESIAN_POINT('Ctrl Pts',(-4.50012868710019,7.34382150319221,1.38057997215832));
#4867=CARTESIAN_POINT('Ctrl Pts',(-4.23529176841964,7.4221294157975,2.24916506384376));
#4868=CARTESIAN_POINT('Ctrl Pts',(-5.10931810630103,7.16369423076917,2.24916506384376));
#4869=CARTESIAN_POINT('Ctrl Pts',(-4.5560251855595,7.5199989379812,1.36910786330403));
#4870=CARTESIAN_POINT('Ctrl Pts',(-4.29064986835327,7.65033243152956,2.23144004373996));
#4871=CARTESIAN_POINT('Ctrl Pts',(-5.17021450675277,7.41541247755105,2.24916506384376));
#4872=CARTESIAN_POINT('Ctrl Pts',(-4.60409783349429,7.69568418168263,1.34116165543568));
#4873=CARTESIAN_POINT('Ctrl Pts',(-4.33843331053596,7.87825382557362,2.19292235184514));
#4874=CARTESIAN_POINT('Ctrl Pts',(-5.22201284058939,7.66552597033066,2.22344855569729));
#4875=CARTESIAN_POINT('Ctrl Pts',(-4.64720205649077,7.87097071979166,1.29537993974926));
#4876=CARTESIAN_POINT('Ctrl Pts',(-4.38132736326157,8.10590320431572,2.13150150872677));
#4877=CARTESIAN_POINT('Ctrl Pts',(-5.26798356783591,7.91302774421892,2.17177227574281));
#4878=CARTESIAN_POINT('',(-4.64506861820288,7.87288401648613,1.30222396971117));
#4879=CARTESIAN_POINT('Ctrl Pts',(-4.49787826718933,7.34448691527522,1.38811484302595));
#4880=CARTESIAN_POINT('Ctrl Pts',(-4.53376087803047,7.45776663785878,1.38060694384492));
#4881=CARTESIAN_POINT('Ctrl Pts',(-4.56641549933809,7.57084033817794,1.36630264214883));
#4882=CARTESIAN_POINT('Ctrl Pts',(-4.59654466482775,7.68347164695453,1.34494517696265));
#4883=CARTESIAN_POINT('Ctrl Pts',(-4.61347513057214,7.74676249766337,1.33294378804779));
#4884=CARTESIAN_POINT('Ctrl Pts',(-4.62960824953525,7.8099137180581,1.31871615335395));
#4885=CARTESIAN_POINT('Ctrl Pts',(-4.64506861820317,7.87288401648604,1.30222396971116));
#4886=CARTESIAN_POINT('Origin',(-5.26798356783592,7.77678528722806,1.51924369176116));
#4887=CARTESIAN_POINT('Ctrl Pts',(-4.64713083737803,7.87103368079954,1.29560405441531));
#4888=CARTESIAN_POINT('Ctrl Pts',(-4.38166670371561,8.10582938715201,2.13151692112709));
#4889=CARTESIAN_POINT('Ctrl Pts',(-5.26798356783592,7.91302774421893,2.17177227574281));
#4890=CARTESIAN_POINT('Ctrl Pts',(-4.68548937101588,8.02740210556725,1.25501408349685));
#4891=CARTESIAN_POINT('Ctrl Pts',(-4.42062435650539,8.31487910051056,2.07834513055738));
#4892=CARTESIAN_POINT('Ctrl Pts',(-5.29949083110137,8.0826596565148,2.13635456518946));
#4893=CARTESIAN_POINT('Ctrl Pts',(-4.75938469091695,8.24665839564445,1.17680694785448));
#4894=CARTESIAN_POINT('Ctrl Pts',(-4.49580884094241,8.60857723228252,1.97542871232946));
#4895=CARTESIAN_POINT('Ctrl Pts',(-5.36094486935584,8.32654518720964,2.06685682024662));
#4896=CARTESIAN_POINT('Ctrl Pts',(-4.88402381153254,8.5124191300179,1.04486236846145));
#4897=CARTESIAN_POINT('Ctrl Pts',(-4.62259164394508,8.9647071461291,1.80070084927666));
#4898=CARTESIAN_POINT('Ctrl Pts',(-5.46779345460119,8.6352981010101,1.94386837760963));
#4899=CARTESIAN_POINT('Ctrl Pts',(-5.0210227689248,8.75508674973499,0.899822325524024));
#4900=CARTESIAN_POINT('Ctrl Pts',(-4.76223310951157,9.2905689079034,1.60751818195577));
#4901=CARTESIAN_POINT('Ctrl Pts',(-5.58724424164854,8.9257575499837,1.80483162499418));
#4902=CARTESIAN_POINT('Ctrl Pts',(-5.21092689047514,9.0191581582794,0.698769103701226));
#4903=CARTESIAN_POINT('Ctrl Pts',(-4.95580312083824,9.6448914372864,1.33841259939748));
#4904=CARTESIAN_POINT('Ctrl Pts',(-5.75665851057433,9.25683442113947,1.60445309780559));
#4905=CARTESIAN_POINT('Ctrl Pts',(-5.37943336761645,9.19669017654889,0.520415084781915));
#4906=CARTESIAN_POINT('Ctrl Pts',(-5.12701617731597,9.8818260792216,1.09923222168085));
#4907=CARTESIAN_POINT('Ctrl Pts',(-5.91099346576755,9.49316239069913,1.41786864399494));
#4908=CARTESIAN_POINT('Ctrl Pts',(-5.4664923590563,9.2773412064388,0.428291214574978));
#4909=CARTESIAN_POINT('Ctrl Pts',(-5.21539579868908,9.98920746506155,0.975577250111295));
#4910=CARTESIAN_POINT('Ctrl Pts',(-5.99159429392872,9.60364713807314,1.31935652192268));
#4911=CARTESIAN_POINT('',(-5.46369633493279,9.28544239946415,0.434580958233191));
#4912=CARTESIAN_POINT('Ctrl Pts',(-4.64506861820288,7.87288401648613,1.30222396971117));
#4913=CARTESIAN_POINT('Ctrl Pts',(-4.66332468858448,7.94767407775325,1.2829411631818));
#4914=CARTESIAN_POINT('Ctrl Pts',(-4.68410727302203,8.02038611608163,1.26095860485845));
#4915=CARTESIAN_POINT('Ctrl Pts',(-4.70725011130343,8.09115994422486,1.23648412776472));
#4916=CARTESIAN_POINT('Ctrl Pts',(-4.73039294958483,8.16193377236809,1.212009650671));
#4917=CARTESIAN_POINT('Ctrl Pts',(-4.7558957514688,8.2307694685151,1.18504320061434));
#4918=CARTESIAN_POINT('Ctrl Pts',(-4.78357343159896,8.29780177793458,1.15577499870488));
#4919=CARTESIAN_POINT('Ctrl Pts',(-4.78419080258171,8.29929698282704,1.1551221499657));
#4920=CARTESIAN_POINT('Ctrl Pts',(-4.78480926426683,8.30079126338829,1.15446811938647));
#4921=CARTESIAN_POINT('Ctrl Pts',(-4.78542881693798,8.30228462879123,1.15381290757531));
#4922=CARTESIAN_POINT('Ctrl Pts',(-4.7986970085365,8.33426618454158,1.13978104837621));
#4923=CARTESIAN_POINT('Ctrl Pts',(-4.81246498001052,8.36582834939083,1.12520812368817));
#4924=CARTESIAN_POINT('Ctrl Pts',(-4.82671476174266,8.39699972461287,1.11012212591305));
#4925=CARTESIAN_POINT('Ctrl Pts',(-4.84162993108772,8.4296266341961,1.09433169376575));
#4926=CARTESIAN_POINT('Ctrl Pts',(-4.85707307148406,8.46182595859324,1.07797895737698));
#4927=CARTESIAN_POINT('Ctrl Pts',(-4.8730370319282,8.49361820269121,1.06107133477143));
#4928=CARTESIAN_POINT('Ctrl Pts',(-4.89502728079342,8.53741180654935,1.03778119758297));
#4929=CARTESIAN_POINT('Ctrl Pts',(-4.91801020062676,8.58043059983498,1.01343343216661));
#4930=CARTESIAN_POINT('Ctrl Pts',(-4.94178527382749,8.62237839595691,0.988238222055699));
#4931=CARTESIAN_POINT('Ctrl Pts',(-4.952529530577,8.64133513639698,0.976852187446934));
#4932=CARTESIAN_POINT('Ctrl Pts',(-4.96343514110139,8.66007353707733,0.965293539897779));
#4933=CARTESIAN_POINT('Ctrl Pts',(-4.9744817547344,8.67856838891383,0.953583671398589));
#4934=CARTESIAN_POINT('Ctrl Pts',(-4.97549404536684,8.6802632219083,0.95251060135354));
#4935=CARTESIAN_POINT('Ctrl Pts',(-4.97650751803973,8.68195602892443,0.951436273935915));
#4936=CARTESIAN_POINT('Ctrl Pts',(-4.97752216485841,8.68364680473409,0.9503606973172));
#4937=CARTESIAN_POINT('Ctrl Pts',(-5.01704852238321,8.74951229400316,0.908460771949796));
#4938=CARTESIAN_POINT('Ctrl Pts',(-5.05835463714713,8.81229933820164,0.864667123580725));
#4939=CARTESIAN_POINT('Ctrl Pts',(-5.10129887195891,8.87234292145099,0.819123963366037));
#4940=CARTESIAN_POINT('Ctrl Pts',(-5.13455107816459,8.91883534634308,0.78385937985781));
#4941=CARTESIAN_POINT('Ctrl Pts',(-5.16878606794743,8.96368177909037,0.747545221363871));
#4942=CARTESIAN_POINT('Ctrl Pts',(-5.2039465587875,9.0070199807611,0.710240561575832));
#4943=CARTESIAN_POINT('Ctrl Pts',(-5.2047887524524,9.00805805383753,0.709347008971927));
#4944=CARTESIAN_POINT('Ctrl Pts',(-5.20563147731581,9.00909526523063,0.708452889786102));
#4945=CARTESIAN_POINT('Ctrl Pts',(-5.20647473188281,9.01013161591383,0.707558205614092));
#4946=CARTESIAN_POINT('Ctrl Pts',(-5.26300341291361,9.07960474953084,0.647581873244886));
#4947=CARTESIAN_POINT('Ctrl Pts',(-5.32191436603868,9.14520640068594,0.585064505791086));
#4948=CARTESIAN_POINT('Ctrl Pts',(-5.38306074156766,9.20711543735771,0.520167007771165));
#4949=CARTESIAN_POINT('Ctrl Pts',(-5.40952519390142,9.23390997318842,0.492079051157704));
#4950=CARTESIAN_POINT('Ctrl Pts',(-5.43640810528983,9.26001334639859,0.463545560330265));
#4951=CARTESIAN_POINT('Ctrl Pts',(-5.46369633493279,9.28544239946415,0.434580958233191));
#4952=CARTESIAN_POINT('Origin',(-5.99159429392872,9.16001933674515,0.821812620453783));
#4953=CARTESIAN_POINT('Ctrl Pts',(-5.51963857545525,9.15929643064472,0.351053579985403));
#4954=CARTESIAN_POINT('Ctrl Pts',(-4.99209607476245,10.0993714404662,0.878493080213306));
#4955=CARTESIAN_POINT('Ctrl Pts',(-5.99127760648158,9.60265352697424,1.32024201330892));
#4956=CARTESIAN_POINT('Ctrl Pts',(-5.66421479455491,9.32154552274391,0.206477360847021));
#4957=CARTESIAN_POINT('Ctrl Pts',(-5.20126654448527,10.2642040725296,0.66932841864863));
#4958=CARTESIAN_POINT('Ctrl Pts',(-6.13584619777448,9.8009645030955,1.14355063294797));
#4959=CARTESIAN_POINT('Ctrl Pts',(-5.98854906816841,9.61423029117812,-0.117856912853337));
#4960=CARTESIAN_POINT('Ctrl Pts',(-5.63793964116661,10.5337842679145,0.232666675897296));
#4961=CARTESIAN_POINT('Ctrl Pts',(-6.46016757694485,10.1587109859521,0.747162761287602));
#4962=CARTESIAN_POINT('Ctrl Pts',(-6.74774664025505,10.0463343433454,-0.877054485143321));
#4963=CARTESIAN_POINT('Ctrl Pts',(-6.56429178103042,10.860891878667,-0.693665108188364));
#4964=CARTESIAN_POINT('Ctrl Pts',(-7.21934641974017,10.6868974156412,-0.180727494283274));
#4965=CARTESIAN_POINT('Ctrl Pts',(-7.83807039895245,10.2581289873697,-1.96737824413275));
#4966=CARTESIAN_POINT('Ctrl Pts',(-7.7848995094769,10.9246746395187,-1.91425220764958));
#4967=CARTESIAN_POINT('Ctrl Pts',(-8.30965710582481,10.9458310791436,-1.51337062163078));
#4968=CARTESIAN_POINT('Ctrl Pts',(-9.13223614314231,9.93782309584018,-3.26154398866925));
#4969=CARTESIAN_POINT('Ctrl Pts',(-9.20832257352177,10.4187780880157,-3.33765759014659));
#4970=CARTESIAN_POINT('Ctrl Pts',(-9.60379671378658,10.5543976756772,-3.09519253880192));
#4971=CARTESIAN_POINT('Ctrl Pts',(-9.82506758624437,9.38148050704399,-3.95437543195687));
#4972=CARTESIAN_POINT('Ctrl Pts',(-9.97402347804665,9.71888094497754,-4.10335079961838));
#4973=CARTESIAN_POINT('Ctrl Pts',(-10.2966055642524,9.8744293963222,-3.94202825158955));
#4974=CARTESIAN_POINT('Ctrl Pts',(-10.0970153126048,9.04322536011474,-4.22632315839019));
#4975=CARTESIAN_POINT('Ctrl Pts',(-10.2645417293384,9.31261027322158,-4.39386626502315));
#4976=CARTESIAN_POINT('Ctrl Pts',(-10.5685481448029,9.46099972922462,-4.27443137482381));
#4977=CARTESIAN_POINT('Ctrl Pts',(-5.46369633493279,9.28544239946415,0.43458095823319));
#4978=CARTESIAN_POINT('Ctrl Pts',(-5.50867170349089,9.32738509157981,0.386852876628245));
#4979=CARTESIAN_POINT('Ctrl Pts',(-5.55452637654609,9.36708719649464,0.33842563903932));
#4980=CARTESIAN_POINT('Ctrl Pts',(-5.60118389129338,9.40468999624632,0.28938646170201));
#4981=CARTESIAN_POINT('Ctrl Pts',(-5.6491345534736,9.44333498532663,0.238988127396523));
#4982=CARTESIAN_POINT('Ctrl Pts',(-5.69793349635475,9.47976302609023,0.18794315340439));
#4983=CARTESIAN_POINT('Ctrl Pts',(-5.7475351625769,9.51410770792023,0.136310235485582));
#4984=CARTESIAN_POINT('Ctrl Pts',(-5.79884713742201,9.5496366242722,0.0828969696173719));
#4985=CARTESIAN_POINT('Ctrl Pts',(-5.85101848103379,9.58293646490817,0.0288542087916023));
#4986=CARTESIAN_POINT('Ctrl Pts',(-5.90403327463444,9.61412828091562,-0.0257863219061845));
#4987=CARTESIAN_POINT('Ctrl Pts',(-5.9078601026288,9.61637983574749,-0.0297305023565658));
#4988=CARTESIAN_POINT('Ctrl Pts',(-5.9116913385462,9.61862039366605,-0.0336778101969005));
#4989=CARTESIAN_POINT('Ctrl Pts',(-5.91552698230608,9.62084999404095,-0.0376282392301578));
#4990=CARTESIAN_POINT('Ctrl Pts',(-5.93771146179728,9.63374548874458,-0.060476610287547));
#4991=CARTESIAN_POINT('Ctrl Pts',(-5.96003970393414,9.64627837746501,-0.083424585659009));
#4992=CARTESIAN_POINT('Ctrl Pts',(-5.98250281576879,9.65845071039656,-0.10646243114891));
#4993=CARTESIAN_POINT('Ctrl Pts',(-6.05673093948053,9.69867351840972,-0.18258973077081));
#4994=CARTESIAN_POINT('Ctrl Pts',(-6.13242926597336,9.73495828418545,-0.259695002759713));
#4995=CARTESIAN_POINT('Ctrl Pts',(-6.20925586076454,9.7674038975954,-0.337413364615324));
#4996=CARTESIAN_POINT('Ctrl Pts',(-6.27509894722619,9.79521092633146,-0.404020726730291));
#4997=CARTESIAN_POINT('Ctrl Pts',(-6.34177181749352,9.8201987146477,-0.471079663788928));
#4998=CARTESIAN_POINT('Ctrl Pts',(-6.40907257817096,9.8424308363242,-0.538380424466377));
#4999=CARTESIAN_POINT('Ctrl Pts',(-9.7985883499613,9.36347423075308,-3.92789612603203));
#5000=CARTESIAN_POINT('Ctrl Pts',(-9.82452524924818,9.3698577993637,-3.95381913191537));
#5001=CARTESIAN_POINT('Ctrl Pts',(-9.85134341898854,9.37615326574439,-3.97856758241006));
#5002=CARTESIAN_POINT('Ctrl Pts',(-9.87905172740549,9.38237834419733,-4.00207712104434));
#5003=CARTESIAN_POINT('Ctrl Pts',(-9.90566669062436,9.38835778659297,-4.02465899420052));
#5004=CARTESIAN_POINT('Ctrl Pts',(-9.93310387674287,9.39427367652284,-4.0460983381528));
#5005=CARTESIAN_POINT('Ctrl Pts',(-9.9613946049467,9.40013318798214,-4.0662997623438));
#5006=CARTESIAN_POINT('Ctrl Pts',(-9.9890266451109,9.40585627346865,-4.08603084033509));
#5007=CARTESIAN_POINT('Ctrl Pts',(-10.0174742064754,9.41152667427978,-4.1045811788527));
#5008=CARTESIAN_POINT('Ctrl Pts',(-10.0467732219812,9.41712472590567,-4.12181904664853));
#5009=CARTESIAN_POINT('Ctrl Pts',(-10.0738610385034,9.42230029213911,-4.13775597121848));
#5010=CARTESIAN_POINT('Ctrl Pts',(-10.1016777729915,9.42741433262414,-4.15257052414155));
#5011=CARTESIAN_POINT('Ctrl Pts',(-10.1302407338788,9.43241933312584,-4.1661247088545));
#5012=CARTESIAN_POINT('Ctrl Pts',(-10.1325723500142,9.43282789510839,-4.16723114722077));
#5013=CARTESIAN_POINT('Ctrl Pts',(-10.1349089266206,9.43323571034097,-4.16832916980592));
#5014=CARTESIAN_POINT('Ctrl Pts',(-10.1372504659248,9.43364274193825,-4.16941869255744));
#5015=CARTESIAN_POINT('Ctrl Pts',(-10.1660247649229,9.43864460069865,-4.18280742934303));
#5016=CARTESIAN_POINT('Ctrl Pts',(-10.1954882067126,9.44349269428041,-4.19489752588088));
#5017=CARTESIAN_POINT('Ctrl Pts',(-10.2255632798086,9.44820376671718,-4.2054662082466));
#5018=CARTESIAN_POINT('Ctrl Pts',(-10.2533403460679,9.45255487072983,-4.21522734795887));
#5019=CARTESIAN_POINT('Ctrl Pts',(-10.281639892048,9.45678905163731,-4.22368986774055));
#5020=CARTESIAN_POINT('Ctrl Pts',(-10.310370226197,9.46089452413817,-4.23065915598669));
#5021=CARTESIAN_POINT('Ctrl Pts',(-10.3379861170745,9.46484074627386,-4.23735810709186));
#5022=CARTESIAN_POINT('Ctrl Pts',(-10.3660006583255,9.46866791676192,-4.24267660291337));
#5023=CARTESIAN_POINT('Ctrl Pts',(-10.3942929898084,9.47234266458215,-4.24643492414043));
#5024=CARTESIAN_POINT('Ctrl Pts',(-10.4211706977316,9.47583367410403,-4.25000532837819));
#5025=CARTESIAN_POINT('Ctrl Pts',(-10.4482993210198,9.47918677088711,-4.25216684517679));
#5026=CARTESIAN_POINT('Ctrl Pts',(-10.4755331541669,9.4823558814998,-4.25277086772033));
#5027=CARTESIAN_POINT('Ctrl Pts',(-10.499914756907,9.48519308754351,-4.25331163029398));
#5028=CARTESIAN_POINT('Ctrl Pts',(-10.524380255621,9.48788238589832,-4.25260361483653));
#5029=CARTESIAN_POINT('Ctrl Pts',(-10.5487929732712,9.49038204306371,-4.25055297505154));
#5030=CARTESIAN_POINT('Ctrl Pts',(-3.68852376512179,5.16389423076917,-5.08343493615624));
#5031=CARTESIAN_POINT('Ctrl Pts',(-4.17974623853864,6.09015220950381,-5.08343493615624));
#5032=CARTESIAN_POINT('Ctrl Pts',(-3.97133819332454,5.69717423076983,-4.1340205079535));
#5033=CARTESIAN_POINT('Ctrl Pts',(-3.80464286262615,5.13310350860043,-5.08343493615624));
#5034=CARTESIAN_POINT('Ctrl Pts',(-4.22707110658698,6.01931335202944,-5.04257960203244));
#5035=CARTESIAN_POINT('Ctrl Pts',(-4.07584538065309,5.64790907343837,-4.14563242374758));
#5036=CARTESIAN_POINT('Ctrl Pts',(-4.04089359078429,5.0784594670185,-5.08754916743667));
#5037=CARTESIAN_POINT('Ctrl Pts',(-4.36110788350743,5.88185402214988,-4.98287755098525));
#5038=CARTESIAN_POINT('Ctrl Pts',(-4.28929388287428,5.56047860963236,-4.17666310401966));
#5039=CARTESIAN_POINT('Ctrl Pts',(-4.40415636837815,5.01129720351446,-5.10013533993038));
#5040=CARTESIAN_POINT('Ctrl Pts',(-4.63328125822728,5.70055581350352,-4.93723425146342));
#5041=CARTESIAN_POINT('Ctrl Pts',(-4.61874761695719,5.45301898693195,-4.23564449582415));
#5042=CARTESIAN_POINT('Ctrl Pts',(-4.77484364718697,4.95605601023916,-5.1159418878983));
#5043=CARTESIAN_POINT('Ctrl Pts',(-4.94095876717736,5.54969564852538,-4.92040361174852));
#5044=CARTESIAN_POINT('Ctrl Pts',(-4.95552747754578,5.36463307797965,-4.30116500909435));
#5045=CARTESIAN_POINT('Ctrl Pts',(-5.15220896643795,4.9111410059199,-5.13270770372395));
#5046=CARTESIAN_POINT('Ctrl Pts',(-5.27127582991785,5.42561665323117,-4.92127620545335));
#5047=CARTESIAN_POINT('Ctrl Pts',(-5.29850942801883,5.29276907101006,-4.36908000976089));
#5048=CARTESIAN_POINT('Ctrl Pts',(-5.53604190058849,4.87582126661167,-5.14857794721817));
#5049=CARTESIAN_POINT('Ctrl Pts',(-5.61778046488044,5.32557546354724,-4.93257659329528));
#5050=CARTESIAN_POINT('Ctrl Pts',(-5.64713311745794,5.23625748806377,-4.43602974139742));
#5051=CARTESIAN_POINT('Ctrl Pts',(-6.04880551425137,4.84175984900201,-5.16604948064528));
#5052=CARTESIAN_POINT('Ctrl Pts',(-6.08372655717062,5.22454681312777,-4.95398451104068));
#5053=CARTESIAN_POINT('Ctrl Pts',(-6.11211467643837,5.18175922025004,-4.51875486295547));
#5054=CARTESIAN_POINT('Ctrl Pts',(-6.43594805353002,4.83059423163082,-5.17274240149606));
#5055=CARTESIAN_POINT('Ctrl Pts',(-6.45048783358891,5.17903700449525,-4.97156887258133));
#5056=CARTESIAN_POINT('Ctrl Pts',(-6.46188154595986,5.16389423077244,-4.56951637440495));
#5057=CARTESIAN_POINT('Ctrl Pts',(-6.69528297882417,4.83059423077084,-5.17274240199257));
#5058=CARTESIAN_POINT('Ctrl Pts',(-6.69528297882402,5.16389423077238,-4.98031155727207));
#5059=CARTESIAN_POINT('Ctrl Pts',(-6.69528297882394,5.16389423077251,-4.59544986782913));
#5060=CARTESIAN_POINT('Origin',(-3.68852376512179,5.16389423076917,-4.41683493615624));
#5061=CARTESIAN_POINT('Ctrl Pts',(-2.40676970885326,6.19834544957989,-5.08343493615624));
#5062=CARTESIAN_POINT('Ctrl Pts',(-3.47858084741403,7.04952994966567,-5.08343493615624));
#5063=CARTESIAN_POINT('Ctrl Pts',(-2.81775954268285,6.52473520581841,-4.00584510232665));
#5064=CARTESIAN_POINT('Ctrl Pts',(-2.56664181906267,5.99703456051876,-5.08343493615624));
#5065=CARTESIAN_POINT('Ctrl Pts',(-3.5281726575307,6.90451530156161,-5.08343493615721));
#5066=CARTESIAN_POINT('Ctrl Pts',(-2.96164444187116,6.36368649456945,-4.02183231334764));
#5067=CARTESIAN_POINT('Ctrl Pts',(-2.94575840726566,5.61799662241565,-5.08343493615624));
#5068=CARTESIAN_POINT('Ctrl Pts',(-3.68165760878158,6.59027590478219,-5.08343493615564));
#5069=CARTESIAN_POINT('Ctrl Pts',(-3.30284937125422,6.06045614408708,-4.05974397216779));
#5070=CARTESIAN_POINT('Ctrl Pts',(-3.42731275258537,5.30242228948285,-5.08343493615624));
#5071=CARTESIAN_POINT('Ctrl Pts',(-3.99091242767461,6.24900684751237,-5.08343493615652));
#5072=CARTESIAN_POINT('Ctrl Pts',(-3.73624828204151,5.80799667774072,-4.10789940669999));
#5073=CARTESIAN_POINT('Ctrl Pts',(-3.68852376512179,5.16389423076917,-5.08343493615624));
#5074=CARTESIAN_POINT('Ctrl Pts',(-4.17974623853864,6.09015220950381,-5.08343493615624));
#5075=CARTESIAN_POINT('Ctrl Pts',(-3.97133819332453,5.69717423076984,-4.1340205079535));
#5076=CARTESIAN_POINT('',(-2.86547232512931,6.56262656504512,-4.0986420092441));
#5077=CARTESIAN_POINT('Ctrl Pts',(-2.95941719530207,6.37751600759412,-4.02158484150656));
#5078=CARTESIAN_POINT('Ctrl Pts',(-2.93081336310155,6.43948919210207,-4.04992804998541));
#5079=CARTESIAN_POINT('Ctrl Pts',(-2.89861295492083,6.50075554346019,-4.07558445344384));
#5080=CARTESIAN_POINT('Ctrl Pts',(-2.86547232512931,6.56262656504512,-4.0986420092441));
#5081=CARTESIAN_POINT('Origin',(-2.40676970885326,6.19834544957989,-4.41683493615624));
#5082=CARTESIAN_POINT('Ctrl Pts',(-1.9246179879974,7.16369423076916,-5.08343493615624));
#5083=CARTESIAN_POINT('Ctrl Pts',(-2.8738943202293,7.44437959908202,-5.08343493615624));
#5084=CARTESIAN_POINT('Ctrl Pts',(-2.51694610169399,7.33883589301211,-4.16617906873753));
#5085=CARTESIAN_POINT('Ctrl Pts',(-1.97596839673039,6.99002744628739,-5.08343493615624));
#5086=CARTESIAN_POINT('Ctrl Pts',(-2.89485955725687,7.31975337068448,-5.08343493615678));
#5087=CARTESIAN_POINT('Ctrl Pts',(-2.56211901374382,7.19879422762595,-4.17507595092224));
#5088=CARTESIAN_POINT('Ctrl Pts',(-2.07278937596225,6.73798368254732,-5.08343493615624));
#5089=CARTESIAN_POINT('Ctrl Pts',(-2.97505979117528,7.13412453903049,-5.08343493615628));
#5090=CARTESIAN_POINT('Ctrl Pts',(-2.6402114517698,6.99185846304138,-4.17054161937584));
#5091=CARTESIAN_POINT('Ctrl Pts',(-2.24547053701303,6.42087118719345,-5.08343493615624));
#5092=CARTESIAN_POINT('Ctrl Pts',(-3.14372307204381,6.96444937045984,-5.083434936156));
#5093=CARTESIAN_POINT('Ctrl Pts',(-2.76165920188846,6.73682348838789,-4.13409446671101));
#5094=CARTESIAN_POINT('Ctrl Pts',(-2.35002780760616,6.26979483469909,-5.08343493615624));
#5095=CARTESIAN_POINT('Ctrl Pts',(-3.24630400876336,6.91640504757184,-5.08343493615686));
#5096=CARTESIAN_POINT('Ctrl Pts',(-2.82812871264792,6.61668238188306,-4.10629678912242));
#5097=CARTESIAN_POINT('Ctrl Pts',(-2.40676970885318,6.19834544957982,-5.08343493615624));
#5098=CARTESIAN_POINT('Ctrl Pts',(-3.29857825387495,6.90657993535477,-5.08343493615624));
#5099=CARTESIAN_POINT('Ctrl Pts',(-2.86193076489351,6.55981401620096,-4.09045410275895));
#5100=CARTESIAN_POINT('',(-2.53605782710916,7.34448691527518,-4.22238471533843));
#5101=CARTESIAN_POINT('Ctrl Pts',(-2.86547232512931,6.56262656504512,-4.0986420092441));
#5102=CARTESIAN_POINT('Ctrl Pts',(-2.83365716876646,6.62326479107254,-4.12219899157231));
#5103=CARTESIAN_POINT('Ctrl Pts',(-2.80264417493784,6.68479079758292,-4.14282510150067));
#5104=CARTESIAN_POINT('Ctrl Pts',(-2.77264209563663,6.74747274521426,-4.16026899002757));
#5105=CARTESIAN_POINT('Ctrl Pts',(-2.74447435833028,6.80632228750775,-4.17664635056627));
#5106=CARTESIAN_POINT('Ctrl Pts',(-2.7171966599323,6.86619163062697,-4.19021968131082));
#5107=CARTESIAN_POINT('Ctrl Pts',(-2.69099040226835,6.92732432210311,-4.20073318257917));
#5108=CARTESIAN_POINT('Ctrl Pts',(-2.68928379593222,6.93130541089326,-4.20141784378144));
#5109=CARTESIAN_POINT('Ctrl Pts',(-2.68758174106003,6.93529186272564,-4.20208951266222));
#5110=CARTESIAN_POINT('Ctrl Pts',(-2.68588429100951,6.93928374707235,-4.20274811188516));
#5111=CARTESIAN_POINT('Ctrl Pts',(-2.6857292443869,6.93964836939842,-4.20280826893375));
#5112=CARTESIAN_POINT('Ctrl Pts',(-2.68557423612315,6.94001303703199,-4.20286831675794));
#5113=CARTESIAN_POINT('Ctrl Pts',(-2.68541926629821,6.94037774994519,-4.20292825529728));
#5114=CARTESIAN_POINT('Ctrl Pts',(-2.66532010505645,6.98768001444757,-4.21070211944918));
#5115=CARTESIAN_POINT('Ctrl Pts',(-2.64586912127879,7.03574505882565,-4.21663378418079));
#5116=CARTESIAN_POINT('Ctrl Pts',(-2.6271659362309,7.08438521188788,-4.22058038110897));
#5117=CARTESIAN_POINT('Ctrl Pts',(-2.62019128963961,7.10252372021608,-4.22205211540138));
#5118=CARTESIAN_POINT('Ctrl Pts',(-2.61332044433931,7.12074208033213,-4.22324826622895));
#5119=CARTESIAN_POINT('Ctrl Pts',(-2.60655789882747,7.13903017681001,-4.224163116101));
#5120=CARTESIAN_POINT('Ctrl Pts',(-2.58864310276586,7.1874775429952,-4.22658666339632));
#5121=CARTESIAN_POINT('Ctrl Pts',(-2.57149017454183,7.23641336713539,-4.22703336214728));
#5122=CARTESIAN_POINT('Ctrl Pts',(-2.55515310979843,7.2856446652936,-4.22537134952155));
#5123=CARTESIAN_POINT('Ctrl Pts',(-2.54865834708351,7.30521645525138,-4.22471062020433));
#5124=CARTESIAN_POINT('Ctrl Pts',(-2.54229236783205,7.32483478654151,-4.22371711529896));
#5125=CARTESIAN_POINT('Ctrl Pts',(-2.53605782710913,7.34448691527517,-4.22238471533844));
#5126=CARTESIAN_POINT('Origin',(-1.9246179879974,7.16369423076916,-4.41683493615624));
#5127=CARTESIAN_POINT('Ctrl Pts',(-2.53380740719825,7.3438215031922,-4.21484984447081));
#5128=CARTESIAN_POINT('Ctrl Pts',(-2.7986443258788,7.4221294157975,-5.08343493615624));
#5129=CARTESIAN_POINT('Ctrl Pts',(-1.9246179879974,7.16369423076916,-5.08343493615624));
#5130=CARTESIAN_POINT('Ctrl Pts',(-2.47791090873923,7.5199989379814,-4.20337773561657));
#5131=CARTESIAN_POINT('Ctrl Pts',(-2.74328622594624,7.65033243153072,-5.06570991605027));
#5132=CARTESIAN_POINT('Ctrl Pts',(-1.86372158754865,7.41541247755225,-5.08343493615624));
#5133=CARTESIAN_POINT('Ctrl Pts',(-2.42983826080427,7.69568418168253,-4.17543152774837));
#5134=CARTESIAN_POINT('Ctrl Pts',(-2.69550278376223,7.8782538255741,-5.02719222415741));
#5135=CARTESIAN_POINT('Ctrl Pts',(-1.81192325370905,7.66552597033101,-5.0577184280097));
#5136=CARTESIAN_POINT('Ctrl Pts',(-2.38673403780766,7.87097071979166,-4.12964981206174));
#5137=CARTESIAN_POINT('Ctrl Pts',(-2.65260873103686,8.10590320431572,-4.96577138103926));
#5138=CARTESIAN_POINT('Ctrl Pts',(-1.76595252646252,7.91302774421892,-5.0060421480553));
#5139=CARTESIAN_POINT('',(-2.38886747609556,7.87288401648613,-4.13649384202365));
#5140=CARTESIAN_POINT('Ctrl Pts',(-2.53605782710911,7.34448691527521,-4.22238471533843));
#5141=CARTESIAN_POINT('Ctrl Pts',(-2.50017521623702,7.45776663795649,-4.21487681615093));
#5142=CARTESIAN_POINT('Ctrl Pts',(-2.467520594904,7.57084033837298,-4.20057251443652));
#5143=CARTESIAN_POINT('Ctrl Pts',(-2.4373914293927,7.68347164724595,-4.17921504921975));
#5144=CARTESIAN_POINT('Ctrl Pts',(-2.42046096367674,7.74676249785721,-4.16721366031648));
#5145=CARTESIAN_POINT('Ctrl Pts',(-2.40432784473943,7.80991371815473,-4.15298602564103));
#5146=CARTESIAN_POINT('Ctrl Pts',(-2.38886747609527,7.87288401648604,-4.13649384202364));
#5147=CARTESIAN_POINT('Origin',(-1.76595252646252,7.77678528722806,-4.35351356407365));
#5148=CARTESIAN_POINT('Ctrl Pts',(3.53461205050522,9.46099972922514,1.4401615025109));
#5149=CARTESIAN_POINT('Ctrl Pts',(3.23060563504025,9.31261027322221,1.55959639271084));
#5150=CARTESIAN_POINT('Ctrl Pts',(3.06307921830639,9.04322536011495,1.39205328607769));
#5151=CARTESIAN_POINT('Ctrl Pts',(3.26266946995485,9.87442939632577,1.10775837927407));
#5152=CARTESIAN_POINT('Ctrl Pts',(2.94008738374934,9.71888094498135,1.26908092730611));
#5153=CARTESIAN_POINT('Ctrl Pts',(2.79113149194651,9.38148050704712,1.12010555964497));
#5154=CARTESIAN_POINT('Ctrl Pts',(2.56986061948897,10.5543976756762,0.260922666489864));
#5155=CARTESIAN_POINT('Ctrl Pts',(2.17438647922314,10.418778088015,0.503387717834118));
#5156=CARTESIAN_POINT('Ctrl Pts',(2.09830004884352,9.93782309583903,0.427274116356403));
#5157=CARTESIAN_POINT('Ctrl Pts',(1.27572101152747,10.945831079144,-1.32089925068303));
#5158=CARTESIAN_POINT('Ctrl Pts',(0.750963415178534,10.9246746395207,-0.920017664663196));
#5159=CARTESIAN_POINT('Ctrl Pts',(0.804134304654001,10.2581289873702,-0.866891628179751));
#5160=CARTESIAN_POINT('Ctrl Pts',(0.185410325442948,10.686897415641,-2.65354237803008));
#5161=CARTESIAN_POINT('Ctrl Pts',(-0.469644313268374,10.8608918786687,-2.14060476412501));
#5162=CARTESIAN_POINT('Ctrl Pts',(-0.286189454043473,10.0463343433456,-1.95721538716925));
#5163=CARTESIAN_POINT('Ctrl Pts',(-0.573768517353605,10.1587109859503,-3.58143263360283));
#5164=CARTESIAN_POINT('Ctrl Pts',(-1.39599645313451,10.5337842679167,-3.06693654821271));
#5165=CARTESIAN_POINT('Ctrl Pts',(-1.04538702613149,9.61423029117737,-2.71641295946061));
#5166=CARTESIAN_POINT('Ctrl Pts',(-0.898089896524748,9.80096450309279,-3.97782050526351));
#5167=CARTESIAN_POINT('Ctrl Pts',(-1.83266954981694,10.2642040725295,-3.50359829096616));
#5168=CARTESIAN_POINT('Ctrl Pts',(-1.36972129974586,9.32154552274245,-3.04074723316184));
#5169=CARTESIAN_POINT('Ctrl Pts',(-1.04265848781843,9.60265352696929,-4.15451188562581));
#5170=CARTESIAN_POINT('Ctrl Pts',(-2.04184001954182,10.0993714404653,-3.71276295253225));
#5171=CARTESIAN_POINT('Ctrl Pts',(-1.51429751884636,9.15929643064147,-3.18532345230106));
#5172=CARTESIAN_POINT('',(-1.57023975936565,9.28544239946414,-3.26885083054568));
#5173=CARTESIAN_POINT('Origin',(-1.04234180036972,9.16001933674514,-3.65608249276627));
#5174=CARTESIAN_POINT('Ctrl Pts',(-1.57023975936565,9.28544239946414,-3.26885083054568));
#5175=CARTESIAN_POINT('Ctrl Pts',(-1.51836372850213,9.33382044416835,-3.21379973227182));
#5176=CARTESIAN_POINT('Ctrl Pts',(-1.46512814844266,9.37936728491162,-3.15761092156687));
#5177=CARTESIAN_POINT('Ctrl Pts',(-1.41076110870254,9.42217254378409,-3.10054944804528));
#5178=CARTESIAN_POINT('Ctrl Pts',(-1.35325297948247,9.46745090306764,-3.04019121245892));
#5179=CARTESIAN_POINT('Ctrl Pts',(-1.29447880195615,9.50966245627989,-2.97885657179533));
#5180=CARTESIAN_POINT('Ctrl Pts',(-1.23467359443945,9.54892539872303,-2.91681218343677));
#5181=CARTESIAN_POINT('Ctrl Pts',(-1.1958744318805,9.57439758333118,-2.87656033230621));
#5182=CARTESIAN_POINT('Ctrl Pts',(-1.15664059807986,9.59862894771295,-2.83600877989487));
#5183=CARTESIAN_POINT('Ctrl Pts',(-1.1170295319965,9.62165201804181,-2.79522094025916));
#5184=CARTESIAN_POINT('Ctrl Pts',(-1.09527923759004,9.63429390343665,-2.77282448371307));
#5185=CARTESIAN_POINT('Ctrl Pts',(-1.07341604801743,9.64656872035188,-2.75035723398177));
#5186=CARTESIAN_POINT('Ctrl Pts',(-1.05144268965622,9.65848478066038,-2.72782264172431));
#5187=CARTESIAN_POINT('Ctrl Pts',(-0.994449552374665,9.68939192056378,-2.66937381068991));
#5188=CARTESIAN_POINT('Ctrl Pts',(-0.936717504220531,9.71788739535628,-2.61047435189457));
#5189=CARTESIAN_POINT('Ctrl Pts',(-0.878290606188243,9.74410499490209,-2.55117940495023));
#5190=CARTESIAN_POINT('Ctrl Pts',(-0.817295313400223,9.77147509693304,-2.48927790458783));
#5191=CARTESIAN_POINT('Ctrl Pts',(-0.755542159702607,9.79636326051117,-2.42694486080583));
#5192=CARTESIAN_POINT('Ctrl Pts',(-0.693051646483339,9.818886395589,-2.36421031836407));
#5193=CARTESIAN_POINT('Ctrl Pts',(-0.670419109962302,9.82704372461315,-2.3414894004231));
#5194=CARTESIAN_POINT('Ctrl Pts',(-0.647689625981577,9.83489046001279,-2.31871555770022));
#5195=CARTESIAN_POINT('Ctrl Pts',(-0.62486351612747,9.84243083632416,-2.29588944784611));
#5196=CARTESIAN_POINT('Ctrl Pts',(2.76465225566189,9.36347423075289,1.09362625371856));
#5197=CARTESIAN_POINT('Ctrl Pts',(2.79058915494884,9.36985779936355,1.11954925960208));
#5198=CARTESIAN_POINT('Ctrl Pts',(2.81740732468928,9.37615326574427,1.14429771009693));
#5199=CARTESIAN_POINT('Ctrl Pts',(2.84511563310634,9.38237834419725,1.16780724873136));
#5200=CARTESIAN_POINT('Ctrl Pts',(2.87173059632529,9.38835778659292,1.19038912188767));
#5201=CARTESIAN_POINT('Ctrl Pts',(2.89916778244388,9.39427367652281,1.21182846584007));
#5202=CARTESIAN_POINT('Ctrl Pts',(2.92745851064781,9.40013318798215,1.23202989003118));
#5203=CARTESIAN_POINT('Ctrl Pts',(2.95509055081195,9.40585627346865,1.25176096802245));
#5204=CARTESIAN_POINT('Ctrl Pts',(2.98353811217642,9.41152667427978,1.27031130654005));
#5205=CARTESIAN_POINT('Ctrl Pts',(3.0128371276821,9.41712472590568,1.28754917433587));
#5206=CARTESIAN_POINT('Ctrl Pts',(3.03992494420437,9.42230029213912,1.30348609890584));
#5207=CARTESIAN_POINT('Ctrl Pts',(3.06774167869239,9.42741433262415,1.31830065182892));
#5208=CARTESIAN_POINT('Ctrl Pts',(3.09630463957967,9.43241933312586,1.33185483654188));
#5209=CARTESIAN_POINT('Ctrl Pts',(3.09863625571511,9.43282789510841,1.33296127490813));
#5210=CARTESIAN_POINT('Ctrl Pts',(3.10097283232143,9.43323571034098,1.33405929749326));
#5211=CARTESIAN_POINT('Ctrl Pts',(3.10331437162564,9.43364274193825,1.33514882024477));
#5212=CARTESIAN_POINT('Ctrl Pts',(3.13208867062387,9.43864460069868,1.34853755703045));
#5213=CARTESIAN_POINT('Ctrl Pts',(3.1615521124138,9.44349269428047,1.36062765356838));
#5214=CARTESIAN_POINT('Ctrl Pts',(3.19162718550992,9.44820376671727,1.37119633593415));
#5215=CARTESIAN_POINT('Ctrl Pts',(3.21940425176921,9.45255487072991,1.3809574756464));
#5216=CARTESIAN_POINT('Ctrl Pts',(3.24770379774929,9.45678905163739,1.38941999542808));
#5217=CARTESIAN_POINT('Ctrl Pts',(3.2764341318983,9.46089452413825,1.3963892836742));
#5218=CARTESIAN_POINT('Ctrl Pts',(3.30405002277582,9.46484074627393,1.40308823477936));
#5219=CARTESIAN_POINT('Ctrl Pts',(3.33206456402681,9.468667916762,1.40840673060086));
#5220=CARTESIAN_POINT('Ctrl Pts',(3.36035689550974,9.47234266458222,1.41216505182792));
#5221=CARTESIAN_POINT('Ctrl Pts',(3.38723460343298,9.47583367410411,1.41573545606567));
#5222=CARTESIAN_POINT('Ctrl Pts',(3.4143632267212,9.47918677088719,1.41789697286426));
#5223=CARTESIAN_POINT('Ctrl Pts',(3.44159705986828,9.48235588149988,1.4185009954078));
#5224=CARTESIAN_POINT('Ctrl Pts',(3.46597866260845,9.48519308754359,1.41904175798144));
#5225=CARTESIAN_POINT('Ctrl Pts',(3.49044416132256,9.48788238589841,1.41833374252398));
#5226=CARTESIAN_POINT('Ctrl Pts',(3.51485687897284,9.49038204306381,1.41628310273897));
#5227=CARTESIAN_POINT('Ctrl Pts',(-2.38680525692041,7.87103368079954,-4.1298739267278));
#5228=CARTESIAN_POINT('Ctrl Pts',(-2.65226939058283,8.10582938715201,-4.96578679343957));
#5229=CARTESIAN_POINT('Ctrl Pts',(-1.76595252646252,7.91302774421893,-5.0060421480553));
#5230=CARTESIAN_POINT('Ctrl Pts',(-2.3484467232825,8.02740210556738,-4.08928395580911));
#5231=CARTESIAN_POINT('Ctrl Pts',(-2.61331173779363,8.31487910050968,-4.91261500286967));
#5232=CARTESIAN_POINT('Ctrl Pts',(-1.73444526319748,8.08265965651444,-4.97062443750202));
#5233=CARTESIAN_POINT('Ctrl Pts',(-2.27455140338159,8.24665839564442,-4.01107682016696));
#5234=CARTESIAN_POINT('Ctrl Pts',(-2.53812725335612,8.60857723228274,-4.80969858464197));
#5235=CARTESIAN_POINT('Ctrl Pts',(-1.67299122494263,8.32654518720978,-4.90112669255905));
#5236=CARTESIAN_POINT('Ctrl Pts',(-2.14991228276575,8.5124191300179,-3.87913224077402));
#5237=CARTESIAN_POINT('Ctrl Pts',(-2.41134445035303,8.96470714612897,-4.63497072158921));
#5238=CARTESIAN_POINT('Ctrl Pts',(-1.56614263969707,8.63529810100998,-4.77813824992217));
#5239=CARTESIAN_POINT('Ctrl Pts',(-2.01291332537378,8.75508674973496,-3.73409219783643));
#5240=CARTESIAN_POINT('Ctrl Pts',(-2.27170298478753,9.29056890790351,-4.44178805426813));
#5241=CARTESIAN_POINT('Ctrl Pts',(-1.44669185265023,8.92575754998387,-4.63910149730653));
#5242=CARTESIAN_POINT('Ctrl Pts',(-1.82300920382277,9.01915815827964,-3.53303897601404));
#5243=CARTESIAN_POINT('Ctrl Pts',(-2.07813297345606,9.64489143728569,-4.17268247171107));
#5244=CARTESIAN_POINT('Ctrl Pts',(-1.277277583722,9.25683442113841,-4.438722970119));
#5245=CARTESIAN_POINT('Ctrl Pts',(-1.65450272668297,9.19669017654843,-3.35468495709368));
#5246=CARTESIAN_POINT('Ctrl Pts',(-1.90691991699063,9.88182607922365,-3.9335020939904));
#5247=CARTESIAN_POINT('Ctrl Pts',(-1.12294262853527,9.49316239070128,-4.2521385163055));
#5248=CARTESIAN_POINT('Ctrl Pts',(-1.56744373524214,9.2773412064388,-3.26256108688747));
#5249=CARTESIAN_POINT('Ctrl Pts',(-1.81854029560936,9.98920746506154,-3.80984712242379));
#5250=CARTESIAN_POINT('Ctrl Pts',(-1.04234180036972,9.60364713807313,-4.15362639423517));
#5251=CARTESIAN_POINT('Ctrl Pts',(-2.38886747609556,7.87288401648613,-4.13649384202365));
#5252=CARTESIAN_POINT('Ctrl Pts',(-2.35234200625857,8.0225187512867,-4.09791415323989));
#5253=CARTESIAN_POINT('Ctrl Pts',(-2.2823829596351,8.23408006713194,-4.02396564603123));
#5254=CARTESIAN_POINT('Ctrl Pts',(-2.16381957068496,8.49381876188423,-3.89844897787016));
#5255=CARTESIAN_POINT('Ctrl Pts',(-2.02822515923231,8.7407834886517,-3.75478558594445));
#5256=CARTESIAN_POINT('Ctrl Pts',(-1.83509527783555,9.01518191645478,-3.54996004941768));
#5257=CARTESIAN_POINT('Ctrl Pts',(-1.66154952689237,9.20035366508231,-3.36576994617139));
#5258=CARTESIAN_POINT('Ctrl Pts',(-1.57023975936565,9.28544239946414,-3.26885083054568));
#5259=CARTESIAN_POINT('Ctrl Pts',(-9.93999552895808,9.16349423076912,-3.78648894705013));
#5260=CARTESIAN_POINT('Ctrl Pts',(-9.79858831485639,9.16349423076912,-3.92789616115181));
#5261=CARTESIAN_POINT('Ctrl Pts',(-9.79858831485639,9.36347423076912,-3.92789616115181));
#5262=CARTESIAN_POINT('Ctrl Pts',(-9.98137114441496,9.16349423076912,-3.82786456776926));
#5263=CARTESIAN_POINT('Ctrl Pts',(-9.83830523132325,9.1634942307691,-3.98435534002922));
#5264=CARTESIAN_POINT('Ctrl Pts',(-9.84529390537878,9.37497246047851,-3.9746017516742));
#5265=CARTESIAN_POINT('Ctrl Pts',(-10.0680024740413,9.16349423076912,-3.90524724392452));
#5266=CARTESIAN_POINT('Ctrl Pts',(-9.92459520240297,9.16349423076913,-4.09575201841955));
#5267=CARTESIAN_POINT('Ctrl Pts',(-9.94535584916764,9.39785033098579,-4.06145134280478));
#5268=CARTESIAN_POINT('Ctrl Pts',(-10.2123912365647,9.16349423076912,-4.00295020582552));
#5269=CARTESIAN_POINT('Ctrl Pts',(-10.0767945202358,9.16349423076911,-4.25481736104727));
#5270=CARTESIAN_POINT('Ctrl Pts',(-10.1192114083475,9.4315801929147,-4.16861290370588));
#5271=CARTESIAN_POINT('Ctrl Pts',(-10.3733763777624,9.16349423076912,-4.07491943767214));
#5272=CARTESIAN_POINT('Ctrl Pts',(-10.2728622970862,9.16349423076913,-4.40913595650575));
#5273=CARTESIAN_POINT('Ctrl Pts',(-10.3204088340718,9.46373935077883,-4.24264472003674));
#5274=CARTESIAN_POINT('Ctrl Pts',(-10.4897924091383,9.16349423076912,-4.09600447855885));
#5275=CARTESIAN_POINT('Ctrl Pts',(-10.4441707725246,9.16349423076908,-4.49225547618867));
#5276=CARTESIAN_POINT('Ctrl Pts',(-10.4710411000363,9.48242608753971,-4.25708992060645));
#5277=CARTESIAN_POINT('Ctrl Pts',(-10.5487943825711,9.16349423076912,-4.096004528727));
#5278=CARTESIAN_POINT('Ctrl Pts',(-10.5487943825711,9.16349423076912,-4.51898393808026));
#5279=CARTESIAN_POINT('Ctrl Pts',(-10.5487943825711,9.4903846153845,-4.25055469752916));
#5280=CARTESIAN_POINT('Origin',(-9.93999552895808,9.36347423076912,-3.78648894705013));
#5281=CARTESIAN_POINT('Origin',(-12.614165487691,9.3634742307691,-6.46065890578304));
#5282=CARTESIAN_POINT('Origin',(-9.43235400069964,9.36347423076912,-3.27884741879169));
#5283=CARTESIAN_POINT('Ctrl Pts',(-6.54990205086076,9.65526948934191,-0.467534107285763));
#5284=CARTESIAN_POINT('Ctrl Pts',(-6.43690687693682,9.69282987392524,-0.566214723232227));
#5285=CARTESIAN_POINT('Ctrl Pts',(-6.40845283844647,9.84215264960529,-0.537760684741883));
#5286=CARTESIAN_POINT('Ctrl Pts',(-6.78482163525247,9.73855534635111,-0.68605974925212));
#5287=CARTESIAN_POINT('Ctrl Pts',(-6.6720414302947,9.77229565279895,-0.801349276590129));
#5288=CARTESIAN_POINT('Ctrl Pts',(-6.64337347313213,9.93168310810997,-0.772681319427536));
#5289=CARTESIAN_POINT('Ctrl Pts',(-7.27811152182759,9.84723952789958,-1.14492623521875));
#5290=CARTESIAN_POINT('Ctrl Pts',(-7.16877529356239,9.86416014956427,-1.29808313985776));
#5291=CARTESIAN_POINT('Ctrl Pts',(-7.13666665106506,10.0485117005593,-1.26597449736047));
#5292=CARTESIAN_POINT('Ctrl Pts',(-8.03806366618657,9.82572290638458,-1.85185037006269));
#5293=CARTESIAN_POINT('Ctrl Pts',(-7.90550028284249,9.7967301729134,-2.03480812913805));
#5294=CARTESIAN_POINT('Ctrl Pts',(-7.89661495778234,10.0253653149444,-2.02592280407776));
#5295=CARTESIAN_POINT('Ctrl Pts',(-8.76589285377862,9.62123353924723,-2.52889754716888));
#5296=CARTESIAN_POINT('Ctrl Pts',(-8.59523899734609,9.53266554537992,-2.72454684364091));
#5297=CARTESIAN_POINT('Ctrl Pts',(-8.62443792305366,9.80552238078392,-2.75374576934908));
#5298=CARTESIAN_POINT('Ctrl Pts',(-9.19639309474159,9.37221127455411,-2.92936408725226));
#5299=CARTESIAN_POINT('Ctrl Pts',(-8.96915814029616,9.25466341045337,-3.09846598659297));
#5300=CARTESIAN_POINT('Ctrl Pts',(-9.05492741883165,9.53781755675466,-3.18423526512707));
#5301=CARTESIAN_POINT('Ctrl Pts',(-9.39062607114703,9.2237275334265,-3.11004717173368));
#5302=CARTESIAN_POINT('Ctrl Pts',(-9.13389423912779,9.09769387987605,-3.2632020854232));
#5303=CARTESIAN_POINT('Ctrl Pts',(-9.24915556022886,9.37819664051388,-3.37846340652428));
#5304=CARTESIAN_POINT('Origin',(-9.39004235336702,9.37862423076903,-3.23653577145906));
#5305=CARTESIAN_POINT('Origin',(-6.55048947347348,9.84239244264698,-0.396982891565515));
#5306=CARTESIAN_POINT('Ctrl Pts',(-5.53930789317609,9.02313667009789,0.494009454278977));
#5307=CARTESIAN_POINT('Ctrl Pts',(-5.41212501896852,9.08375744667513,0.435040471961743));
#5308=CARTESIAN_POINT('Ctrl Pts',(-5.37865108316748,9.20246249385222,0.525129825882295));
#5309=CARTESIAN_POINT('Ctrl Pts',(-5.70270756096634,9.18659722418254,0.334593855827461));
#5310=CARTESIAN_POINT('Ctrl Pts',(-5.57910629722909,9.24660645221864,0.266048155506563));
#5311=CARTESIAN_POINT('Ctrl Pts',(-5.54670645518109,9.37419089451703,0.345682028406172));
#5312=CARTESIAN_POINT('Ctrl Pts',(-6.05516948528062,9.45393424078579,-0.00483351550781164));
#5313=CARTESIAN_POINT('Ctrl Pts',(-5.93772950151306,9.50752868230705,-0.090264835665432));
#5314=CARTESIAN_POINT('Ctrl Pts',(-5.90719777763962,9.64875432349255,-0.0325635936483973));
#5315=CARTESIAN_POINT('Ctrl Pts',(-6.44918939495379,9.62575675367581,-0.37450575705248));
#5316=CARTESIAN_POINT('Ctrl Pts',(-6.33550807482147,9.66684492809923,-0.471202929180042));
#5317=CARTESIAN_POINT('Ctrl Pts',(-6.30674131305326,9.81528348243887,-0.436940963394982));
#5318=CARTESIAN_POINT('Ctrl Pts',(-6.65094294573658,9.68903816473392,-0.561408102319148));
#5319=CARTESIAN_POINT('Ctrl Pts',(-6.53877701443413,9.72327173427799,-0.662428397104766));
#5320=CARTESIAN_POINT('Ctrl Pts',(-6.51065485637081,9.8737674483483,-0.63966798782882));
#5321=CARTESIAN_POINT('Origin',(-5.62206572263157,9.24781548064845,0.550750456899367));
#5322=CARTESIAN_POINT('Ctrl Pts',(-4.83194310309279,7.79658740931758,1.17306489871112));
#5323=CARTESIAN_POINT('Ctrl Pts',(-4.68617972532297,7.82951712179734,1.16501880507793));
#5324=CARTESIAN_POINT('Ctrl Pts',(-4.64506861820288,7.87288401648613,1.30222396971117));
#5325=CARTESIAN_POINT('Ctrl Pts',(-4.86700854759063,7.93284078449393,1.13977255171051));
#5326=CARTESIAN_POINT('Ctrl Pts',(-4.72262926789475,7.97216548049711,1.12832719024833));
#5327=CARTESIAN_POINT('Ctrl Pts',(-4.6820991795687,8.02458796456562,1.26311077965628));
#5328=CARTESIAN_POINT('Ctrl Pts',(-4.95666237855192,8.19043910149229,1.05451588207176));
#5329=CARTESIAN_POINT('Ctrl Pts',(-4.81569047507477,8.24042460375651,1.03465338935086));
#5330=CARTESIAN_POINT('Ctrl Pts',(-4.77649267386557,8.30954934668402,1.16333553065317));
#5331=CARTESIAN_POINT('Ctrl Pts',(-5.14384713556441,8.54316454933904,0.87546605901993));
#5332=CARTESIAN_POINT('Ctrl Pts',(-5.00855943738066,8.60234022888526,0.840577347342056));
#5333=CARTESIAN_POINT('Ctrl Pts',(-4.97167586793299,8.69344526137281,0.956615282028839));
#5334=CARTESIAN_POINT('Ctrl Pts',(-5.36663131607672,8.84732694358135,0.661034706544402));
#5335=CARTESIAN_POINT('Ctrl Pts',(-5.23668615007165,8.90960444475402,0.611129384301832));
#5336=CARTESIAN_POINT('Ctrl Pts',(-5.201919271324,9.01859376164026,0.712422737237627));
#5337=CARTESIAN_POINT('Ctrl Pts',(-5.53400375639818,9.02166057292427,0.49897690148445));
#5338=CARTESIAN_POINT('Ctrl Pts',(-5.40710342037693,9.08281749488902,0.439820406315701));
#5339=CARTESIAN_POINT('Ctrl Pts',(-5.37363479767788,9.20151685310745,0.530175162550587));
#5340=CARTESIAN_POINT('Ctrl Pts',(-5.62206572263157,9.10241167251733,0.413456127151302));
#5341=CARTESIAN_POINT('Ctrl Pts',(-5.49657594871467,9.16241452235603,0.349909126475628));
#5342=CARTESIAN_POINT('Ctrl Pts',(-5.46369633493279,9.28544239946415,0.43458095823319));
#5343=CARTESIAN_POINT('Origin',(-4.83194310309279,7.84405439770871,1.36732988632617));
#5344=CARTESIAN_POINT('Ctrl Pts',(-4.68131021892286,7.28141969974985,1.24666492005542));
#5345=CARTESIAN_POINT('Ctrl Pts',(-4.53794189399061,7.32573979457809,1.24470621285872));
#5346=CARTESIAN_POINT('Ctrl Pts',(-4.49787826718933,7.34448691527522,1.38811484302595));
#5347=CARTESIAN_POINT('Ctrl Pts',(-4.73868931444354,7.45374552538102,1.23904905560051));
#5348=CARTESIAN_POINT('Ctrl Pts',(-4.5942628654673,7.49392015585434,1.23440205331703));
#5349=CARTESIAN_POINT('Ctrl Pts',(-4.55377613317091,7.52095386249862,1.37641905241285));
#5350=CARTESIAN_POINT('Ctrl Pts',(-4.78797574203191,7.62574392715045,1.21480904254416));
#5351=CARTESIAN_POINT('Ctrl Pts',(-4.64279219341072,7.66208167002668,1.20823244438552));
#5352=CARTESIAN_POINT('Ctrl Pts',(-4.60195312974773,7.69727402727929,1.34821695789462));
#5353=CARTESIAN_POINT('Ctrl Pts',(-4.83194310309307,7.7965874093175,1.17306489871114));
#5354=CARTESIAN_POINT('Ctrl Pts',(-4.68617972532327,7.82951712179726,1.16501880507795));
#5355=CARTESIAN_POINT('Ctrl Pts',(-4.64506861820317,7.87288401648604,1.30222396971116));
#5356=CARTESIAN_POINT('Origin',(-4.68131021892285,7.29024910992337,1.4464499092713));
#5357=CARTESIAN_POINT('Ctrl Pts',(-4.30607455405195,6.50290167229138,1.16608827422655));
#5358=CARTESIAN_POINT('Ctrl Pts',(-4.21995347278412,6.55275157392962,1.17883995743805));
#5359=CARTESIAN_POINT('Ctrl Pts',(-4.16846376916913,6.56262656504511,1.26437213693162));
#5360=CARTESIAN_POINT('Ctrl Pts',(-4.38607224521936,6.62356837594545,1.19695500672964));
#5361=CARTESIAN_POINT('Ctrl Pts',(-4.28672961132455,6.68201053546157,1.20934547124102));
#5362=CARTESIAN_POINT('Ctrl Pts',(-4.23248373831169,6.68464568648456,1.31177461841609));
#5363=CARTESIAN_POINT('Ctrl Pts',(-4.52699388180833,6.87446672929006,1.24313596630326));
#5364=CARTESIAN_POINT('Ctrl Pts',(-4.40211019135817,6.94090806475867,1.2497874280884));
#5365=CARTESIAN_POINT('Ctrl Pts',(-4.35385295562037,6.93556867972824,1.38269538107018));
#5366=CARTESIAN_POINT('Ctrl Pts',(-4.63515701139988,7.14280843221766,1.25279078436845));
#5367=CARTESIAN_POINT('Ctrl Pts',(-4.49324986566971,7.19283138527409,1.25289218669914));
#5368=CARTESIAN_POINT('Ctrl Pts',(-4.45385853195187,7.20573066326626,1.39752241546758));
#5369=CARTESIAN_POINT('Ctrl Pts',(-4.68131021892283,7.28141969974981,1.24666492005542));
#5370=CARTESIAN_POINT('Ctrl Pts',(-4.53794189399058,7.32573979457805,1.24470621285873));
#5371=CARTESIAN_POINT('Ctrl Pts',(-4.49787826718931,7.34448691527517,1.38811484302595));
#5372=CARTESIAN_POINT('Origin',(-4.30607455405195,6.45334223040555,1.35983001500526));
#5373=CARTESIAN_POINT('Ctrl Pts',(-4.18223356893702,6.31377822841121,1.1101833020709));
#5374=CARTESIAN_POINT('Ctrl Pts',(-4.11561324695603,6.34856019625871,1.12188067820493));
#5375=CARTESIAN_POINT('Ctrl Pts',(-4.06583263073044,6.35844373072032,1.17852560709186));
#5376=CARTESIAN_POINT('Ctrl Pts',(-4.22541872698001,6.38276623800628,1.1333734965245));
#5377=CARTESIAN_POINT('Ctrl Pts',(-4.15221692192526,6.42551005616161,1.1466700167574));
#5378=CARTESIAN_POINT('Ctrl Pts',(-4.10017510551371,6.4350269600098,1.21414038994331));
#5379=CARTESIAN_POINT('Ctrl Pts',(-4.27178513315441,6.45092243677355,1.15321482705379));
#5380=CARTESIAN_POINT('Ctrl Pts',(-4.19160003461921,6.49892273403248,1.16657225244326));
#5381=CARTESIAN_POINT('Ctrl Pts',(-4.13915565279471,6.50805091799203,1.24461225009592));
#5382=CARTESIAN_POINT('Ctrl Pts',(-4.31751898911152,6.5201984831616,1.17045232678856));
#5383=CARTESIAN_POINT('Ctrl Pts',(-4.22962105386476,6.57109762324116,1.18311067417994));
#5384=CARTESIAN_POINT('Ctrl Pts',(-4.17821858615143,6.5808294489653,1.27108520915608));
#5385=CARTESIAN_POINT('Origin',(-4.19309392739128,6.26855764085574,1.30588999758898));
#5386=CARTESIAN_POINT('Ctrl Pts',(-4.07451889899637,6.37751600759412,1.18731496919407));
#5387=CARTESIAN_POINT('Ctrl Pts',(-4.12468904511717,6.36744240933211,1.12788821290277));
#5388=CARTESIAN_POINT('Ctrl Pts',(-4.19309392739128,6.3310090308497,1.11591151383931));
#5389=CARTESIAN_POINT('Ctrl Pts',(-3.95237375367928,6.1739317179515,1.12238690024908));
#5390=CARTESIAN_POINT('Ctrl Pts',(-4.00087145955377,6.16622334491043,1.06497029213646));
#5391=CARTESIAN_POINT('Ctrl Pts',(-4.06393353530646,6.12742474066812,1.04898750406815));
#5392=CARTESIAN_POINT('Ctrl Pts',(-3.74726033627155,5.90143308201452,0.994908617789894));
#5393=CARTESIAN_POINT('Ctrl Pts',(-3.79228662145399,5.89480598437272,0.94096396193422));
#5394=CARTESIAN_POINT('Ctrl Pts',(-3.84634793066534,5.85492610539257,0.918801014692469));
#5395=CARTESIAN_POINT('Ctrl Pts',(-3.4016013624303,5.60654834485486,0.799293962142767));
#5396=CARTESIAN_POINT('Ctrl Pts',(-3.43756203103522,5.59848516783823,0.746712350193061));
#5397=CARTESIAN_POINT('Ctrl Pts',(-3.48039119538597,5.56004136808599,0.717952255919155));
#5398=CARTESIAN_POINT('Ctrl Pts',(-3.16108079116728,5.46171438528689,0.683553380054998));
#5399=CARTESIAN_POINT('Ctrl Pts',(-3.19093178578045,5.45305631347887,0.630639276043522));
#5400=CARTESIAN_POINT('Ctrl Pts',(-3.22651083093251,5.41520740854847,0.597858883330686));
#5401=CARTESIAN_POINT('Ctrl Pts',(-2.95101231352118,5.36758151888968,0.601012099233692));
#5402=CARTESIAN_POINT('Ctrl Pts',(-2.97583716021325,5.35890236400296,0.546990965409274));
#5403=CARTESIAN_POINT('Ctrl Pts',(-3.00546948733603,5.32107454213935,0.510868979387896));
#5404=CARTESIAN_POINT('Ctrl Pts',(-2.72663395530663,5.28748051642041,0.526946979187748));
#5405=CARTESIAN_POINT('Ctrl Pts',(-2.74635566991105,5.2791209174348,0.471164619109851));
#5406=CARTESIAN_POINT('Ctrl Pts',(-2.76989949868863,5.24097353970546,0.431560374283778));
#5407=CARTESIAN_POINT('Ctrl Pts',(-2.4325684844254,5.21725659000465,0.458324060776435));
#5408=CARTESIAN_POINT('Ctrl Pts',(-2.44549386442461,5.20991516462059,0.399022022538642));
#5409=CARTESIAN_POINT('Ctrl Pts',(-2.462233213208,5.17074961302451,0.35507318078908));
#5410=CARTESIAN_POINT('Ctrl Pts',(-2.06189322316788,5.17239758522149,0.417371024984901));
#5411=CARTESIAN_POINT('Ctrl Pts',(-2.06712612556143,5.16780530564929,0.352230751189544));
#5412=CARTESIAN_POINT('Ctrl Pts',(-2.07612189081142,5.12589060933741,0.302618206899249));
#5413=CARTESIAN_POINT('Ctrl Pts',(-1.80676561331752,5.16389423064004,0.415946479121256));
#5414=CARTESIAN_POINT('Ctrl Pts',(-1.80822754663138,5.1622297012872,0.346021571803193));
#5415=CARTESIAN_POINT('Ctrl Pts',(-1.81137357512176,5.11738725204531,0.292343554151849));
#5416=CARTESIAN_POINT('Ctrl Pts',(-1.6792786615527,5.1638942307725,0.420554443691971));
#5417=CARTESIAN_POINT('Ctrl Pts',(-1.6792786614591,5.16389423085069,0.348014073321304));
#5418=CARTESIAN_POINT('Ctrl Pts',(-1.67927866133714,5.11738725402808,0.292343556525294));
#5419=CARTESIAN_POINT('Ctrl Pts',(2.9060594346596,9.16349423076917,0.952219074737594));
#5420=CARTESIAN_POINT('Ctrl Pts',(2.76465222055791,9.16349423076917,1.09362628883928));
#5421=CARTESIAN_POINT('Ctrl Pts',(2.76465222055791,9.36347423076917,1.09362628883928));
#5422=CARTESIAN_POINT('Ctrl Pts',(2.94743504998912,9.16349423076917,0.99359469532955));
#5423=CARTESIAN_POINT('Ctrl Pts',(2.80436913689891,9.16349423076914,1.15008546753813));
#5424=CARTESIAN_POINT('Ctrl Pts',(2.8113578109366,9.37497246044326,1.14033187921797));
#5425=CARTESIAN_POINT('Ctrl Pts',(3.03406637980076,9.16349423076917,1.07097737167003));
#5426=CARTESIAN_POINT('Ctrl Pts',(2.8906591081694,9.16349423076919,1.26148214619885));
#5427=CARTESIAN_POINT('Ctrl Pts',(2.91141975493448,9.39785033100192,1.22718147055784));
#5428=CARTESIAN_POINT('Ctrl Pts',(3.17845514224965,9.16349423076917,1.16868033349687));
#5429=CARTESIAN_POINT('Ctrl Pts',(3.04285842591466,9.16349423076916,1.42054748870403));
#5430=CARTESIAN_POINT('Ctrl Pts',(3.08527531403031,9.43158019291021,1.33434303137517));
#5431=CARTESIAN_POINT('Ctrl Pts',(3.33944028346851,9.16349423076917,1.24064956536406));
#5432=CARTESIAN_POINT('Ctrl Pts',(3.23892620279594,9.16349423076918,1.5748660842037));
#5433=CARTESIAN_POINT('Ctrl Pts',(3.28647273977853,9.46373935078014,1.4083748477292));
#5434=CARTESIAN_POINT('Ctrl Pts',(3.45585631483884,9.16349423076917,1.2617346062463));
#5435=CARTESIAN_POINT('Ctrl Pts',(3.41023467822436,9.16349423076914,1.65798560387565));
#5436=CARTESIAN_POINT('Ctrl Pts',(3.43710500573649,9.48242608753963,1.42282004829403));
#5437=CARTESIAN_POINT('Ctrl Pts',(3.51485828827264,9.16349423076917,1.26173465641447));
#5438=CARTESIAN_POINT('Ctrl Pts',(3.51485828827264,9.16349423076917,1.68471406576774));
#5439=CARTESIAN_POINT('Ctrl Pts',(3.51485828827264,9.49038461538455,1.41628482521663));
#5440=CARTESIAN_POINT('Origin',(2.90605943465863,9.36347423076917,0.952219074736628));
#5441=CARTESIAN_POINT('Origin',(-2.27143509033592,9.36347423076917,-4.22527545025794));
#5442=CARTESIAN_POINT('Origin',(2.39841790640104,9.36347423076917,0.444577546479034));
#5443=CARTESIAN_POINT('Ctrl Pts',(2.21521946592909,9.37819664051498,0.544193534210452));
#5444=CARTESIAN_POINT('Ctrl Pts',(2.09995814482828,9.09769387987746,0.428932213109647));
#5445=CARTESIAN_POINT('Ctrl Pts',(2.35668997684711,9.22372753342746,0.275777299420031));
#5446=CARTESIAN_POINT('Ctrl Pts',(2.02099132453247,9.53781755675532,0.349965392813837));
#5447=CARTESIAN_POINT('Ctrl Pts',(1.93522204599874,9.25466341045569,0.264196114278873));
#5448=CARTESIAN_POINT('Ctrl Pts',(2.16245700044256,9.37221127455502,0.0950942149384626));
#5449=CARTESIAN_POINT('Ctrl Pts',(1.59050182875446,9.80552238078412,-0.0805241029641759));
#5450=CARTESIAN_POINT('Ctrl Pts',(1.56130290304654,9.53266554537967,-0.109723028671604));
#5451=CARTESIAN_POINT('Ctrl Pts',(1.7319567594792,9.62123353924719,-0.305372325143892));
#5452=CARTESIAN_POINT('Ctrl Pts',(0.862678863483814,10.0253653149444,-0.808347068234828));
#5453=CARTESIAN_POINT('Ctrl Pts',(0.871564188543745,9.79673017291391,-0.799461743174931));
#5454=CARTESIAN_POINT('Ctrl Pts',(1.00412757188794,9.82572290638464,-0.982419502249781));
#5455=CARTESIAN_POINT('Ctrl Pts',(0.102730556767137,10.0485117005592,-1.56829537495151));
#5456=CARTESIAN_POINT('Ctrl Pts',(0.134839199264887,9.86416014956407,-1.53618673245403));
#5457=CARTESIAN_POINT('Ctrl Pts',(0.244175427529709,9.84723952789948,-1.68934363709339));
#5458=CARTESIAN_POINT('Ctrl Pts',(-0.390562621165487,9.93168310811019,-2.06158855288413));
#5459=CARTESIAN_POINT('Ctrl Pts',(-0.361894664003642,9.77229565279975,-2.03292059572167));
#5460=CARTESIAN_POINT('Ctrl Pts',(-0.249114459045532,9.73855534635151,-2.14821012305895));
#5461=CARTESIAN_POINT('Ctrl Pts',(-0.625483255850549,9.84215264960583,-2.2965091875692));
#5462=CARTESIAN_POINT('Ctrl Pts',(-0.597029217360254,9.6928298739258,-2.2680551490789));
#5463=CARTESIAN_POINT('Ctrl Pts',(-0.484034043436359,9.65526948934244,-2.36673576502533));
#5464=CARTESIAN_POINT('Origin',(2.35610625906842,9.37862423076917,0.402265899146414));
#5465=CARTESIAN_POINT('Origin',(-0.483446620824965,9.84239244264697,-2.43728698074698));
#5466=CARTESIAN_POINT('Ctrl Pts',(-0.589232669044273,9.8539003998773,-2.26029427198232));
#5467=CARTESIAN_POINT('Ctrl Pts',(-0.560911901803353,9.70414688729343,-2.23385971221274));
#5468=CARTESIAN_POINT('Ctrl Pts',(-0.448230923252747,9.66773206825482,-2.33337817176633));
#5469=CARTESIAN_POINT('Ctrl Pts',(-0.770354383557451,9.79684618699323,-2.44105258529761));
#5470=CARTESIAN_POINT('Ctrl Pts',(-0.741433111135456,9.64921807811431,-2.40433762221463));
#5471=CARTESIAN_POINT('Ctrl Pts',(-0.627307381030585,9.60682625212027,-2.49972352319656));
#5472=CARTESIAN_POINT('Ctrl Pts',(-1.12184226827579,9.6449074051264,-2.79737407344064));
#5473=CARTESIAN_POINT('Ctrl Pts',(-1.09136360610322,9.50392017159307,-2.74001640918883));
#5474=CARTESIAN_POINT('Ctrl Pts',(-0.973803054988111,9.45075437443705,-2.82519102863102));
#5475=CARTESIAN_POINT('Ctrl Pts',(-1.44846190274642,9.40328728886501,-3.13930426391595));
#5476=CARTESIAN_POINT('Ctrl Pts',(-1.41631554694449,9.27422985689887,-3.06213258660831));
#5477=CARTESIAN_POINT('Ctrl Pts',(-1.29332333650329,9.21498933567235,-3.13238741957395));
#5478=CARTESIAN_POINT('Ctrl Pts',(-1.60031962638911,9.25694509157953,-3.30081310506932));
#5479=CARTESIAN_POINT('Ctrl Pts',(-1.56723426182509,9.13539408217778,-3.21423404215697));
#5480=CARTESIAN_POINT('Ctrl Pts',(-1.44115981066235,9.0751315924035,-3.27619349061969));
#5481=CARTESIAN_POINT('Origin',(-1.41187037166687,9.24781548064844,-3.38502032921186));
#5482=CARTESIAN_POINT('Ctrl Pts',(-1.57023975936565,9.28544239946414,-3.26885083054568));
#5483=CARTESIAN_POINT('Ctrl Pts',(-1.53736014558377,9.16241452235603,-3.18417899878812));
#5484=CARTESIAN_POINT('Ctrl Pts',(-1.41187037166687,9.10241167251733,-3.24772599946379));
#5485=CARTESIAN_POINT('Ctrl Pts',(-1.66032831469671,9.20149167587883,-3.36447371274047));
#5486=CARTESIAN_POINT('Ctrl Pts',(-1.62685950160559,9.08279362838875,-3.2741172378687));
#5487=CARTESIAN_POINT('Ctrl Pts',(-1.49995875612898,9.02163634796459,-3.33327242963718));
#5488=CARTESIAN_POINT('Ctrl Pts',(-1.83222327966753,9.01847013955272,-3.54691217161857));
#5489=CARTESIAN_POINT('Ctrl Pts',(-1.79745399631094,8.9094885075707,-3.44560428055916));
#5490=CARTESIAN_POINT('Ctrl Pts',(-1.66750822222412,8.84720136384075,-3.49550290676706));
#5491=CARTESIAN_POINT('Ctrl Pts',(-2.02486848188182,8.74606077835763,-3.75122701170574));
#5492=CARTESIAN_POINT('Ctrl Pts',(-1.98839211990469,8.65197582689456,-3.63764862132399));
#5493=CARTESIAN_POINT('Ctrl Pts',(-1.85390408487042,8.59239664863245,-3.67490521801668));
#5494=CARTESIAN_POINT('Ctrl Pts',(-2.16108603401201,8.49928850852755,-3.89555397930608));
#5495=CARTESIAN_POINT('Ctrl Pts',(-2.12313803495931,8.4190988496509,-3.77322030312658));
#5496=CARTESIAN_POINT('Ctrl Pts',(-1.98487100477385,8.36476053866226,-3.80040194817837));
#5497=CARTESIAN_POINT('Ctrl Pts',(-2.28077864250246,8.23847786299811,-4.02226915695492));
#5498=CARTESIAN_POINT('Ctrl Pts',(-2.24127672227124,8.17344597807548,-3.89210620432854));
#5499=CARTESIAN_POINT('Ctrl Pts',(-2.09942928851901,8.12621099029603,-3.90985026926446));
#5500=CARTESIAN_POINT('Ctrl Pts',(-2.35182484751331,8.02463740023531,-4.09736790591761));
#5501=CARTESIAN_POINT('Ctrl Pts',(-2.31129494147768,7.97221199233363,-3.96258509870558));
#5502=CARTESIAN_POINT('Ctrl Pts',(-2.16691611975378,7.93288518533621,-3.9740315750569));
#5503=CARTESIAN_POINT('Ctrl Pts',(-2.38886747609556,7.87288401648613,-4.13649384202365));
#5504=CARTESIAN_POINT('Ctrl Pts',(-2.34775636897548,7.82951712179734,-3.99928867739042));
#5505=CARTESIAN_POINT('Ctrl Pts',(-2.20199299120565,7.79658740931758,-4.0073347710236));
#5506=CARTESIAN_POINT('Origin',(-2.20199299120565,7.84405439770871,-4.20159975863865));
#5507=CARTESIAN_POINT('Ctrl Pts',(-2.35262587537558,7.28141969974984,-4.08093479236791));
#5508=CARTESIAN_POINT('Ctrl Pts',(-2.49599420030783,7.32573979457809,-4.07897608517121));
#5509=CARTESIAN_POINT('Ctrl Pts',(-2.53605782710911,7.34448691527521,-4.22238471533843));
#5510=CARTESIAN_POINT('Ctrl Pts',(-2.2952467798546,7.45374552538052,-4.07331892791302));
#5511=CARTESIAN_POINT('Ctrl Pts',(-2.43967322883075,7.49392015585376,-4.06867192562975));
#5512=CARTESIAN_POINT('Ctrl Pts',(-2.48015996112739,7.52095386249861,-4.2106889247249));
#5513=CARTESIAN_POINT('Ctrl Pts',(-2.2459603522667,7.62574392715031,-4.04907891485667));
#5514=CARTESIAN_POINT('Ctrl Pts',(-2.39114390088762,7.66208167002718,-4.04250231669769));
#5515=CARTESIAN_POINT('Ctrl Pts',(-2.43198296455052,7.69727402727968,-4.18248683020675));
#5516=CARTESIAN_POINT('Ctrl Pts',(-2.20199299120537,7.7965874093175,-4.00733477102362));
#5517=CARTESIAN_POINT('Ctrl Pts',(-2.34775636897516,7.82951712179726,-3.99928867739044));
#5518=CARTESIAN_POINT('Ctrl Pts',(-2.38886747609527,7.87288401648604,-4.13649384202364));
#5519=CARTESIAN_POINT('Origin',(-2.35262587537559,7.29024910992336,-4.28071978158378));
#5520=CARTESIAN_POINT('Ctrl Pts',(-2.72786154024649,6.50290167229138,-4.00035814653904));
#5521=CARTESIAN_POINT('Ctrl Pts',(-2.81398262151433,6.55275157392962,-4.01310982975054));
#5522=CARTESIAN_POINT('Ctrl Pts',(-2.86547232512931,6.56262656504512,-4.0986420092441));
#5523=CARTESIAN_POINT('Ctrl Pts',(-2.64786384907813,6.62356837594507,-4.03122487904203));
#5524=CARTESIAN_POINT('Ctrl Pts',(-2.74720648297282,6.6820105354612,-4.04361534355373));
#5525=CARTESIAN_POINT('Ctrl Pts',(-2.80145235598625,6.68464568648471,-4.14604449072803));
#5526=CARTESIAN_POINT('Ctrl Pts',(-2.5069422124905,6.87446672929019,-4.07740583861579));
#5527=CARTESIAN_POINT('Ctrl Pts',(-2.63182590294072,6.94090806475878,-4.0840573004008));
#5528=CARTESIAN_POINT('Ctrl Pts',(-2.68008313867829,6.93556867972816,-4.21696525338281));
#5529=CARTESIAN_POINT('Ctrl Pts',(-2.39877908289873,7.14280843221778,-4.08706065668093));
#5530=CARTESIAN_POINT('Ctrl Pts',(-2.54068622862894,7.19283138527435,-4.08716205901154));
#5531=CARTESIAN_POINT('Ctrl Pts',(-2.58007756234664,7.20573066326629,-4.23179228778031));
#5532=CARTESIAN_POINT('Ctrl Pts',(-2.35262587537561,7.28141969974981,-4.08093479236791));
#5533=CARTESIAN_POINT('Ctrl Pts',(-2.49599420030785,7.32573979457805,-4.07897608517121));
#5534=CARTESIAN_POINT('Ctrl Pts',(-2.53605782710913,7.34448691527517,-4.22238471533844));
#5535=CARTESIAN_POINT('Origin',(-2.72786154024649,6.45334223040555,-4.19409988731774));
#5536=CARTESIAN_POINT('Ctrl Pts',(-2.8517025253614,6.31377822841119,-3.94445317438338));
#5537=CARTESIAN_POINT('Ctrl Pts',(-2.91832284734236,6.34856019625869,-3.95615055051737));
#5538=CARTESIAN_POINT('Ctrl Pts',(-2.968103463568,6.35844373072029,-4.01279547940432));
#5539=CARTESIAN_POINT('Ctrl Pts',(-2.80851736731853,6.38276623800633,-3.96764336883701));
#5540=CARTESIAN_POINT('Ctrl Pts',(-2.88171917237339,6.42551005616164,-3.98093988906998));
#5541=CARTESIAN_POINT('Ctrl Pts',(-2.93376098878475,6.43502696000987,-4.04841026225587));
#5542=CARTESIAN_POINT('Ctrl Pts',(-2.76215096114403,6.45092243677361,-3.98748469936629));
#5543=CARTESIAN_POINT('Ctrl Pts',(-2.8423360596792,6.49892273403265,-4.00084212475627));
#5544=CARTESIAN_POINT('Ctrl Pts',(-2.89478044150375,6.50805091799218,-4.07888212240861));
#5545=CARTESIAN_POINT('Ctrl Pts',(-2.71641710518692,6.52019848316158,-4.00472219910104));
#5546=CARTESIAN_POINT('Ctrl Pts',(-2.80431504043368,6.57109762324112,-4.01738054649227));
#5547=CARTESIAN_POINT('Ctrl Pts',(-2.855717508147,6.58082944896526,-4.1053550814685));
#5548=CARTESIAN_POINT('Origin',(-2.84084216690717,6.26855764085574,-4.14015986990146));
#5549=CARTESIAN_POINT('Ctrl Pts',(-2.95941719530207,6.37751600759412,-4.02158484150656));
#5550=CARTESIAN_POINT('Ctrl Pts',(-2.90924704918127,6.3674424093321,-3.96215808521526));
#5551=CARTESIAN_POINT('Ctrl Pts',(-2.84084216690717,6.3310090308497,-3.9501813861518));
#5552=CARTESIAN_POINT('Ctrl Pts',(-3.08156234038087,6.17393171834969,-3.95665677268917));
#5553=CARTESIAN_POINT('Ctrl Pts',(-3.03306463450401,6.16622334530185,-3.89924016457154));
#5554=CARTESIAN_POINT('Ctrl Pts',(-2.97000255874002,6.12742474106643,-3.88325737651157));
#5555=CARTESIAN_POINT('Ctrl Pts',(-3.28667575733192,5.90143308289934,-3.82917849054914));
#5556=CARTESIAN_POINT('Ctrl Pts',(-3.24164947214036,5.89480598525257,-3.77523383468039));
#5557=CARTESIAN_POINT('Ctrl Pts',(-3.1875881628953,5.85492610627736,-3.75307088746049));
#5558=CARTESIAN_POINT('Ctrl Pts',(-3.63233473028052,5.60654834604482,-3.63356383531361));
#5559=CARTESIAN_POINT('Ctrl Pts',(-3.59637406163925,5.59848516903058,-3.58098222335814));
#5560=CARTESIAN_POINT('Ctrl Pts',(-3.55354489723313,5.56004136927595,-3.55222212911542));
#5561=CARTESIAN_POINT('Ctrl Pts',(-3.8728553008947,5.46171438649794,-3.51782325337505));
#5562=CARTESIAN_POINT('Ctrl Pts',(-3.84300430622804,5.45305631469229,-3.4649091493689));
#5563=CARTESIAN_POINT('Ctrl Pts',(-3.80742526100782,5.41520740975953,-3.43212875669361));
#5564=CARTESIAN_POINT('Ctrl Pts',(-4.08292377792291,5.36758152004585,-3.43528197258834));
#5565=CARTESIAN_POINT('Ctrl Pts',(-4.05809893116464,5.35890236515728,-3.3812608387821));
#5566=CARTESIAN_POINT('Ctrl Pts',(-4.02846660396195,5.32107454329551,-3.34513885280576));
#5567=CARTESIAN_POINT('Ctrl Pts',(-4.30730213545297,5.28748051746143,-3.36121685249825));
#5568=CARTESIAN_POINT('Ctrl Pts',(-4.28758042076819,5.2791209184675,-3.30543449245575));
#5569=CARTESIAN_POINT('Ctrl Pts',(-4.26403659190083,5.24097354074648,-3.26583024768291));
#5570=CARTESIAN_POINT('Ctrl Pts',(-4.60136760566848,5.21725659076455,-3.29259393383223));
#5571=CARTESIAN_POINT('Ctrl Pts',(-4.58844222557474,5.20991516535894,-3.23329189565261));
#5572=CARTESIAN_POINT('Ctrl Pts',(-4.57170287670034,5.17074961378445,-3.18934305396564));
#5573=CARTESIAN_POINT('Ctrl Pts',(-4.9720428659099,5.17239758562624,-3.25164089761049));
#5574=CARTESIAN_POINT('Ctrl Pts',(-4.96680996340933,5.16780530600621,-3.18650062390555));
#5575=CARTESIAN_POINT('Ctrl Pts',(-4.95781419805883,5.12589060974206,-3.13688807969594));
#5576=CARTESIAN_POINT('Ctrl Pts',(-5.22717047526692,5.16389423077259,-3.25021635139169));
#5577=CARTESIAN_POINT('Ctrl Pts',(-5.22570854185376,5.16222970135214,-3.18029144418429));
#5578=CARTESIAN_POINT('Ctrl Pts',(-5.22256251324998,5.11738725217808,-3.12661342662326));
#5579=CARTESIAN_POINT('Ctrl Pts',(-5.35465742677798,5.16389423077251,-3.25482431578877));
#5580=CARTESIAN_POINT('Ctrl Pts',(-5.35465742677792,5.16389423077246,-3.18228394554014));
#5581=CARTESIAN_POINT('Ctrl Pts',(-5.35465742677784,5.11738725402809,-3.12661342883779));
#5582=CARTESIAN_POINT('Ctrl Pts',(-9.29094678659796,9.36347423076903,-3.42025463289337));
#5583=CARTESIAN_POINT('Ctrl Pts',(-9.29094678659796,9.16349423076903,-3.42025463289337));
#5584=CARTESIAN_POINT('Ctrl Pts',(-9.43235400069964,9.16349423076903,-3.27884741879169));
#5585=CARTESIAN_POINT('Ctrl Pts',(-9.28330664943395,9.36347423144431,-3.41261449572937));
#5586=CARTESIAN_POINT('Ctrl Pts',(-9.27103995247266,9.14660260636234,-3.40034779876809));
#5587=CARTESIAN_POINT('Ctrl Pts',(-9.42471386353563,9.16349423076903,-3.24828687013569));
#5588=CARTESIAN_POINT('Ctrl Pts',(-9.268028632127,9.36612735367966,-3.39733647842241));
#5589=CARTESIAN_POINT('Ctrl Pts',(-9.22435870775613,9.1152474597705,-3.35366655405155));
#5590=CARTESIAN_POINT('Ctrl Pts',(-9.40943584622868,9.1741067252246,-3.18717480210915));
#5591=CARTESIAN_POINT('Ctrl Pts',(-9.25453890704028,9.37377472432472,-3.3838467533357));
#5592=CARTESIAN_POINT('Ctrl Pts',(-9.16665492125902,9.09883741830051,-3.29596276755441));
#5593=CARTESIAN_POINT('Ctrl Pts',(-9.39594612114198,9.20469620206686,-3.13321589815834));
#5594=CARTESIAN_POINT('Ctrl Pts',(-9.24863513926533,9.37862423076903,-3.37794298556075));
#5595=CARTESIAN_POINT('Ctrl Pts',(-9.13348517978693,9.09825819509549,-3.26279302608235));
#5596=CARTESIAN_POINT('Ctrl Pts',(-9.39004235336702,9.22409423076904,-3.10960082946119));
#5597=CARTESIAN_POINT('Ctrl Pts',(2.35610625906842,9.22409423076917,0.275330957148552));
#5598=CARTESIAN_POINT('Ctrl Pts',(2.09954908548834,9.09825819509563,0.428523153769708));
#5599=CARTESIAN_POINT('Ctrl Pts',(2.21469904496673,9.37862423076917,0.543673113248099));
#5600=CARTESIAN_POINT('Ctrl Pts',(2.36201002684338,9.204696202067,0.298946025845688));
#5601=CARTESIAN_POINT('Ctrl Pts',(2.13271882696045,9.09883741830063,0.461692895241783));
#5602=CARTESIAN_POINT('Ctrl Pts',(2.22060281274169,9.37377472432486,0.54957688102305));
#5603=CARTESIAN_POINT('Ctrl Pts',(2.37549975193007,9.17410672522473,0.352904929796501));
#5604=CARTESIAN_POINT('Ctrl Pts',(2.1904226134575,9.11524745977065,0.519396681738894));
#5605=CARTESIAN_POINT('Ctrl Pts',(2.23409253782839,9.3661273536798,0.563066606109757));
#5606=CARTESIAN_POINT('Ctrl Pts',(2.39077776923703,9.16349423076917,0.414016997823036));
#5607=CARTESIAN_POINT('Ctrl Pts',(2.23710385817409,9.14660260636248,0.566077926455431));
#5608=CARTESIAN_POINT('Ctrl Pts',(2.24937055513535,9.36347423144445,0.578344623416713));
#5609=CARTESIAN_POINT('Ctrl Pts',(2.39841790640104,9.16349423076917,0.444577546479034));
#5610=CARTESIAN_POINT('Ctrl Pts',(2.25701069229935,9.16349423076917,0.585984760580719));
#5611=CARTESIAN_POINT('Ctrl Pts',(2.25701069229935,9.36347423076917,0.585984760580719));
#5612=CARTESIAN_POINT('Origin',(2.39841790640104,9.43013423076917,0.444577546479034));
#5613=CARTESIAN_POINT('Origin',(-23.4256894741117,9.43013423076917,0.444577546479034));
#5614=UNCERTAINTY_MEASURE_WITH_UNIT(LENGTH_MEASURE(0.01),#5618,
'DISTANCE_ACCURACY_VALUE',
'Maximum model space distance between geometric entities at asserted c
onnectivities');
#5615=UNCERTAINTY_MEASURE_WITH_UNIT(LENGTH_MEASURE(0.01),#5618,
'DISTANCE_ACCURACY_VALUE',
'Maximum model space distance between geometric entities at asserted c
onnectivities');
#5616=(
GEOMETRIC_REPRESENTATION_CONTEXT(3)
GLOBAL_UNCERTAINTY_ASSIGNED_CONTEXT((#5614))
GLOBAL_UNIT_ASSIGNED_CONTEXT((#5618,#5620,#5621))
REPRESENTATION_CONTEXT('','3D')
);
#5617=(
GEOMETRIC_REPRESENTATION_CONTEXT(3)
GLOBAL_UNCERTAINTY_ASSIGNED_CONTEXT((#5615))
GLOBAL_UNIT_ASSIGNED_CONTEXT((#5618,#5620,#5621))
REPRESENTATION_CONTEXT('','3D')
);
#5618=(
LENGTH_UNIT()
NAMED_UNIT(*)
SI_UNIT(.MILLI.,.METRE.)
);
#5619=(
LENGTH_UNIT()
NAMED_UNIT(*)
SI_UNIT($,.METRE.)
);
#5620=(
NAMED_UNIT(*)
PLANE_ANGLE_UNIT()
SI_UNIT($,.RADIAN.)
);
#5621=(
NAMED_UNIT(*)
SI_UNIT($,.STERADIAN.)
SOLID_ANGLE_UNIT()
);
#5622=SHAPE_DEFINITION_REPRESENTATION(#5623,#5624);
#5623=PRODUCT_DEFINITION_SHAPE('',$,#5626);
#5624=SHAPE_REPRESENTATION('',(#1768),#5616);
#5625=PRODUCT_DEFINITION_CONTEXT('part definition',#5630,'design');
#5626=PRODUCT_DEFINITION('wire clip hanger','wire clip hanger v1',#5627,
#5625);
#5627=PRODUCT_DEFINITION_FORMATION('',$,#5632);
#5628=PRODUCT_RELATED_PRODUCT_CATEGORY('wire clip hanger v1',
'wire clip hanger v1',(#5632));
#5629=APPLICATION_PROTOCOL_DEFINITION('international standard',
'automotive_design',2009,#5630);
#5630=APPLICATION_CONTEXT(
'Core Data for Automotive Mechanical Design Process');
#5631=PRODUCT_CONTEXT('part definition',#5630,'mechanical');
#5632=PRODUCT('wire clip hanger','wire clip hanger v1',$,(#5631));
#5633=PRESENTATION_STYLE_ASSIGNMENT((#5635));
#5634=PRESENTATION_STYLE_ASSIGNMENT((#5636));
#5635=SURFACE_STYLE_USAGE(.BOTH.,#5637);
#5636=SURFACE_STYLE_USAGE(.BOTH.,#5638);
#5637=SURFACE_SIDE_STYLE('',(#5639));
#5638=SURFACE_SIDE_STYLE('',(#5640));
#5639=SURFACE_STYLE_FILL_AREA(#5641);
#5640=SURFACE_STYLE_FILL_AREA(#5642);
#5641=FILL_AREA_STYLE('Steel - Satin',(#5643));
#5642=FILL_AREA_STYLE('Tough 2000 (with Formlabs SLA 3D Printers)',(#5644));
#5643=FILL_AREA_STYLE_COLOUR('Steel - Satin',#5645);
#5644=FILL_AREA_STYLE_COLOUR(
'Tough 2000 (with Formlabs SLA 3D Printers)',#5646);
#5645=COLOUR_RGB('Steel - Satin',0.627450980392157,0.627450980392157,0.627450980392157);
#5646=COLOUR_RGB('Tough 2000 (with Formlabs SLA 3D Printers)',0.701960784313725,
0.701960784313725,0.701960784313725);
ENDSEC;
END-ISO-10303-21;
